# Probe 0 (5.5 -0.5 0)
# Probe 1 (5.5 0.5 0)
#       Probe             0             1
#        Time
       0.0004      -1.026403      -1.026459
       0.0008      -0.682859      -0.682915
       0.0012      -0.442579      -0.442637
       0.0016      -0.275764      -0.275822
        0.002      -0.161105      -0.161164
       0.0024      -0.083376      -0.083436
       0.0028      -0.031706      -0.031766
       0.0032      0.001661      0.001600
       0.0036      0.022250      0.022187
        0.004      0.033989      0.033925
       0.0044      0.039668      0.039603
       0.0048      0.041261      0.041195
       0.0052      0.040160      0.040094
       0.0056      0.037342      0.037275
        0.006      0.033489      0.033421
       0.0064      0.029071      0.029002
       0.0068      0.024412      0.024342
       0.0072      0.019727      0.019656
       0.0076      0.015158      0.015086
        0.008      0.010796      0.010723
       0.0084      0.006694      0.006620
       0.0088      0.002880      0.002805
       0.0092      -0.000634      -0.000710
       0.0096      -0.003849      -0.003926
         0.01      -0.006773      -0.006850
       0.0104      -0.009417      -0.009496
       0.0108      -0.011798      -0.011877
       0.0112      -0.013931      -0.014012
       0.0116      -0.015835      -0.015917
        0.012      -0.017527      -0.017610
       0.0124      -0.019023      -0.019107
       0.0128      -0.020340      -0.020425
       0.0132      -0.021492      -0.021578
       0.0136      -0.022494      -0.022581
        0.014      -0.023360      -0.023448
       0.0144      -0.024100      -0.024190
       0.0148      -0.024728      -0.024818
       0.0152      -0.025253      -0.025345
       0.0156      -0.025685      -0.025778
        0.016      -0.026033      -0.026127
       0.0164      -0.026305      -0.026400
       0.0168      -0.026508      -0.026604
       0.0172      -0.026650      -0.026747
       0.0176      -0.026736      -0.026834
        0.018      -0.026772      -0.026871
       0.0184      -0.026763      -0.026864
       0.0188      -0.026714      -0.026816
       0.0192      -0.026629      -0.026732
       0.0196      -0.026513      -0.026617
         0.02      -0.026368      -0.026473
       0.0204      -0.026198      -0.026305
       0.0208      -0.026006      -0.026114
       0.0212      -0.025794      -0.025904
       0.0216      -0.025566      -0.025676
        0.022      -0.025323      -0.025435
       0.0224      -0.025067      -0.025180
       0.0228      -0.024800      -0.024914
       0.0232      -0.024524      -0.024639
       0.0236      -0.024240      -0.024356
        0.024      -0.023949      -0.024067
       0.0244      -0.023653      -0.023773
       0.0248      -0.023354      -0.023474
       0.0252      -0.023050      -0.023173
       0.0256      -0.022745      -0.022869
        0.026      -0.022438      -0.022563
       0.0264      -0.022131      -0.022257
       0.0268      -0.021824      -0.021951
       0.0272      -0.021517      -0.021645
       0.0276      -0.021211      -0.021341
        0.028      -0.020906      -0.021038
       0.0284      -0.020603      -0.020737
       0.0288      -0.020303      -0.020438
       0.0292      -0.020005      -0.020141
       0.0296      -0.019710      -0.019848
         0.03      -0.019419      -0.019558
       0.0304      -0.019130      -0.019271
       0.0308      -0.018845      -0.018987
       0.0312      -0.018564      -0.018707
       0.0316      -0.018287      -0.018431
        0.032      -0.018013      -0.018159
       0.0324      -0.017744      -0.017892
       0.0328      -0.017478      -0.017628
       0.0332      -0.017217      -0.017368
       0.0336      -0.016960      -0.017113
        0.034      -0.016708      -0.016861
       0.0344      -0.016459      -0.016615
       0.0348      -0.016215      -0.016372
       0.0352      -0.015975      -0.016134
       0.0356      -0.015740      -0.015900
        0.036      -0.015508      -0.015670
       0.0364      -0.015281      -0.015445
       0.0368      -0.015058      -0.015223
       0.0372      -0.014840      -0.015006
       0.0376      -0.014625      -0.014794
        0.038      -0.014415      -0.014585
       0.0384      -0.014209      -0.014380
       0.0388      -0.014007      -0.014180
       0.0392      -0.013808      -0.013983
       0.0396      -0.013614      -0.013791
         0.04      -0.013424      -0.013602
       0.0404      -0.013237      -0.013417
       0.0408      -0.013054      -0.013236
       0.0412      -0.012875      -0.013058
       0.0416      -0.012700      -0.012885
        0.042      -0.012528      -0.012715
       0.0424      -0.012360      -0.012548
       0.0428      -0.012195      -0.012385
       0.0432      -0.012034      -0.012226
       0.0436      -0.011875      -0.012069
        0.044      -0.011721      -0.011916
       0.0444      -0.011569      -0.011767
       0.0448      -0.011421      -0.011620
       0.0452      -0.011276      -0.011477
       0.0456      -0.011134      -0.011336
        0.046      -0.010995      -0.011199
       0.0464      -0.010858      -0.011065
       0.0468      -0.010725      -0.010933
       0.0472      -0.010595      -0.010805
       0.0476      -0.010467      -0.010679
        0.048      -0.010342      -0.010556
       0.0484      -0.010220      -0.010436
       0.0488      -0.010100      -0.010318
       0.0492      -0.009983      -0.010203
       0.0496      -0.009868      -0.010090
         0.05      -0.009756      -0.009980
       0.0504      -0.009646      -0.009872
       0.0508      -0.009539      -0.009766
       0.0512      -0.009434      -0.009663
       0.0516      -0.009331      -0.009562
        0.052      -0.009230      -0.009464
       0.0524      -0.009132      -0.009367
       0.0528      -0.009035      -0.009273
       0.0532      -0.008941      -0.009181
       0.0536      -0.008849      -0.009090
        0.054      -0.008758      -0.009002
       0.0544      -0.008670      -0.008916
       0.0548      -0.008584      -0.008831
       0.0552      -0.008499      -0.008749
       0.0556      -0.008416      -0.008668
        0.056      -0.008335      -0.008589
       0.0564      -0.008256      -0.008512
       0.0568      -0.008178      -0.008437
       0.0572      -0.008103      -0.008363
       0.0576      -0.008028      -0.008291
        0.058      -0.007956      -0.008220
       0.0584      -0.007885      -0.008151
       0.0588      -0.007815      -0.008084
       0.0592      -0.007747      -0.008018
       0.0596      -0.007680      -0.007954
         0.06      -0.007615      -0.007891
       0.0604      -0.007551      -0.007829
       0.0608      -0.007489      -0.007769
       0.0612      -0.007428      -0.007710
       0.0616      -0.007368      -0.007653
        0.062      -0.007310      -0.007597
       0.0624      -0.007253      -0.007542
       0.0628      -0.007197      -0.007488
       0.0632      -0.007142      -0.007435
       0.0636      -0.007088      -0.007384
        0.064      -0.007036      -0.007334
       0.0644      -0.006984      -0.007285
       0.0648      -0.006934      -0.007237
       0.0652      -0.006885      -0.007190
       0.0656      -0.006837      -0.007144
        0.066      -0.006790      -0.007099
       0.0664      -0.006743      -0.007056
       0.0668      -0.006698      -0.007013
       0.0672      -0.006654      -0.006971
       0.0676      -0.006611      -0.006930
        0.068      -0.006569      -0.006890
       0.0684      -0.006527      -0.006851
       0.0688      -0.006487      -0.006813
       0.0692      -0.006447      -0.006776
       0.0696      -0.006408      -0.006740
         0.07      -0.006370      -0.006704
       0.0704      -0.006333      -0.006669
       0.0708      -0.006297      -0.006635
       0.0712      -0.006261      -0.006602
       0.0716      -0.006226      -0.006570
        0.072      -0.006192      -0.006538
       0.0724      -0.006158      -0.006507
       0.0728      -0.006126      -0.006477
       0.0732      -0.006094      -0.006447
       0.0736      -0.006062      -0.006418
        0.074      -0.006031      -0.006390
       0.0744      -0.006001      -0.006363
       0.0748      -0.005972      -0.006336
       0.0752      -0.005943      -0.006310
       0.0756      -0.005915      -0.006284
        0.076      -0.005887      -0.006259
       0.0764      -0.005860      -0.006234
       0.0768      -0.005833      -0.006210
       0.0772      -0.005808      -0.006187
       0.0776      -0.005782      -0.006164
        0.078      -0.005757      -0.006142
       0.0784      -0.005733      -0.006120
       0.0788      -0.005709      -0.006099
       0.0792      -0.005685      -0.006078
       0.0796      -0.005663      -0.006058
         0.08      -0.005640      -0.006038
       0.0804      -0.005618      -0.006019
       0.0808      -0.005597      -0.006000
       0.0812      -0.005576      -0.005982
       0.0816      -0.005555      -0.005964
        0.082      -0.005535      -0.005946
       0.0824      -0.005515      -0.005929
       0.0828      -0.005495      -0.005912
       0.0832      -0.005476      -0.005896
       0.0836      -0.005458      -0.005880
        0.084      -0.005439      -0.005865
       0.0844      -0.005421      -0.005849
       0.0848      -0.005404      -0.005835
       0.0852      -0.005387      -0.005820
       0.0856      -0.005370      -0.005806
        0.086      -0.005353      -0.005792
       0.0864      -0.005337      -0.005779
       0.0868      -0.005321      -0.005766
       0.0872      -0.005306      -0.005753
       0.0876      -0.005290      -0.005741
        0.088      -0.005275      -0.005729
       0.0884      -0.005261      -0.005717
       0.0888      -0.005246      -0.005705
       0.0892      -0.005232      -0.005694
       0.0896      -0.005219      -0.005683
         0.09      -0.005205      -0.005672
       0.0904      -0.005192      -0.005662
       0.0908      -0.005179      -0.005652
       0.0912      -0.005166      -0.005642
       0.0916      -0.005153      -0.005632
        0.092      -0.005141      -0.005623
       0.0924      -0.005129      -0.005614
       0.0928      -0.005117      -0.005605
       0.0932      -0.005106      -0.005596
       0.0936      -0.005094      -0.005588
        0.094      -0.005083      -0.005579
       0.0944      -0.005072      -0.005571
       0.0948      -0.005061      -0.005563
       0.0952      -0.005051      -0.005556
       0.0956      -0.005041      -0.005548
        0.096      -0.005030      -0.005541
       0.0964      -0.005020      -0.005534
       0.0968      -0.005011      -0.005527
       0.0972      -0.005001      -0.005521
       0.0976      -0.004992      -0.005514
        0.098      -0.004982      -0.005508
       0.0984      -0.004973      -0.005502
       0.0988      -0.004964      -0.005496
       0.0992      -0.004956      -0.005490
       0.0996      -0.004947      -0.005484
          0.1      -0.004939      -0.005479
       0.1004      -0.004930      -0.005474
       0.1008      -0.004922      -0.005469
       0.1012      -0.004914      -0.005464
       0.1016      -0.004906      -0.005459
        0.102      -0.004899      -0.005454
       0.1024      -0.004891      -0.005449
       0.1028      -0.004884      -0.005445
       0.1032      -0.004876      -0.005441
       0.1036      -0.004869      -0.005436
        0.104      -0.004862      -0.005432
       0.1044      -0.004855      -0.005428
       0.1048      -0.004848      -0.005425
       0.1052      -0.004842      -0.005421
       0.1056      -0.004835      -0.005417
        0.106      -0.004829      -0.005414
       0.1064      -0.004822      -0.005410
       0.1068      -0.004816      -0.005407
       0.1072      -0.004810      -0.005404
       0.1076      -0.004804      -0.005401
        0.108      -0.004798      -0.005398
       0.1084      -0.004792      -0.005395
       0.1088      -0.004786      -0.005392
       0.1092      -0.004780      -0.005390
       0.1096      -0.004775      -0.005387
         0.11      -0.004769      -0.005385
       0.1104      -0.004764      -0.005382
       0.1108      -0.004759      -0.005380
       0.1112      -0.004753      -0.005378
       0.1116      -0.004748      -0.005376
        0.112      -0.004743      -0.005374
       0.1124      -0.004738      -0.005372
       0.1128      -0.004733      -0.005370
       0.1132      -0.004728      -0.005368
       0.1136      -0.004724      -0.005366
        0.114      -0.004719      -0.005364
       0.1144      -0.004714      -0.005363
       0.1148      -0.004710      -0.005361
       0.1152      -0.004705      -0.005360
       0.1156      -0.004701      -0.005358
        0.116      -0.004696      -0.005357
       0.1164      -0.004692      -0.005356
       0.1168      -0.004688      -0.005354
       0.1172      -0.004684      -0.005353
       0.1176      -0.004680      -0.005352
        0.118      -0.004676      -0.005351
       0.1184      -0.004672      -0.005350
       0.1188      -0.004668      -0.005349
       0.1192      -0.004664      -0.005348
       0.1196      -0.004660      -0.005347
         0.12      -0.004656      -0.005346
       0.1204      -0.004653      -0.005346
       0.1208      -0.004649      -0.005345
       0.1212      -0.004645      -0.005344
       0.1216      -0.004642      -0.005344
        0.122      -0.004638      -0.005343
       0.1224      -0.004635      -0.005342
       0.1228      -0.004631      -0.005342
       0.1232      -0.004628      -0.005341
       0.1236      -0.004625      -0.005341
        0.124      -0.004621      -0.005341
       0.1244      -0.004618      -0.005340
       0.1248      -0.004615      -0.005340
       0.1252      -0.004612      -0.005340
       0.1256      -0.004609      -0.005339
        0.126      -0.004606      -0.005339
       0.1264      -0.004603      -0.005339
       0.1268      -0.004600      -0.005339
       0.1272      -0.004597      -0.005339
       0.1276      -0.004594      -0.005339
        0.128      -0.004591      -0.005338
       0.1284      -0.004588      -0.005338
       0.1288      -0.004585      -0.005338
       0.1292      -0.004583      -0.005338
       0.1296      -0.004580      -0.005338
         0.13      -0.004577      -0.005339
       0.1304      -0.004575      -0.005339
       0.1308      -0.004572      -0.005339
       0.1312      -0.004569      -0.005339
       0.1316      -0.004567      -0.005339
        0.132      -0.004564      -0.005339
       0.1324      -0.004562      -0.005339
       0.1328      -0.004559      -0.005339
       0.1332      -0.004557      -0.005340
       0.1336      -0.004555      -0.005340
        0.134      -0.004552      -0.005340
       0.1344      -0.004550      -0.005340
       0.1348      -0.004548      -0.005341
       0.1352      -0.004545      -0.005341
       0.1356      -0.004543      -0.005341
        0.136      -0.004541      -0.005342
       0.1364      -0.004539      -0.005342
       0.1368      -0.004537      -0.005342
       0.1372      -0.004534      -0.005343
       0.1376      -0.004532      -0.005343
        0.138      -0.004530      -0.005343
       0.1384      -0.004528      -0.005344
       0.1388      -0.004526      -0.005344
       0.1392      -0.004524      -0.005345
       0.1396      -0.004522      -0.005345
         0.14      -0.004520      -0.005345
       0.1404      -0.004518      -0.005346
       0.1408      -0.004517      -0.005346
       0.1412      -0.004515      -0.005347
       0.1416      -0.004513      -0.005347
        0.142      -0.004511      -0.005348
       0.1424      -0.004509      -0.005348
       0.1428      -0.004508      -0.005349
       0.1432      -0.004506      -0.005349
       0.1436      -0.004504      -0.005350
        0.144      -0.004502      -0.005350
       0.1444      -0.004501      -0.005350
       0.1448      -0.004499      -0.005351
       0.1452      -0.004498      -0.005351
       0.1456      -0.004496      -0.005352
        0.146      -0.004494      -0.005352
       0.1464      -0.004493      -0.005353
       0.1468      -0.004491      -0.005353
       0.1472      -0.004490      -0.005354
       0.1476      -0.004488      -0.005354
        0.148      -0.004487      -0.005355
       0.1484      -0.004486      -0.005355
       0.1488      -0.004484      -0.005356
       0.1492      -0.004483      -0.005356
       0.1496      -0.004482      -0.005357
         0.15      -0.004480      -0.005357
       0.1504      -0.004479      -0.005357
       0.1508      -0.004478      -0.005358
       0.1512      -0.004476      -0.005358
       0.1516      -0.004475      -0.005359
        0.152      -0.004474      -0.005359
       0.1524      -0.004473      -0.005360
       0.1528      -0.004472      -0.005360
       0.1532      -0.004471      -0.005360
       0.1536      -0.004469      -0.005361
        0.154      -0.004468      -0.005361
       0.1544      -0.004467      -0.005362
       0.1548      -0.004466      -0.005362
       0.1552      -0.004465      -0.005362
       0.1556      -0.004464      -0.005363
        0.156      -0.004463      -0.005363
       0.1564      -0.004462      -0.005363
       0.1568      -0.004461      -0.005364
       0.1572      -0.004461      -0.005364
       0.1576      -0.004460      -0.005364
        0.158      -0.004459      -0.005365
       0.1584      -0.004458      -0.005365
       0.1588      -0.004457      -0.005365
       0.1592      -0.004456      -0.005365
       0.1596      -0.004456      -0.005366
         0.16      -0.004455      -0.005366
       0.1604      -0.004454      -0.005366
       0.1608      -0.004454      -0.005366
       0.1612      -0.004453      -0.005366
       0.1616      -0.004452      -0.005367
        0.162      -0.004452      -0.005367
       0.1624      -0.004451      -0.005367
       0.1628      -0.004451      -0.005367
       0.1632      -0.004450      -0.005367
       0.1636      -0.004450      -0.005367
        0.164      -0.004449      -0.005367
       0.1644      -0.004449      -0.005367
       0.1648      -0.004448      -0.005367
       0.1652      -0.004448      -0.005367
       0.1656      -0.004448      -0.005367
        0.166      -0.004447      -0.005367
       0.1664      -0.004447      -0.005367
       0.1668      -0.004447      -0.005367
       0.1672      -0.004446      -0.005367
       0.1676      -0.004446      -0.005367
        0.168      -0.004446      -0.005367
       0.1684      -0.004446      -0.005367
       0.1688      -0.004446      -0.005367
       0.1692      -0.004446      -0.005366
       0.1696      -0.004445      -0.005366
         0.17      -0.004445      -0.005366
       0.1704      -0.004445      -0.005366
       0.1708      -0.004445      -0.005366
       0.1712      -0.004445      -0.005365
       0.1716      -0.004445      -0.005365
        0.172      -0.004446      -0.005365
       0.1724      -0.004446      -0.005364
       0.1728      -0.004446      -0.005364
       0.1732      -0.004446      -0.005363
       0.1736      -0.004446      -0.005363
        0.174      -0.004446      -0.005363
       0.1744      -0.004447      -0.005362
       0.1748      -0.004447      -0.005362
       0.1752      -0.004447      -0.005361
       0.1756      -0.004448      -0.005360
        0.176      -0.004448      -0.005360
       0.1764      -0.004448      -0.005359
       0.1768      -0.004449      -0.005359
       0.1772      -0.004449      -0.005358
       0.1776      -0.004450      -0.005357
        0.178      -0.004450      -0.005357
       0.1784      -0.004451      -0.005356
       0.1788      -0.004452      -0.005355
       0.1792      -0.004452      -0.005354
       0.1796      -0.004453      -0.005353
         0.18      -0.004454      -0.005352
       0.1804      -0.004454      -0.005352
       0.1808      -0.004455      -0.005351
       0.1812      -0.004456      -0.005350
       0.1816      -0.004457      -0.005349
        0.182      -0.004458      -0.005348
       0.1824      -0.004459      -0.005347
       0.1828      -0.004460      -0.005346
       0.1832      -0.004461      -0.005344
       0.1836      -0.004462      -0.005343
        0.184      -0.004463      -0.005342
       0.1844      -0.004464      -0.005341
       0.1848      -0.004465      -0.005340
       0.1852      -0.004466      -0.005338
       0.1856      -0.004467      -0.005337
        0.186      -0.004469      -0.005336
       0.1864      -0.004470      -0.005334
       0.1868      -0.004471      -0.005333
       0.1872      -0.004473      -0.005331
       0.1876      -0.004474      -0.005330
        0.188      -0.004475      -0.005328
       0.1884      -0.004477      -0.005327
       0.1888      -0.004478      -0.005325
       0.1892      -0.004480      -0.005323
       0.1896      -0.004481      -0.005322
         0.19      -0.004483      -0.005320
       0.1904      -0.004485      -0.005318
       0.1908      -0.004487      -0.005317
       0.1912      -0.004488      -0.005315
       0.1916      -0.004490      -0.005313
        0.192      -0.004492      -0.005311
       0.1924      -0.004494      -0.005309
       0.1928      -0.004496      -0.005307
       0.1932      -0.004498      -0.005305
       0.1936      -0.004500      -0.005303
        0.194      -0.004502      -0.005301
       0.1944      -0.004504      -0.005299
       0.1948      -0.004506      -0.005296
       0.1952      -0.004508      -0.005294
       0.1956      -0.004510      -0.005292
        0.196      -0.004513      -0.005289
       0.1964      -0.004515      -0.005287
       0.1968      -0.004517      -0.005285
       0.1972      -0.004520      -0.005282
       0.1976      -0.004522      -0.005280
        0.198      -0.004525      -0.005277
       0.1984      -0.004527      -0.005275
       0.1988      -0.004530      -0.005272
       0.1992      -0.004532      -0.005269
       0.1996      -0.004535      -0.005266
          0.2      -0.004538      -0.005264
       0.2004      -0.004541      -0.005261
       0.2008      -0.004544      -0.005258
       0.2012      -0.004546      -0.005255
       0.2016      -0.004549      -0.005252
        0.202      -0.004552      -0.005249
       0.2024      -0.004555      -0.005246
       0.2028      -0.004558      -0.005243
       0.2032      -0.004562      -0.005240
       0.2036      -0.004565      -0.005237
        0.204      -0.004568      -0.005233
       0.2044      -0.004571      -0.005230
       0.2048      -0.004575      -0.005227
       0.2052      -0.004578      -0.005223
       0.2056      -0.004581      -0.005220
        0.206      -0.004585      -0.005216
       0.2064      -0.004588      -0.005213
       0.2068      -0.004592      -0.005209
       0.2072      -0.004596      -0.005205
       0.2076      -0.004599      -0.005202
        0.208      -0.004603      -0.005198
       0.2084      -0.004607      -0.005194
       0.2088      -0.004611      -0.005190
       0.2092      -0.004615      -0.005186
       0.2096      -0.004619      -0.005182
         0.21      -0.004623      -0.005178
       0.2104      -0.004627      -0.005174
       0.2108      -0.004631      -0.005170
       0.2112      -0.004635      -0.005166
       0.2116      -0.004640      -0.005161
        0.212      -0.004644      -0.005157
       0.2124      -0.004648      -0.005152
       0.2128      -0.004653      -0.005148
       0.2132      -0.004657      -0.005144
       0.2136      -0.004662      -0.005139
        0.214      -0.004666      -0.005134
       0.2144      -0.004671      -0.005130
       0.2148      -0.004676      -0.005125
       0.2152      -0.004681      -0.005120
       0.2156      -0.004685      -0.005115
        0.216      -0.004690      -0.005110
       0.2164      -0.004695      -0.005105
       0.2168      -0.004700      -0.005100
       0.2172      -0.004706      -0.005095
       0.2176      -0.004711      -0.005090
        0.218      -0.004716      -0.005085
       0.2184      -0.004721      -0.005079
       0.2188      -0.004727      -0.005074
       0.2192      -0.004732      -0.005069
       0.2196      -0.004738      -0.005063
         0.22      -0.004743      -0.005057
       0.2204      -0.004749      -0.005052
       0.2208      -0.004754      -0.005046
       0.2212      -0.004760      -0.005040
       0.2216      -0.004766      -0.005035
        0.222      -0.004772      -0.005029
       0.2224      -0.004778      -0.005023
       0.2228      -0.004784      -0.005017
       0.2232      -0.004790      -0.005011
       0.2236      -0.004796      -0.005004
        0.224      -0.004802      -0.004998
       0.2244      -0.004809      -0.004992
       0.2248      -0.004815      -0.004986
       0.2252      -0.004822      -0.004979
       0.2256      -0.004828      -0.004973
        0.226      -0.004835      -0.004966
       0.2264      -0.004841      -0.004959
       0.2268      -0.004848      -0.004953
       0.2272      -0.004855      -0.004946
       0.2276      -0.004862      -0.004939
        0.228      -0.004869      -0.004932
       0.2284      -0.004876      -0.004925
       0.2288      -0.004883      -0.004918
       0.2292      -0.004890      -0.004911
       0.2296      -0.004897      -0.004903
         0.23      -0.004905      -0.004896
       0.2304      -0.004912      -0.004889
       0.2308      -0.004919      -0.004881
       0.2312      -0.004927      -0.004874
       0.2316      -0.004935      -0.004866
        0.232      -0.004942      -0.004858
       0.2324      -0.004950      -0.004851
       0.2328      -0.004958      -0.004843
       0.2332      -0.004966      -0.004835
       0.2336      -0.004974      -0.004827
        0.234      -0.004982      -0.004819
       0.2344      -0.004990      -0.004811
       0.2348      -0.004998      -0.004803
       0.2352      -0.005007      -0.004794
       0.2356      -0.005015      -0.004786
        0.236      -0.005024      -0.004777
       0.2364      -0.005032      -0.004769
       0.2368      -0.005041      -0.004760
       0.2372      -0.005050      -0.004751
       0.2376      -0.005058      -0.004743
        0.238      -0.005067      -0.004734
       0.2384      -0.005076      -0.004725
       0.2388      -0.005085      -0.004716
       0.2392      -0.005095      -0.004707
       0.2396      -0.005104      -0.004697
         0.24      -0.005113      -0.004688
       0.2404      -0.005122      -0.004679
       0.2408      -0.005132      -0.004669
       0.2412      -0.005142      -0.004660
       0.2416      -0.005151      -0.004650
        0.242      -0.005161      -0.004640
       0.2424      -0.005171      -0.004630
       0.2428      -0.005181      -0.004621
       0.2432      -0.005191      -0.004611
       0.2436      -0.005201      -0.004600
        0.244      -0.005211      -0.004590
       0.2444      -0.005221      -0.004580
       0.2448      -0.005232      -0.004570
       0.2452      -0.005242      -0.004559
       0.2456      -0.005253      -0.004549
        0.246      -0.005263      -0.004538
       0.2464      -0.005274      -0.004527
       0.2468      -0.005285      -0.004517
       0.2472      -0.005296      -0.004506
       0.2476      -0.005307      -0.004495
        0.248      -0.005318      -0.004484
       0.2484      -0.005329      -0.004472
       0.2488      -0.005340      -0.004461
       0.2492      -0.005352      -0.004450
       0.2496      -0.005363      -0.004438
         0.25      -0.005375      -0.004427
       0.2504      -0.005387      -0.004415
       0.2508      -0.005398      -0.004403
       0.2512      -0.005410      -0.004392
       0.2516      -0.005422      -0.004380
        0.252      -0.005434      -0.004368
       0.2524      -0.005446      -0.004356
       0.2528      -0.005459      -0.004343
       0.2532      -0.005471      -0.004331
       0.2536      -0.005483      -0.004319
        0.254      -0.005496      -0.004306
       0.2544      -0.005509      -0.004294
       0.2548      -0.005521      -0.004281
       0.2552      -0.005534      -0.004268
       0.2556      -0.005547      -0.004255
        0.256      -0.005560      -0.004242
       0.2564      -0.005573      -0.004229
       0.2568      -0.005586      -0.004216
       0.2572      -0.005600      -0.004202
       0.2576      -0.005613      -0.004189
        0.258      -0.005627      -0.004176
       0.2584      -0.005640      -0.004162
       0.2588      -0.005654      -0.004148
       0.2592      -0.005668      -0.004134
       0.2596      -0.005682      -0.004120
         0.26      -0.005696      -0.004106
       0.2604      -0.005710      -0.004092
       0.2608      -0.005725      -0.004078
       0.2612      -0.005739      -0.004064
       0.2616      -0.005754      -0.004049
        0.262      -0.005768      -0.004035
       0.2624      -0.005783      -0.004020
       0.2628      -0.005798      -0.004005
       0.2632      -0.005813      -0.003990
       0.2636      -0.005828      -0.003975
        0.264      -0.005843      -0.003960
       0.2644      -0.005858      -0.003945
       0.2648      -0.005873      -0.003930
       0.2652      -0.005889      -0.003914
       0.2656      -0.005904      -0.003899
        0.266      -0.005920      -0.003883
       0.2664      -0.005936      -0.003867
       0.2668      -0.005952      -0.003851
       0.2672      -0.005968      -0.003835
       0.2676      -0.005984      -0.003819
        0.268      -0.006000      -0.003803
       0.2684      -0.006017      -0.003787
       0.2688      -0.006033      -0.003770
       0.2692      -0.006050      -0.003754
       0.2696      -0.006066      -0.003737
         0.27      -0.006083      -0.003720
       0.2704      -0.006100      -0.003703
       0.2708      -0.006117      -0.003686
       0.2712      -0.006134      -0.003669
       0.2716      -0.006152      -0.003652
        0.272      -0.006169      -0.003635
       0.2724      -0.006186      -0.003617
       0.2728      -0.006204      -0.003600
       0.2732      -0.006222      -0.003582
       0.2736      -0.006240      -0.003564
        0.274      -0.006258      -0.003546
       0.2744      -0.006276      -0.003528
       0.2748      -0.006294      -0.003510
       0.2752      -0.006312      -0.003492
       0.2756      -0.006331      -0.003473
        0.276      -0.006349      -0.003455
       0.2764      -0.006368      -0.003436
       0.2768      -0.006387      -0.003417
       0.2772      -0.006406      -0.003399
       0.2776      -0.006425      -0.003380
        0.278      -0.006444      -0.003360
       0.2784      -0.006463      -0.003341
       0.2788      -0.006483      -0.003322
       0.2792      -0.006502      -0.003302
       0.2796      -0.006522      -0.003283
         0.28      -0.006542      -0.003263
       0.2804      -0.006562      -0.003243
       0.2808      -0.006582      -0.003223
       0.2812      -0.006602      -0.003203
       0.2816      -0.006622      -0.003183
        0.282      -0.006643      -0.003162
       0.2824      -0.006663      -0.003142
       0.2828      -0.006684      -0.003121
       0.2832      -0.006705      -0.003101
       0.2836      -0.006726      -0.003080
        0.284      -0.006747      -0.003059
       0.2844      -0.006768      -0.003038
       0.2848      -0.006789      -0.003016
       0.2852      -0.006810      -0.002995
       0.2856      -0.006832      -0.002974
        0.286      -0.006854      -0.002952
       0.2864      -0.006875      -0.002930
       0.2868      -0.006897      -0.002908
       0.2872      -0.006919      -0.002886
       0.2876      -0.006942      -0.002864
        0.288      -0.006964      -0.002842
       0.2884      -0.006986      -0.002820
       0.2888      -0.007009      -0.002797
       0.2892      -0.007032      -0.002774
       0.2896      -0.007055      -0.002752
         0.29      -0.007077      -0.002729
       0.2904      -0.007101      -0.002706
       0.2908      -0.007124      -0.002682
       0.2912      -0.007147      -0.002659
       0.2916      -0.007171      -0.002636
        0.292      -0.007194      -0.002612
       0.2924      -0.007218      -0.002588
       0.2928      -0.007242      -0.002565
       0.2932      -0.007266      -0.002541
       0.2936      -0.007290      -0.002517
        0.294      -0.007314      -0.002492
       0.2944      -0.007339      -0.002468
       0.2948      -0.007363      -0.002444
       0.2952      -0.007388      -0.002419
       0.2956      -0.007413      -0.002394
        0.296      -0.007438      -0.002369
       0.2964      -0.007463      -0.002344
       0.2968      -0.007488      -0.002319
       0.2972      -0.007514      -0.002294
       0.2976      -0.007539      -0.002268
        0.298      -0.007565      -0.002243
       0.2984      -0.007590      -0.002217
       0.2988      -0.007616      -0.002191
       0.2992      -0.007642      -0.002165
       0.2996      -0.007669      -0.002139
          0.3      -0.007695      -0.002113
       0.3004      -0.007721      -0.002087
       0.3008      -0.007748      -0.002060
       0.3012      -0.007775      -0.002033
       0.3016      -0.007801      -0.002007
        0.302      -0.007828      -0.001980
       0.3024      -0.007856      -0.001953
       0.3028      -0.007883      -0.001926
       0.3032      -0.007910      -0.001898
       0.3036      -0.007938      -0.001871
        0.304      -0.007965      -0.001843
       0.3044      -0.007993      -0.001815
       0.3048      -0.008021      -0.001787
       0.3052      -0.008049      -0.001759
       0.3056      -0.008078      -0.001731
        0.306      -0.008106      -0.001703
       0.3064      -0.008134      -0.001675
       0.3068      -0.008163      -0.001646
       0.3072      -0.008192      -0.001617
       0.3076      -0.008221      -0.001588
        0.308      -0.008250      -0.001559
       0.3084      -0.008279      -0.001530
       0.3088      -0.008308      -0.001501
       0.3092      -0.008338      -0.001472
       0.3096      -0.008367      -0.001442
         0.31      -0.008397      -0.001412
       0.3104      -0.008427      -0.001383
       0.3108      -0.008457      -0.001353
       0.3112      -0.008487      -0.001323
       0.3116      -0.008518      -0.001292
        0.312      -0.008548      -0.001262
       0.3124      -0.008579      -0.001231
       0.3128      -0.008609      -0.001201
       0.3132      -0.008640      -0.001170
       0.3136      -0.008671      -0.001139
        0.314      -0.008703      -0.001108
       0.3144      -0.008734      -0.001077
       0.3148      -0.008765      -0.001045
       0.3152      -0.008797      -0.001014
       0.3156      -0.008829      -0.000982
        0.316      -0.008860      -0.000951
       0.3164      -0.008892      -0.000919
       0.3168      -0.008925      -0.000887
       0.3172      -0.008957      -0.000854
       0.3176      -0.008989      -0.000822
        0.318      -0.009022      -0.000790
       0.3184      -0.009054      -0.000757
       0.3188      -0.009087      -0.000724
       0.3192      -0.009120      -0.000692
       0.3196      -0.009153      -0.000658
         0.32      -0.009187      -0.000625
       0.3204      -0.009220      -0.000592
       0.3208      -0.009253      -0.000559
       0.3212      -0.009287      -0.000525
       0.3216      -0.009321      -0.000491
        0.322      -0.009355      -0.000458
       0.3224      -0.009389      -0.000424
       0.3228      -0.009423      -0.000389
       0.3232      -0.009457      -0.000355
       0.3236      -0.009492      -0.000321
        0.324      -0.009527      -0.000286
       0.3244      -0.009561      -0.000252
       0.3248      -0.009596      -0.000217
       0.3252      -0.009631      -0.000182
       0.3256      -0.009666      -0.000147
        0.326      -0.009702      -0.000112
       0.3264      -0.009737      -0.000076
       0.3268      -0.009773      -0.000041
       0.3272      -0.009809      -0.000005
       0.3276      -0.009844      0.000031
        0.328      -0.009880      0.000067
       0.3284      -0.009916      0.000103
       0.3288      -0.009953      0.000139
       0.3292      -0.009989      0.000175
       0.3296      -0.010026      0.000211
         0.33      -0.010062      0.000248
       0.3304      -0.010099      0.000285
       0.3308      -0.010136      0.000321
       0.3312      -0.010173      0.000358
       0.3316      -0.010210      0.000395
        0.332      -0.010248      0.000433
       0.3324      -0.010285      0.000470
       0.3328      -0.010323      0.000508
       0.3332      -0.010360      0.000545
       0.3336      -0.010398      0.000583
        0.334      -0.010436      0.000621
       0.3344      -0.010474      0.000659
       0.3348      -0.010512      0.000697
       0.3352      -0.010551      0.000735
       0.3356      -0.010589      0.000774
        0.336      -0.010628      0.000812
       0.3364      -0.010667      0.000851
       0.3368      -0.010706      0.000889
       0.3372      -0.010745      0.000928
       0.3376      -0.010784      0.000967
        0.338      -0.010823      0.001006
       0.3384      -0.010862      0.001046
       0.3388      -0.010902      0.001085
       0.3392      -0.010941      0.001125
       0.3396      -0.010981      0.001164
         0.34      -0.011021      0.001204
       0.3404      -0.011061      0.001244
       0.3408      -0.011101      0.001284
       0.3412      -0.011141      0.001324
       0.3416      -0.011182      0.001364
        0.342      -0.011222      0.001405
       0.3424      -0.011263      0.001445
       0.3428      -0.011304      0.001486
       0.3432      -0.011344      0.001526
       0.3436      -0.011385      0.001567
        0.344      -0.011426      0.001608
       0.3444      -0.011468      0.001649
       0.3448      -0.011509      0.001690
       0.3452      -0.011550      0.001732
       0.3456      -0.011592      0.001773
        0.346      -0.011633      0.001815
       0.3464      -0.011675      0.001856
       0.3468      -0.011717      0.001898
       0.3472      -0.011759      0.001940
       0.3476      -0.011801      0.001982
        0.348      -0.011843      0.002024
       0.3484      -0.011886      0.002066
       0.3488      -0.011928      0.002108
       0.3492      -0.011970      0.002151
       0.3496      -0.012013      0.002193
         0.35      -0.012056      0.002236
       0.3504      -0.012099      0.002279
       0.3508      -0.012142      0.002321
       0.3512      -0.012185      0.002364
       0.3516      -0.012228      0.002407
        0.352      -0.012271      0.002450
       0.3524      -0.012314      0.002494
       0.3528      -0.012358      0.002537
       0.3532      -0.012401      0.002580
       0.3536      -0.012445      0.002624
        0.354      -0.012489      0.002667
       0.3544      -0.012532      0.002711
       0.3548      -0.012576      0.002755
       0.3552      -0.012620      0.002799
       0.3556      -0.012664      0.002843
        0.356      -0.012708      0.002887
       0.3564      -0.012753      0.002931
       0.3568      -0.012797      0.002975
       0.3572      -0.012842      0.003019
       0.3576      -0.012886      0.003064
        0.358      -0.012931      0.003108
       0.3584      -0.012975      0.003153
       0.3588      -0.013020      0.003197
       0.3592      -0.013065      0.003242
       0.3596      -0.013110      0.003287
         0.36      -0.013155      0.003332
       0.3604      -0.013200      0.003377
       0.3608      -0.013245      0.003422
       0.3612      -0.013290      0.003467
       0.3616      -0.013336      0.003512
        0.362      -0.013381      0.003557
       0.3624      -0.013426      0.003603
       0.3628      -0.013472      0.003648
       0.3632      -0.013518      0.003693
       0.3636      -0.013563      0.003739
        0.364      -0.013609      0.003785
       0.3644      -0.013655      0.003830
       0.3648      -0.013701      0.003876
       0.3652      -0.013746      0.003922
       0.3656      -0.013792      0.003967
        0.366      -0.013838      0.004013
       0.3664      -0.013885      0.004059
       0.3668      -0.013931      0.004105
       0.3672      -0.013977      0.004151
       0.3676      -0.014023      0.004197
        0.368      -0.014069      0.004244
       0.3684      -0.014116      0.004290
       0.3688      -0.014162      0.004336
       0.3692      -0.014209      0.004382
       0.3696      -0.014255      0.004429
         0.37      -0.014302      0.004475
       0.3704      -0.014348      0.004521
       0.3708      -0.014395      0.004568
       0.3712      -0.014441      0.004614
       0.3716      -0.014488      0.004661
        0.372      -0.014535      0.004708
       0.3724      -0.014581      0.004754
       0.3728      -0.014628      0.004801
       0.3732      -0.014675      0.004847
       0.3736      -0.014722      0.004894
        0.374      -0.014769      0.004941
       0.3744      -0.014815      0.004987
       0.3748      -0.014862      0.005034
       0.3752      -0.014909      0.005081
       0.3756      -0.014956      0.005128
        0.376      -0.015003      0.005175
       0.3764      -0.015050      0.005221
       0.3768      -0.015097      0.005268
       0.3772      -0.015144      0.005315
       0.3776      -0.015191      0.005362
        0.378      -0.015238      0.005409
       0.3784      -0.015285      0.005456
       0.3788      -0.015332      0.005502
       0.3792      -0.015379      0.005549
       0.3796      -0.015426      0.005596
         0.38      -0.015473      0.005643
       0.3804      -0.015520      0.005690
       0.3808      -0.015567      0.005737
       0.3812      -0.015614      0.005783
       0.3816      -0.015661      0.005830
        0.382      -0.015708      0.005877
       0.3824      -0.015755      0.005924
       0.3828      -0.015801      0.005971
       0.3832      -0.015848      0.006017
       0.3836      -0.015895      0.006064
        0.384      -0.015942      0.006111
       0.3844      -0.015989      0.006157
       0.3848      -0.016036      0.006204
       0.3852      -0.016082      0.006251
       0.3856      -0.016129      0.006297
        0.386      -0.016176      0.006344
       0.3864      -0.016222      0.006390
       0.3868      -0.016269      0.006437
       0.3872      -0.016315      0.006483
       0.3876      -0.016362      0.006529
        0.388      -0.016408      0.006576
       0.3884      -0.016455      0.006622
       0.3888      -0.016501      0.006668
       0.3892      -0.016547      0.006714
       0.3896      -0.016594      0.006760
         0.39      -0.016640      0.006806
       0.3904      -0.016686      0.006852
       0.3908      -0.016732      0.006898
       0.3912      -0.016778      0.006944
       0.3916      -0.016824      0.006990
        0.392      -0.016870      0.007036
       0.3924      -0.016915      0.007081
       0.3928      -0.016961      0.007127
       0.3932      -0.017007      0.007172
       0.3936      -0.017052      0.007218
        0.394      -0.017098      0.007263
       0.3944      -0.017143      0.007308
       0.3948      -0.017188      0.007353
       0.3952      -0.017233      0.007398
       0.3956      -0.017278      0.007443
        0.396      -0.017323      0.007488
       0.3964      -0.017368      0.007533
       0.3968      -0.017413      0.007577
       0.3972      -0.017458      0.007622
       0.3976      -0.017502      0.007666
        0.398      -0.017546      0.007710
       0.3984      -0.017591      0.007755
       0.3988      -0.017635      0.007799
       0.3992      -0.017679      0.007842
       0.3996      -0.017723      0.007886
          0.4      -0.017767      0.007930
       0.4004      -0.017810      0.007973
       0.4008      -0.017854      0.008017
       0.4012      -0.017897      0.008060
       0.4016      -0.017941      0.008103
        0.402      -0.017984      0.008146
       0.4024      -0.018027      0.008189
       0.4028      -0.018070      0.008232
       0.4032      -0.018112      0.008274
       0.4036      -0.018155      0.008317
        0.404      -0.018197      0.008359
       0.4044      -0.018239      0.008401
       0.4048      -0.018281      0.008443
       0.4052      -0.018323      0.008485
       0.4056      -0.018365      0.008526
        0.406      -0.018407      0.008568
       0.4064      -0.018448      0.008609
       0.4068      -0.018489      0.008650
       0.4072      -0.018530      0.008691
       0.4076      -0.018571      0.008732
        0.408      -0.018612      0.008772
       0.4084      -0.018652      0.008813
       0.4088      -0.018692      0.008853
       0.4092      -0.018733      0.008893
       0.4096      -0.018772      0.008932
         0.41      -0.018812      0.008972
       0.4104      -0.018852      0.009011
       0.4108      -0.018891      0.009051
       0.4112      -0.018930      0.009089
       0.4116      -0.018969      0.009128
        0.412      -0.019007      0.009167
       0.4124      -0.019046      0.009205
       0.4128      -0.019084      0.009243
       0.4132      -0.019122      0.009281
       0.4136      -0.019160      0.009318
        0.414      -0.019197      0.009356
       0.4144      -0.019234      0.009393
       0.4148      -0.019271      0.009430
       0.4152      -0.019308      0.009466
       0.4156      -0.019345      0.009503
        0.416      -0.019381      0.009539
       0.4164      -0.019417      0.009575
       0.4168      -0.019453      0.009611
       0.4172      -0.019488      0.009646
       0.4176      -0.019524      0.009681
        0.418      -0.019559      0.009716
       0.4184      -0.019593      0.009751
       0.4188      -0.019628      0.009785
       0.4192      -0.019662      0.009819
       0.4196      -0.019696      0.009853
         0.42      -0.019729      0.009886
       0.4204      -0.019763      0.009919
       0.4208      -0.019796      0.009952
       0.4212      -0.019829      0.009985
       0.4216      -0.019861      0.010017
        0.422      -0.019893      0.010049
       0.4224      -0.019925      0.010081
       0.4228      -0.019957      0.010113
       0.4232      -0.019988      0.010144
       0.4236      -0.020019      0.010174
        0.424      -0.020049      0.010205
       0.4244      -0.020080      0.010235
       0.4248      -0.020110      0.010265
       0.4252      -0.020139      0.010295
       0.4256      -0.020169      0.010324
        0.426      -0.020198      0.010353
       0.4264      -0.020226      0.010381
       0.4268      -0.020255      0.010409
       0.4272      -0.020282      0.010437
       0.4276      -0.020310      0.010465
        0.428      -0.020337      0.010492
       0.4284      -0.020364      0.010519
       0.4288      -0.020391      0.010545
       0.4292      -0.020417      0.010571
       0.4296      -0.020443      0.010597
         0.43      -0.020468      0.010623
       0.4304      -0.020494      0.010648
       0.4308      -0.020518      0.010672
       0.4312      -0.020543      0.010697
       0.4316      -0.020567      0.010720
        0.432      -0.020590      0.010744
       0.4324      -0.020614      0.010767
       0.4328      -0.020636      0.010790
       0.4332      -0.020659      0.010812
       0.4336      -0.020681      0.010834
        0.434      -0.020703      0.010856
       0.4344      -0.020724      0.010877
       0.4348      -0.020745      0.010898
       0.4352      -0.020765      0.010918
       0.4356      -0.020785      0.010938
        0.436      -0.020805      0.010958
       0.4364      -0.020824      0.010977
       0.4368      -0.020843      0.010995
       0.4372      -0.020861      0.011014
       0.4376      -0.020879      0.011032
        0.438      -0.020897      0.011049
       0.4384      -0.020914      0.011066
       0.4388      -0.020930      0.011083
       0.4392      -0.020947      0.011099
       0.4396      -0.020962      0.011114
         0.44      -0.020978      0.011130
       0.4404      -0.020993      0.011144
       0.4408      -0.021007      0.011159
       0.4412      -0.021021      0.011173
       0.4416      -0.021035      0.011186
        0.442      -0.021048      0.011199
       0.4424      -0.021060      0.011212
       0.4428      -0.021072      0.011224
       0.4432      -0.021084      0.011235
       0.4436      -0.021095      0.011246
        0.444      -0.021106      0.011257
       0.4444      -0.021116      0.011267
       0.4448      -0.021126      0.011277
       0.4452      -0.021135      0.011286
       0.4456      -0.021144      0.011294
        0.446      -0.021152      0.011303
       0.4464      -0.021160      0.011310
       0.4468      -0.021167      0.011318
       0.4472      -0.021174      0.011324
       0.4476      -0.021180      0.011330
        0.448      -0.021186      0.011336
       0.4484      -0.021191      0.011341
       0.4488      -0.021196      0.011346
       0.4492      -0.021200      0.011350
       0.4496      -0.021204      0.011354
         0.45      -0.021207      0.011357
       0.4504      -0.021209      0.011360
       0.4508      -0.021211      0.011362
       0.4512      -0.021213      0.011363
       0.4516      -0.021214      0.011364
        0.452      -0.021215      0.011365
       0.4524      -0.021215      0.011365
       0.4528      -0.021214      0.011364
       0.4532      -0.021213      0.011363
       0.4536      -0.021211      0.011361
        0.454      -0.021209      0.011359
       0.4544      -0.021206      0.011356
       0.4548      -0.021203      0.011353
       0.4552      -0.021199      0.011349
       0.4556      -0.021195      0.011344
        0.456      -0.021190      0.011339
       0.4564      -0.021184      0.011334
       0.4568      -0.021178      0.011328
       0.4572      -0.021171      0.011321
       0.4576      -0.021164      0.011314
        0.458      -0.021156      0.011306
       0.4584      -0.021148      0.011297
       0.4588      -0.021139      0.011288
       0.4592      -0.021129      0.011279
       0.4596      -0.021119      0.011269
         0.46      -0.021108      0.011258
       0.4604      -0.021097      0.011247
       0.4608      -0.021085      0.011235
       0.4612      -0.021073      0.011222
       0.4616      -0.021060      0.011209
        0.462      -0.021046      0.011195
       0.4624      -0.021031      0.011181
       0.4628      -0.021017      0.011166
       0.4632      -0.021001      0.011150
       0.4636      -0.020985      0.011134
        0.464      -0.020968      0.011118
       0.4644      -0.020951      0.011100
       0.4648      -0.020933      0.011082
       0.4652      -0.020914      0.011064
       0.4656      -0.020895      0.011044
        0.466      -0.020875      0.011025
       0.4664      -0.020855      0.011004
       0.4668      -0.020834      0.010983
       0.4672      -0.020812      0.010961
       0.4676      -0.020790      0.010939
        0.468      -0.020767      0.010916
       0.4684      -0.020743      0.010893
       0.4688      -0.020719      0.010868
       0.4692      -0.020694      0.010844
       0.4696      -0.020669      0.010818
         0.47      -0.020642      0.010792
       0.4704      -0.020616      0.010765
       0.4708      -0.020588      0.010738
       0.4712      -0.020560      0.010710
       0.4716      -0.020531      0.010681
        0.472      -0.020502      0.010652
       0.4724      -0.020472      0.010622
       0.4728      -0.020441      0.010591
       0.4732      -0.020410      0.010560
       0.4736      -0.020378      0.010528
        0.474      -0.020346      0.010496
       0.4744      -0.020312      0.010462
       0.4748      -0.020278      0.010428
       0.4752      -0.020244      0.010394
       0.4756      -0.020209      0.010359
        0.476      -0.020173      0.010323
       0.4764      -0.020136      0.010286
       0.4768      -0.020099      0.010249
       0.4772      -0.020061      0.010211
       0.4776      -0.020022      0.010173
        0.478      -0.019983      0.010134
       0.4784      -0.019943      0.010094
       0.4788      -0.019903      0.010053
       0.4792      -0.019861      0.010012
       0.4796      -0.019819      0.009970
         0.48      -0.019777      0.009928
       0.4804      -0.019734      0.009885
       0.4808      -0.019690      0.009841
       0.4812      -0.019645      0.009796
       0.4816      -0.019600      0.009751
        0.482      -0.019554      0.009705
       0.4824      -0.019507      0.009659
       0.4828      -0.019460      0.009611
       0.4832      -0.019412      0.009564
       0.4836      -0.019363      0.009515
        0.484      -0.019314      0.009466
       0.4844      -0.019264      0.009416
       0.4848      -0.019213      0.009365
       0.4852      -0.019162      0.009314
       0.4856      -0.019110      0.009262
        0.486      -0.019057      0.009209
       0.4864      -0.019003      0.009156
       0.4868      -0.018949      0.009102
       0.4872      -0.018894      0.009047
       0.4876      -0.018839      0.008992
        0.488      -0.018783      0.008936
       0.4884      -0.018726      0.008879
       0.4888      -0.018668      0.008821
       0.4892      -0.018610      0.008763
       0.4896      -0.018551      0.008704
         0.49      -0.018491      0.008645
       0.4904      -0.018431      0.008585
       0.4908      -0.018370      0.008524
       0.4912      -0.018308      0.008462
       0.4916      -0.018246      0.008400
        0.492      -0.018183      0.008337
       0.4924      -0.018119      0.008274
       0.4928      -0.018055      0.008209
       0.4932      -0.017990      0.008144
       0.4936      -0.017924      0.008079
        0.494      -0.017857      0.008012
       0.4944      -0.017790      0.007945
       0.4948      -0.017722      0.007878
       0.4952      -0.017654      0.007809
       0.4956      -0.017584      0.007740
        0.496      -0.017515      0.007670
       0.4964      -0.017444      0.007600
       0.4968      -0.017373      0.007529
       0.4972      -0.017301      0.007457
       0.4976      -0.017228      0.007385
        0.498      -0.017155      0.007311
       0.4984      -0.017081      0.007238
       0.4988      -0.017006      0.007163
       0.4992      -0.016931      0.007088
       0.4996      -0.016855      0.007012
          0.5      -0.016778      0.006936
       0.5004      -0.016700      0.006858
       0.5008      -0.016622      0.006780
       0.5012      -0.016544      0.006702
       0.5016      -0.016464      0.006623
        0.502      -0.016384      0.006543
       0.5024      -0.016303      0.006462
       0.5028      -0.016222      0.006381
       0.5032      -0.016140      0.006299
       0.5036      -0.016057      0.006216
        0.504      -0.015973      0.006133
       0.5044      -0.015889      0.006049
       0.5048      -0.015804      0.005965
       0.5052      -0.015719      0.005879
       0.5056      -0.015633      0.005794
        0.506      -0.015546      0.005707
       0.5064      -0.015459      0.005620
       0.5068      -0.015371      0.005532
       0.5072      -0.015282      0.005443
       0.5076      -0.015192      0.005354
        0.508      -0.015102      0.005264
       0.5084      -0.015012      0.005174
       0.5088      -0.014920      0.005083
       0.5092      -0.014828      0.004991
       0.5096      -0.014735      0.004898
         0.51      -0.014642      0.004805
       0.5104      -0.014548      0.004712
       0.5108      -0.014453      0.004617
       0.5112      -0.014358      0.004522
       0.5116      -0.014262      0.004427
        0.512      -0.014166      0.004330
       0.5124      -0.014069      0.004233
       0.5128      -0.013971      0.004136
       0.5132      -0.013872      0.004038
       0.5136      -0.013773      0.003939
        0.514      -0.013674      0.003840
       0.5144      -0.013573      0.003739
       0.5148      -0.013472      0.003639
       0.5152      -0.013371      0.003537
       0.5156      -0.013268      0.003436
        0.516      -0.013166      0.003333
       0.5164      -0.013062      0.003230
       0.5168      -0.012958      0.003126
       0.5172      -0.012853      0.003022
       0.5176      -0.012748      0.002917
        0.518      -0.012642      0.002811
       0.5184      -0.012536      0.002705
       0.5188      -0.012429      0.002598
       0.5192      -0.012321      0.002491
       0.5196      -0.012213      0.002383
         0.52      -0.012104      0.002274
       0.5204      -0.011994      0.002165
       0.5208      -0.011884      0.002056
       0.5212      -0.011774      0.001945
       0.5216      -0.011663      0.001834
        0.522      -0.011551      0.001723
       0.5224      -0.011438      0.001611
       0.5228      -0.011325      0.001498
       0.5232      -0.011212      0.001385
       0.5236      -0.011098      0.001271
        0.524      -0.010983      0.001157
       0.5244      -0.010868      0.001042
       0.5248      -0.010752      0.000927
       0.5252      -0.010636      0.000811
       0.5256      -0.010519      0.000694
        0.526      -0.010401      0.000577
       0.5264      -0.010283      0.000459
       0.5268      -0.010165      0.000341
       0.5272      -0.010046      0.000222
       0.5276      -0.009926      0.000103
        0.528      -0.009806      -0.000017
       0.5284      -0.009685      -0.000137
       0.5288      -0.009564      -0.000258
       0.5292      -0.009442      -0.000379
       0.5296      -0.009320      -0.000501
         0.53      -0.009197      -0.000624
       0.5304      -0.009074      -0.000746
       0.5308      -0.008950      -0.000870
       0.5312      -0.008826      -0.000994
       0.5316      -0.008701      -0.001118
        0.532      -0.008576      -0.001243
       0.5324      -0.008450      -0.001369
       0.5328      -0.008323      -0.001495
       0.5332      -0.008197      -0.001621
       0.5336      -0.008069      -0.001748
        0.534      -0.007941      -0.001875
       0.5344      -0.007813      -0.002003
       0.5348      -0.007684      -0.002132
       0.5352      -0.007555      -0.002261
       0.5356      -0.007425      -0.002390
        0.536      -0.007295      -0.002520
       0.5364      -0.007165      -0.002650
       0.5368      -0.007033      -0.002780
       0.5372      -0.006902      -0.002912
       0.5376      -0.006770      -0.003043
        0.538      -0.006637      -0.003175
       0.5384      -0.006505      -0.003308
       0.5388      -0.006371      -0.003441
       0.5392      -0.006238      -0.003574
       0.5396      -0.006103      -0.003708
         0.54      -0.005969      -0.003842
       0.5404      -0.005834      -0.003976
       0.5408      -0.005698      -0.004111
       0.5412      -0.005562      -0.004247
       0.5416      -0.005426      -0.004383
        0.542      -0.005289      -0.004519
       0.5424      -0.005152      -0.004656
       0.5428      -0.005015      -0.004793
       0.5432      -0.004877      -0.004930
       0.5436      -0.004739      -0.005068
        0.544      -0.004600      -0.005206
       0.5444      -0.004461      -0.005345
       0.5448      -0.004322      -0.005484
       0.5452      -0.004182      -0.005623
       0.5456      -0.004042      -0.005763
        0.546      -0.003901      -0.005903
       0.5464      -0.003760      -0.006043
       0.5468      -0.003619      -0.006184
       0.5472      -0.003478      -0.006325
       0.5476      -0.003336      -0.006466
        0.548      -0.003193      -0.006608
       0.5484      -0.003051      -0.006750
       0.5488      -0.002908      -0.006893
       0.5492      -0.002765      -0.007035
       0.5496      -0.002621      -0.007178
         0.55      -0.002477      -0.007322
       0.5504      -0.002333      -0.007465
       0.5508      -0.002188      -0.007610
       0.5512      -0.002044      -0.007754
       0.5516      -0.001899      -0.007898
        0.552      -0.001753      -0.008043
       0.5524      -0.001607      -0.008189
       0.5528      -0.001462      -0.008334
       0.5532      -0.001315      -0.008480
       0.5536      -0.001169      -0.008626
        0.554      -0.001022      -0.008772
       0.5544      -0.000875      -0.008919
       0.5548      -0.000728      -0.009065
       0.5552      -0.000580      -0.009212
       0.5556      -0.000432      -0.009360
        0.556      -0.000284      -0.009507
       0.5564      -0.000136      -0.009655
       0.5568      0.000013      -0.009803
       0.5572      0.000161      -0.009951
       0.5576      0.000310      -0.010100
        0.558      0.000460      -0.010249
       0.5584      0.000609      -0.010397
       0.5588      0.000759      -0.010547
       0.5592      0.000909      -0.010696
       0.5596      0.001059      -0.010845
         0.56      0.001209      -0.010995
       0.5604      0.001359      -0.011145
       0.5608      0.001510      -0.011295
       0.5612      0.001661      -0.011445
       0.5616      0.001812      -0.011596
        0.562      0.001963      -0.011746
       0.5624      0.002114      -0.011897
       0.5628      0.002265      -0.012048
       0.5632      0.002417      -0.012199
       0.5636      0.002569      -0.012350
        0.564      0.002721      -0.012502
       0.5644      0.002873      -0.012653
       0.5648      0.003025      -0.012805
       0.5652      0.003177      -0.012957
       0.5656      0.003330      -0.013108
        0.566      0.003482      -0.013260
       0.5664      0.003635      -0.013413
       0.5668      0.003788      -0.013565
       0.5672      0.003940      -0.013717
       0.5676      0.004093      -0.013869
        0.568      0.004246      -0.014022
       0.5684      0.004399      -0.014175
       0.5688      0.004553      -0.014327
       0.5692      0.004706      -0.014480
       0.5696      0.004859      -0.014633
         0.57      0.005013      -0.014786
       0.5704      0.005166      -0.014938
       0.5708      0.005320      -0.015091
       0.5712      0.005473      -0.015244
       0.5716      0.005627      -0.015397
        0.572      0.005780      -0.015551
       0.5724      0.005934      -0.015704
       0.5728      0.006088      -0.015857
       0.5732      0.006241      -0.016010
       0.5736      0.006395      -0.016163
        0.574      0.006549      -0.016316
       0.5744      0.006703      -0.016469
       0.5748      0.006856      -0.016623
       0.5752      0.007010      -0.016776
       0.5756      0.007164      -0.016929
        0.576      0.007317      -0.017082
       0.5764      0.007471      -0.017235
       0.5768      0.007625      -0.017388
       0.5772      0.007778      -0.017541
       0.5776      0.007932      -0.017694
        0.578      0.008085      -0.017847
       0.5784      0.008239      -0.018000
       0.5788      0.008392      -0.018153
       0.5792      0.008546      -0.018306
       0.5796      0.008699      -0.018459
         0.58      0.008852      -0.018611
       0.5804      0.009005      -0.018764
       0.5808      0.009158      -0.018916
       0.5812      0.009311      -0.019069
       0.5816      0.009464      -0.019221
        0.582      0.009617      -0.019373
       0.5824      0.009769      -0.019525
       0.5828      0.009922      -0.019677
       0.5832      0.010074      -0.019829
       0.5836      0.010227      -0.019981
        0.584      0.010379      -0.020132
       0.5844      0.010531      -0.020284
       0.5848      0.010683      -0.020435
       0.5852      0.010835      -0.020586
       0.5856      0.010986      -0.020737
        0.586      0.011138      -0.020888
       0.5864      0.011289      -0.021039
       0.5868      0.011440      -0.021190
       0.5872      0.011591      -0.021340
       0.5876      0.011742      -0.021490
        0.588      0.011892      -0.021640
       0.5884      0.012043      -0.021790
       0.5888      0.012193      -0.021940
       0.5892      0.012343      -0.022089
       0.5896      0.012492      -0.022238
         0.59      0.012642      -0.022387
       0.5904      0.012791      -0.022536
       0.5908      0.012941      -0.022685
       0.5912      0.013089      -0.022833
       0.5916      0.013238      -0.022981
        0.592      0.013387      -0.023129
       0.5924      0.013535      -0.023277
       0.5928      0.013683      -0.023424
       0.5932      0.013830      -0.023571
       0.5936      0.013978      -0.023718
        0.594      0.014125      -0.023865
       0.5944      0.014272      -0.024011
       0.5948      0.014418      -0.024157
       0.5952      0.014565      -0.024303
       0.5956      0.014711      -0.024448
        0.596      0.014857      -0.024594
       0.5964      0.015002      -0.024739
       0.5968      0.015147      -0.024883
       0.5972      0.015292      -0.025027
       0.5976      0.015436      -0.025171
        0.598      0.015581      -0.025315
       0.5984      0.015725      -0.025458
       0.5988      0.015868      -0.025602
       0.5992      0.016011      -0.025744
       0.5996      0.016154      -0.025887
          0.6      0.016297      -0.026029
       0.6004      0.016439      -0.026170
       0.6008      0.016581      -0.026312
       0.6012      0.016722      -0.026452
       0.6016      0.016863      -0.026593
        0.602      0.017004      -0.026733
       0.6024      0.017144      -0.026873
       0.6028      0.017284      -0.027013
       0.6032      0.017424      -0.027152
       0.6036      0.017563      -0.027290
        0.604      0.017702      -0.027429
       0.6044      0.017840      -0.027566
       0.6048      0.017978      -0.027704
       0.6052      0.018116      -0.027841
       0.6056      0.018253      -0.027978
        0.606      0.018390      -0.028114
       0.6064      0.018526      -0.028250
       0.6068      0.018662      -0.028385
       0.6072      0.018797      -0.028520
       0.6076      0.018932      -0.028654
        0.608      0.019067      -0.028789
       0.6084      0.019201      -0.028922
       0.6088      0.019335      -0.029055
       0.6092      0.019468      -0.029188
       0.6096      0.019600      -0.029320
         0.61      0.019733      -0.029452
       0.6104      0.019864      -0.029583
       0.6108      0.019996      -0.029714
       0.6112      0.020127      -0.029844
       0.6116      0.020257      -0.029974
        0.612      0.020387      -0.030103
       0.6124      0.020516      -0.030232
       0.6128      0.020645      -0.030361
       0.6132      0.020773      -0.030488
       0.6136      0.020901      -0.030616
        0.614      0.021028      -0.030742
       0.6144      0.021155      -0.030869
       0.6148      0.021281      -0.030994
       0.6152      0.021407      -0.031120
       0.6156      0.021532      -0.031244
        0.616      0.021656      -0.031368
       0.6164      0.021780      -0.031492
       0.6168      0.021904      -0.031615
       0.6172      0.022027      -0.031737
       0.6176      0.022149      -0.031859
        0.618      0.022271      -0.031981
       0.6184      0.022392      -0.032102
       0.6188      0.022513      -0.032222
       0.6192      0.022633      -0.032341
       0.6196      0.022752      -0.032460
         0.62      0.022871      -0.032579
       0.6204      0.022989      -0.032697
       0.6208      0.023107      -0.032814
       0.6212      0.023224      -0.032931
       0.6216      0.023341      -0.033047
        0.622      0.023456      -0.033162
       0.6224      0.023572      -0.033277
       0.6228      0.023686      -0.033391
       0.6232      0.023800      -0.033505
       0.6236      0.023914      -0.033618
        0.624      0.024027      -0.033730
       0.6244      0.024139      -0.033842
       0.6248      0.024250      -0.033953
       0.6252      0.024361      -0.034064
       0.6256      0.024471      -0.034173
        0.626      0.024581      -0.034283
       0.6264      0.024690      -0.034391
       0.6268      0.024798      -0.034499
       0.6272      0.024905      -0.034606
       0.6276      0.025012      -0.034713
        0.628      0.025119      -0.034819
       0.6284      0.025224      -0.034924
       0.6288      0.025329      -0.035028
       0.6292      0.025433      -0.035132
       0.6296      0.025537      -0.035235
         0.63      0.025640      -0.035338
       0.6304      0.025742      -0.035439
       0.6308      0.025843      -0.035541
       0.6312      0.025944      -0.035641
       0.6316      0.026044      -0.035741
        0.632      0.026143      -0.035840
       0.6324      0.026242      -0.035938
       0.6328      0.026340      -0.036035
       0.6332      0.026437      -0.036132
       0.6336      0.026533      -0.036228
        0.634      0.026629      -0.036324
       0.6344      0.026724      -0.036419
       0.6348      0.026818      -0.036512
       0.6352      0.026912      -0.036606
       0.6356      0.027005      -0.036698
        0.636      0.027097      -0.036790
       0.6364      0.027188      -0.036881
       0.6368      0.027279      -0.036971
       0.6372      0.027368      -0.037061
       0.6376      0.027457      -0.037149
        0.638      0.027546      -0.037237
       0.6384      0.027633      -0.037325
       0.6388      0.027720      -0.037411
       0.6392      0.027806      -0.037497
       0.6396      0.027891      -0.037582
         0.64      0.027976      -0.037666
       0.6404      0.028059      -0.037749
       0.6408      0.028142      -0.037832
       0.6412      0.028224      -0.037914
       0.6416      0.028306      -0.037995
        0.642      0.028386      -0.038075
       0.6424      0.028466      -0.038154
       0.6428      0.028545      -0.038233
       0.6432      0.028623      -0.038311
       0.6436      0.028700      -0.038388
        0.644      0.028777      -0.038464
       0.6444      0.028853      -0.038540
       0.6448      0.028927      -0.038615
       0.6452      0.029002      -0.038689
       0.6456      0.029075      -0.038762
        0.646      0.029147      -0.038834
       0.6464      0.029219      -0.038905
       0.6468      0.029290      -0.038976
       0.6472      0.029360      -0.039046
       0.6476      0.029429      -0.039115
        0.648      0.029497      -0.039183
       0.6484      0.029565      -0.039250
       0.6488      0.029632      -0.039317
       0.6492      0.029698      -0.039382
       0.6496      0.029763      -0.039447
         0.65      0.029827      -0.039511
       0.6504      0.029890      -0.039574
       0.6508      0.029953      -0.039637
       0.6512      0.030014      -0.039698
       0.6516      0.030075      -0.039759
        0.652      0.030135      -0.039819
       0.6524      0.030194      -0.039878
       0.6528      0.030252      -0.039936
       0.6532      0.030310      -0.039993
       0.6536      0.030366      -0.040049
        0.654      0.030422      -0.040105
       0.6544      0.030477      -0.040159
       0.6548      0.030531      -0.040213
       0.6552      0.030584      -0.040266
       0.6556      0.030636      -0.040318
        0.656      0.030687      -0.040370
       0.6564      0.030738      -0.040420
       0.6568      0.030787      -0.040469
       0.6572      0.030836      -0.040518
       0.6576      0.030884      -0.040566
        0.658      0.030931      -0.040613
       0.6584      0.030977      -0.040659
       0.6588      0.031022      -0.040704
       0.6592      0.031067      -0.040748
       0.6596      0.031110      -0.040791
         0.66      0.031153      -0.040834
       0.6604      0.031194      -0.040875
       0.6608      0.031235      -0.040916
       0.6612      0.031275      -0.040956
       0.6616      0.031314      -0.040995
        0.662      0.031352      -0.041033
       0.6624      0.031390      -0.041070
       0.6628      0.031426      -0.041106
       0.6632      0.031461      -0.041142
       0.6636      0.031496      -0.041176
        0.664      0.031530      -0.041210
       0.6644      0.031562      -0.041243
       0.6648      0.031594      -0.041274
       0.6652      0.031625      -0.041305
       0.6656      0.031655      -0.041335
        0.666      0.031685      -0.041365
       0.6664      0.031713      -0.041393
       0.6668      0.031740      -0.041420
       0.6672      0.031767      -0.041447
       0.6676      0.031792      -0.041472
        0.668      0.031817      -0.041497
       0.6684      0.031841      -0.041521
       0.6688      0.031864      -0.041543
       0.6692      0.031885      -0.041565
       0.6696      0.031907      -0.041586
         0.67      0.031927      -0.041606
       0.6704      0.031946      -0.041626
       0.6708      0.031964      -0.041644
       0.6712      0.031982      -0.041661
       0.6716      0.031998      -0.041678
        0.672      0.032014      -0.041694
       0.6724      0.032028      -0.041708
       0.6728      0.032042      -0.041722
       0.6732      0.032055      -0.041735
       0.6736      0.032067      -0.041747
        0.674      0.032078      -0.041758
       0.6744      0.032088      -0.041768
       0.6748      0.032097      -0.041778
       0.6752      0.032106      -0.041786
       0.6756      0.032113      -0.041793
        0.676      0.032120      -0.041800
       0.6764      0.032125      -0.041806
       0.6768      0.032130      -0.041810
       0.6772      0.032134      -0.041814
       0.6776      0.032137      -0.041817
        0.678      0.032139      -0.041819
       0.6784      0.032140      -0.041820
       0.6788      0.032140      -0.041820
       0.6792      0.032139      -0.041820
       0.6796      0.032137      -0.041818
         0.68      0.032135      -0.041816
       0.6804      0.032131      -0.041812
       0.6808      0.032127      -0.041808
       0.6812      0.032122      -0.041803
       0.6816      0.032115      -0.041797
        0.682      0.032108      -0.041790
       0.6824      0.032100      -0.041782
       0.6828      0.032091      -0.041773
       0.6832      0.032081      -0.041763
       0.6836      0.032071      -0.041753
        0.684      0.032059      -0.041741
       0.6844      0.032047      -0.041729
       0.6848      0.032033      -0.041715
       0.6852      0.032019      -0.041701
       0.6856      0.032004      -0.041686
        0.686      0.031988      -0.041670
       0.6864      0.031970      -0.041653
       0.6868      0.031953      -0.041636
       0.6872      0.031934      -0.041617
       0.6876      0.031914      -0.041597
        0.688      0.031893      -0.041577
       0.6884      0.031872      -0.041556
       0.6888      0.031850      -0.041533
       0.6892      0.031826      -0.041510
       0.6896      0.031802      -0.041486
         0.69      0.031777      -0.041461
       0.6904      0.031751      -0.041436
       0.6908      0.031724      -0.041409
       0.6912      0.031697      -0.041381
       0.6916      0.031668      -0.041353
        0.692      0.031639      -0.041324
       0.6924      0.031608      -0.041294
       0.6928      0.031577      -0.041263
       0.6932      0.031545      -0.041231
       0.6936      0.031512      -0.041198
        0.694      0.031478      -0.041164
       0.6944      0.031444      -0.041130
       0.6948      0.031408      -0.041094
       0.6952      0.031372      -0.041058
       0.6956      0.031334      -0.041021
        0.696      0.031296      -0.040983
       0.6964      0.031257      -0.040944
       0.6968      0.031217      -0.040905
       0.6972      0.031176      -0.040864
       0.6976      0.031135      -0.040823
        0.698      0.031092      -0.040780
       0.6984      0.031049      -0.040737
       0.6988      0.031005      -0.040693
       0.6992      0.030960      -0.040649
       0.6996      0.030914      -0.040603
          0.7      0.030867      -0.040557
       0.7004      0.030820      -0.040509
       0.7008      0.030771      -0.040461
       0.7012      0.030722      -0.040412
       0.7016      0.030672      -0.040362
        0.702      0.030621      -0.040312
       0.7024      0.030569      -0.040260
       0.7028      0.030516      -0.040208
       0.7032      0.030463      -0.040155
       0.7036      0.030409      -0.040101
        0.704      0.030354      -0.040046
       0.7044      0.030298      -0.039990
       0.7048      0.030241      -0.039934
       0.7052      0.030184      -0.039876
       0.7056      0.030125      -0.039818
        0.706      0.030066      -0.039759
       0.7064      0.030006      -0.039700
       0.7068      0.029945      -0.039639
       0.7072      0.029884      -0.039578
       0.7076      0.029821      -0.039516
        0.708      0.029758      -0.039453
       0.7084      0.029694      -0.039389
       0.7088      0.029629      -0.039325
       0.7092      0.029564      -0.039260
       0.7096      0.029497      -0.039193
         0.71      0.029430      -0.039127
       0.7104      0.029362      -0.039059
       0.7108      0.029294      -0.038991
       0.7112      0.029224      -0.038921
       0.7116      0.029154      -0.038851
        0.712      0.029083      -0.038781
       0.7124      0.029011      -0.038709
       0.7128      0.028938      -0.038637
       0.7132      0.028865      -0.038564
       0.7136      0.028791      -0.038490
        0.714      0.028716      -0.038416
       0.7144      0.028640      -0.038340
       0.7148      0.028564      -0.038264
       0.7152      0.028487      -0.038187
       0.7156      0.028409      -0.038110
        0.716      0.028330      -0.038031
       0.7164      0.028251      -0.037952
       0.7168      0.028171      -0.037873
       0.7172      0.028090      -0.037792
       0.7176      0.028008      -0.037711
        0.718      0.027926      -0.037629
       0.7184      0.027843      -0.037546
       0.7188      0.027759      -0.037463
       0.7192      0.027675      -0.037379
       0.7196      0.027589      -0.037294
         0.72      0.027503      -0.037208
       0.7204      0.027417      -0.037122
       0.7208      0.027329      -0.037035
       0.7212      0.027241      -0.036947
       0.7216      0.027153      -0.036859
        0.722      0.027063      -0.036770
       0.7224      0.026973      -0.036680
       0.7228      0.026882      -0.036590
       0.7232      0.026791      -0.036499
       0.7236      0.026699      -0.036407
        0.724      0.026606      -0.036314
       0.7244      0.026512      -0.036221
       0.7248      0.026418      -0.036127
       0.7252      0.026323      -0.036033
       0.7256      0.026227      -0.035938
        0.726      0.026131      -0.035842
       0.7264      0.026034      -0.035745
       0.7268      0.025937      -0.035648
       0.7272      0.025839      -0.035550
       0.7276      0.025740      -0.035452
        0.728      0.025640      -0.035353
       0.7284      0.025540      -0.035253
       0.7288      0.025439      -0.035153
       0.7292      0.025338      -0.035052
       0.7296      0.025236      -0.034950
         0.73      0.025133      -0.034848
       0.7304      0.025030      -0.034745
       0.7308      0.024926      -0.034641
       0.7312      0.024822      -0.034537
       0.7316      0.024717      -0.034433
        0.732      0.024611      -0.034327
       0.7324      0.024505      -0.034221
       0.7328      0.024398      -0.034115
       0.7332      0.024290      -0.034008
       0.7336      0.024182      -0.033900
        0.734      0.024073      -0.033792
       0.7344      0.023964      -0.033683
       0.7348      0.023854      -0.033573
       0.7352      0.023744      -0.033463
       0.7356      0.023633      -0.033353
        0.736      0.023521      -0.033241
       0.7364      0.023409      -0.033130
       0.7368      0.023296      -0.033017
       0.7372      0.023183      -0.032905
       0.7376      0.023069      -0.032791
        0.738      0.022955      -0.032677
       0.7384      0.022840      -0.032563
       0.7388      0.022724      -0.032448
       0.7392      0.022608      -0.032332
       0.7396      0.022492      -0.032216
         0.74      0.022375      -0.032099
       0.7404      0.022257      -0.031982
       0.7408      0.022139      -0.031864
       0.7412      0.022020      -0.031746
       0.7416      0.021901      -0.031627
        0.742      0.021781      -0.031508
       0.7424      0.021661      -0.031388
       0.7428      0.021540      -0.031268
       0.7432      0.021419      -0.031147
       0.7436      0.021298      -0.031026
        0.744      0.021176      -0.030905
       0.7444      0.021053      -0.030782
       0.7448      0.020930      -0.030660
       0.7452      0.020806      -0.030537
       0.7456      0.020682      -0.030413
        0.746      0.020558      -0.030289
       0.7464      0.020433      -0.030164
       0.7468      0.020307      -0.030039
       0.7472      0.020181      -0.029914
       0.7476      0.020055      -0.029788
        0.748      0.019928      -0.029661
       0.7484      0.019801      -0.029535
       0.7488      0.019673      -0.029407
       0.7492      0.019545      -0.029280
       0.7496      0.019416      -0.029152
         0.75      0.019287      -0.029023
       0.7504      0.019158      -0.028894
       0.7508      0.019028      -0.028765
       0.7512      0.018898      -0.028635
       0.7516      0.018767      -0.028505
        0.752      0.018636      -0.028374
       0.7524      0.018505      -0.028243
       0.7528      0.018373      -0.028112
       0.7532      0.018241      -0.027980
       0.7536      0.018108      -0.027848
        0.754      0.017975      -0.027715
       0.7544      0.017842      -0.027582
       0.7548      0.017708      -0.027449
       0.7552      0.017574      -0.027315
       0.7556      0.017439      -0.027181
        0.756      0.017304      -0.027047
       0.7564      0.017169      -0.026912
       0.7568      0.017033      -0.026777
       0.7572      0.016897      -0.026641
       0.7576      0.016761      -0.026505
        0.758      0.016625      -0.026369
       0.7584      0.016488      -0.026233
       0.7588      0.016350      -0.026096
       0.7592      0.016213      -0.025959
       0.7596      0.016075      -0.025821
         0.76      0.015936      -0.025683
       0.7604      0.015798      -0.025545
       0.7608      0.015659      -0.025407
       0.7612      0.015520      -0.025268
       0.7616      0.015380      -0.025129
        0.762      0.015240      -0.024989
       0.7624      0.015100      -0.024850
       0.7628      0.014960      -0.024710
       0.7632      0.014819      -0.024570
       0.7636      0.014678      -0.024429
        0.764      0.014537      -0.024288
       0.7644      0.014396      -0.024147
       0.7648      0.014254      -0.024006
       0.7652      0.014112      -0.023864
       0.7656      0.013969      -0.023722
        0.766      0.013827      -0.023580
       0.7664      0.013684      -0.023438
       0.7668      0.013541      -0.023295
       0.7672      0.013398      -0.023152
       0.7676      0.013254      -0.023009
        0.768      0.013110      -0.022866
       0.7684      0.012966      -0.022722
       0.7688      0.012822      -0.022579
       0.7692      0.012678      -0.022435
       0.7696      0.012533      -0.022290
         0.77      0.012388      -0.022146
       0.7704      0.012243      -0.022001
       0.7708      0.012098      -0.021856
       0.7712      0.011952      -0.021711
       0.7716      0.011806      -0.021566
        0.772      0.011660      -0.021421
       0.7724      0.011514      -0.021275
       0.7728      0.011368      -0.021129
       0.7732      0.011222      -0.020983
       0.7736      0.011075      -0.020837
        0.774      0.010928      -0.020691
       0.7744      0.010781      -0.020544
       0.7748      0.010634      -0.020397
       0.7752      0.010487      -0.020250
       0.7756      0.010339      -0.020103
        0.776      0.010192      -0.019956
       0.7764      0.010044      -0.019809
       0.7768      0.009896      -0.019661
       0.7772      0.009748      -0.019514
       0.7776      0.009600      -0.019366
        0.778      0.009452      -0.019218
       0.7784      0.009303      -0.019070
       0.7788      0.009155      -0.018922
       0.7792      0.009006      -0.018774
       0.7796      0.008857      -0.018626
         0.78      0.008708      -0.018477
       0.7804      0.008559      -0.018329
       0.7808      0.008410      -0.018180
       0.7812      0.008261      -0.018031
       0.7816      0.008112      -0.017882
        0.782      0.007962      -0.017733
       0.7824      0.007813      -0.017584
       0.7828      0.007663      -0.017435
       0.7832      0.007513      -0.017286
       0.7836      0.007364      -0.017137
        0.784      0.007214      -0.016987
       0.7844      0.007064      -0.016838
       0.7848      0.006914      -0.016688
       0.7852      0.006764      -0.016539
       0.7856      0.006614      -0.016389
        0.786      0.006464      -0.016239
       0.7864      0.006314      -0.016090
       0.7868      0.006164      -0.015940
       0.7872      0.006013      -0.015790
       0.7876      0.005863      -0.015640
        0.788      0.005713      -0.015490
       0.7884      0.005563      -0.015340
       0.7888      0.005412      -0.015191
       0.7892      0.005262      -0.015041
       0.7896      0.005111      -0.014891
         0.79      0.004961      -0.014741
       0.7904      0.004811      -0.014591
       0.7908      0.004660      -0.014441
       0.7912      0.004510      -0.014291
       0.7916      0.004359      -0.014141
        0.792      0.004209      -0.013991
       0.7924      0.004059      -0.013841
       0.7928      0.003908      -0.013691
       0.7932      0.003758      -0.013541
       0.7936      0.003607      -0.013391
        0.794      0.003457      -0.013241
       0.7944      0.003307      -0.013091
       0.7948      0.003156      -0.012941
       0.7952      0.003006      -0.012791
       0.7956      0.002856      -0.012641
        0.796      0.002706      -0.012492
       0.7964      0.002556      -0.012342
       0.7968      0.002406      -0.012192
       0.7972      0.002256      -0.012043
       0.7976      0.002106      -0.011893
        0.798      0.001956      -0.011743
       0.7984      0.001806      -0.011594
       0.7988      0.001656      -0.011445
       0.7992      0.001506      -0.011295
       0.7996      0.001357      -0.011146
          0.8      0.001207      -0.010997
       0.8004      0.001057      -0.010848
       0.8008      0.000908      -0.010699
       0.8012      0.000759      -0.010550
       0.8016      0.000609      -0.010401
        0.802      0.000460      -0.010252
       0.8024      0.000311      -0.010104
       0.8028      0.000162      -0.009955
       0.8032      0.000013      -0.009806
       0.8036      -0.000135      -0.009658
        0.804      -0.000284      -0.009510
       0.8044      -0.000433      -0.009362
       0.8048      -0.000581      -0.009214
       0.8052      -0.000729      -0.009066
       0.8056      -0.000877      -0.008918
        0.806      -0.001025      -0.008770
       0.8064      -0.001173      -0.008623
       0.8068      -0.001321      -0.008475
       0.8072      -0.001469      -0.008328
       0.8076      -0.001616      -0.008181
        0.808      -0.001764      -0.008034
       0.8084      -0.001911      -0.007887
       0.8088      -0.002058      -0.007740
       0.8092      -0.002205      -0.007594
       0.8096      -0.002352      -0.007447
         0.81      -0.002499      -0.007301
       0.8104      -0.002645      -0.007155
       0.8108      -0.002792      -0.007009
       0.8112      -0.002938      -0.006863
       0.8116      -0.003084      -0.006717
        0.812      -0.003230      -0.006572
       0.8124      -0.003375      -0.006427
       0.8128      -0.003521      -0.006282
       0.8132      -0.003666      -0.006137
       0.8136      -0.003811      -0.005992
        0.814      -0.003956      -0.005847
       0.8144      -0.004101      -0.005703
       0.8148      -0.004246      -0.005559
       0.8152      -0.004390      -0.005415
       0.8156      -0.004534      -0.005271
        0.816      -0.004678      -0.005127
       0.8164      -0.004822      -0.004984
       0.8168      -0.004966      -0.004840
       0.8172      -0.005109      -0.004697
       0.8176      -0.005252      -0.004554
        0.818      -0.005395      -0.004412
       0.8184      -0.005538      -0.004269
       0.8188      -0.005681      -0.004127
       0.8192      -0.005823      -0.003985
       0.8196      -0.005965      -0.003843
         0.82      -0.006107      -0.003702
       0.8204      -0.006249      -0.003561
       0.8208      -0.006390      -0.003419
       0.8212      -0.006531      -0.003279
       0.8216      -0.006672      -0.003138
        0.822      -0.006813      -0.002998
       0.8224      -0.006954      -0.002857
       0.8228      -0.007094      -0.002717
       0.8232      -0.007234      -0.002578
       0.8236      -0.007374      -0.002438
        0.824      -0.007513      -0.002299
       0.8244      -0.007653      -0.002160
       0.8248      -0.007792      -0.002021
       0.8252      -0.007931      -0.001883
       0.8256      -0.008069      -0.001745
        0.826      -0.008207      -0.001607
       0.8264      -0.008345      -0.001469
       0.8268      -0.008483      -0.001332
       0.8272      -0.008621      -0.001194
       0.8276      -0.008758      -0.001058
        0.828      -0.008895      -0.000921
       0.8284      -0.009032      -0.000784
       0.8288      -0.009168      -0.000648
       0.8292      -0.009304      -0.000513
       0.8296      -0.009440      -0.000377
         0.83      -0.009576      -0.000242
       0.8304      -0.009711      -0.000107
       0.8308      -0.009846      0.000028
       0.8312      -0.009981      0.000162
       0.8316      -0.010116      0.000297
        0.832      -0.010250      0.000431
       0.8324      -0.010384      0.000564
       0.8328      -0.010517      0.000697
       0.8332      -0.010651      0.000830
       0.8336      -0.010784      0.000963
        0.834      -0.010916      0.001096
       0.8344      -0.011049      0.001228
       0.8348      -0.011181      0.001359
       0.8352      -0.011313      0.001491
       0.8356      -0.011444      0.001622
        0.836      -0.011576      0.001753
       0.8364      -0.011707      0.001884
       0.8368      -0.011837      0.002014
       0.8372      -0.011967      0.002144
       0.8376      -0.012097      0.002274
        0.838      -0.012227      0.002403
       0.8384      -0.012357      0.002532
       0.8388      -0.012486      0.002661
       0.8392      -0.012614      0.002789
       0.8396      -0.012743      0.002917
         0.84      -0.012871      0.003045
       0.8404      -0.012999      0.003173
       0.8408      -0.013126      0.003300
       0.8412      -0.013253      0.003427
       0.8416      -0.013380      0.003553
        0.842      -0.013506      0.003679
       0.8424      -0.013633      0.003805
       0.8428      -0.013758      0.003931
       0.8432      -0.013884      0.004056
       0.8436      -0.014009      0.004181
        0.844      -0.014134      0.004305
       0.8444      -0.014258      0.004429
       0.8448      -0.014382      0.004553
       0.8452      -0.014506      0.004677
       0.8456      -0.014630      0.004800
        0.846      -0.014753      0.004923
       0.8464      -0.014876      0.005045
       0.8468      -0.014998      0.005167
       0.8472      -0.015120      0.005289
       0.8476      -0.015242      0.005410
        0.848      -0.015363      0.005531
       0.8484      -0.015484      0.005652
       0.8488      -0.015605      0.005773
       0.8492      -0.015725      0.005893
       0.8496      -0.015845      0.006012
         0.85      -0.015965      0.006132
       0.8504      -0.016084      0.006251
       0.8508      -0.016203      0.006369
       0.8512      -0.016322      0.006488
       0.8516      -0.016440      0.006606
        0.852      -0.016558      0.006723
       0.8524      -0.016675      0.006840
       0.8528      -0.016793      0.006957
       0.8532      -0.016909      0.007074
       0.8536      -0.017026      0.007190
        0.854      -0.017142      0.007306
       0.8544      -0.017258      0.007421
       0.8548      -0.017373      0.007536
       0.8552      -0.017488      0.007651
       0.8556      -0.017602      0.007765
        0.856      -0.017717      0.007879
       0.8564      -0.017831      0.007993
       0.8568      -0.017944      0.008106
       0.8572      -0.018057      0.008219
       0.8576      -0.018170      0.008331
        0.858      -0.018282      0.008443
       0.8584      -0.018394      0.008555
       0.8588      -0.018506      0.008666
       0.8592      -0.018617      0.008777
       0.8596      -0.018728      0.008888
         0.86      -0.018839      0.008998
       0.8604      -0.018949      0.009108
       0.8608      -0.019059      0.009218
       0.8612      -0.019168      0.009327
       0.8616      -0.019277      0.009436
        0.862      -0.019386      0.009544
       0.8624      -0.019494      0.009652
       0.8628      -0.019602      0.009760
       0.8632      -0.019710      0.009867
       0.8636      -0.019817      0.009974
        0.864      -0.019923      0.010080
       0.8644      -0.020030      0.010186
       0.8648      -0.020136      0.010292
       0.8652      -0.020241      0.010398
       0.8656      -0.020347      0.010503
        0.866      -0.020452      0.010607
       0.8664      -0.020556      0.010711
       0.8668      -0.020660      0.010815
       0.8672      -0.020764      0.010919
       0.8676      -0.020867      0.011022
        0.868      -0.020970      0.011124
       0.8684      -0.021073      0.011227
       0.8688      -0.021175      0.011329
       0.8692      -0.021277      0.011430
       0.8696      -0.021378      0.011531
         0.87      -0.021479      0.011632
       0.8704      -0.021580      0.011733
       0.8708      -0.021680      0.011833
       0.8712      -0.021780      0.011932
       0.8716      -0.021880      0.012031
        0.872      -0.021979      0.012130
       0.8724      -0.022077      0.012229
       0.8728      -0.022176      0.012327
       0.8732      -0.022274      0.012425
       0.8736      -0.022371      0.012522
        0.874      -0.022468      0.012619
       0.8744      -0.022565      0.012715
       0.8748      -0.022662      0.012812
       0.8752      -0.022758      0.012907
       0.8756      -0.022853      0.013003
        0.876      -0.022949      0.013098
       0.8764      -0.023043      0.013192
       0.8768      -0.023138      0.013287
       0.8772      -0.023232      0.013380
       0.8776      -0.023326      0.013474
        0.878      -0.023419      0.013567
       0.8784      -0.023512      0.013660
       0.8788      -0.023604      0.013752
       0.8792      -0.023697      0.013844
       0.8796      -0.023788      0.013935
         0.88      -0.023880      0.014027
       0.8804      -0.023971      0.014117
       0.8808      -0.024061      0.014208
       0.8812      -0.024152      0.014298
       0.8816      -0.024241      0.014387
        0.882      -0.024331      0.014476
       0.8824      -0.024420      0.014565
       0.8828      -0.024509      0.014654
       0.8832      -0.024597      0.014742
       0.8836      -0.024685      0.014829
        0.884      -0.024772      0.014917
       0.8844      -0.024859      0.015004
       0.8848      -0.024946      0.015090
       0.8852      -0.025032      0.015176
       0.8856      -0.025118      0.015262
        0.886      -0.025204      0.015347
       0.8864      -0.025289      0.015432
       0.8868      -0.025374      0.015517
       0.8872      -0.025458      0.015601
       0.8876      -0.025542      0.015685
        0.888      -0.025626      0.015768
       0.8884      -0.025709      0.015851
       0.8888      -0.025792      0.015934
       0.8892      -0.025875      0.016016
       0.8896      -0.025957      0.016098
         0.89      -0.026039      0.016180
       0.8904      -0.026120      0.016261
       0.8908      -0.026201      0.016342
       0.8912      -0.026281      0.016422
       0.8916      -0.026362      0.016502
        0.892      -0.026441      0.016581
       0.8924      -0.026521      0.016661
       0.8928      -0.026600      0.016740
       0.8932      -0.026679      0.016818
       0.8936      -0.026757      0.016896
        0.894      -0.026835      0.016974
       0.8944      -0.026912      0.017051
       0.8948      -0.026989      0.017128
       0.8952      -0.027066      0.017205
       0.8956      -0.027143      0.017281
        0.896      -0.027219      0.017357
       0.8964      -0.027294      0.017432
       0.8968      -0.027369      0.017507
       0.8972      -0.027444      0.017582
       0.8976      -0.027519      0.017656
        0.898      -0.027593      0.017730
       0.8984      -0.027667      0.017803
       0.8988      -0.027740      0.017877
       0.8992      -0.027813      0.017949
       0.8996      -0.027886      0.018022
          0.9      -0.027958      0.018094
       0.9004      -0.028030      0.018165
       0.9008      -0.028101      0.018237
       0.9012      -0.028172      0.018308
       0.9016      -0.028243      0.018378
        0.902      -0.028313      0.018448
       0.9024      -0.028383      0.018518
       0.9028      -0.028453      0.018587
       0.9032      -0.028522      0.018656
       0.9036      -0.028591      0.018725
        0.904      -0.028659      0.018793
       0.9044      -0.028728      0.018861
       0.9048      -0.028795      0.018929
       0.9052      -0.028863      0.018996
       0.9056      -0.028930      0.019063
        0.906      -0.028996      0.019129
       0.9064      -0.029062      0.019195
       0.9068      -0.029128      0.019261
       0.9072      -0.029194      0.019326
       0.9076      -0.029259      0.019391
        0.908      -0.029324      0.019456
       0.9084      -0.029388      0.019520
       0.9088      -0.029452      0.019584
       0.9092      -0.029516      0.019648
       0.9096      -0.029579      0.019711
         0.91      -0.029642      0.019774
       0.9104      -0.029705      0.019836
       0.9108      -0.029767      0.019898
       0.9112      -0.029829      0.019960
       0.9116      -0.029890      0.020021
        0.912      -0.029952      0.020082
       0.9124      -0.030012      0.020143
       0.9128      -0.030073      0.020203
       0.9132      -0.030133      0.020263
       0.9136      -0.030192      0.020322
        0.914      -0.030252      0.020381
       0.9144      -0.030311      0.020440
       0.9148      -0.030369      0.020498
       0.9152      -0.030427      0.020557
       0.9156      -0.030485      0.020614
        0.916      -0.030543      0.020672
       0.9164      -0.030600      0.020729
       0.9168      -0.030657      0.020785
       0.9172      -0.030713      0.020841
       0.9176      -0.030769      0.020897
        0.918      -0.030825      0.020953
       0.9184      -0.030880      0.021008
       0.9188      -0.030935      0.021063
       0.9192      -0.030990      0.021117
       0.9196      -0.031044      0.021172
         0.92      -0.031098      0.021225
       0.9204      -0.031152      0.021279
       0.9208      -0.031205      0.021332
       0.9212      -0.031258      0.021385
       0.9216      -0.031310      0.021437
        0.922      -0.031363      0.021489
       0.9224      -0.031414      0.021541
       0.9228      -0.031466      0.021592
       0.9232      -0.031517      0.021643
       0.9236      -0.031568      0.021694
        0.924      -0.031618      0.021744
       0.9244      -0.031668      0.021794
       0.9248      -0.031718      0.021843
       0.9252      -0.031767      0.021892
       0.9256      -0.031816      0.021941
        0.926      -0.031865      0.021990
       0.9264      -0.031913      0.022038
       0.9268      -0.031961      0.022086
       0.9272      -0.032009      0.022133
       0.9276      -0.032056      0.022180
        0.928      -0.032103      0.022227
       0.9284      -0.032149      0.022274
       0.9288      -0.032196      0.022320
       0.9292      -0.032241      0.022365
       0.9296      -0.032287      0.022411
         0.93      -0.032332      0.022456
       0.9304      -0.032377      0.022500
       0.9308      -0.032421      0.022545
       0.9312      -0.032466      0.022589
       0.9316      -0.032509      0.022632
        0.932      -0.032553      0.022676
       0.9324      -0.032596      0.022719
       0.9328      -0.032639      0.022761
       0.9332      -0.032681      0.022804
       0.9336      -0.032723      0.022846
        0.934      -0.032765      0.022887
       0.9344      -0.032806      0.022928
       0.9348      -0.032847      0.022969
       0.9352      -0.032888      0.023010
       0.9356      -0.032928      0.023050
        0.936      -0.032968      0.023090
       0.9364      -0.033008      0.023130
       0.9368      -0.033047      0.023169
       0.9372      -0.033086      0.023208
       0.9376      -0.033125      0.023246
        0.938      -0.033163      0.023284
       0.9384      -0.033201      0.023322
       0.9388      -0.033239      0.023360
       0.9392      -0.033276      0.023397
       0.9396      -0.033313      0.023434
         0.94      -0.033350      0.023470
       0.9404      -0.033386      0.023506
       0.9408      -0.033422      0.023542
       0.9412      -0.033457      0.023577
       0.9416      -0.033493      0.023613
        0.942      -0.033527      0.023647
       0.9424      -0.033562      0.023682
       0.9428      -0.033596      0.023716
       0.9432      -0.033630      0.023750
       0.9436      -0.033664      0.023783
        0.944      -0.033697      0.023816
       0.9444      -0.033730      0.023849
       0.9448      -0.033762      0.023881
       0.9452      -0.033794      0.023913
       0.9456      -0.033826      0.023945
        0.946      -0.033858      0.023977
       0.9464      -0.033889      0.024008
       0.9468      -0.033920      0.024038
       0.9472      -0.033950      0.024069
       0.9476      -0.033980      0.024099
        0.948      -0.034010      0.024129
       0.9484      -0.034040      0.024158
       0.9488      -0.034069      0.024187
       0.9492      -0.034098      0.024216
       0.9496      -0.034126      0.024244
         0.95      -0.034154      0.024272
       0.9504      -0.034182      0.024300
       0.9508      -0.034209      0.024327
       0.9512      -0.034236      0.024354
       0.9516      -0.034263      0.024381
        0.952      -0.034290      0.024407
       0.9524      -0.034316      0.024433
       0.9528      -0.034341      0.024459
       0.9532      -0.034367      0.024484
       0.9536      -0.034392      0.024509
        0.954      -0.034417      0.024534
       0.9544      -0.034441      0.024558
       0.9548      -0.034465      0.024582
       0.9552      -0.034489      0.024606
       0.9556      -0.034512      0.024629
        0.956      -0.034535      0.024652
       0.9564      -0.034558      0.024675
       0.9568      -0.034580      0.024697
       0.9572      -0.034602      0.024719
       0.9576      -0.034624      0.024740
        0.958      -0.034645      0.024762
       0.9584      -0.034666      0.024783
       0.9588      -0.034687      0.024803
       0.9592      -0.034707      0.024823
       0.9596      -0.034727      0.024843
         0.96      -0.034747      0.024863
       0.9604      -0.034766      0.024882
       0.9608      -0.034785      0.024901
       0.9612      -0.034804      0.024919
       0.9616      -0.034822      0.024938
        0.962      -0.034840      0.024955
       0.9624      -0.034857      0.024973
       0.9628      -0.034875      0.024990
       0.9632      -0.034892      0.025007
       0.9636      -0.034908      0.025023
        0.964      -0.034924      0.025040
       0.9644      -0.034940      0.025055
       0.9648      -0.034956      0.025071
       0.9652      -0.034971      0.025086
       0.9656      -0.034986      0.025101
        0.966      -0.035000      0.025115
       0.9664      -0.035014      0.025129
       0.9668      -0.035028      0.025143
       0.9672      -0.035041      0.025156
       0.9676      -0.035055      0.025169
        0.968      -0.035067      0.025182
       0.9684      -0.035080      0.025194
       0.9688      -0.035092      0.025206
       0.9692      -0.035103      0.025218
       0.9696      -0.035115      0.025229
         0.97      -0.035126      0.025240
       0.9704      -0.035136      0.025251
       0.9708      -0.035147      0.025261
       0.9712      -0.035157      0.025271
       0.9716      -0.035166      0.025281
        0.972      -0.035175      0.025290
       0.9724      -0.035184      0.025299
       0.9728      -0.035193      0.025307
       0.9732      -0.035201      0.025315
       0.9736      -0.035209      0.025323
        0.974      -0.035216      0.025330
       0.9744      -0.035223      0.025337
       0.9748      -0.035230      0.025344
       0.9752      -0.035237      0.025351
       0.9756      -0.035243      0.025357
        0.976      -0.035248      0.025362
       0.9764      -0.035254      0.025368
       0.9768      -0.035259      0.025372
       0.9772      -0.035263      0.025377
       0.9776      -0.035268      0.025381
        0.978      -0.035271      0.025385
       0.9784      -0.035275      0.025389
       0.9788      -0.035278      0.025392
       0.9792      -0.035281      0.025395
       0.9796      -0.035283      0.025397
         0.98      -0.035285      0.025399
       0.9804      -0.035287      0.025401
       0.9808      -0.035289      0.025402
       0.9812      -0.035290      0.025403
       0.9816      -0.035290      0.025404
        0.982      -0.035290      0.025404
       0.9824      -0.035290      0.025404
       0.9828      -0.035290      0.025403
       0.9832      -0.035289      0.025402
       0.9836      -0.035288      0.025401
        0.984      -0.035286      0.025400
       0.9844      -0.035284      0.025398
       0.9848      -0.035282      0.025395
       0.9852      -0.035279      0.025393
       0.9856      -0.035276      0.025389
        0.986      -0.035273      0.025386
       0.9864      -0.035269      0.025382
       0.9868      -0.035265      0.025378
       0.9872      -0.035260      0.025373
       0.9876      -0.035255      0.025368
        0.988      -0.035250      0.025363
       0.9884      -0.035244      0.025357
       0.9888      -0.035238      0.025351
       0.9892      -0.035232      0.025345
       0.9896      -0.035225      0.025338
         0.99      -0.035218      0.025331
       0.9904      -0.035210      0.025323
       0.9908      -0.035202      0.025315
       0.9912      -0.035194      0.025307
       0.9916      -0.035185      0.025298
        0.992      -0.035176      0.025289
       0.9924      -0.035166      0.025279
       0.9928      -0.035156      0.025269
       0.9932      -0.035146      0.025259
       0.9936      -0.035135      0.025248
        0.994      -0.035124      0.025237
       0.9944      -0.035113      0.025226
       0.9948      -0.035101      0.025214
       0.9952      -0.035089      0.025202
       0.9956      -0.035076      0.025189
        0.996      -0.035063      0.025176
       0.9964      -0.035050      0.025163
       0.9968      -0.035036      0.025149
       0.9972      -0.035021      0.025135
       0.9976      -0.035007      0.025120
        0.998      -0.034992      0.025105
       0.9984      -0.034976      0.025090
       0.9988      -0.034961      0.025074
       0.9992      -0.034944      0.025058
       0.9996      -0.034928      0.025041
            1      -0.034911      0.025024
       1.0004      -0.034893      0.025007
       1.0008      -0.034875      0.024989
       1.0012      -0.034857      0.024970
       1.0016      -0.034839      0.024952
        1.002      -0.034819      0.024933
       1.0024      -0.034800      0.024913
       1.0028      -0.034780      0.024893
       1.0032      -0.034760      0.024873
       1.0036      -0.034739      0.024853
        1.004      -0.034718      0.024831
       1.0044      -0.034696      0.024810
       1.0048      -0.034675      0.024788
       1.0052      -0.034652      0.024766
       1.0056      -0.034629      0.024743
        1.006      -0.034606      0.024720
       1.0064      -0.034583      0.024696
       1.0068      -0.034559      0.024672
       1.0072      -0.034534      0.024648
       1.0076      -0.034509      0.024623
        1.008      -0.034484      0.024598
       1.0084      -0.034458      0.024572
       1.0088      -0.034432      0.024546
       1.0092      -0.034406      0.024519
       1.0096      -0.034379      0.024492
         1.01      -0.034351      0.024465
       1.0104      -0.034323      0.024437
       1.0108      -0.034295      0.024409
       1.0112      -0.034266      0.024380
       1.0116      -0.034237      0.024351
        1.012      -0.034208      0.024322
       1.0124      -0.034178      0.024292
       1.0128      -0.034147      0.024261
       1.0132      -0.034116      0.024231
       1.0136      -0.034085      0.024199
        1.014      -0.034053      0.024168
       1.0144      -0.034021      0.024135
       1.0148      -0.033988      0.024103
       1.0152      -0.033955      0.024070
       1.0156      -0.033922      0.024036
        1.016      -0.033888      0.024003
       1.0164      -0.033854      0.023968
       1.0168      -0.033819      0.023933
       1.0172      -0.033783      0.023898
       1.0176      -0.033748      0.023863
        1.018      -0.033712      0.023826
       1.0184      -0.033675      0.023790
       1.0188      -0.033638      0.023753
       1.0192      -0.033600      0.023715
       1.0196      -0.033562      0.023678
         1.02      -0.033524      0.023639
       1.0204      -0.033485      0.023600
       1.0208      -0.033446      0.023561
       1.0212      -0.033406      0.023521
       1.0216      -0.033366      0.023481
        1.022      -0.033325      0.023441
       1.0224      -0.033284      0.023400
       1.0228      -0.033242      0.023358
       1.0232      -0.033200      0.023316
       1.0236      -0.033158      0.023274
        1.024      -0.033115      0.023231
       1.0244      -0.033071      0.023187
       1.0248      -0.033028      0.023144
       1.0252      -0.032983      0.023099
       1.0256      -0.032938      0.023055
        1.026      -0.032893      0.023009
       1.0264      -0.032847      0.022964
       1.0268      -0.032801      0.022917
       1.0272      -0.032754      0.022871
       1.0276      -0.032707      0.022824
        1.028      -0.032660      0.022776
       1.0284      -0.032611      0.022728
       1.0288      -0.032563      0.022680
       1.0292      -0.032514      0.022631
       1.0296      -0.032464      0.022581
         1.03      -0.032414      0.022531
       1.0304      -0.032364      0.022481
       1.0308      -0.032313      0.022430
       1.0312      -0.032261      0.022379
       1.0316      -0.032210      0.022327
        1.032      -0.032157      0.022275
       1.0324      -0.032104      0.022222
       1.0328      -0.032051      0.022169
       1.0332      -0.031997      0.022115
       1.0336      -0.031943      0.022061
        1.034      -0.031888      0.022006
       1.0344      -0.031833      0.021951
       1.0348      -0.031777      0.021895
       1.0352      -0.031721      0.021839
       1.0356      -0.031664      0.021783
        1.036      -0.031607      0.021726
       1.0364      -0.031549      0.021668
       1.0368      -0.031491      0.021610
       1.0372      -0.031432      0.021551
       1.0376      -0.031373      0.021492
        1.038      -0.031314      0.021433
       1.0384      -0.031253      0.021373
       1.0388      -0.031193      0.021312
       1.0392      -0.031132      0.021251
       1.0396      -0.031070      0.021190
         1.04      -0.031008      0.021128
       1.0404      -0.030945      0.021065
       1.0408      -0.030882      0.021002
       1.0412      -0.030819      0.020939
       1.0416      -0.030755      0.020875
        1.042      -0.030690      0.020810
       1.0424      -0.030625      0.020745
       1.0428      -0.030559      0.020680
       1.0432      -0.030493      0.020614
       1.0436      -0.030427      0.020548
        1.044      -0.030360      0.020481
       1.0444      -0.030292      0.020413
       1.0448      -0.030224      0.020345
       1.0452      -0.030155      0.020277
       1.0456      -0.030086      0.020208
        1.046      -0.030017      0.020139
       1.0464      -0.029947      0.020069
       1.0468      -0.029876      0.019998
       1.0472      -0.029805      0.019927
       1.0476      -0.029733      0.019856
        1.048      -0.029661      0.019784
       1.0484      -0.029589      0.019711
       1.0488      -0.029516      0.019638
       1.0492      -0.029442      0.019565
       1.0496      -0.029368      0.019491
         1.05      -0.029293      0.019417
       1.0504      -0.029218      0.019342
       1.0508      -0.029142      0.019266
       1.0512      -0.029066      0.019190
       1.0516      -0.028990      0.019114
        1.052      -0.028913      0.019037
       1.0524      -0.028835      0.018959
       1.0528      -0.028757      0.018881
       1.0532      -0.028678      0.018803
       1.0536      -0.028599      0.018724
        1.054      -0.028519      0.018644
       1.0544      -0.028439      0.018564
       1.0548      -0.028358      0.018484
       1.0552      -0.028277      0.018403
       1.0556      -0.028195      0.018321
        1.056      -0.028113      0.018239
       1.0564      -0.028030      0.018156
       1.0568      -0.027947      0.018073
       1.0572      -0.027863      0.017990
       1.0576      -0.027779      0.017906
        1.058      -0.027694      0.017821
       1.0584      -0.027609      0.017736
       1.0588      -0.027523      0.017650
       1.0592      -0.027437      0.017564
       1.0596      -0.027350      0.017477
         1.06      -0.027263      0.017390
       1.0604      -0.027175      0.017303
       1.0608      -0.027086      0.017214
       1.0612      -0.026997      0.017126
       1.0616      -0.026908      0.017037
        1.062      -0.026818      0.016947
       1.0624      -0.026728      0.016857
       1.0628      -0.026637      0.016766
       1.0632      -0.026545      0.016675
       1.0636      -0.026453      0.016583
        1.064      -0.026361      0.016491
       1.0644      -0.026268      0.016398
       1.0648      -0.026175      0.016305
       1.0652      -0.026081      0.016211
       1.0656      -0.025986      0.016117
        1.066      -0.025891      0.016022
       1.0664      -0.025796      0.015927
       1.0668      -0.025700      0.015831
       1.0672      -0.025603      0.015735
       1.0676      -0.025506      0.015638
        1.068      -0.025408      0.015541
       1.0684      -0.025310      0.015443
       1.0688      -0.025212      0.015344
       1.0692      -0.025113      0.015246
       1.0696      -0.025013      0.015146
         1.07      -0.024913      0.015047
       1.0704      -0.024813      0.014946
       1.0708      -0.024712      0.014845
       1.0712      -0.024610      0.014744
       1.0716      -0.024508      0.014642
        1.072      -0.024405      0.014540
       1.0724      -0.024302      0.014437
       1.0728      -0.024199      0.014334
       1.0732      -0.024094      0.014230
       1.0736      -0.023990      0.014126
        1.074      -0.023885      0.014021
       1.0744      -0.023779      0.013915
       1.0748      -0.023673      0.013810
       1.0752      -0.023567      0.013703
       1.0756      -0.023459      0.013596
        1.076      -0.023352      0.013489
       1.0764      -0.023244      0.013381
       1.0768      -0.023135      0.013273
       1.0772      -0.023026      0.013164
       1.0776      -0.022917      0.013055
        1.078      -0.022807      0.012945
       1.0784      -0.022696      0.012835
       1.0788      -0.022585      0.012724
       1.0792      -0.022473      0.012613
       1.0796      -0.022361      0.012501
         1.08      -0.022249      0.012389
       1.0804      -0.022136      0.012276
       1.0808      -0.022023      0.012163
       1.0812      -0.021909      0.012049
       1.0816      -0.021794      0.011935
        1.082      -0.021679      0.011821
       1.0824      -0.021564      0.011706
       1.0828      -0.021448      0.011590
       1.0832      -0.021332      0.011474
       1.0836      -0.021215      0.011357
        1.084      -0.021097      0.011240
       1.0844      -0.020980      0.011123
       1.0848      -0.020861      0.011005
       1.0852      -0.020743      0.010887
       1.0856      -0.020623      0.010768
        1.086      -0.020504      0.010648
       1.0864      -0.020384      0.010528
       1.0868      -0.020263      0.010408
       1.0872      -0.020142      0.010287
       1.0876      -0.020020      0.010166
        1.088      -0.019898      0.010044
       1.0884      -0.019776      0.009922
       1.0888      -0.019653      0.009800
       1.0892      -0.019529      0.009677
       1.0896      -0.019406      0.009553
         1.09      -0.019281      0.009429
       1.0904      -0.019156      0.009305
       1.0908      -0.019031      0.009180
       1.0912      -0.018906      0.009054
       1.0916      -0.018779      0.008929
        1.092      -0.018653      0.008802
       1.0924      -0.018526      0.008676
       1.0928      -0.018398      0.008549
       1.0932      -0.018270      0.008421
       1.0936      -0.018142      0.008293
        1.094      -0.018013      0.008165
       1.0944      -0.017884      0.008036
       1.0948      -0.017754      0.007906
       1.0952      -0.017624      0.007777
       1.0956      -0.017494      0.007646
        1.096      -0.017363      0.007516
       1.0964      -0.017231      0.007385
       1.0968      -0.017099      0.007253
       1.0972      -0.016967      0.007121
       1.0976      -0.016834      0.006989
        1.098      -0.016701      0.006856
       1.0984      -0.016568      0.006723
       1.0988      -0.016434      0.006590
       1.0992      -0.016299      0.006456
       1.0996      -0.016165      0.006321
          1.1      -0.016029      0.006186
       1.1004      -0.015894      0.006051
       1.1008      -0.015758      0.005916
       1.1012      -0.015621      0.005780
       1.1016      -0.015484      0.005643
        1.102      -0.015347      0.005506
       1.1024      -0.015210      0.005369
       1.1028      -0.015072      0.005231
       1.1032      -0.014933      0.005093
       1.1036      -0.014794      0.004955
        1.104      -0.014655      0.004816
       1.1044      -0.014515      0.004677
       1.1048      -0.014375      0.004537
       1.1052      -0.014235      0.004398
       1.1056      -0.014094      0.004257
        1.106      -0.013953      0.004116
       1.1064      -0.013812      0.003975
       1.1068      -0.013670      0.003834
       1.1072      -0.013528      0.003692
       1.1076      -0.013385      0.003550
        1.108      -0.013242      0.003407
       1.1084      -0.013099      0.003264
       1.1088      -0.012955      0.003121
       1.1092      -0.012811      0.002977
       1.1096      -0.012666      0.002833
         1.11      -0.012522      0.002689
       1.1104      -0.012376      0.002544
       1.1108      -0.012231      0.002399
       1.1112      -0.012085      0.002254
       1.1116      -0.011939      0.002108
        1.112      -0.011792      0.001962
       1.1124      -0.011646      0.001816
       1.1128      -0.011498      0.001669
       1.1132      -0.011351      0.001522
       1.1136      -0.011203      0.001375
        1.114      -0.011055      0.001227
       1.1144      -0.010906      0.001079
       1.1148      -0.010757      0.000931
       1.1152      -0.010608      0.000782
       1.1156      -0.010459      0.000633
        1.116      -0.010309      0.000484
       1.1164      -0.010159      0.000334
       1.1168      -0.010009      0.000184
       1.1172      -0.009858      0.000034
       1.1176      -0.009707      -0.000117
        1.118      -0.009556      -0.000267
       1.1184      -0.009404      -0.000419
       1.1188      -0.009252      -0.000570
       1.1192      -0.009100      -0.000722
       1.1196      -0.008948      -0.000874
         1.12      -0.008795      -0.001026
       1.1204      -0.008642      -0.001178
       1.1208      -0.008489      -0.001331
       1.1212      -0.008335      -0.001484
       1.1216      -0.008181      -0.001637
        1.122      -0.008027      -0.001791
       1.1224      -0.007873      -0.001945
       1.1228      -0.007718      -0.002099
       1.1232      -0.007563      -0.002253
       1.1236      -0.007408      -0.002408
        1.124      -0.007253      -0.002563
       1.1244      -0.007097      -0.002718
       1.1248      -0.006942      -0.002873
       1.1252      -0.006785      -0.003029
       1.1256      -0.006629      -0.003185
        1.126      -0.006473      -0.003341
       1.1264      -0.006316      -0.003497
       1.1268      -0.006159      -0.003653
       1.1272      -0.006002      -0.003810
       1.1276      -0.005844      -0.003967
        1.128      -0.005686      -0.004124
       1.1284      -0.005529      -0.004282
       1.1288      -0.005371      -0.004439
       1.1292      -0.005212      -0.004597
       1.1296      -0.005054      -0.004755
         1.13      -0.004895      -0.004913
       1.1304      -0.004736      -0.005071
       1.1308      -0.004577      -0.005230
       1.1312      -0.004418      -0.005389
       1.1316      -0.004259      -0.005547
        1.132      -0.004099      -0.005706
       1.1324      -0.003939      -0.005866
       1.1328      -0.003779      -0.006025
       1.1332      -0.003619      -0.006185
       1.1336      -0.003459      -0.006344
        1.134      -0.003298      -0.006504
       1.1344      -0.003138      -0.006664
       1.1348      -0.002977      -0.006825
       1.1352      -0.002816      -0.006985
       1.1356      -0.002655      -0.007145
        1.136      -0.002494      -0.007306
       1.1364      -0.002333      -0.007467
       1.1368      -0.002171      -0.007628
       1.1372      -0.002010      -0.007789
       1.1376      -0.001848      -0.007950
        1.138      -0.001686      -0.008111
       1.1384      -0.001524      -0.008272
       1.1388      -0.001362      -0.008434
       1.1392      -0.001200      -0.008595
       1.1396      -0.001038      -0.008757
         1.14      -0.000876      -0.008919
       1.1404      -0.000713      -0.009081
       1.1408      -0.000551      -0.009243
       1.1412      -0.000388      -0.009405
       1.1416      -0.000225      -0.009567
        1.142      -0.000063      -0.009729
       1.1424      0.000100      -0.009891
       1.1428      0.000263      -0.010054
       1.1432      0.000426      -0.010216
       1.1436      0.000589      -0.010379
        1.144      0.000752      -0.010541
       1.1444      0.000915      -0.010704
       1.1448      0.001079      -0.010866
       1.1452      0.001242      -0.011029
       1.1456      0.001405      -0.011192
        1.146      0.001569      -0.011355
       1.1464      0.001732      -0.011517
       1.1468      0.001895      -0.011680
       1.1472      0.002059      -0.011843
       1.1476      0.002222      -0.012006
        1.148      0.002386      -0.012169
       1.1484      0.002549      -0.012332
       1.1488      0.002713      -0.012495
       1.1492      0.002876      -0.012657
       1.1496      0.003040      -0.012820
         1.15      0.003203      -0.012983
       1.1504      0.003366      -0.013146
       1.1508      0.003530      -0.013309
       1.1512      0.003693      -0.013472
       1.1516      0.003857      -0.013635
        1.152      0.004020      -0.013797
       1.1524      0.004183      -0.013960
       1.1528      0.004347      -0.014123
       1.1532      0.004510      -0.014285
       1.1536      0.004673      -0.014448
        1.154      0.004836      -0.014611
       1.1544      0.004999      -0.014773
       1.1548      0.005162      -0.014936
       1.1552      0.005325      -0.015098
       1.1556      0.005488      -0.015260
        1.156      0.005651      -0.015423
       1.1564      0.005814      -0.015585
       1.1568      0.005977      -0.015747
       1.1572      0.006139      -0.015909
       1.1576      0.006302      -0.016071
        1.158      0.006464      -0.016233
       1.1584      0.006626      -0.016394
       1.1588      0.006789      -0.016556
       1.1592      0.006951      -0.016717
       1.1596      0.007113      -0.016879
         1.16      0.007275      -0.017040
       1.1604      0.007436      -0.017201
       1.1608      0.007598      -0.017362
       1.1612      0.007759      -0.017523
       1.1616      0.007921      -0.017684
        1.162      0.008082      -0.017845
       1.1624      0.008243      -0.018005
       1.1628      0.008404      -0.018165
       1.1632      0.008565      -0.018325
       1.1636      0.008725      -0.018485
        1.164      0.008886      -0.018645
       1.1644      0.009046      -0.018805
       1.1648      0.009206      -0.018964
       1.1652      0.009366      -0.019124
       1.1656      0.009525      -0.019283
        1.166      0.009685      -0.019442
       1.1664      0.009844      -0.019601
       1.1668      0.010003      -0.019759
       1.1672      0.010162      -0.019917
       1.1676      0.010321      -0.020076
        1.168      0.010480      -0.020234
       1.1684      0.010638      -0.020391
       1.1688      0.010796      -0.020549
       1.1692      0.010954      -0.020706
       1.1696      0.011111      -0.020863
         1.17      0.011269      -0.021020
       1.1704      0.011426      -0.021176
       1.1708      0.011583      -0.021333
       1.1712      0.011740      -0.021489
       1.1716      0.011896      -0.021645
        1.172      0.012052      -0.021800
       1.1724      0.012208      -0.021956
       1.1728      0.012364      -0.022111
       1.1732      0.012519      -0.022265
       1.1736      0.012674      -0.022420
        1.174      0.012829      -0.022574
       1.1744      0.012983      -0.022728
       1.1748      0.013138      -0.022882
       1.1752      0.013291      -0.023035
       1.1756      0.013445      -0.023188
        1.176      0.013598      -0.023341
       1.1764      0.013751      -0.023493
       1.1768      0.013904      -0.023645
       1.1772      0.014057      -0.023797
       1.1776      0.014209      -0.023949
        1.178      0.014360      -0.024100
       1.1784      0.014512      -0.024251
       1.1788      0.014663      -0.024401
       1.1792      0.014813      -0.024551
       1.1796      0.014964      -0.024701
         1.18      0.015114      -0.024851
       1.1804      0.015264      -0.025000
       1.1808      0.015413      -0.025149
       1.1812      0.015562      -0.025297
       1.1816      0.015710      -0.025445
        1.182      0.015859      -0.025593
       1.1824      0.016006      -0.025740
       1.1828      0.016154      -0.025887
       1.1832      0.016301      -0.026033
       1.1836      0.016448      -0.026180
        1.184      0.016594      -0.026325
       1.1844      0.016740      -0.026471
       1.1848      0.016885      -0.026616
       1.1852      0.017030      -0.026760
       1.1856      0.017175      -0.026904
        1.186      0.017319      -0.027048
       1.1864      0.017463      -0.027191
       1.1868      0.017606      -0.027334
       1.1872      0.017749      -0.027476
       1.1876      0.017892      -0.027618
        1.188      0.018034      -0.027760
       1.1884      0.018176      -0.027901
       1.1888      0.018317      -0.028042
       1.1892      0.018457      -0.028182
       1.1896      0.018598      -0.028322
         1.19      0.018737      -0.028461
       1.1904      0.018877      -0.028600
       1.1908      0.019016      -0.028738
       1.1912      0.019154      -0.028876
       1.1916      0.019292      -0.029013
        1.192      0.019429      -0.029150
       1.1924      0.019566      -0.029287
       1.1928      0.019703      -0.029423
       1.1932      0.019839      -0.029558
       1.1936      0.019974      -0.029693
        1.194      0.020109      -0.029827
       1.1944      0.020244      -0.029961
       1.1948      0.020377      -0.030095
       1.1952      0.020511      -0.030228
       1.1956      0.020644      -0.030360
        1.196      0.020776      -0.030492
       1.1964      0.020908      -0.030623
       1.1968      0.021039      -0.030754
       1.1972      0.021170      -0.030884
       1.1976      0.021300      -0.031014
        1.198      0.021430      -0.031143
       1.1984      0.021559      -0.031272
       1.1988      0.021687      -0.031400
       1.1992      0.021815      -0.031527
       1.1996      0.021943      -0.031654
          1.2      0.022070      -0.031781
       1.2004      0.022196      -0.031907
       1.2008      0.022322      -0.032032
       1.2012      0.022447      -0.032157
       1.2016      0.022571      -0.032281
        1.202      0.022695      -0.032404
       1.2024      0.022819      -0.032527
       1.2028      0.022941      -0.032649
       1.2032      0.023063      -0.032771
       1.2036      0.023185      -0.032892
        1.204      0.023306      -0.033013
       1.2044      0.023426      -0.033133
       1.2048      0.023546      -0.033252
       1.2052      0.023665      -0.033370
       1.2056      0.023784      -0.033489
        1.206      0.023901      -0.033606
       1.2064      0.024019      -0.033723
       1.2068      0.024135      -0.033839
       1.2072      0.024251      -0.033954
       1.2076      0.024367      -0.034069
        1.208      0.024481      -0.034184
       1.2084      0.024595      -0.034297
       1.2088      0.024709      -0.034410
       1.2092      0.024821      -0.034522
       1.2096      0.024933      -0.034634
         1.21      0.025045      -0.034745
       1.2104      0.025155      -0.034855
       1.2108      0.025265      -0.034965
       1.2112      0.025375      -0.035074
       1.2116      0.025483      -0.035182
        1.212      0.025591      -0.035290
       1.2124      0.025699      -0.035397
       1.2128      0.025805      -0.035503
       1.2132      0.025911      -0.035609
       1.2136      0.026017      -0.035714
        1.214      0.026121      -0.035818
       1.2144      0.026225      -0.035921
       1.2148      0.026328      -0.036024
       1.2152      0.026431      -0.036126
       1.2156      0.026532      -0.036227
        1.216      0.026633      -0.036328
       1.2164      0.026734      -0.036428
       1.2168      0.026833      -0.036527
       1.2172      0.026932      -0.036626
       1.2176      0.027030      -0.036723
        1.218      0.027127      -0.036821
       1.2184      0.027224      -0.036917
       1.2188      0.027320      -0.037012
       1.2192      0.027415      -0.037107
       1.2196      0.027510      -0.037201
         1.22      0.027603      -0.037295
       1.2204      0.027696      -0.037387
       1.2208      0.027788      -0.037479
       1.2212      0.027880      -0.037570
       1.2216      0.027970      -0.037661
        1.222      0.028060      -0.037750
       1.2224      0.028149      -0.037839
       1.2228      0.028238      -0.037927
       1.2232      0.028325      -0.038014
       1.2236      0.028412      -0.038101
        1.224      0.028498      -0.038187
       1.2244      0.028584      -0.038272
       1.2248      0.028668      -0.038356
       1.2252      0.028752      -0.038439
       1.2256      0.028835      -0.038522
        1.226      0.028917      -0.038604
       1.2264      0.028998      -0.038685
       1.2268      0.029079      -0.038765
       1.2272      0.029159      -0.038845
       1.2276      0.029237      -0.038923
        1.228      0.029316      -0.039001
       1.2284      0.029393      -0.039078
       1.2288      0.029470      -0.039155
       1.2292      0.029545      -0.039230
       1.2296      0.029620      -0.039305
         1.23      0.029694      -0.039379
       1.2304      0.029768      -0.039452
       1.2308      0.029840      -0.039524
       1.2312      0.029912      -0.039596
       1.2316      0.029983      -0.039666
        1.232      0.030053      -0.039736
       1.2324      0.030122      -0.039805
       1.2328      0.030190      -0.039873
       1.2332      0.030258      -0.039940
       1.2336      0.030324      -0.040007
        1.234      0.030390      -0.040073
       1.2344      0.030455      -0.040137
       1.2348      0.030519      -0.040201
       1.2352      0.030583      -0.040265
       1.2356      0.030645      -0.040327
        1.236      0.030707      -0.040388
       1.2364      0.030768      -0.040449
       1.2368      0.030828      -0.040509
       1.2372      0.030887      -0.040568
       1.2376      0.030945      -0.040626
        1.238      0.031002      -0.040683
       1.2384      0.031059      -0.040739
       1.2388      0.031115      -0.040795
       1.2392      0.031169      -0.040850
       1.2396      0.031223      -0.040903
         1.24      0.031276      -0.040956
       1.2404      0.031329      -0.041008
       1.2408      0.031380      -0.041060
       1.2412      0.031431      -0.041110
       1.2416      0.031480      -0.041160
        1.242      0.031529      -0.041208
       1.2424      0.031577      -0.041256
       1.2428      0.031624      -0.041303
       1.2432      0.031670      -0.041349
       1.2436      0.031715      -0.041394
        1.244      0.031760      -0.041438
       1.2444      0.031803      -0.041482
       1.2448      0.031846      -0.041524
       1.2452      0.031888      -0.041566
       1.2456      0.031928      -0.041607
        1.246      0.031968      -0.041647
       1.2464      0.032008      -0.041686
       1.2468      0.032046      -0.041724
       1.2472      0.032083      -0.041761
       1.2476      0.032120      -0.041797
        1.248      0.032155      -0.041833
       1.2484      0.032190      -0.041868
       1.2488      0.032224      -0.041901
       1.2492      0.032256      -0.041934
       1.2496      0.032288      -0.041966
         1.25      0.032320      -0.041997
       1.2504      0.032350      -0.042027
       1.2508      0.032379      -0.042057
       1.2512      0.032408      -0.042085
       1.2516      0.032435      -0.042112
        1.252      0.032462      -0.042139
       1.2524      0.032487      -0.042165
       1.2528      0.032512      -0.042190
       1.2532      0.032536      -0.042213
       1.2536      0.032559      -0.042236
        1.254      0.032581      -0.042259
       1.2544      0.032603      -0.042280
       1.2548      0.032623      -0.042300
       1.2552      0.032642      -0.042320
       1.2556      0.032661      -0.042338
        1.256      0.032679      -0.042356
       1.2564      0.032695      -0.042373
       1.2568      0.032711      -0.042388
       1.2572      0.032726      -0.042403
       1.2576      0.032740      -0.042417
        1.258      0.032753      -0.042431
       1.2584      0.032765      -0.042443
       1.2588      0.032777      -0.042454
       1.2592      0.032787      -0.042465
       1.2596      0.032797      -0.042474
         1.26      0.032805      -0.042483
       1.2604      0.032813      -0.042491
       1.2608      0.032820      -0.042497
       1.2612      0.032826      -0.042503
       1.2616      0.032831      -0.042509
        1.262      0.032835      -0.042513
       1.2624      0.032838      -0.042516
       1.2628      0.032840      -0.042518
       1.2632      0.032842      -0.042520
       1.2636      0.032842      -0.042520
        1.264      0.032842      -0.042520
       1.2644      0.032841      -0.042519
       1.2648      0.032838      -0.042517
       1.2652      0.032835      -0.042514
       1.2656      0.032831      -0.042510
        1.266      0.032826      -0.042505
       1.2664      0.032821      -0.042499
       1.2668      0.032814      -0.042493
       1.2672      0.032806      -0.042485
       1.2676      0.032798      -0.042477
        1.268      0.032788      -0.042468
       1.2684      0.032778      -0.042457
       1.2688      0.032767      -0.042446
       1.2692      0.032755      -0.042434
       1.2696      0.032742      -0.042422
         1.27      0.032728      -0.042408
       1.2704      0.032713      -0.042393
       1.2708      0.032698      -0.042378
       1.2712      0.032681      -0.042361
       1.2716      0.032664      -0.042344
        1.272      0.032646      -0.042326
       1.2724      0.032626      -0.042307
       1.2728      0.032606      -0.042287
       1.2732      0.032585      -0.042266
       1.2736      0.032563      -0.042244
        1.274      0.032541      -0.042222
       1.2744      0.032517      -0.042198
       1.2748      0.032493      -0.042174
       1.2752      0.032467      -0.042149
       1.2756      0.032441      -0.042123
        1.276      0.032414      -0.042096
       1.2764      0.032386      -0.042068
       1.2768      0.032357      -0.042039
       1.2772      0.032327      -0.042010
       1.2776      0.032297      -0.041979
        1.278      0.032265      -0.041948
       1.2784      0.032233      -0.041916
       1.2788      0.032200      -0.041883
       1.2792      0.032166      -0.041849
       1.2796      0.032131      -0.041814
         1.28      0.032095      -0.041779
       1.2804      0.032058      -0.041742
       1.2808      0.032021      -0.041705
       1.2812      0.031982      -0.041667
       1.2816      0.031943      -0.041628
        1.282      0.031903      -0.041588
       1.2824      0.031862      -0.041547
       1.2828      0.031820      -0.041505
       1.2832      0.031777      -0.041463
       1.2836      0.031734      -0.041420
        1.284      0.031689      -0.041376
       1.2844      0.031644      -0.041331
       1.2848      0.031598      -0.041285
       1.2852      0.031551      -0.041238
       1.2856      0.031504      -0.041191
        1.286      0.031455      -0.041143
       1.2864      0.031406      -0.041093
       1.2868      0.031356      -0.041043
       1.2872      0.031304      -0.040993
       1.2876      0.031253      -0.040941
        1.288      0.031200      -0.040889
       1.2884      0.031146      -0.040835
       1.2888      0.031092      -0.040781
       1.2892      0.031037      -0.040726
       1.2896      0.030981      -0.040671
         1.29      0.030924      -0.040614
       1.2904      0.030866      -0.040557
       1.2908      0.030808      -0.040499
       1.2912      0.030749      -0.040440
       1.2916      0.030689      -0.040380
        1.292      0.030628      -0.040319
       1.2924      0.030566      -0.040258
       1.2928      0.030504      -0.040196
       1.2932      0.030441      -0.040133
       1.2936      0.030377      -0.040069
        1.294      0.030312      -0.040005
       1.2944      0.030246      -0.039939
       1.2948      0.030180      -0.039873
       1.2952      0.030113      -0.039807
       1.2956      0.030045      -0.039739
        1.296      0.029976      -0.039670
       1.2964      0.029906      -0.039601
       1.2968      0.029836      -0.039531
       1.2972      0.029765      -0.039461
       1.2976      0.029693      -0.039389
        1.298      0.029621      -0.039317
       1.2984      0.029547      -0.039244
       1.2988      0.029473      -0.039170
       1.2992      0.029398      -0.039095
       1.2996      0.029323      -0.039020
          1.3      0.029246      -0.038944
       1.3004      0.029169      -0.038867
       1.3008      0.029091      -0.038790
       1.3012      0.029013      -0.038712
       1.3016      0.028933      -0.038633
        1.302      0.028853      -0.038553
       1.3024      0.028773      -0.038472
       1.3028      0.028691      -0.038391
       1.3032      0.028609      -0.038309
       1.3036      0.028526      -0.038227
        1.304      0.028442      -0.038143
       1.3044      0.028358      -0.038059
       1.3048      0.028273      -0.037975
       1.3052      0.028187      -0.037889
       1.3056      0.028100      -0.037803
        1.306      0.028013      -0.037716
       1.3064      0.027925      -0.037628
       1.3068      0.027836      -0.037540
       1.3072      0.027747      -0.037451
       1.3076      0.027657      -0.037361
        1.308      0.027566      -0.037271
       1.3084      0.027475      -0.037180
       1.3088      0.027383      -0.037088
       1.3092      0.027290      -0.036996
       1.3096      0.027196      -0.036903
         1.31      0.027102      -0.036809
       1.3104      0.027007      -0.036715
       1.3108      0.026912      -0.036620
       1.3112      0.026816      -0.036524
       1.3116      0.026719      -0.036427
        1.312      0.026622      -0.036330
       1.3124      0.026524      -0.036233
       1.3128      0.026425      -0.036134
       1.3132      0.026325      -0.036035
       1.3136      0.026225      -0.035936
        1.314      0.026125      -0.035835
       1.3144      0.026023      -0.035735
       1.3148      0.025922      -0.035633
       1.3152      0.025819      -0.035531
       1.3156      0.025716      -0.035428
        1.316      0.025612      -0.035325
       1.3164      0.025508      -0.035221
       1.3168      0.025403      -0.035116
       1.3172      0.025297      -0.035011
       1.3176      0.025191      -0.034905
        1.318      0.025084      -0.034799
       1.3184      0.024976      -0.034692
       1.3188      0.024868      -0.034584
       1.3192      0.024760      -0.034476
       1.3196      0.024651      -0.034367
         1.32      0.024541      -0.034258
       1.3204      0.024430      -0.034148
       1.3208      0.024320      -0.034037
       1.3212      0.024208      -0.033926
       1.3216      0.024096      -0.033815
        1.322      0.023983      -0.033702
       1.3224      0.023870      -0.033590
       1.3228      0.023756      -0.033476
       1.3232      0.023642      -0.033362
       1.3236      0.023527      -0.033248
        1.324      0.023412      -0.033133
       1.3244      0.023296      -0.033017
       1.3248      0.023179      -0.032901
       1.3252      0.023062      -0.032785
       1.3256      0.022945      -0.032668
        1.326      0.022827      -0.032550
       1.3264      0.022708      -0.032432
       1.3268      0.022589      -0.032313
       1.3272      0.022470      -0.032194
       1.3276      0.022350      -0.032074
        1.328      0.022229      -0.031954
       1.3284      0.022108      -0.031834
       1.3288      0.021986      -0.031712
       1.3292      0.021864      -0.031591
       1.3296      0.021741      -0.031469
         1.33      0.021618      -0.031346
       1.3304      0.021495      -0.031223
       1.3308      0.021371      -0.031099
       1.3312      0.021246      -0.030975
       1.3316      0.021121      -0.030851
        1.332      0.020996      -0.030726
       1.3324      0.020870      -0.030600
       1.3328      0.020744      -0.030474
       1.3332      0.020617      -0.030348
       1.3336      0.020490      -0.030221
        1.334      0.020362      -0.030094
       1.3344      0.020234      -0.029966
       1.3348      0.020105      -0.029838
       1.3352      0.019976      -0.029710
       1.3356      0.019847      -0.029581
        1.336      0.019717      -0.029451
       1.3364      0.019587      -0.029321
       1.3368      0.019456      -0.029191
       1.3372      0.019325      -0.029061
       1.3376      0.019194      -0.028930
        1.338      0.019062      -0.028798
       1.3384      0.018929      -0.028666
       1.3388      0.018797      -0.028534
       1.3392      0.018664      -0.028401
       1.3396      0.018530      -0.028268
         1.34      0.018396      -0.028135
       1.3404      0.018262      -0.028001
       1.3408      0.018128      -0.027867
       1.3412      0.017993      -0.027733
       1.3416      0.017857      -0.027598
        1.342      0.017722      -0.027463
       1.3424      0.017586      -0.027327
       1.3428      0.017449      -0.027191
       1.3432      0.017312      -0.027055
       1.3436      0.017175      -0.026918
        1.344      0.017038      -0.026781
       1.3444      0.016900      -0.026644
       1.3448      0.016762      -0.026506
       1.3452      0.016624      -0.026368
       1.3456      0.016485      -0.026230
        1.346      0.016346      -0.026091
       1.3464      0.016207      -0.025953
       1.3468      0.016067      -0.025813
       1.3472      0.015927      -0.025674
       1.3476      0.015787      -0.025534
        1.348      0.015646      -0.025394
       1.3484      0.015505      -0.025254
       1.3488      0.015364      -0.025113
       1.3492      0.015223      -0.024972
       1.3496      0.015081      -0.024831
         1.35      0.014939      -0.024689
       1.3504      0.014797      -0.024547
       1.3508      0.014654      -0.024405
       1.3512      0.014511      -0.024263
       1.3516      0.014368      -0.024120
        1.352      0.014225      -0.023977
       1.3524      0.014082      -0.023834
       1.3528      0.013938      -0.023691
       1.3532      0.013794      -0.023547
       1.3536      0.013649      -0.023404
        1.354      0.013505      -0.023259
       1.3544      0.013360      -0.023115
       1.3548      0.013215      -0.022971
       1.3552      0.013070      -0.022826
       1.3556      0.012925      -0.022681
        1.356      0.012779      -0.022536
       1.3564      0.012633      -0.022390
       1.3568      0.012487      -0.022245
       1.3572      0.012341      -0.022099
       1.3576      0.012195      -0.021953
        1.358      0.012048      -0.021807
       1.3584      0.011901      -0.021661
       1.3588      0.011754      -0.021514
       1.3592      0.011607      -0.021367
       1.3596      0.011460      -0.021220
         1.36      0.011312      -0.021073
       1.3604      0.011164      -0.020926
       1.3608      0.011017      -0.020779
       1.3612      0.010869      -0.020631
       1.3616      0.010720      -0.020483
        1.362      0.010572      -0.020336
       1.3624      0.010424      -0.020188
       1.3628      0.010275      -0.020039
       1.3632      0.010126      -0.019891
       1.3636      0.009977      -0.019743
        1.364      0.009828      -0.019594
       1.3644      0.009679      -0.019445
       1.3648      0.009530      -0.019297
       1.3652      0.009381      -0.019148
       1.3656      0.009231      -0.018999
        1.366      0.009082      -0.018849
       1.3664      0.008932      -0.018700
       1.3668      0.008782      -0.018551
       1.3672      0.008632      -0.018401
       1.3676      0.008482      -0.018252
        1.368      0.008332      -0.018102
       1.3684      0.008182      -0.017952
       1.3688      0.008032      -0.017803
       1.3692      0.007881      -0.017653
       1.3696      0.007731      -0.017503
         1.37      0.007580      -0.017353
       1.3704      0.007430      -0.017202
       1.3708      0.007279      -0.017052
       1.3712      0.007129      -0.016902
       1.3716      0.006978      -0.016752
        1.372      0.006827      -0.016601
       1.3724      0.006676      -0.016451
       1.3728      0.006525      -0.016301
       1.3732      0.006374      -0.016150
       1.3736      0.006223      -0.015999
        1.374      0.006072      -0.015849
       1.3744      0.005921      -0.015698
       1.3748      0.005770      -0.015548
       1.3752      0.005619      -0.015397
       1.3756      0.005468      -0.015246
        1.376      0.005317      -0.015096
       1.3764      0.005166      -0.014945
       1.3768      0.005015      -0.014794
       1.3772      0.004864      -0.014644
       1.3776      0.004713      -0.014493
        1.378      0.004561      -0.014342
       1.3784      0.004410      -0.014192
       1.3788      0.004259      -0.014041
       1.3792      0.004108      -0.013890
       1.3796      0.003957      -0.013740
         1.38      0.003806      -0.013589
       1.3804      0.003655      -0.013438
       1.3808      0.003504      -0.013288
       1.3812      0.003353      -0.013137
       1.3816      0.003202      -0.012987
        1.382      0.003051      -0.012836
       1.3824      0.002900      -0.012686
       1.3828      0.002750      -0.012535
       1.3832      0.002599      -0.012385
       1.3836      0.002448      -0.012235
        1.384      0.002298      -0.012085
       1.3844      0.002147      -0.011934
       1.3848      0.001997      -0.011784
       1.3852      0.001846      -0.011634
       1.3856      0.001696      -0.011484
        1.386      0.001545      -0.011334
       1.3864      0.001395      -0.011185
       1.3868      0.001245      -0.011035
       1.3872      0.001095      -0.010885
       1.3876      0.000945      -0.010736
        1.388      0.000795      -0.010586
       1.3884      0.000645      -0.010437
       1.3888      0.000496      -0.010288
       1.3892      0.000346      -0.010138
       1.3896      0.000197      -0.009989
         1.39      0.000047      -0.009840
       1.3904      -0.000102      -0.009691
       1.3908      -0.000251      -0.009543
       1.3912      -0.000400      -0.009394
       1.3916      -0.000549      -0.009245
        1.392      -0.000698      -0.009097
       1.3924      -0.000847      -0.008949
       1.3928      -0.000995      -0.008801
       1.3932      -0.001143      -0.008653
       1.3936      -0.001292      -0.008505
        1.394      -0.001440      -0.008357
       1.3944      -0.001588      -0.008209
       1.3948      -0.001736      -0.008062
       1.3952      -0.001883      -0.007915
       1.3956      -0.002031      -0.007767
        1.396      -0.002178      -0.007620
       1.3964      -0.002326      -0.007474
       1.3968      -0.002473      -0.007327
       1.3972      -0.002620      -0.007180
       1.3976      -0.002766      -0.007034
        1.398      -0.002913      -0.006888
       1.3984      -0.003059      -0.006742
       1.3988      -0.003206      -0.006596
       1.3992      -0.003352      -0.006450
       1.3996      -0.003498      -0.006305
          1.4      -0.003643      -0.006159
       1.4004      -0.003789      -0.006014
       1.4008      -0.003934      -0.005869
       1.4012      -0.004079      -0.005724
       1.4016      -0.004224      -0.005580
        1.402      -0.004369      -0.005435
       1.4024      -0.004514      -0.005291
       1.4028      -0.004658      -0.005147
       1.4032      -0.004802      -0.005003
       1.4036      -0.004946      -0.004860
        1.404      -0.005090      -0.004716
       1.4044      -0.005233      -0.004573
       1.4048      -0.005377      -0.004430
       1.4052      -0.005520      -0.004287
       1.4056      -0.005663      -0.004145
        1.406      -0.005805      -0.004003
       1.4064      -0.005948      -0.003861
       1.4068      -0.006090      -0.003719
       1.4072      -0.006232      -0.003577
       1.4076      -0.006374      -0.003436
        1.408      -0.006515      -0.003294
       1.4084      -0.006657      -0.003153
       1.4088      -0.006798      -0.003013
       1.4092      -0.006939      -0.002872
       1.4096      -0.007079      -0.002732
         1.41      -0.007220      -0.002592
       1.4104      -0.007360      -0.002452
       1.4108      -0.007500      -0.002313
       1.4112      -0.007639      -0.002174
       1.4116      -0.007778      -0.002035
        1.412      -0.007918      -0.001896
       1.4124      -0.008056      -0.001757
       1.4128      -0.008195      -0.001619
       1.4132      -0.008333      -0.001481
       1.4136      -0.008471      -0.001344
        1.414      -0.008609      -0.001206
       1.4144      -0.008747      -0.001069
       1.4148      -0.008884      -0.000932
       1.4152      -0.009021      -0.000795
       1.4156      -0.009157      -0.000659
        1.416      -0.009294      -0.000523
       1.4164      -0.009430      -0.000387
       1.4168      -0.009566      -0.000252
       1.4172      -0.009701      -0.000116
       1.4176      -0.009837      0.000019
        1.418      -0.009972      0.000153
       1.4184      -0.010106      0.000288
       1.4188      -0.010241      0.000422
       1.4192      -0.010375      0.000555
       1.4196      -0.010509      0.000689
         1.42      -0.010642      0.000822
       1.4204      -0.010776      0.000955
       1.4208      -0.010909      0.001088
       1.4212      -0.011041      0.001220
       1.4216      -0.011174      0.001352
        1.422      -0.011306      0.001484
       1.4224      -0.011437      0.001615
       1.4228      -0.011569      0.001746
       1.4232      -0.011700      0.001877
       1.4236      -0.011831      0.002008
        1.424      -0.011961      0.002138
       1.4244      -0.012091      0.002268
       1.4248      -0.012221      0.002397
       1.4252      -0.012351      0.002526
       1.4256      -0.012480      0.002655
        1.426      -0.012609      0.002784
       1.4264      -0.012738      0.002912
       1.4268      -0.012866      0.003040
       1.4272      -0.012994      0.003168
       1.4276      -0.013121      0.003295
        1.428      -0.013249      0.003422
       1.4284      -0.013376      0.003549
       1.4288      -0.013502      0.003675
       1.4292      -0.013629      0.003801
       1.4296      -0.013755      0.003927
         1.43      -0.013880      0.004052
       1.4304      -0.014005      0.004177
       1.4308      -0.014130      0.004302
       1.4312      -0.014255      0.004426
       1.4316      -0.014379      0.004550
        1.432      -0.014503      0.004674
       1.4324      -0.014627      0.004797
       1.4328      -0.014750      0.004920
       1.4332      -0.014873      0.005042
       1.4336      -0.014996      0.005165
        1.434      -0.015118      0.005287
       1.4344      -0.015240      0.005408
       1.4348      -0.015361      0.005529
       1.4352      -0.015482      0.005650
       1.4356      -0.015603      0.005771
        1.436      -0.015724      0.005891
       1.4364      -0.015844      0.006011
       1.4368      -0.015964      0.006130
       1.4372      -0.016083      0.006249
       1.4376      -0.016202      0.006368
        1.438      -0.016321      0.006486
       1.4384      -0.016439      0.006605
       1.4388      -0.016557      0.006722
       1.4392      -0.016675      0.006840
       1.4396      -0.016792      0.006957
         1.44      -0.016909      0.007073
       1.4404      -0.017025      0.007189
       1.4408      -0.017141      0.007305
       1.4412      -0.017257      0.007421
       1.4416      -0.017373      0.007536
        1.442      -0.017488      0.007651
       1.4424      -0.017602      0.007765
       1.4428      -0.017717      0.007879
       1.4432      -0.017831      0.007993
       1.4436      -0.017944      0.008106
        1.444      -0.018058      0.008219
       1.4444      -0.018170      0.008332
       1.4448      -0.018283      0.008444
       1.4452      -0.018395      0.008556
       1.4456      -0.018507      0.008667
        1.446      -0.018618      0.008778
       1.4464      -0.018729      0.008889
       1.4468      -0.018840      0.008999
       1.4472      -0.018950      0.009109
       1.4476      -0.019060      0.009219
        1.448      -0.019169      0.009328
       1.4484      -0.019278      0.009437
       1.4488      -0.019387      0.009545
       1.4492      -0.019496      0.009653
       1.4496      -0.019604      0.009761
         1.45      -0.019711      0.009868
       1.4504      -0.019818      0.009975
       1.4508      -0.019925      0.010082
       1.4512      -0.020032      0.010188
       1.4516      -0.020138      0.010294
        1.452      -0.020243      0.010399
       1.4524      -0.020349      0.010504
       1.4528      -0.020454      0.010609
       1.4532      -0.020558      0.010713
       1.4536      -0.020662      0.010817
        1.454      -0.020766      0.010921
       1.4544      -0.020870      0.011024
       1.4548      -0.020973      0.011127
       1.4552      -0.021075      0.011229
       1.4556      -0.021177      0.011331
        1.456      -0.021279      0.011433
       1.4564      -0.021381      0.011534
       1.4568      -0.021482      0.011635
       1.4572      -0.021583      0.011735
       1.4576      -0.021683      0.011835
        1.458      -0.021783      0.011935
       1.4584      -0.021882      0.012034
       1.4588      -0.021982      0.012133
       1.4592      -0.022080      0.012232
       1.4596      -0.022179      0.012330
         1.46      -0.022277      0.012428
       1.4604      -0.022374      0.012525
       1.4608      -0.022472      0.012622
       1.4612      -0.022568      0.012718
       1.4616      -0.022665      0.012815
        1.462      -0.022761      0.012911
       1.4624      -0.022857      0.013006
       1.4628      -0.022952      0.013101
       1.4632      -0.023047      0.013196
       1.4636      -0.023141      0.013290
        1.464      -0.023235      0.013384
       1.4644      -0.023329      0.013477
       1.4648      -0.023422      0.013570
       1.4652      -0.023515      0.013663
       1.4656      -0.023608      0.013755
        1.466      -0.023700      0.013847
       1.4664      -0.023792      0.013939
       1.4668      -0.023883      0.014030
       1.4672      -0.023974      0.014121
       1.4676      -0.024065      0.014211
        1.468      -0.024155      0.014301
       1.4684      -0.024245      0.014391
       1.4688      -0.024335      0.014480
       1.4692      -0.024424      0.014569
       1.4696      -0.024512      0.014657
         1.47      -0.024601      0.014746
       1.4704      -0.024689      0.014833
       1.4708      -0.024776      0.014921
       1.4712      -0.024863      0.015007
       1.4716      -0.024950      0.015094
        1.472      -0.025036      0.015180
       1.4724      -0.025122      0.015266
       1.4728      -0.025208      0.015351
       1.4732      -0.025293      0.015436
       1.4736      -0.025378      0.015521
        1.474      -0.025462      0.015605
       1.4744      -0.025547      0.015689
       1.4748      -0.025630      0.015772
       1.4752      -0.025713      0.015855
       1.4756      -0.025796      0.015938
        1.476      -0.025879      0.016020
       1.4764      -0.025961      0.016102
       1.4768      -0.026043      0.016184
       1.4772      -0.026124      0.016265
       1.4776      -0.026205      0.016346
        1.478      -0.026286      0.016426
       1.4784      -0.026366      0.016506
       1.4788      -0.026446      0.016586
       1.4792      -0.026525      0.016665
       1.4796      -0.026604      0.016744
         1.48      -0.026683      0.016822
       1.4804      -0.026761      0.016900
       1.4808      -0.026839      0.016978
       1.4812      -0.026917      0.017055
       1.4816      -0.026994      0.017132
        1.482      -0.027071      0.017209
       1.4824      -0.027147      0.017285
       1.4828      -0.027223      0.017361
       1.4832      -0.027299      0.017436
       1.4836      -0.027374      0.017511
        1.484      -0.027449      0.017586
       1.4844      -0.027523      0.017660
       1.4848      -0.027597      0.017734
       1.4852      -0.027671      0.017808
       1.4856      -0.027744      0.017881
        1.486      -0.027817      0.017954
       1.4864      -0.027890      0.018026
       1.4868      -0.027962      0.018098
       1.4872      -0.028034      0.018170
       1.4876      -0.028106      0.018241
        1.488      -0.028177      0.018312
       1.4884      -0.028247      0.018383
       1.4888      -0.028318      0.018453
       1.4892      -0.028388      0.018523
       1.4896      -0.028457      0.018592
         1.49      -0.028527      0.018661
       1.4904      -0.028595      0.018730
       1.4908      -0.028664      0.018798
       1.4912      -0.028732      0.018866
       1.4916      -0.028800      0.018933
        1.492      -0.028867      0.019001
       1.4924      -0.028934      0.019067
       1.4928      -0.029001      0.019134
       1.4932      -0.029067      0.019200
       1.4936      -0.029133      0.019266
        1.494      -0.029199      0.019331
       1.4944      -0.029264      0.019396
       1.4948      -0.029328      0.019461
       1.4952      -0.029393      0.019525
       1.4956      -0.029457      0.019589
        1.496      -0.029521      0.019652
       1.4964      -0.029584      0.019715
       1.4968      -0.029647      0.019778
       1.4972      -0.029709      0.019841
       1.4976      -0.029772      0.019903
        1.498      -0.029834      0.019964
       1.4984      -0.029895      0.020026
       1.4988      -0.029956      0.020087
       1.4992      -0.030017      0.020147
       1.4996      -0.030077      0.020207
          1.5      -0.030137      0.020267
       1.5004      -0.030197      0.020327
       1.5008      -0.030256      0.020386
       1.5012      -0.030315      0.020445
       1.5016      -0.030374      0.020503
        1.502      -0.030432      0.020561
       1.5024      -0.030490      0.020619
       1.5028      -0.030547      0.020676
       1.5032      -0.030605      0.020733
       1.5036      -0.030661      0.020790
        1.504      -0.030718      0.020846
       1.5044      -0.030774      0.020902
       1.5048      -0.030830      0.020958
       1.5052      -0.030885      0.021013
       1.5056      -0.030940      0.021068
        1.506      -0.030995      0.021122
       1.5064      -0.031049      0.021176
       1.5068      -0.031103      0.021230
       1.5072      -0.031156      0.021283
       1.5076      -0.031210      0.021337
        1.508      -0.031263      0.021389
       1.5084      -0.031315      0.021442
       1.5088      -0.031367      0.021494
       1.5092      -0.031419      0.021545
       1.5096      -0.031470      0.021597
         1.51      -0.031522      0.021648
       1.5104      -0.031572      0.021698
       1.5108      -0.031623      0.021748
       1.5112      -0.031673      0.021798
       1.5116      -0.031722      0.021848
        1.512      -0.031772      0.021897
       1.5124      -0.031821      0.021946
       1.5128      -0.031869      0.021994
       1.5132      -0.031918      0.022043
       1.5136      -0.031966      0.022090
        1.514      -0.032013      0.022138
       1.5144      -0.032061      0.022185
       1.5148      -0.032107      0.022232
       1.5152      -0.032154      0.022278
       1.5156      -0.032200      0.022324
        1.516      -0.032246      0.022370
       1.5164      -0.032292      0.022415
       1.5168      -0.032337      0.022460
       1.5172      -0.032382      0.022505
       1.5176      -0.032426      0.022549
        1.518      -0.032470      0.022593
       1.5184      -0.032514      0.022637
       1.5188      -0.032557      0.022680
       1.5192      -0.032601      0.022723
       1.5196      -0.032643      0.022766
         1.52      -0.032686      0.022808
       1.5204      -0.032728      0.022850
       1.5208      -0.032769      0.022892
       1.5212      -0.032811      0.022933
       1.5216      -0.032852      0.022974
        1.522      -0.032893      0.023014
       1.5224      -0.032933      0.023055
       1.5228      -0.032973      0.023095
       1.5232      -0.033013      0.023134
       1.5236      -0.033052      0.023173
        1.524      -0.033091      0.023212
       1.5244      -0.033129      0.023251
       1.5248      -0.033168      0.023289
       1.5252      -0.033206      0.023327
       1.5256      -0.033243      0.023364
        1.526      -0.033281      0.023401
       1.5264      -0.033318      0.023438
       1.5268      -0.033354      0.023475
       1.5272      -0.033390      0.023511
       1.5276      -0.033426      0.023547
        1.528      -0.033462      0.023582
       1.5284      -0.033497      0.023617
       1.5288      -0.033532      0.023652
       1.5292      -0.033567      0.023686
       1.5296      -0.033601      0.023721
         1.53      -0.033635      0.023754
       1.5304      -0.033668      0.023788
       1.5308      -0.033701      0.023821
       1.5312      -0.033734      0.023854
       1.5316      -0.033767      0.023886
        1.532      -0.033799      0.023918
       1.5324      -0.033831      0.023950
       1.5328      -0.033862      0.023981
       1.5332      -0.033893      0.024012
       1.5336      -0.033924      0.024043
        1.534      -0.033955      0.024073
       1.5344      -0.033985      0.024103
       1.5348      -0.034015      0.024133
       1.5352      -0.034044      0.024163
       1.5356      -0.034073      0.024192
        1.536      -0.034102      0.024220
       1.5364      -0.034131      0.024249
       1.5368      -0.034159      0.024277
       1.5372      -0.034186      0.024304
       1.5376      -0.034214      0.024332
        1.538      -0.034241      0.024359
       1.5384      -0.034268      0.024385
       1.5388      -0.034294      0.024412
       1.5392      -0.034320      0.024438
       1.5396      -0.034346      0.024463
         1.54      -0.034371      0.024489
       1.5404      -0.034397      0.024514
       1.5408      -0.034421      0.024538
       1.5412      -0.034446      0.024563
       1.5416      -0.034470      0.024587
        1.542      -0.034493      0.024610
       1.5424      -0.034517      0.024634
       1.5428      -0.034540      0.024657
       1.5432      -0.034563      0.024679
       1.5436      -0.034585      0.024701
        1.544      -0.034607      0.024723
       1.5444      -0.034629      0.024745
       1.5448      -0.034650      0.024766
       1.5452      -0.034671      0.024787
       1.5456      -0.034692      0.024808
        1.546      -0.034712      0.024828
       1.5464      -0.034732      0.024848
       1.5468      -0.034752      0.024867
       1.5472      -0.034771      0.024887
       1.5476      -0.034790      0.024906
        1.548      -0.034808      0.024924
       1.5484      -0.034827      0.024942
       1.5488      -0.034845      0.024960
       1.5492      -0.034862      0.024978
       1.5496      -0.034879      0.024995
         1.55      -0.034896      0.025012
       1.5504      -0.034913      0.025028
       1.5508      -0.034929      0.025044
       1.5512      -0.034945      0.025060
       1.5516      -0.034960      0.025076
        1.552      -0.034976      0.025091
       1.5524      -0.034990      0.025105
       1.5528      -0.035005      0.025120
       1.5532      -0.035019      0.025134
       1.5536      -0.035033      0.025148
        1.554      -0.035046      0.025161
       1.5544      -0.035059      0.025174
       1.5548      -0.035072      0.025187
       1.5552      -0.035085      0.025199
       1.5556      -0.035097      0.025211
        1.556      -0.035108      0.025223
       1.5564      -0.035120      0.025234
       1.5568      -0.035131      0.025245
       1.5572      -0.035141      0.025256
       1.5576      -0.035152      0.025266
        1.558      -0.035162      0.025276
       1.5584      -0.035171      0.025285
       1.5588      -0.035180      0.025295
       1.5592      -0.035189      0.025304
       1.5596      -0.035198      0.025312
         1.56      -0.035206      0.025320
       1.5604      -0.035214      0.025328
       1.5608      -0.035221      0.025335
       1.5612      -0.035228      0.025343
       1.5616      -0.035235      0.025349
        1.562      -0.035242      0.025356
       1.5624      -0.035248      0.025362
       1.5628      -0.035253      0.025367
       1.5632      -0.035259      0.025373
       1.5636      -0.035264      0.025378
        1.564      -0.035268      0.025382
       1.5644      -0.035273      0.025386
       1.5648      -0.035277      0.025390
       1.5652      -0.035280      0.025394
       1.5656      -0.035283      0.025397
        1.566      -0.035286      0.025400
       1.5664      -0.035289      0.025402
       1.5668      -0.035291      0.025404
       1.5672      -0.035292      0.025406
       1.5676      -0.035294      0.025407
        1.568      -0.035295      0.025408
       1.5684      -0.035296      0.025409
       1.5688      -0.035296      0.025409
       1.5692      -0.035296      0.025409
       1.5696      -0.035295      0.025409
         1.57      -0.035294      0.025408
       1.5704      -0.035293      0.025407
       1.5708      -0.035292      0.025405
       1.5712      -0.035290      0.025403
       1.5716      -0.035287      0.025401
        1.572      -0.035285      0.025398
       1.5724      -0.035282      0.025395
       1.5728      -0.035278      0.025392
       1.5732      -0.035274      0.025388
       1.5736      -0.035270      0.025384
        1.574      -0.035266      0.025379
       1.5744      -0.035261      0.025374
       1.5748      -0.035256      0.025369
       1.5752      -0.035250      0.025363
       1.5756      -0.035244      0.025357
        1.576      -0.035237      0.025351
       1.5764      -0.035231      0.025344
       1.5768      -0.035223      0.025336
       1.5772      -0.035216      0.025329
       1.5776      -0.035208      0.025321
        1.578      -0.035199      0.025313
       1.5784      -0.035191      0.025304
       1.5788      -0.035182      0.025295
       1.5792      -0.035172      0.025285
       1.5796      -0.035162      0.025275
         1.58      -0.035152      0.025265
       1.5804      -0.035141      0.025254
       1.5808      -0.035130      0.025243
       1.5812      -0.035119      0.025232
       1.5816      -0.035107      0.025220
        1.582      -0.035095      0.025208
       1.5824      -0.035082      0.025195
       1.5828      -0.035069      0.025182
       1.5832      -0.035056      0.025169
       1.5836      -0.035042      0.025155
        1.584      -0.035028      0.025141
       1.5844      -0.035013      0.025126
       1.5848      -0.034998      0.025111
       1.5852      -0.034983      0.025096
       1.5856      -0.034967      0.025080
        1.586      -0.034951      0.025064
       1.5864      -0.034934      0.025047
       1.5868      -0.034917      0.025030
       1.5872      -0.034900      0.025013
       1.5876      -0.034882      0.024995
        1.588      -0.034864      0.024977
       1.5884      -0.034845      0.024958
       1.5888      -0.034826      0.024939
       1.5892      -0.034807      0.024920
       1.5896      -0.034787      0.024900
         1.59      -0.034766      0.024880
       1.5904      -0.034746      0.024859
       1.5908      -0.034725      0.024838
       1.5912      -0.034703      0.024817
       1.5916      -0.034681      0.024795
        1.592      -0.034659      0.024772
       1.5924      -0.034636      0.024750
       1.5928      -0.034613      0.024727
       1.5932      -0.034589      0.024703
       1.5936      -0.034565      0.024679
        1.594      -0.034541      0.024655
       1.5944      -0.034516      0.024630
       1.5948      -0.034491      0.024605
       1.5952      -0.034465      0.024579
       1.5956      -0.034439      0.024553
        1.596      -0.034413      0.024526
       1.5964      -0.034386      0.024500
       1.5968      -0.034358      0.024472
       1.5972      -0.034330      0.024444
       1.5976      -0.034302      0.024416
        1.598      -0.034274      0.024388
       1.5984      -0.034244      0.024359
       1.5988      -0.034215      0.024329
       1.5992      -0.034185      0.024299
       1.5996      -0.034155      0.024269
          1.6      -0.034124      0.024238
       1.6004      -0.034092      0.024207
       1.6008      -0.034061      0.024175
       1.6012      -0.034029      0.024143
       1.6016      -0.033996      0.024110
        1.602      -0.033963      0.024077
       1.6024      -0.033930      0.024044
       1.6028      -0.033896      0.024010
       1.6032      -0.033861      0.023976
       1.6036      -0.033827      0.023941
        1.604      -0.033791      0.023906
       1.6044      -0.033756      0.023870
       1.6048      -0.033719      0.023834
       1.6052      -0.033683      0.023798
       1.6056      -0.033646      0.023761
        1.606      -0.033608      0.023723
       1.6064      -0.033570      0.023686
       1.6068      -0.033532      0.023647
       1.6072      -0.033493      0.023609
       1.6076      -0.033454      0.023569
        1.608      -0.033414      0.023530
       1.6084      -0.033374      0.023490
       1.6088      -0.033333      0.023449
       1.6092      -0.033292      0.023408
       1.6096      -0.033251      0.023366
         1.61      -0.033209      0.023324
       1.6104      -0.033166      0.023282
       1.6108      -0.033123      0.023239
       1.6112      -0.033080      0.023196
       1.6116      -0.033036      0.023152
        1.612      -0.032992      0.023108
       1.6124      -0.032947      0.023063
       1.6128      -0.032902      0.023018
       1.6132      -0.032856      0.022972
       1.6136      -0.032810      0.022926
        1.614      -0.032763      0.022880
       1.6144      -0.032716      0.022833
       1.6148      -0.032668      0.022785
       1.6152      -0.032620      0.022737
       1.6156      -0.032572      0.022689
        1.616      -0.032523      0.022640
       1.6164      -0.032473      0.022590
       1.6168      -0.032423      0.022541
       1.6172      -0.032373      0.022490
       1.6176      -0.032322      0.022439
        1.618      -0.032271      0.022388
       1.6184      -0.032219      0.022336
       1.6188      -0.032167      0.022284
       1.6192      -0.032114      0.022231
       1.6196      -0.032060      0.022178
         1.62      -0.032007      0.022125
       1.6204      -0.031952      0.022070
       1.6208      -0.031898      0.022016
       1.6212      -0.031842      0.021961
       1.6216      -0.031787      0.021905
        1.622      -0.031731      0.021849
       1.6224      -0.031674      0.021792
       1.6228      -0.031617      0.021735
       1.6232      -0.031559      0.021678
       1.6236      -0.031501      0.021620
        1.624      -0.031442      0.021561
       1.6244      -0.031383      0.021502
       1.6248      -0.031324      0.021443
       1.6252      -0.031264      0.021383
       1.6256      -0.031203      0.021322
        1.626      -0.031142      0.021261
       1.6264      -0.031080      0.021200
       1.6268      -0.031018      0.021138
       1.6272      -0.030956      0.021076
       1.6276      -0.030893      0.021013
        1.628      -0.030829      0.020949
       1.6284      -0.030765      0.020885
       1.6288      -0.030701      0.020821
       1.6292      -0.030636      0.020756
       1.6296      -0.030570      0.020691
         1.63      -0.030504      0.020625
       1.6304      -0.030437      0.020558
       1.6308      -0.030370      0.020492
       1.6312      -0.030303      0.020424
       1.6316      -0.030235      0.020356
        1.632      -0.030166      0.020288
       1.6324      -0.030097      0.020219
       1.6328      -0.030028      0.020150
       1.6332      -0.029958      0.020080
       1.6336      -0.029887      0.020009
        1.634      -0.029816      0.019938
       1.6344      -0.029745      0.019867
       1.6348      -0.029673      0.019795
       1.6352      -0.029600      0.019723
       1.6356      -0.029527      0.019650
        1.636      -0.029454      0.019577
       1.6364      -0.029379      0.019503
       1.6368      -0.029305      0.019428
       1.6372      -0.029230      0.019353
       1.6376      -0.029154      0.019278
        1.638      -0.029078      0.019202
       1.6384      -0.029002      0.019126
       1.6388      -0.028925      0.019049
       1.6392      -0.028847      0.018971
       1.6396      -0.028769      0.018893
         1.64      -0.028690      0.018815
       1.6404      -0.028611      0.018736
       1.6408      -0.028531      0.018656
       1.6412      -0.028451      0.018576
       1.6416      -0.028371      0.018496
        1.642      -0.028289      0.018415
       1.6424      -0.028208      0.018333
       1.6428      -0.028126      0.018251
       1.6432      -0.028043      0.018169
       1.6436      -0.027960      0.018086
        1.644      -0.027876      0.018002
       1.6444      -0.027792      0.017918
       1.6448      -0.027707      0.017834
       1.6452      -0.027622      0.017749
       1.6456      -0.027536      0.017663
        1.646      -0.027450      0.017577
       1.6464      -0.027363      0.017490
       1.6468      -0.027276      0.017403
       1.6472      -0.027188      0.017316
       1.6476      -0.027100      0.017228
        1.648      -0.027011      0.017139
       1.6484      -0.026921      0.017050
       1.6488      -0.026832      0.016960
       1.6492      -0.026741      0.016870
       1.6496      -0.026650      0.016780
         1.65      -0.026559      0.016688
       1.6504      -0.026467      0.016597
       1.6508      -0.026375      0.016504
       1.6512      -0.026282      0.016412
       1.6516      -0.026188      0.016319
        1.652      -0.026094      0.016225
       1.6524      -0.026000      0.016131
       1.6528      -0.025905      0.016036
       1.6532      -0.025810      0.015941
       1.6536      -0.025714      0.015845
        1.654      -0.025617      0.015749
       1.6544      -0.025520      0.015652
       1.6548      -0.025423      0.015555
       1.6552      -0.025325      0.015457
       1.6556      -0.025226      0.015359
        1.656      -0.025127      0.015260
       1.6564      -0.025028      0.015161
       1.6568      -0.024928      0.015061
       1.6572      -0.024827      0.014961
       1.6576      -0.024726      0.014860
        1.658      -0.024625      0.014759
       1.6584      -0.024523      0.014657
       1.6588      -0.024420      0.014555
       1.6592      -0.024317      0.014452
       1.6596      -0.024214      0.014349
         1.66      -0.024110      0.014245
       1.6604      -0.024005      0.014141
       1.6608      -0.023900      0.014036
       1.6612      -0.023794      0.013931
       1.6616      -0.023688      0.013825
        1.662      -0.023582      0.013719
       1.6624      -0.023475      0.013612
       1.6628      -0.023367      0.013504
       1.6632      -0.023259      0.013397
       1.6636      -0.023151      0.013289
        1.664      -0.023042      0.013180
       1.6644      -0.022932      0.013071
       1.6648      -0.022822      0.012961
       1.6652      -0.022712      0.012851
       1.6656      -0.022601      0.012740
        1.666      -0.022489      0.012629
       1.6664      -0.022377      0.012517
       1.6668      -0.022265      0.012405
       1.6672      -0.022152      0.012292
       1.6676      -0.022039      0.012179
        1.668      -0.021925      0.012066
       1.6684      -0.021810      0.011952
       1.6688      -0.021696      0.011837
       1.6692      -0.021580      0.011722
       1.6696      -0.021464      0.011606
         1.67      -0.021348      0.011490
       1.6704      -0.021231      0.011374
       1.6708      -0.021114      0.011257
       1.6712      -0.020996      0.011140
       1.6716      -0.020878      0.011022
        1.672      -0.020759      0.010903
       1.6724      -0.020640      0.010784
       1.6728      -0.020521      0.010665
       1.6732      -0.020400      0.010545
       1.6736      -0.020280      0.010425
        1.674      -0.020159      0.010304
       1.6744      -0.020037      0.010183
       1.6748      -0.019915      0.010062
       1.6752      -0.019793      0.009940
       1.6756      -0.019670      0.009817
        1.676      -0.019547      0.009694
       1.6764      -0.019423      0.009570
       1.6768      -0.019299      0.009447
       1.6772      -0.019174      0.009322
       1.6776      -0.019049      0.009197
        1.678      -0.018923      0.009072
       1.6784      -0.018797      0.008946
       1.6788      -0.018670      0.008820
       1.6792      -0.018544      0.008693
       1.6796      -0.018416      0.008566
         1.68      -0.018288      0.008439
       1.6804      -0.018160      0.008311
       1.6808      -0.018031      0.008183
       1.6812      -0.017902      0.008054
       1.6816      -0.017772      0.007924
        1.682      -0.017642      0.007795
       1.6824      -0.017512      0.007665
       1.6828      -0.017381      0.007534
       1.6832      -0.017249      0.007403
       1.6836      -0.017118      0.007272
        1.684      -0.016985      0.007140
       1.6844      -0.016853      0.007008
       1.6848      -0.016720      0.006875
       1.6852      -0.016586      0.006742
       1.6856      -0.016452      0.006608
        1.686      -0.016318      0.006474
       1.6864      -0.016183      0.006340
       1.6868      -0.016048      0.006205
       1.6872      -0.015913      0.006070
       1.6876      -0.015777      0.005934
        1.688      -0.015640      0.005798
       1.6884      -0.015503      0.005662
       1.6888      -0.015366      0.005525
       1.6892      -0.015229      0.005388
       1.6896      -0.015091      0.005250
         1.69      -0.014952      0.005113
       1.6904      -0.014813      0.004974
       1.6908      -0.014674      0.004835
       1.6912      -0.014535      0.004696
       1.6916      -0.014395      0.004557
        1.692      -0.014254      0.004417
       1.6924      -0.014114      0.004277
       1.6928      -0.013973      0.004136
       1.6932      -0.013831      0.003995
       1.6936      -0.013689      0.003853
        1.694      -0.013547      0.003712
       1.6944      -0.013405      0.003569
       1.6948      -0.013262      0.003427
       1.6952      -0.013118      0.003284
       1.6956      -0.012975      0.003141
        1.696      -0.012831      0.002997
       1.6964      -0.012686      0.002853
       1.6968      -0.012541      0.002709
       1.6972      -0.012396      0.002564
       1.6976      -0.012251      0.002419
        1.698      -0.012105      0.002274
       1.6984      -0.011959      0.002128
       1.6988      -0.011813      0.001982
       1.6992      -0.011666      0.001836
       1.6996      -0.011519      0.001689
          1.7      -0.011371      0.001542
       1.7004      -0.011223      0.001395
       1.7008      -0.011075      0.001247
       1.7012      -0.010927      0.001099
       1.7016      -0.010778      0.000951
        1.702      -0.010629      0.000802
       1.7024      -0.010479      0.000653
       1.7028      -0.010330      0.000504
       1.7032      -0.010180      0.000354
       1.7036      -0.010029      0.000205
        1.704      -0.009879      0.000054
       1.7044      -0.009728      -0.000096
       1.7048      -0.009576      -0.000247
       1.7052      -0.009425      -0.000398
       1.7056      -0.009273      -0.000549
        1.706      -0.009121      -0.000701
       1.7064      -0.008969      -0.000853
       1.7068      -0.008816      -0.001005
       1.7072      -0.008663      -0.001157
       1.7076      -0.008510      -0.001310
        1.708      -0.008356      -0.001463
       1.7084      -0.008202      -0.001617
       1.7088      -0.008048      -0.001770
       1.7092      -0.007894      -0.001924
       1.7096      -0.007739      -0.002078
         1.71      -0.007585      -0.002232
       1.7104      -0.007430      -0.002387
       1.7108      -0.007274      -0.002542
       1.7112      -0.007119      -0.002697
       1.7116      -0.006963      -0.002852
        1.712      -0.006807      -0.003008
       1.7124      -0.006650      -0.003163
       1.7128      -0.006494      -0.003319
       1.7132      -0.006337      -0.003476
       1.7136      -0.006180      -0.003632
        1.714      -0.006023      -0.003789
       1.7144      -0.005866      -0.003946
       1.7148      -0.005708      -0.004103
       1.7152      -0.005550      -0.004260
       1.7156      -0.005392      -0.004418
        1.716      -0.005234      -0.004575
       1.7164      -0.005075      -0.004733
       1.7168      -0.004917      -0.004891
       1.7172      -0.004758      -0.005050
       1.7176      -0.004599      -0.005208
        1.718      -0.004440      -0.005367
       1.7184      -0.004280      -0.005526
       1.7188      -0.004121      -0.005685
       1.7192      -0.003961      -0.005844
       1.7196      -0.003801      -0.006003
         1.72      -0.003641      -0.006163
       1.7204      -0.003481      -0.006323
       1.7208      -0.003320      -0.006483
       1.7212      -0.003160      -0.006643
       1.7216      -0.002999      -0.006803
        1.722      -0.002838      -0.006963
       1.7224      -0.002677      -0.007124
       1.7228      -0.002516      -0.007284
       1.7232      -0.002355      -0.007445
       1.7236      -0.002193      -0.007606
        1.724      -0.002032      -0.007767
       1.7244      -0.001870      -0.007928
       1.7248      -0.001708      -0.008089
       1.7252      -0.001546      -0.008250
       1.7256      -0.001384      -0.008412
        1.726      -0.001222      -0.008573
       1.7264      -0.001060      -0.008735
       1.7268      -0.000898      -0.008897
       1.7272      -0.000735      -0.009059
       1.7276      -0.000573      -0.009221
        1.728      -0.000410      -0.009383
       1.7284      -0.000247      -0.009545
       1.7288      -0.000085      -0.009707
       1.7292      0.000078      -0.009869
       1.7296      0.000241      -0.010032
         1.73      0.000404      -0.010194
       1.7304      0.000567      -0.010357
       1.7308      0.000730      -0.010519
       1.7312      0.000893      -0.010682
       1.7316      0.001057      -0.010844
        1.732      0.001220      -0.011007
       1.7324      0.001383      -0.011170
       1.7328      0.001546      -0.011332
       1.7332      0.001710      -0.011495
       1.7336      0.001873      -0.011658
        1.734      0.002037      -0.011821
       1.7344      0.002200      -0.011984
       1.7348      0.002363      -0.012147
       1.7352      0.002527      -0.012310
       1.7356      0.002690      -0.012472
        1.736      0.002854      -0.012635
       1.7364      0.003017      -0.012798
       1.7368      0.003181      -0.012961
       1.7372      0.003344      -0.013124
       1.7376      0.003508      -0.013287
        1.738      0.003671      -0.013450
       1.7384      0.003835      -0.013613
       1.7388      0.003998      -0.013775
       1.7392      0.004161      -0.013938
       1.7396      0.004325      -0.014101
         1.74      0.004488      -0.014263
       1.7404      0.004651      -0.014426
       1.7408      0.004814      -0.014589
       1.7412      0.004977      -0.014751
       1.7416      0.005140      -0.014914
        1.742      0.005303      -0.015076
       1.7424      0.005466      -0.015238
       1.7428      0.005629      -0.015401
       1.7432      0.005792      -0.015563
       1.7436      0.005955      -0.015725
        1.744      0.006117      -0.015887
       1.7444      0.006280      -0.016049
       1.7448      0.006442      -0.016211
       1.7452      0.006604      -0.016372
       1.7456      0.006767      -0.016534
        1.746      0.006929      -0.016696
       1.7464      0.007091      -0.016857
       1.7468      0.007253      -0.017018
       1.7472      0.007414      -0.017179
       1.7476      0.007576      -0.017340
        1.748      0.007737      -0.017501
       1.7484      0.007899      -0.017662
       1.7488      0.008060      -0.017823
       1.7492      0.008221      -0.017983
       1.7496      0.008382      -0.018144
         1.75      0.008543      -0.018304
       1.7504      0.008703      -0.018464
       1.7508      0.008864      -0.018624
       1.7512      0.009024      -0.018783
       1.7516      0.009184      -0.018943
        1.752      0.009344      -0.019102
       1.7524      0.009504      -0.019261
       1.7528      0.009663      -0.019420
       1.7532      0.009823      -0.019579
       1.7536      0.009982      -0.019738
        1.754      0.010141      -0.019896
       1.7544      0.010300      -0.020054
       1.7548      0.010458      -0.020212
       1.7552      0.010617      -0.020370
       1.7556      0.010775      -0.020527
        1.756      0.010933      -0.020685
       1.7564      0.011090      -0.020842
       1.7568      0.011248      -0.020999
       1.7572      0.011405      -0.021155
       1.7576      0.011562      -0.021312
        1.758      0.011718      -0.021468
       1.7584      0.011875      -0.021624
       1.7588      0.012031      -0.021779
       1.7592      0.012187      -0.021935
       1.7596      0.012343      -0.022090
         1.76      0.012498      -0.022245
       1.7604      0.012653      -0.022399
       1.7608      0.012808      -0.022553
       1.7612      0.012963      -0.022707
       1.7616      0.013117      -0.022861
        1.762      0.013271      -0.023014
       1.7624      0.013424      -0.023167
       1.7628      0.013578      -0.023320
       1.7632      0.013731      -0.023473
       1.7636      0.013884      -0.023625
        1.764      0.014036      -0.023777
       1.7644      0.014188      -0.023928
       1.7648      0.014340      -0.024080
       1.7652      0.014491      -0.024230
       1.7656      0.014642      -0.024381
        1.766      0.014793      -0.024531
       1.7664      0.014944      -0.024681
       1.7668      0.015094      -0.024831
       1.7672      0.015243      -0.024980
       1.7676      0.015393      -0.025129
        1.768      0.015542      -0.025277
       1.7684      0.015690      -0.025425
       1.7688      0.015839      -0.025573
       1.7692      0.015987      -0.025720
       1.7696      0.016134      -0.025867
         1.77      0.016281      -0.026014
       1.7704      0.016428      -0.026160
       1.7708      0.016574      -0.026306
       1.7712      0.016720      -0.026451
       1.7716      0.016866      -0.026596
        1.772      0.017011      -0.026741
       1.7724      0.017155      -0.026885
       1.7728      0.017300      -0.027028
       1.7732      0.017444      -0.027172
       1.7736      0.017587      -0.027315
        1.774      0.017730      -0.027457
       1.7744      0.017873      -0.027599
       1.7748      0.018015      -0.027741
       1.7752      0.018156      -0.027882
       1.7756      0.018298      -0.028023
        1.776      0.018438      -0.028163
       1.7764      0.018579      -0.028303
       1.7768      0.018719      -0.028442
       1.7772      0.018858      -0.028581
       1.7776      0.018997      -0.028719
        1.778      0.019135      -0.028857
       1.7784      0.019273      -0.028995
       1.7788      0.019411      -0.029132
       1.7792      0.019548      -0.029268
       1.7796      0.019684      -0.029404
         1.78      0.019820      -0.029540
       1.7804      0.019956      -0.029675
       1.7808      0.020091      -0.029809
       1.7812      0.020225      -0.029943
       1.7816      0.020359      -0.030077
        1.782      0.020493      -0.030210
       1.7824      0.020626      -0.030342
       1.7828      0.020758      -0.030474
       1.7832      0.020890      -0.030606
       1.7836      0.021021      -0.030736
        1.784      0.021152      -0.030867
       1.7844      0.021283      -0.030997
       1.7848      0.021412      -0.031126
       1.7852      0.021541      -0.031255
       1.7856      0.021670      -0.031383
        1.786      0.021798      -0.031510
       1.7864      0.021926      -0.031637
       1.7868      0.022053      -0.031764
       1.7872      0.022179      -0.031890
       1.7876      0.022305      -0.032015
        1.788      0.022430      -0.032140
       1.7884      0.022555      -0.032264
       1.7888      0.022679      -0.032387
       1.7892      0.022802      -0.032510
       1.7896      0.022925      -0.032633
         1.79      0.023047      -0.032755
       1.7904      0.023169      -0.032876
       1.7908      0.023290      -0.032996
       1.7912      0.023410      -0.033116
       1.7916      0.023530      -0.033236
        1.792      0.023649      -0.033355
       1.7924      0.023768      -0.033473
       1.7928      0.023886      -0.033590
       1.7932      0.024003      -0.033707
       1.7936      0.024120      -0.033823
        1.794      0.024236      -0.033939
       1.7944      0.024351      -0.034054
       1.7948      0.024466      -0.034168
       1.7952      0.024580      -0.034282
       1.7956      0.024693      -0.034395
        1.796      0.024806      -0.034507
       1.7964      0.024918      -0.034619
       1.7968      0.025030      -0.034730
       1.7972      0.025141      -0.034841
       1.7976      0.025251      -0.034950
        1.798      0.025360      -0.035059
       1.7984      0.025469      -0.035168
       1.7988      0.025577      -0.035275
       1.7992      0.025684      -0.035383
       1.7996      0.025791      -0.035489
          1.8      0.025897      -0.035595
       1.8004      0.026002      -0.035699
       1.8008      0.026107      -0.035804
       1.8012      0.026211      -0.035907
       1.8016      0.026314      -0.036010
        1.802      0.026417      -0.036112
       1.8024      0.026519      -0.036214
       1.8028      0.026620      -0.036315
       1.8032      0.026720      -0.036415
       1.8036      0.026820      -0.036514
        1.804      0.026919      -0.036613
       1.8044      0.027017      -0.036710
       1.8048      0.027114      -0.036808
       1.8052      0.027211      -0.036904
       1.8056      0.027307      -0.037000
        1.806      0.027402      -0.037095
       1.8064      0.027497      -0.037189
       1.8068      0.027591      -0.037282
       1.8072      0.027684      -0.037375
       1.8076      0.027776      -0.037467
        1.808      0.027868      -0.037558
       1.8084      0.027958      -0.037649
       1.8088      0.028048      -0.037738
       1.8092      0.028138      -0.037827
       1.8096      0.028226      -0.037915
         1.81      0.028314      -0.038003
       1.8104      0.028401      -0.038089
       1.8108      0.028487      -0.038175
       1.8112      0.028572      -0.038260
       1.8116      0.028657      -0.038345
        1.812      0.028741      -0.038428
       1.8124      0.028824      -0.038511
       1.8128      0.028906      -0.038593
       1.8132      0.028987      -0.038674
       1.8136      0.029068      -0.038755
        1.814      0.029148      -0.038834
       1.8144      0.029227      -0.038913
       1.8148      0.029305      -0.038991
       1.8152      0.029383      -0.039068
       1.8156      0.029459      -0.039145
        1.816      0.029535      -0.039220
       1.8164      0.029610      -0.039295
       1.8168      0.029684      -0.039369
       1.8172      0.029758      -0.039442
       1.8176      0.029830      -0.039515
        1.818      0.029902      -0.039586
       1.8184      0.029973      -0.039657
       1.8188      0.030043      -0.039727
       1.8192      0.030113      -0.039796
       1.8196      0.030181      -0.039864
         1.82      0.030249      -0.039931
       1.8204      0.030315      -0.039998
       1.8208      0.030381      -0.040064
       1.8212      0.030447      -0.040129
       1.8216      0.030511      -0.040193
        1.822      0.030574      -0.040256
       1.8224      0.030637      -0.040319
       1.8228      0.030699      -0.040380
       1.8232      0.030760      -0.040441
       1.8236      0.030820      -0.040501
        1.824      0.030879      -0.040560
       1.8244      0.030937      -0.040618
       1.8248      0.030995      -0.040675
       1.8252      0.031051      -0.040732
       1.8256      0.031107      -0.040788
        1.826      0.031162      -0.040842
       1.8264      0.031216      -0.040896
       1.8268      0.031269      -0.040949
       1.8272      0.031322      -0.041002
       1.8276      0.031373      -0.041053
        1.828      0.031424      -0.041103
       1.8284      0.031474      -0.041153
       1.8288      0.031522      -0.041202
       1.8292      0.031571      -0.041250
       1.8296      0.031618      -0.041297
         1.83      0.031664      -0.041343
       1.8304      0.031709      -0.041388
       1.8308      0.031754      -0.041432
       1.8312      0.031797      -0.041476
       1.8316      0.031840      -0.041519
        1.832      0.031882      -0.041560
       1.8324      0.031923      -0.041601
       1.8328      0.031963      -0.041641
       1.8332      0.032002      -0.041681
       1.8336      0.032041      -0.041719
        1.834      0.032078      -0.041756
       1.8344      0.032115      -0.041793
       1.8348      0.032150      -0.041828
       1.8352      0.032185      -0.041863
       1.8356      0.032219      -0.041897
        1.836      0.032252      -0.041930
       1.8364      0.032284      -0.041962
       1.8368      0.032315      -0.041993
       1.8372      0.032346      -0.042023
       1.8376      0.032375      -0.042053
        1.838      0.032404      -0.042081
       1.8384      0.032431      -0.042109
       1.8388      0.032458      -0.042136
       1.8392      0.032484      -0.042161
       1.8396      0.032509      -0.042186
         1.84      0.032533      -0.042210
       1.8404      0.032556      -0.042233
       1.8408      0.032578      -0.042256
       1.8412      0.032600      -0.042277
       1.8416      0.032620      -0.042298
        1.842      0.032640      -0.042317
       1.8424      0.032659      -0.042336
       1.8428      0.032676      -0.042354
       1.8432      0.032693      -0.042370
       1.8436      0.032709      -0.042386
        1.844      0.032724      -0.042401
       1.8444      0.032738      -0.042416
       1.8448      0.032752      -0.042429
       1.8452      0.032764      -0.042441
       1.8456      0.032775      -0.042453
        1.846      0.032786      -0.042463
       1.8464      0.032796      -0.042473
       1.8468      0.032804      -0.042482
       1.8472      0.032812      -0.042490
       1.8476      0.032819      -0.042497
        1.848      0.032825      -0.042503
       1.8484      0.032830      -0.042508
       1.8488      0.032835      -0.042512
       1.8492      0.032838      -0.042516
       1.8496      0.032840      -0.042518
         1.85      0.032842      -0.042520
       1.8504      0.032842      -0.042520
       1.8508      0.032842      -0.042520
       1.8512      0.032841      -0.042519
       1.8516      0.032839      -0.042517
        1.852      0.032836      -0.042514
       1.8524      0.032832      -0.042510
       1.8528      0.032827      -0.042506
       1.8532      0.032822      -0.042500
       1.8536      0.032815      -0.042494
        1.854      0.032808      -0.042486
       1.8544      0.032799      -0.042478
       1.8548      0.032790      -0.042469
       1.8552      0.032780      -0.042459
       1.8556      0.032769      -0.042448
        1.856      0.032757      -0.042436
       1.8564      0.032744      -0.042423
       1.8568      0.032730      -0.042410
       1.8572      0.032716      -0.042395
       1.8576      0.032700      -0.042380
        1.858      0.032684      -0.042364
       1.8584      0.032666      -0.042347
       1.8588      0.032648      -0.042329
       1.8592      0.032629      -0.042310
       1.8596      0.032609      -0.042290
         1.86      0.032588      -0.042269
       1.8604      0.032567      -0.042248
       1.8608      0.032544      -0.042225
       1.8612      0.032520      -0.042202
       1.8616      0.032496      -0.042178
        1.862      0.032471      -0.042152
       1.8624      0.032445      -0.042127
       1.8628      0.032418      -0.042100
       1.8632      0.032390      -0.042072
       1.8636      0.032361      -0.042043
        1.864      0.032331      -0.042014
       1.8644      0.032301      -0.041984
       1.8648      0.032270      -0.041952
       1.8652      0.032237      -0.041920
       1.8656      0.032204      -0.041888
        1.866      0.032170      -0.041854
       1.8664      0.032135      -0.041819
       1.8668      0.032100      -0.041784
       1.8672      0.032063      -0.041747
       1.8676      0.032026      -0.041710
        1.868      0.031987      -0.041672
       1.8684      0.031948      -0.041633
       1.8688      0.031908      -0.041593
       1.8692      0.031868      -0.041553
       1.8696      0.031826      -0.041511
         1.87      0.031783      -0.041469
       1.8704      0.031740      -0.041426
       1.8708      0.031696      -0.041382
       1.8712      0.031651      -0.041337
       1.8716      0.031605      -0.041291
        1.872      0.031558      -0.041245
       1.8724      0.031510      -0.041197
       1.8728      0.031462      -0.041149
       1.8732      0.031413      -0.041100
       1.8736      0.031362      -0.041050
        1.874      0.031312      -0.041000
       1.8744      0.031260      -0.040948
       1.8748      0.031207      -0.040896
       1.8752      0.031154      -0.040843
       1.8756      0.031100      -0.040789
        1.876      0.031044      -0.040734
       1.8764      0.030989      -0.040678
       1.8768      0.030932      -0.040622
       1.8772      0.030874      -0.040565
       1.8776      0.030816      -0.040507
        1.878      0.030757      -0.040448
       1.8784      0.030697      -0.040388
       1.8788      0.030636      -0.040328
       1.8792      0.030575      -0.040267
       1.8796      0.030512      -0.040204
         1.88      0.030449      -0.040142
       1.8804      0.030385      -0.040078
       1.8808      0.030321      -0.040014
       1.8812      0.030255      -0.039948
       1.8816      0.030189      -0.039882
        1.882      0.030122      -0.039816
       1.8824      0.030054      -0.039748
       1.8828      0.029985      -0.039680
       1.8832      0.029916      -0.039611
       1.8836      0.029846      -0.039541
        1.884      0.029775      -0.039470
       1.8844      0.029703      -0.039399
       1.8848      0.029631      -0.039327
       1.8852      0.029557      -0.039254
       1.8856      0.029483      -0.039180
        1.886      0.029409      -0.039106
       1.8864      0.029333      -0.039031
       1.8868      0.029257      -0.038955
       1.8872      0.029180      -0.038878
       1.8876      0.029102      -0.038801
        1.888      0.029024      -0.038722
       1.8884      0.028944      -0.038643
       1.8888      0.028864      -0.038564
       1.8892      0.028784      -0.038484
       1.8896      0.028702      -0.038402
         1.89      0.028620      -0.038321
       1.8904      0.028537      -0.038238
       1.8908      0.028454      -0.038155
       1.8912      0.028369      -0.038071
       1.8916      0.028284      -0.037986
        1.892      0.028198      -0.037901
       1.8924      0.028112      -0.037815
       1.8928      0.028025      -0.037728
       1.8932      0.027937      -0.037640
       1.8936      0.027848      -0.037552
        1.894      0.027759      -0.037463
       1.8944      0.027669      -0.037374
       1.8948      0.027579      -0.037283
       1.8952      0.027487      -0.037193
       1.8956      0.027395      -0.037101
        1.896      0.027303      -0.037009
       1.8964      0.027209      -0.036916
       1.8968      0.027115      -0.036822
       1.8972      0.027020      -0.036728
       1.8976      0.026925      -0.036633
        1.898      0.026829      -0.036537
       1.8984      0.026732      -0.036441
       1.8988      0.026635      -0.036344
       1.8992      0.026537      -0.036246
       1.8996      0.026438      -0.036148
          1.9      0.026339      -0.036049
       1.9004      0.026239      -0.035949
       1.9008      0.026139      -0.035849
       1.9012      0.026037      -0.035748
       1.9016      0.025935      -0.035647
        1.902      0.025833      -0.035545
       1.9024      0.025730      -0.035442
       1.9028      0.025626      -0.035339
       1.9032      0.025522      -0.035235
       1.9036      0.025417      -0.035130
        1.904      0.025311      -0.035025
       1.9044      0.025205      -0.034920
       1.9048      0.025098      -0.034813
       1.9052      0.024991      -0.034706
       1.9056      0.024883      -0.034599
        1.906      0.024775      -0.034491
       1.9064      0.024666      -0.034382
       1.9068      0.024556      -0.034273
       1.9072      0.024446      -0.034163
       1.9076      0.024335      -0.034052
        1.908      0.024223      -0.033941
       1.9084      0.024111      -0.033830
       1.9088      0.023999      -0.033718
       1.9092      0.023886      -0.033605
       1.9096      0.023772      -0.033492
         1.91      0.023658      -0.033378
       1.9104      0.023543      -0.033264
       1.9108      0.023428      -0.033149
       1.9112      0.023312      -0.033033
       1.9116      0.023195      -0.032917
        1.912      0.023078      -0.032801
       1.9124      0.022961      -0.032684
       1.9128      0.022843      -0.032566
       1.9132      0.022725      -0.032448
       1.9136      0.022605      -0.032330
        1.914      0.022486      -0.032210
       1.9144      0.022366      -0.032091
       1.9148      0.022245      -0.031971
       1.9152      0.022124      -0.031850
       1.9156      0.022003      -0.031729
        1.916      0.021881      -0.031607
       1.9164      0.021758      -0.031485
       1.9168      0.021635      -0.031363
       1.9172      0.021512      -0.031240
       1.9176      0.021388      -0.031116
        1.918      0.021263      -0.030992
       1.9184      0.021138      -0.030868
       1.9188      0.021013      -0.030743
       1.9192      0.020887      -0.030617
       1.9196      0.020761      -0.030492
         1.92      0.020634      -0.030365
       1.9204      0.020507      -0.030239
       1.9208      0.020379      -0.030111
       1.9212      0.020251      -0.029984
       1.9216      0.020123      -0.029856
        1.922      0.019994      -0.029727
       1.9224      0.019865      -0.029598
       1.9228      0.019735      -0.029469
       1.9232      0.019605      -0.029339
       1.9236      0.019474      -0.029209
        1.924      0.019343      -0.029078
       1.9244      0.019211      -0.028947
       1.9248      0.019080      -0.028816
       1.9252      0.018947      -0.028684
       1.9256      0.018815      -0.028552
        1.926      0.018682      -0.028420
       1.9264      0.018548      -0.028287
       1.9268      0.018415      -0.028153
       1.9272      0.018280      -0.028020
       1.9276      0.018146      -0.027885
        1.928      0.018011      -0.027751
       1.9284      0.017876      -0.027616
       1.9288      0.017740      -0.027481
       1.9292      0.017604      -0.027345
       1.9296      0.017468      -0.027210
         1.93      0.017331      -0.027073
       1.9304      0.017194      -0.026937
       1.9308      0.017057      -0.026800
       1.9312      0.016919      -0.026663
       1.9316      0.016781      -0.026525
        1.932      0.016643      -0.026387
       1.9324      0.016504      -0.026249
       1.9328      0.016365      -0.026110
       1.9332      0.016226      -0.025972
       1.9336      0.016086      -0.025832
        1.934      0.015946      -0.025693
       1.9344      0.015806      -0.025553
       1.9348      0.015665      -0.025413
       1.9352      0.015524      -0.025273
       1.9356      0.015383      -0.025132
        1.936      0.015242      -0.024991
       1.9364      0.015100      -0.024850
       1.9368      0.014958      -0.024708
       1.9372      0.014816      -0.024567
       1.9376      0.014674      -0.024425
        1.938      0.014531      -0.024282
       1.9384      0.014388      -0.024140
       1.9388      0.014245      -0.023997
       1.9392      0.014101      -0.023854
       1.9396      0.013957      -0.023710
         1.94      0.013813      -0.023567
       1.9404      0.013669      -0.023423
       1.9408      0.013525      -0.023279
       1.9412      0.013380      -0.023135
       1.9416      0.013235      -0.022990
        1.942      0.013090      -0.022846
       1.9424      0.012944      -0.022701
       1.9428      0.012799      -0.022556
       1.9432      0.012653      -0.022410
       1.9436      0.012507      -0.022265
        1.944      0.012361      -0.022119
       1.9444      0.012214      -0.021973
       1.9448      0.012068      -0.021827
       1.9452      0.011921      -0.021681
       1.9456      0.011774      -0.021534
        1.946      0.011627      -0.021387
       1.9464      0.011480      -0.021240
       1.9468      0.011332      -0.021093
       1.9472      0.011185      -0.020946
       1.9476      0.011037      -0.020799
        1.948      0.010889      -0.020651
       1.9484      0.010741      -0.020504
       1.9488      0.010592      -0.020356
       1.9492      0.010444      -0.020208
       1.9496      0.010295      -0.020060
         1.95      0.010147      -0.019911
       1.9504      0.009998      -0.019763
       1.9508      0.009849      -0.019614
       1.9512      0.009700      -0.019466
       1.9516      0.009550      -0.019317
        1.952      0.009401      -0.019168
       1.9524      0.009252      -0.019019
       1.9528      0.009102      -0.018870
       1.9532      0.008952      -0.018721
       1.9536      0.008802      -0.018571
        1.954      0.008653      -0.018422
       1.9544      0.008503      -0.018272
       1.9548      0.008353      -0.018123
       1.9552      0.008202      -0.017973
       1.9556      0.008052      -0.017823
        1.956      0.007902      -0.017673
       1.9564      0.007751      -0.017523
       1.9568      0.007601      -0.017373
       1.9572      0.007450      -0.017223
       1.9576      0.007300      -0.017073
        1.958      0.007149      -0.016923
       1.9584      0.006998      -0.016772
       1.9588      0.006848      -0.016622
       1.9592      0.006697      -0.016471
       1.9596      0.006546      -0.016321
         1.96      0.006395      -0.016171
       1.9604      0.006244      -0.016020
       1.9608      0.006093      -0.015869
       1.9612      0.005942      -0.015719
       1.9616      0.005791      -0.015568
        1.962      0.005640      -0.015418
       1.9624      0.005489      -0.015267
       1.9628      0.005338      -0.015116
       1.9632      0.005187      -0.014966
       1.9636      0.005035      -0.014815
        1.964      0.004884      -0.014664
       1.9644      0.004733      -0.014513
       1.9648      0.004582      -0.014363
       1.9652      0.004431      -0.014212
       1.9656      0.004280      -0.014061
        1.966      0.004129      -0.013911
       1.9664      0.003978      -0.013760
       1.9668      0.003827      -0.013609
       1.9672      0.003676      -0.013459
       1.9676      0.003525      -0.013308
        1.968      0.003374      -0.013158
       1.9684      0.003223      -0.013007
       1.9688      0.003072      -0.012857
       1.9692      0.002921      -0.012706
       1.9696      0.002770      -0.012556
         1.97      0.002619      -0.012406
       1.9704      0.002469      -0.012255
       1.9708      0.002318      -0.012105
       1.9712      0.002168      -0.011955
       1.9716      0.002017      -0.011805
        1.972      0.001867      -0.011655
       1.9724      0.001716      -0.011505
       1.9728      0.001566      -0.011355
       1.9732      0.001416      -0.011205
       1.9736      0.001266      -0.011055
        1.974      0.001115      -0.010906
       1.9744      0.000965      -0.010756
       1.9748      0.000816      -0.010607
       1.9752      0.000666      -0.010457
       1.9756      0.000516      -0.010308
        1.976      0.000367      -0.010159
       1.9764      0.000217      -0.010010
       1.9768      0.000068      -0.009861
       1.9772      -0.000082      -0.009712
       1.9776      -0.000231      -0.009563
        1.978      -0.000380      -0.009414
       1.9784      -0.000529      -0.009266
       1.9788      -0.000678      -0.009117
       1.9792      -0.000826      -0.008969
       1.9796      -0.000975      -0.008821
         1.98      -0.001123      -0.008673
       1.9804      -0.001272      -0.008525
       1.9808      -0.001420      -0.008377
       1.9812      -0.001568      -0.008229
       1.9816      -0.001716      -0.008082
        1.982      -0.001863      -0.007935
       1.9824      -0.002011      -0.007787
       1.9828      -0.002158      -0.007640
       1.9832      -0.002306      -0.007494
       1.9836      -0.002453      -0.007347
        1.984      -0.002600      -0.007200
       1.9844      -0.002746      -0.007054
       1.9848      -0.002893      -0.006908
       1.9852      -0.003039      -0.006762
       1.9856      -0.003186      -0.006616
        1.986      -0.003332      -0.006470
       1.9864      -0.003478      -0.006324
       1.9868      -0.003623      -0.006179
       1.9872      -0.003769      -0.006034
       1.9876      -0.003914      -0.005889
        1.988      -0.004060      -0.005744
       1.9884      -0.004205      -0.005599
       1.9888      -0.004349      -0.005455
       1.9892      -0.004494      -0.005311
       1.9896      -0.004638      -0.005167
         1.99      -0.004783      -0.005023
       1.9904      -0.004927      -0.004879
       1.9908      -0.005070      -0.004736
       1.9912      -0.005214      -0.004593
       1.9916      -0.005357      -0.004450
        1.992      -0.005500      -0.004307
       1.9924      -0.005643      -0.004164
       1.9928      -0.005786      -0.004022
       1.9932      -0.005929      -0.003880
       1.9936      -0.006071      -0.003738
        1.994      -0.006213      -0.003596
       1.9944      -0.006355      -0.003455
       1.9948      -0.006496      -0.003314
       1.9952      -0.006638      -0.003173
       1.9956      -0.006779      -0.003032
        1.996      -0.006919      -0.002891
       1.9964      -0.007060      -0.002751
       1.9968      -0.007200      -0.002611
       1.9972      -0.007341      -0.002471
       1.9976      -0.007480      -0.002332
        1.998      -0.007620      -0.002193
       1.9984      -0.007759      -0.002054
       1.9988      -0.007899      -0.001915
       1.9992      -0.008037      -0.001776
       1.9996      -0.008176      -0.001638
            2      -0.008314      -0.001500
       2.0004      -0.008453      -0.001362
       2.0008      -0.008590      -0.001225
       2.0012      -0.008728      -0.001088
       2.0016      -0.008865      -0.000951
        2.002      -0.009002      -0.000814
       2.0024      -0.009139      -0.000678
       2.0028      -0.009275      -0.000541
       2.0032      -0.009411      -0.000406
       2.0036      -0.009547      -0.000270
        2.004      -0.009683      -0.000135
       2.0044      -0.009818      0.000000
       2.0048      -0.009953      0.000135
       2.0052      -0.010088      0.000269
       2.0056      -0.010223      0.000403
        2.006      -0.010357      0.000537
       2.0064      -0.010491      0.000671
       2.0068      -0.010624      0.000804
       2.0072      -0.010758      0.000937
       2.0076      -0.010891      0.001070
        2.008      -0.011023      0.001202
       2.0084      -0.011156      0.001334
       2.0088      -0.011288      0.001466
       2.0092      -0.011419      0.001597
       2.0096      -0.011551      0.001729
         2.01      -0.011682      0.001859
       2.0104      -0.011813      0.001990
       2.0108      -0.011943      0.002120
       2.0112      -0.012074      0.002250
       2.0116      -0.012204      0.002380
        2.012      -0.012333      0.002509
       2.0124      -0.012463      0.002638
       2.0128      -0.012591      0.002766
       2.0132      -0.012720      0.002895
       2.0136      -0.012848      0.003023
        2.014      -0.012976      0.003150
       2.0144      -0.013104      0.003278
       2.0148      -0.013231      0.003405
       2.0152      -0.013358      0.003532
       2.0156      -0.013485      0.003658
        2.016      -0.013611      0.003784
       2.0164      -0.013737      0.003910
       2.0168      -0.013863      0.004035
       2.0172      -0.013988      0.004160
       2.0176      -0.014113      0.004285
        2.018      -0.014238      0.004409
       2.0184      -0.014362      0.004533
       2.0188      -0.014486      0.004657
       2.0192      -0.014610      0.004780
       2.0196      -0.014733      0.004903
         2.02      -0.014856      0.005026
       2.0204      -0.014979      0.005148
       2.0208      -0.015101      0.005270
       2.0212      -0.015223      0.005392
       2.0216      -0.015345      0.005513
        2.022      -0.015466      0.005634
       2.0224      -0.015587      0.005754
       2.0228      -0.015707      0.005875
       2.0232      -0.015827      0.005994
       2.0236      -0.015947      0.006114
        2.024      -0.016067      0.006233
       2.0244      -0.016186      0.006352
       2.0248      -0.016305      0.006470
       2.0252      -0.016423      0.006588
       2.0256      -0.016541      0.006706
        2.026      -0.016659      0.006824
       2.0264      -0.016776      0.006941
       2.0268      -0.016893      0.007057
       2.0272      -0.017009      0.007174
       2.0276      -0.017126      0.007289
        2.028      -0.017242      0.007405
       2.0284      -0.017357      0.007520
       2.0288      -0.017472      0.007635
       2.0292      -0.017587      0.007750
       2.0296      -0.017701      0.007864
         2.03      -0.017815      0.007977
       2.0304      -0.017929      0.008091
       2.0308      -0.018042      0.008204
       2.0312      -0.018155      0.008316
       2.0316      -0.018268      0.008429
        2.032      -0.018380      0.008540
       2.0324      -0.018492      0.008652
       2.0328      -0.018603      0.008763
       2.0332      -0.018714      0.008874
       2.0336      -0.018825      0.008984
        2.034      -0.018935      0.009094
       2.0344      -0.019045      0.009204
       2.0348      -0.019154      0.009313
       2.0352      -0.019264      0.009422
       2.0356      -0.019372      0.009531
        2.036      -0.019481      0.009639
       2.0364      -0.019589      0.009746
       2.0368      -0.019696      0.009854
       2.0372      -0.019804      0.009961
       2.0376      -0.019911      0.010067
        2.038      -0.020017      0.010174
       2.0384      -0.020123      0.010280
       2.0388      -0.020229      0.010385
       2.0392      -0.020334      0.010490
       2.0396      -0.020439      0.010595
         2.04      -0.020544      0.010699
       2.0404      -0.020648      0.010803
       2.0408      -0.020752      0.010907
       2.0412      -0.020855      0.011010
       2.0416      -0.020959      0.011113
        2.042      -0.021061      0.011215
       2.0424      -0.021164      0.011317
       2.0428      -0.021265      0.011419
       2.0432      -0.021367      0.011520
       2.0436      -0.021468      0.011621
        2.044      -0.021569      0.011722
       2.0444      -0.021669      0.011822
       2.0448      -0.021769      0.011921
       2.0452      -0.021869      0.012021
       2.0456      -0.021968      0.012120
        2.046      -0.022067      0.012218
       2.0464      -0.022165      0.012316
       2.0468      -0.022263      0.012414
       2.0472      -0.022361      0.012512
       2.0476      -0.022458      0.012609
        2.048      -0.022555      0.012705
       2.0484      -0.022652      0.012802
       2.0488      -0.022748      0.012897
       2.0492      -0.022844      0.012993
       2.0496      -0.022939      0.013088
         2.05      -0.023034      0.013183
       2.0504      -0.023128      0.013277
       2.0508      -0.023223      0.013371
       2.0512      -0.023316      0.013465
       2.0516      -0.023410      0.013558
        2.052      -0.023503      0.013651
       2.0524      -0.023595      0.013743
       2.0528      -0.023688      0.013835
       2.0532      -0.023779      0.013927
       2.0536      -0.023871      0.014018
        2.054      -0.023962      0.014109
       2.0544      -0.024053      0.014199
       2.0548      -0.024143      0.014289
       2.0552      -0.024233      0.014379
       2.0556      -0.024322      0.014468
        2.056      -0.024412      0.014557
       2.0564      -0.024500      0.014645
       2.0568      -0.024589      0.014734
       2.0572      -0.024677      0.014821
       2.0576      -0.024764      0.014909
        2.058      -0.024851      0.014996
       2.0584      -0.024938      0.015082
       2.0588      -0.025025      0.015168
       2.0592      -0.025111      0.015254
       2.0596      -0.025196      0.015340
         2.06      -0.025282      0.015425
       2.0604      -0.025366      0.015509
       2.0608      -0.025451      0.015594
       2.0612      -0.025535      0.015678
       2.0616      -0.025619      0.015761
        2.062      -0.025702      0.015844
       2.0624      -0.025785      0.015927
       2.0628      -0.025868      0.016009
       2.0632      -0.025950      0.016091
       2.0636      -0.026032      0.016173
        2.064      -0.026113      0.016254
       2.0644      -0.026194      0.016335
       2.0648      -0.026275      0.016415
       2.0652      -0.026355      0.016495
       2.0656      -0.026435      0.016575
        2.066      -0.026514      0.016654
       2.0664      -0.026593      0.016733
       2.0668      -0.026672      0.016812
       2.0672      -0.026751      0.016890
       2.0676      -0.026829      0.016968
        2.068      -0.026906      0.017045
       2.0684      -0.026983      0.017122
       2.0688      -0.027060      0.017199
       2.0692      -0.027137      0.017275
       2.0696      -0.027213      0.017351
         2.07      -0.027288      0.017426
       2.0704      -0.027364      0.017501
       2.0708      -0.027439      0.017576
       2.0712      -0.027513      0.017650
       2.0716      -0.027587      0.017724
        2.072      -0.027661      0.017798
       2.0724      -0.027734      0.017871
       2.0728      -0.027808      0.017944
       2.0732      -0.027880      0.018016
       2.0736      -0.027952      0.018088
        2.074      -0.028024      0.018160
       2.0744      -0.028096      0.018231
       2.0748      -0.028167      0.018302
       2.0752      -0.028238      0.018373
       2.0756      -0.028308      0.018443
        2.076      -0.028378      0.018513
       2.0764      -0.028448      0.018583
       2.0768      -0.028517      0.018652
       2.0772      -0.028586      0.018720
       2.0776      -0.028655      0.018789
        2.078      -0.028723      0.018857
       2.0784      -0.028791      0.018924
       2.0788      -0.028858      0.018992
       2.0792      -0.028925      0.019058
       2.0796      -0.028992      0.019125
         2.08      -0.029058      0.019191
       2.0804      -0.029124      0.019257
       2.0808      -0.029190      0.019322
       2.0812      -0.029255      0.019387
       2.0816      -0.029320      0.019452
        2.082      -0.029384      0.019516
       2.0824      -0.029448      0.019580
       2.0828      -0.029512      0.019644
       2.0832      -0.029575      0.019707
       2.0836      -0.029638      0.019770
        2.084      -0.029701      0.019832
       2.0844      -0.029763      0.019894
       2.0848      -0.029825      0.019956
       2.0852      -0.029887      0.020017
       2.0856      -0.029948      0.020078
        2.086      -0.030009      0.020139
       2.0864      -0.030069      0.020199
       2.0868      -0.030129      0.020259
       2.0872      -0.030189      0.020319
       2.0876      -0.030248      0.020378
        2.088      -0.030307      0.020437
       2.0884      -0.030366      0.020495
       2.0888      -0.030424      0.020553
       2.0892      -0.030482      0.020611
       2.0896      -0.030540      0.020668
         2.09      -0.030597      0.020725
       2.0904      -0.030654      0.020782
       2.0908      -0.030710      0.020838
       2.0912      -0.030766      0.020894
       2.0916      -0.030822      0.020950
        2.092      -0.030877      0.021005
       2.0924      -0.030933      0.021060
       2.0928      -0.030987      0.021115
       2.0932      -0.031042      0.021169
       2.0936      -0.031096      0.021223
        2.094      -0.031149      0.021276
       2.0944      -0.031202      0.021329
       2.0948      -0.031255      0.021382
       2.0952      -0.031308      0.021435
       2.0956      -0.031360      0.021487
        2.096      -0.031412      0.021538
       2.0964      -0.031464      0.021590
       2.0968      -0.031515      0.021641
       2.0972      -0.031565      0.021691
       2.0976      -0.031616      0.021742
        2.098      -0.031666      0.021792
       2.0984      -0.031716      0.021841
       2.0988      -0.031765      0.021890
       2.0992      -0.031814      0.021939
       2.0996      -0.031863      0.021988
          2.1      -0.031911      0.022036
       2.1004      -0.031959      0.022084
       2.1008      -0.032007      0.022131
       2.1012      -0.032054      0.022179
       2.1016      -0.032101      0.022225
        2.102      -0.032148      0.022272
       2.1024      -0.032194      0.022318
       2.1028      -0.032240      0.022364
       2.1032      -0.032285      0.022409
       2.1036      -0.032331      0.022454
        2.104      -0.032376      0.022499
       2.1044      -0.032420      0.022543
       2.1048      -0.032464      0.022587
       2.1052      -0.032508      0.022631
       2.1056      -0.032552      0.022674
        2.106      -0.032595      0.022717
       2.1064      -0.032637      0.022760
       2.1068      -0.032680      0.022802
       2.1072      -0.032722      0.022844
       2.1076      -0.032764      0.022886
        2.108      -0.032805      0.022927
       2.1084      -0.032846      0.022968
       2.1088      -0.032887      0.023009
       2.1092      -0.032927      0.023049
       2.1096      -0.032967      0.023089
         2.11      -0.033007      0.023129
       2.1104      -0.033047      0.023168
       2.1108      -0.033086      0.023207
       2.1112      -0.033124      0.023245
       2.1116      -0.033163      0.023284
        2.112      -0.033201      0.023322
       2.1124      -0.033238      0.023359
       2.1128      -0.033276      0.023396
       2.1132      -0.033313      0.023433
       2.1136      -0.033349      0.023470
        2.114      -0.033385      0.023506
       2.1144      -0.033421      0.023542
       2.1148      -0.033457      0.023577
       2.1152      -0.033492      0.023612
       2.1156      -0.033527      0.023647
        2.116      -0.033562      0.023682
       2.1164      -0.033596      0.023716
       2.1168      -0.033630      0.023750
       2.1172      -0.033664      0.023783
       2.1176      -0.033697      0.023816
        2.118      -0.033730      0.023849
       2.1184      -0.033762      0.023882
       2.1188      -0.033795      0.023914
       2.1192      -0.033826      0.023945
       2.1196      -0.033858      0.023977
         2.12      -0.033889      0.024008
       2.1204      -0.033920      0.024039
       2.1208      -0.033951      0.024069
       2.1212      -0.033981      0.024099
       2.1216      -0.034011      0.024129
        2.122      -0.034040      0.024159
       2.1224      -0.034069      0.024188
       2.1228      -0.034098      0.024216
       2.1232      -0.034127      0.024245
       2.1236      -0.034155      0.024273
        2.124      -0.034183      0.024301
       2.1244      -0.034210      0.024328
       2.1248      -0.034237      0.024355
       2.1252      -0.034264      0.024382
       2.1256      -0.034291      0.024408
        2.126      -0.034317      0.024434
       2.1264      -0.034343      0.024460
       2.1268      -0.034368      0.024485
       2.1272      -0.034393      0.024510
       2.1276      -0.034418      0.024535
        2.128      -0.034442      0.024559
       2.1284      -0.034466      0.024583
       2.1288      -0.034490      0.024607
       2.1292      -0.034514      0.024630
       2.1296      -0.034537      0.024653
         2.13      -0.034559      0.024676
       2.1304      -0.034582      0.024698
       2.1308      -0.034604      0.024720
       2.1312      -0.034626      0.024742
       2.1316      -0.034647      0.024763
        2.132      -0.034668      0.024784
       2.1324      -0.034689      0.024805
       2.1328      -0.034709      0.024825
       2.1332      -0.034729      0.024845
       2.1336      -0.034749      0.024865
        2.134      -0.034768      0.024884
       2.1344      -0.034787      0.024903
       2.1348      -0.034806      0.024922
       2.1352      -0.034824      0.024940
       2.1356      -0.034842      0.024958
        2.136      -0.034860      0.024975
       2.1364      -0.034877      0.024993
       2.1368      -0.034894      0.025009
       2.1372      -0.034911      0.025026
       2.1376      -0.034927      0.025042
        2.138      -0.034943      0.025058
       2.1384      -0.034958      0.025074
       2.1388      -0.034974      0.025089
       2.1392      -0.034988      0.025104
       2.1396      -0.035003      0.025118
         2.14      -0.035017      0.025132
       2.1404      -0.035031      0.025146
       2.1408      -0.035044      0.025159
       2.1412      -0.035058      0.025172
       2.1416      -0.035070      0.025185
        2.142      -0.035083      0.025198
       2.1424      -0.035095      0.025210
       2.1428      -0.035107      0.025221
       2.1432      -0.035118      0.025233
       2.1436      -0.035129      0.025244
        2.144      -0.035140      0.025254
       2.1444      -0.035150      0.025265
       2.1448      -0.035160      0.025275
       2.1452      -0.035170      0.025284
       2.1456      -0.035179      0.025293
        2.146      -0.035188      0.025302
       2.1464      -0.035197      0.025311
       2.1468      -0.035205      0.025319
       2.1472      -0.035213      0.025327
       2.1476      -0.035220      0.025334
        2.148      -0.035228      0.025342
       2.1484      -0.035234      0.025348
       2.1488      -0.035241      0.025355
       2.1492      -0.035247      0.025361
       2.1496      -0.035253      0.025367
         2.15      -0.035258      0.025372
       2.1504      -0.035263      0.025377
       2.1508      -0.035268      0.025382
       2.1512      -0.035272      0.025386
       2.1516      -0.035276      0.025390
        2.152      -0.035280      0.025393
       2.1524      -0.035283      0.025397
       2.1528      -0.035286      0.025399
       2.1532      -0.035288      0.025402
       2.1536      -0.035290      0.025404
        2.154      -0.035292      0.025406
       2.1544      -0.035294      0.025407
       2.1548      -0.035295      0.025408
       2.1552      -0.035295      0.025409
       2.1556      -0.035296      0.025409
        2.156      -0.035296      0.025409
       2.1564      -0.035295      0.025409
       2.1568      -0.035295      0.025408
       2.1572      -0.035293      0.025407
       2.1576      -0.035292      0.025405
        2.158      -0.035290      0.025403
       2.1584      -0.035288      0.025401
       2.1588      -0.035285      0.025398
       2.1592      -0.035282      0.025395
       2.1596      -0.035279      0.025392
         2.16      -0.035275      0.025388
       2.1604      -0.035271      0.025384
       2.1608      -0.035266      0.025380
       2.1612      -0.035262      0.025375
       2.1616      -0.035256      0.025369
        2.162      -0.035251      0.025364
       2.1624      -0.035245      0.025358
       2.1628      -0.035238      0.025351
       2.1632      -0.035231      0.025345
       2.1636      -0.035224      0.025337
        2.164      -0.035217      0.025330
       2.1644      -0.035209      0.025322
       2.1648      -0.035201      0.025314
       2.1652      -0.035192      0.025305
       2.1656      -0.035183      0.025296
        2.166      -0.035173      0.025287
       2.1664      -0.035164      0.025277
       2.1668      -0.035153      0.025266
       2.1672      -0.035143      0.025256
       2.1676      -0.035132      0.025245
        2.168      -0.035120      0.025233
       2.1684      -0.035109      0.025222
       2.1688      -0.035096      0.025210
       2.1692      -0.035084      0.025197
       2.1696      -0.035071      0.025184
         2.17      -0.035057      0.025171
       2.1704      -0.035044      0.025157
       2.1708      -0.035030      0.025143
       2.1712      -0.035015      0.025128
       2.1716      -0.035000      0.025113
        2.172      -0.034985      0.025098
       2.1724      -0.034969      0.025082
       2.1728      -0.034953      0.025066
       2.1732      -0.034936      0.025050
       2.1736      -0.034919      0.025033
        2.174      -0.034902      0.025015
       2.1744      -0.034884      0.024998
       2.1748      -0.034866      0.024979
       2.1752      -0.034848      0.024961
       2.1756      -0.034829      0.024942
        2.176      -0.034809      0.024923
       2.1764      -0.034789      0.024903
       2.1768      -0.034769      0.024883
       2.1772      -0.034749      0.024862
       2.1776      -0.034728      0.024841
        2.178      -0.034706      0.024820
       2.1784      -0.034684      0.024798
       2.1788      -0.034662      0.024775
       2.1792      -0.034639      0.024753
       2.1796      -0.034616      0.024730
         2.18      -0.034593      0.024706
       2.1804      -0.034569      0.024682
       2.1808      -0.034544      0.024658
       2.1812      -0.034520      0.024633
       2.1816      -0.034494      0.024608
        2.182      -0.034469      0.024583
       2.1824      -0.034443      0.024557
       2.1828      -0.034416      0.024530
       2.1832      -0.034389      0.024503
       2.1836      -0.034362      0.024476
        2.184      -0.034334      0.024448
       2.1844      -0.034306      0.024420
       2.1848      -0.034277      0.024391
       2.1852      -0.034248      0.024362
       2.1856      -0.034219      0.024333
        2.186      -0.034189      0.024303
       2.1864      -0.034159      0.024273
       2.1868      -0.034128      0.024242
       2.1872      -0.034097      0.024211
       2.1876      -0.034065      0.024179
        2.188      -0.034033      0.024147
       2.1884      -0.034000      0.024115
       2.1888      -0.033968      0.024082
       2.1892      -0.033934      0.024049
       2.1896      -0.033900      0.024015
         2.19      -0.033866      0.023981
       2.1904      -0.033831      0.023946
       2.1908      -0.033796      0.023911
       2.1912      -0.033760      0.023875
       2.1916      -0.033724      0.023839
        2.192      -0.033688      0.023803
       2.1924      -0.033651      0.023766
       2.1928      -0.033614      0.023729
       2.1932      -0.033576      0.023691
       2.1936      -0.033537      0.023653
        2.194      -0.033499      0.023614
       2.1944      -0.033459      0.023575
       2.1948      -0.033420      0.023535
       2.1952      -0.033380      0.023495
       2.1956      -0.033339      0.023455
        2.196      -0.033298      0.023414
       2.1964      -0.033256      0.023372
       2.1968      -0.033215      0.023330
       2.1972      -0.033172      0.023288
       2.1976      -0.033129      0.023245
        2.198      -0.033086      0.023202
       2.1984      -0.033042      0.023158
       2.1988      -0.032998      0.023114
       2.1992      -0.032953      0.023069
       2.1996      -0.032908      0.023024
          2.2      -0.032862      0.022979
       2.2004      -0.032816      0.022933
       2.2008      -0.032770      0.022886
       2.2012      -0.032723      0.022839
       2.2016      -0.032675      0.022792
        2.202      -0.032627      0.022744
       2.2024      -0.032579      0.022695
       2.2028      -0.032530      0.022647
       2.2032      -0.032480      0.022597
       2.2036      -0.032430      0.022547
        2.204      -0.032380      0.022497
       2.2044      -0.032329      0.022446
       2.2048      -0.032278      0.022395
       2.2052      -0.032226      0.022343
       2.2056      -0.032174      0.022291
        2.206      -0.032121      0.022239
       2.2064      -0.032068      0.022186
       2.2068      -0.032014      0.022132
       2.2072      -0.031960      0.022078
       2.2076      -0.031905      0.022023
        2.208      -0.031850      0.021968
       2.2084      -0.031794      0.021913
       2.2088      -0.031738      0.021857
       2.2092      -0.031682      0.021800
       2.2096      -0.031625      0.021743
         2.21      -0.031567      0.021686
       2.2104      -0.031509      0.021628
       2.2108      -0.031450      0.021569
       2.2112      -0.031391      0.021510
       2.2116      -0.031332      0.021451
        2.212      -0.031272      0.021391
       2.2124      -0.031211      0.021331
       2.2128      -0.031150      0.021270
       2.2132      -0.031089      0.021208
       2.2136      -0.031027      0.021147
        2.214      -0.030964      0.021084
       2.2144      -0.030901      0.021021
       2.2148      -0.030838      0.020958
       2.2152      -0.030774      0.020894
       2.2156      -0.030709      0.020830
        2.216      -0.030644      0.020765
       2.2164      -0.030579      0.020700
       2.2168      -0.030513      0.020634
       2.2172      -0.030447      0.020567
       2.2176      -0.030380      0.020501
        2.218      -0.030312      0.020433
       2.2184      -0.030244      0.020366
       2.2188      -0.030176      0.020297
       2.2192      -0.030107      0.020228
       2.2196      -0.030037      0.020159
         2.22      -0.029967      0.020089
       2.2204      -0.029897      0.020019
       2.2208      -0.029826      0.019948
       2.2212      -0.029755      0.019877
       2.2216      -0.029683      0.019805
        2.222      -0.029610      0.019733
       2.2224      -0.029537      0.019660
       2.2228      -0.029464      0.019587
       2.2232      -0.029390      0.019513
       2.2236      -0.029315      0.019438
        2.224      -0.029240      0.019364
       2.2244      -0.029165      0.019288
       2.2248      -0.029089      0.019212
       2.2252      -0.029012      0.019136
       2.2256      -0.028935      0.019059
        2.226      -0.028858      0.018982
       2.2264      -0.028779      0.018904
       2.2268      -0.028701      0.018826
       2.2272      -0.028622      0.018747
       2.2276      -0.028542      0.018667
        2.228      -0.028462      0.018587
       2.2284      -0.028382      0.018507
       2.2288      -0.028301      0.018426
       2.2292      -0.028219      0.018345
       2.2296      -0.028137      0.018263
         2.23      -0.028054      0.018180
       2.2304      -0.027971      0.018097
       2.2308      -0.027887      0.018014
       2.2312      -0.027803      0.017930
       2.2316      -0.027719      0.017845
        2.232      -0.027633      0.017760
       2.2324      -0.027548      0.017675
       2.2328      -0.027461      0.017589
       2.2332      -0.027375      0.017502
       2.2336      -0.027288      0.017415
        2.234      -0.027200      0.017328
       2.2344      -0.027112      0.017240
       2.2348      -0.027023      0.017151
       2.2352      -0.026934      0.017062
       2.2356      -0.026844      0.016973
        2.236      -0.026753      0.016882
       2.2364      -0.026663      0.016792
       2.2368      -0.026571      0.016701
       2.2372      -0.026480      0.016609
       2.2376      -0.026387      0.016517
        2.238      -0.026294      0.016424
       2.2384      -0.026201      0.016331
       2.2388      -0.026107      0.016238
       2.2392      -0.026013      0.016144
       2.2396      -0.025918      0.016049
         2.24      -0.025823      0.015954
       2.2404      -0.025727      0.015858
       2.2408      -0.025630      0.015762
       2.2412      -0.025533      0.015665
       2.2416      -0.025436      0.015568
        2.242      -0.025338      0.015470
       2.2424      -0.025240      0.015372
       2.2428      -0.025141      0.015274
       2.2432      -0.025041      0.015174
       2.2436      -0.024941      0.015075
        2.244      -0.024841      0.014974
       2.2444      -0.024740      0.014874
       2.2448      -0.024639      0.014773
       2.2452      -0.024537      0.014671
       2.2456      -0.024434      0.014569
        2.246      -0.024331      0.014466
       2.2464      -0.024228      0.014363
       2.2468      -0.024124      0.014259
       2.2472      -0.024019      0.014155
       2.2476      -0.023914      0.014050
        2.248      -0.023809      0.013945
       2.2484      -0.023703      0.013839
       2.2488      -0.023596      0.013733
       2.2492      -0.023489      0.013626
       2.2496      -0.023382      0.013519
         2.25      -0.023274      0.013411
       2.2504      -0.023166      0.013303
       2.2508      -0.023057      0.013195
       2.2512      -0.022947      0.013085
       2.2516      -0.022837      0.012976
        2.252      -0.022727      0.012866
       2.2524      -0.022616      0.012755
       2.2528      -0.022505      0.012644
       2.2532      -0.022393      0.012532
       2.2536      -0.022280      0.012420
        2.254      -0.022167      0.012308
       2.2544      -0.022054      0.012195
       2.2548      -0.021940      0.012081
       2.2552      -0.021826      0.011967
       2.2556      -0.021711      0.011853
        2.256      -0.021596      0.011738
       2.2564      -0.021480      0.011622
       2.2568      -0.021364      0.011506
       2.2572      -0.021247      0.011390
       2.2576      -0.021130      0.011273
        2.258      -0.021012      0.011156
       2.2584      -0.020894      0.011038
       2.2588      -0.020776      0.010919
       2.2592      -0.020656      0.010801
       2.2596      -0.020537      0.010681
         2.26      -0.020417      0.010562
       2.2604      -0.020296      0.010442
       2.2608      -0.020175      0.010321
       2.2612      -0.020054      0.010200
       2.2616      -0.019932      0.010078
        2.262      -0.019810      0.009956
       2.2624      -0.019687      0.009834
       2.2628      -0.019564      0.009711
       2.2632      -0.019440      0.009587
       2.2636      -0.019316      0.009463
        2.264      -0.019191      0.009339
       2.2644      -0.019066      0.009214
       2.2648      -0.018940      0.009089
       2.2652      -0.018814      0.008963
       2.2656      -0.018688      0.008837
        2.266      -0.018561      0.008711
       2.2664      -0.018433      0.008584
       2.2668      -0.018306      0.008456
       2.2672      -0.018177      0.008328
       2.2676      -0.018049      0.008200
        2.268      -0.017920      0.008071
       2.2684      -0.017790      0.007942
       2.2688      -0.017660      0.007812
       2.2692      -0.017530      0.007682
       2.2696      -0.017399      0.007552
         2.27      -0.017267      0.007421
       2.2704      -0.017136      0.007290
       2.2708      -0.017003      0.007158
       2.2712      -0.016871      0.007026
       2.2716      -0.016738      0.006893
        2.272      -0.016604      0.006760
       2.2724      -0.016471      0.006626
       2.2728      -0.016336      0.006493
       2.2732      -0.016202      0.006358
       2.2736      -0.016067      0.006224
        2.274      -0.015931      0.006088
       2.2744      -0.015795      0.005953
       2.2748      -0.015659      0.005817
       2.2752      -0.015522      0.005681
       2.2756      -0.015385      0.005544
        2.276      -0.015247      0.005407
       2.2764      -0.015109      0.005269
       2.2768      -0.014971      0.005131
       2.2772      -0.014832      0.004993
       2.2776      -0.014693      0.004854
        2.278      -0.014554      0.004715
       2.2784      -0.014414      0.004576
       2.2788      -0.014274      0.004436
       2.2792      -0.014133      0.004296
       2.2796      -0.013992      0.004155
         2.28      -0.013851      0.004014
       2.2804      -0.013709      0.003873
       2.2808      -0.013567      0.003731
       2.2812      -0.013424      0.003589
       2.2816      -0.013281      0.003446
        2.282      -0.013138      0.003304
       2.2824      -0.012994      0.003160
       2.2828      -0.012850      0.003017
       2.2832      -0.012706      0.002873
       2.2836      -0.012561      0.002729
        2.284      -0.012416      0.002584
       2.2844      -0.012271      0.002439
       2.2848      -0.012125      0.002294
       2.2852      -0.011979      0.002148
       2.2856      -0.011833      0.002002
        2.286      -0.011686      0.001856
       2.2864      -0.011539      0.001709
       2.2868      -0.011391      0.001562
       2.2872      -0.011243      0.001415
       2.2876      -0.011095      0.001267
        2.288      -0.010947      0.001119
       2.2884      -0.010798      0.000971
       2.2888      -0.010649      0.000822
       2.2892      -0.010500      0.000674
       2.2896      -0.010350      0.000524
         2.29      -0.010200      0.000375
       2.2904      -0.010050      0.000225
       2.2908      -0.009899      0.000075
       2.2912      -0.009748      -0.000076
       2.2916      -0.009597      -0.000226
        2.292      -0.009446      -0.000377
       2.2924      -0.009294      -0.000529
       2.2928      -0.009142      -0.000680
       2.2932      -0.008989      -0.000832
       2.2936      -0.008837      -0.000984
        2.294      -0.008684      -0.001137
       2.2944      -0.008531      -0.001289
       2.2948      -0.008377      -0.001442
       2.2952      -0.008223      -0.001596
       2.2956      -0.008069      -0.001749
        2.296      -0.007915      -0.001903
       2.2964      -0.007760      -0.002057
       2.2968      -0.007606      -0.002211
       2.2972      -0.007451      -0.002366
       2.2976      -0.007295      -0.002521
        2.298      -0.007140      -0.002676
       2.2984      -0.006984      -0.002831
       2.2988      -0.006828      -0.002986
       2.2992      -0.006672      -0.003142
       2.2996      -0.006515      -0.003298
          2.3      -0.006359      -0.003454
       2.3004      -0.006202      -0.003611
       2.3008      -0.006044      -0.003767
       2.3012      -0.005887      -0.003924
       2.3016      -0.005729      -0.004081
        2.302      -0.005572      -0.004239
       2.3024      -0.005414      -0.004396
       2.3028      -0.005255      -0.004554
       2.3032      -0.005097      -0.004712
       2.3036      -0.004938      -0.004870
        2.304      -0.004780      -0.005028
       2.3044      -0.004620      -0.005187
       2.3048      -0.004461      -0.005345
       2.3052      -0.004302      -0.005504
       2.3056      -0.004142      -0.005663
        2.306      -0.003983      -0.005822
       2.3064      -0.003823      -0.005982
       2.3068      -0.003663      -0.006141
       2.3072      -0.003502      -0.006301
       2.3076      -0.003342      -0.006461
        2.308      -0.003182      -0.006621
       2.3084      -0.003021      -0.006781
       2.3088      -0.002860      -0.006941
       2.3092      -0.002699      -0.007102
       2.3096      -0.002538      -0.007262
         2.31      -0.002377      -0.007423
       2.3104      -0.002215      -0.007584
       2.3108      -0.002054      -0.007745
       2.3112      -0.001892      -0.007906
       2.3116      -0.001730      -0.008067
        2.312      -0.001568      -0.008228
       2.3124      -0.001406      -0.008390
       2.3128      -0.001244      -0.008551
       2.3132      -0.001082      -0.008713
       2.3136      -0.000920      -0.008875
        2.314      -0.000757      -0.009037
       2.3144      -0.000595      -0.009199
       2.3148      -0.000432      -0.009361
       2.3152      -0.000270      -0.009523
       2.3156      -0.000107      -0.009685
        2.316      0.000056      -0.009847
       2.3164      0.000219      -0.010010
       2.3168      0.000382      -0.010172
       2.3172      0.000545      -0.010334
       2.3176      0.000708      -0.010497
        2.318      0.000871      -0.010660
       2.3184      0.001034      -0.010822
       2.3188      0.001198      -0.010985
       2.3192      0.001361      -0.011148
       2.3196      0.001524      -0.011310
         2.32      0.001688      -0.011473
       2.3204      0.001851      -0.011636
       2.3208      0.002014      -0.011799
       2.3212      0.002178      -0.011962
       2.3216      0.002341      -0.012124
        2.322      0.002505      -0.012287
       2.3224      0.002668      -0.012450
       2.3228      0.002832      -0.012613
       2.3232      0.002995      -0.012776
       2.3236      0.003159      -0.012939
        2.324      0.003322      -0.013102
       2.3244      0.003485      -0.013265
       2.3248      0.003649      -0.013428
       2.3252      0.003812      -0.013590
       2.3256      0.003976      -0.013753
        2.326      0.004139      -0.013916
       2.3264      0.004302      -0.014079
       2.3268      0.004466      -0.014241
       2.3272      0.004629      -0.014404
       2.3276      0.004792      -0.014567
        2.328      0.004955      -0.014729
       2.3284      0.005118      -0.014892
       2.3288      0.005281      -0.015054
       2.3292      0.005444      -0.015216
       2.3296      0.005607      -0.015379
         2.33      0.005770      -0.015541
       2.3304      0.005932      -0.015703
       2.3308      0.006095      -0.015865
       2.3312      0.006258      -0.016027
       2.3316      0.006420      -0.016189
        2.332      0.006582      -0.016350
       2.3324      0.006745      -0.016512
       2.3328      0.006907      -0.016674
       2.3332      0.007069      -0.016835
       2.3336      0.007231      -0.016996
        2.334      0.007392      -0.017158
       2.3344      0.007554      -0.017319
       2.3348      0.007715      -0.017479
       2.3352      0.007877      -0.017640
       2.3356      0.008038      -0.017801
        2.336      0.008199      -0.017961
       2.3364      0.008360      -0.018122
       2.3368      0.008521      -0.018282
       2.3372      0.008682      -0.018442
       2.3376      0.008842      -0.018602
        2.338      0.009002      -0.018762
       2.3384      0.009162      -0.018921
       2.3388      0.009322      -0.019081
       2.3392      0.009482      -0.019240
       2.3396      0.009642      -0.019399
         2.34      0.009801      -0.019557
       2.3404      0.009960      -0.019716
       2.3408      0.010119      -0.019875
       2.3412      0.010278      -0.020033
       2.3416      0.010437      -0.020191
        2.342      0.010595      -0.020348
       2.3424      0.010753      -0.020506
       2.3428      0.010911      -0.020663
       2.3432      0.011069      -0.020820
       2.3436      0.011226      -0.020977
        2.344      0.011383      -0.021134
       2.3444      0.011540      -0.021290
       2.3448      0.011697      -0.021447
       2.3452      0.011854      -0.021602
       2.3456      0.012010      -0.021758
        2.346      0.012166      -0.021913
       2.3464      0.012321      -0.022069
       2.3468      0.012477      -0.022223
       2.3472      0.012632      -0.022378
       2.3476      0.012787      -0.022532
        2.348      0.012941      -0.022686
       2.3484      0.013096      -0.022840
       2.3488      0.013250      -0.022994
       2.3492      0.013403      -0.023147
       2.3496      0.013557      -0.023299
         2.35      0.013710      -0.023452
       2.3504      0.013863      -0.023604
       2.3508      0.014015      -0.023756
       2.3512      0.014167      -0.023908
       2.3516      0.014319      -0.024059
        2.352      0.014471      -0.024210
       2.3524      0.014622      -0.024360
       2.3528      0.014773      -0.024511
       2.3532      0.014923      -0.024661
       2.3536      0.015073      -0.024810
        2.354      0.015223      -0.024959
       2.3544      0.015372      -0.025108
       2.3548      0.015521      -0.025257
       2.3552      0.015670      -0.025405
       2.3556      0.015818      -0.025553
        2.356      0.015966      -0.025700
       2.3564      0.016114      -0.025847
       2.3568      0.016261      -0.025994
       2.3572      0.016408      -0.026140
       2.3576      0.016554      -0.026286
        2.358      0.016700      -0.026431
       2.3584      0.016846      -0.026576
       2.3588      0.016991      -0.026721
       2.3592      0.017136      -0.026865
       2.3596      0.017280      -0.027009
         2.36      0.017424      -0.027152
       2.3604      0.017568      -0.027295
       2.3608      0.017711      -0.027438
       2.3612      0.017853      -0.027580
       2.3616      0.017995      -0.027722
        2.362      0.018137      -0.027863
       2.3624      0.018278      -0.028004
       2.3628      0.018419      -0.028144
       2.3632      0.018560      -0.028284
       2.3636      0.018700      -0.028423
        2.364      0.018839      -0.028562
       2.3644      0.018978      -0.028701
       2.3648      0.019117      -0.028839
       2.3652      0.019255      -0.028976
       2.3656      0.019392      -0.029113
        2.366      0.019529      -0.029250
       2.3664      0.019666      -0.029386
       2.3668      0.019802      -0.029521
       2.3672      0.019938      -0.029656
       2.3676      0.020073      -0.029791
        2.368      0.020207      -0.029925
       2.3684      0.020341      -0.030059
       2.3688      0.020475      -0.030192
       2.3692      0.020608      -0.030324
       2.3696      0.020740      -0.030456
         2.37      0.020872      -0.030588
       2.3704      0.021004      -0.030719
       2.3708      0.021135      -0.030849
       2.3712      0.021265      -0.030979
       2.3716      0.021395      -0.031108
        2.372      0.021524      -0.031237
       2.3724      0.021653      -0.031365
       2.3728      0.021781      -0.031493
       2.3732      0.021908      -0.031620
       2.3736      0.022035      -0.031747
        2.374      0.022162      -0.031873
       2.3744      0.022288      -0.031998
       2.3748      0.022413      -0.032123
       2.3752      0.022538      -0.032247
       2.3756      0.022662      -0.032371
        2.376      0.022785      -0.032494
       2.3764      0.022908      -0.032616
       2.3768      0.023030      -0.032738
       2.3772      0.023152      -0.032859
       2.3776      0.023273      -0.032980
        2.378      0.023394      -0.033100
       2.3784      0.023514      -0.033220
       2.3788      0.023633      -0.033338
       2.3792      0.023752      -0.033457
       2.3796      0.023870      -0.033574
         2.38      0.023987      -0.033691
       2.3804      0.024104      -0.033808
       2.3808      0.024220      -0.033923
       2.3812      0.024335      -0.034038
       2.3816      0.024450      -0.034153
        2.382      0.024564      -0.034266
       2.3824      0.024678      -0.034380
       2.3828      0.024791      -0.034492
       2.3832      0.024903      -0.034604
       2.3836      0.025015      -0.034715
        2.384      0.025125      -0.034826
       2.3844      0.025236      -0.034935
       2.3848      0.025345      -0.035045
       2.3852      0.025454      -0.035153
       2.3856      0.025562      -0.035261
        2.386      0.025670      -0.035368
       2.3864      0.025777      -0.035474
       2.3868      0.025883      -0.035580
       2.3872      0.025988      -0.035685
       2.3876      0.026093      -0.035790
        2.388      0.026197      -0.035893
       2.3884      0.026300      -0.035996
       2.3888      0.026403      -0.036098
       2.3892      0.026505      -0.036200
       2.3896      0.026606      -0.036301
         2.39      0.026706      -0.036401
       2.3904      0.026806      -0.036500
       2.3908      0.026905      -0.036599
       2.3912      0.027004      -0.036697
       2.3916      0.027101      -0.036794
        2.392      0.027198      -0.036891
       2.3924      0.027294      -0.036987
       2.3928      0.027389      -0.037082
       2.3932      0.027484      -0.037176
       2.3936      0.027578      -0.037270
        2.394      0.027671      -0.037362
       2.3944      0.027763      -0.037454
       2.3948      0.027855      -0.037546
       2.3952      0.027946      -0.037636
       2.3956      0.028036      -0.037726
        2.396      0.028125      -0.037815
       2.3964      0.028214      -0.037903
       2.3968      0.028302      -0.037991
       2.3972      0.028389      -0.038078
       2.3976      0.028475      -0.038164
        2.398      0.028561      -0.038249
       2.3984      0.028645      -0.038333
       2.3988      0.028729      -0.038417
       2.3992      0.028812      -0.038500
       2.3996      0.028895      -0.038582
          2.4      0.028976      -0.038663
