# Probe 0 (5.5 -0.5 0)
# Probe 1 (5.5 0.5 0)
#       Probe             0             1
#        Time
       0.0004             (0.999028 0.0010739 0)             (0.998456 -0.0010738 0)
       0.0008             (0.998859 0.0010330 0)             (0.998343 -0.0010330 0)
       0.0012             (0.998691 0.0009938 0)             (0.998229 -0.0009938 0)
       0.0016             (0.998523 0.0009562 0)             (0.998113 -0.0009561 0)
        0.002             (0.998357 0.0009200 0)             (0.997997 -0.0009200 0)
       0.0024             (0.998192 0.0008853 0)             (0.997879 -0.0008853 0)
       0.0028             (0.998028 0.0008521 0)             (0.997760 -0.0008520 0)
       0.0032             (0.997866 0.0008201 0)             (0.997640 -0.0008200 0)
       0.0036             (0.997705 0.0007894 0)             (0.997520 -0.0007894 0)
        0.004             (0.997546 0.0007600 0)             (0.997399 -0.0007599 0)
       0.0044             (0.997389 0.0007317 0)             (0.997278 -0.0007317 0)
       0.0048             (0.997233 0.0007046 0)             (0.997156 -0.0007045 0)
       0.0052             (0.997079 0.0006786 0)             (0.997033 -0.0006785 0)
       0.0056             (0.996927 0.0006536 0)             (0.996910 -0.0006536 0)
        0.006             (0.996777 0.0006297 0)             (0.996787 -0.0006296 0)
       0.0064             (0.996628 0.0006067 0)             (0.996664 -0.0006066 0)
       0.0068             (0.996482 0.0005846 0)             (0.996541 -0.0005846 0)
       0.0072             (0.996338 0.0005635 0)             (0.996418 -0.0005634 0)
       0.0076             (0.996195 0.0005432 0)             (0.996295 -0.0005431 0)
        0.008             (0.996055 0.0005237 0)             (0.996173 -0.0005237 0)
       0.0084             (0.995917 0.0005051 0)             (0.996050 -0.0005050 0)
       0.0088             (0.995780 0.0004872 0)             (0.995928 -0.0004871 0)
       0.0092             (0.995646 0.0004700 0)             (0.995806 -0.0004700 0)
       0.0096             (0.995514 0.0004536 0)             (0.995685 -0.0004535 0)
         0.01             (0.995383 0.0004378 0)             (0.995564 -0.0004377 0)
       0.0104             (0.995255 0.0004227 0)             (0.995444 -0.0004226 0)
       0.0108             (0.995129 0.0004082 0)             (0.995324 -0.0004081 0)
       0.0112             (0.995004 0.0003943 0)             (0.995205 -0.0003943 0)
       0.0116             (0.994882 0.0003811 0)             (0.995087 -0.0003810 0)
        0.012             (0.994761 0.0003683 0)             (0.994970 -0.0003682 0)
       0.0124             (0.994642 0.0003561 0)             (0.994853 -0.0003560 0)
       0.0128             (0.994525 0.0003444 0)             (0.994737 -0.0003443 0)
       0.0132             (0.994410 0.0003332 0)             (0.994622 -0.0003331 0)
       0.0136             (0.994296 0.0003225 0)             (0.994508 -0.0003224 0)
        0.014             (0.994185 0.0003123 0)             (0.994395 -0.0003122 0)
       0.0144             (0.994075 0.0003025 0)             (0.994283 -0.0003024 0)
       0.0148             (0.993966 0.0002931 0)             (0.994172 -0.0002930 0)
       0.0152             (0.993859 0.0002841 0)             (0.994062 -0.0002840 0)
       0.0156             (0.993754 0.0002755 0)             (0.993952 -0.0002754 0)
        0.016             (0.993650 0.0002673 0)             (0.993844 -0.0002672 0)
       0.0164             (0.993548 0.0002595 0)             (0.993737 -0.0002593 0)
       0.0168             (0.993447 0.0002520 0)             (0.993631 -0.0002518 0)
       0.0172             (0.993347 0.0002448 0)             (0.993526 -0.0002447 0)
       0.0176             (0.993249 0.0002380 0)             (0.993422 -0.0002378 0)
        0.018             (0.993152 0.0002315 0)             (0.993320 -0.0002313 0)
       0.0184             (0.993057 0.0002252 0)             (0.993218 -0.0002251 0)
       0.0188             (0.992963 0.0002193 0)             (0.993117 -0.0002191 0)
       0.0192             (0.992870 0.0002136 0)             (0.993018 -0.0002135 0)
       0.0196             (0.992778 0.0002082 0)             (0.992919 -0.0002081 0)
         0.02             (0.992687 0.0002031 0)             (0.992822 -0.0002029 0)
       0.0204             (0.992597 0.0001982 0)             (0.992725 -0.0001980 0)
       0.0208             (0.992509 0.0001935 0)             (0.992630 -0.0001934 0)
       0.0212             (0.992421 0.0001891 0)             (0.992536 -0.0001889 0)
       0.0216             (0.992335 0.0001849 0)             (0.992443 -0.0001847 0)
        0.022             (0.992249 0.0001809 0)             (0.992351 -0.0001807 0)
       0.0224             (0.992165 0.0001771 0)             (0.992260 -0.0001769 0)
       0.0228             (0.992081 0.0001735 0)             (0.992170 -0.0001733 0)
       0.0232             (0.991998 0.0001700 0)             (0.992081 -0.0001699 0)
       0.0236             (0.991916 0.0001668 0)             (0.991993 -0.0001666 0)
        0.024             (0.991835 0.0001637 0)             (0.991906 -0.0001636 0)
       0.0244             (0.991755 0.0001609 0)             (0.991820 -0.0001607 0)
       0.0248             (0.991676 0.0001581 0)             (0.991735 -0.0001579 0)
       0.0252             (0.991597 0.0001555 0)             (0.991651 -0.0001553 0)
       0.0256             (0.991519 0.0001531 0)             (0.991568 -0.0001529 0)
        0.026             (0.991442 0.0001508 0)             (0.991486 -0.0001506 0)
       0.0264             (0.991365 0.0001487 0)             (0.991404 -0.0001485 0)
       0.0268             (0.991290 0.0001467 0)             (0.991324 -0.0001465 0)
       0.0272             (0.991215 0.0001448 0)             (0.991245 -0.0001446 0)
       0.0276             (0.991140 0.0001430 0)             (0.991166 -0.0001428 0)
        0.028             (0.991067 0.0001414 0)             (0.991088 -0.0001412 0)
       0.0284             (0.990993 0.0001399 0)             (0.991011 -0.0001397 0)
       0.0288             (0.990921 0.0001385 0)             (0.990935 -0.0001383 0)
       0.0292             (0.990849 0.0001372 0)             (0.990860 -0.0001369 0)
       0.0296             (0.990778 0.0001360 0)             (0.990786 -0.0001357 0)
         0.03             (0.990707 0.0001349 0)             (0.990712 -0.0001346 0)
       0.0304             (0.990637 0.0001339 0)             (0.990639 -0.0001336 0)
       0.0308             (0.990568 0.0001330 0)             (0.990567 -0.0001327 0)
       0.0312             (0.990499 0.0001321 0)             (0.990496 -0.0001319 0)
       0.0316             (0.990430 0.0001314 0)             (0.990425 -0.0001312 0)
        0.032             (0.990362 0.0001308 0)             (0.990356 -0.0001305 0)
       0.0324             (0.990295 0.0001302 0)             (0.990286 -0.0001299 0)
       0.0328             (0.990228 0.0001297 0)             (0.990218 -0.0001294 0)
       0.0332             (0.990162 0.0001293 0)             (0.990150 -0.0001290 0)
       0.0336             (0.990096 0.0001289 0)             (0.990083 -0.0001287 0)
        0.034             (0.990031 0.0001287 0)             (0.990017 -0.0001284 0)
       0.0344             (0.989966 0.0001285 0)             (0.989951 -0.0001282 0)
       0.0348             (0.989902 0.0001283 0)             (0.989886 -0.0001280 0)
       0.0352             (0.989839 0.0001283 0)             (0.989822 -0.0001280 0)
       0.0356             (0.989775 0.0001282 0)             (0.989758 -0.0001279 0)
        0.036             (0.989713 0.0001283 0)             (0.989694 -0.0001280 0)
       0.0364             (0.989650 0.0001284 0)             (0.989632 -0.0001281 0)
       0.0368             (0.989589 0.0001285 0)             (0.989570 -0.0001282 0)
       0.0372             (0.989528 0.0001287 0)             (0.989508 -0.0001284 0)
       0.0376             (0.989467 0.0001290 0)             (0.989448 -0.0001287 0)
        0.038             (0.989407 0.0001293 0)             (0.989387 -0.0001290 0)
       0.0384             (0.989347 0.0001297 0)             (0.989327 -0.0001294 0)
       0.0388             (0.989287 0.0001301 0)             (0.989268 -0.0001298 0)
       0.0392             (0.989229 0.0001305 0)             (0.989210 -0.0001302 0)
       0.0396             (0.989170 0.0001310 0)             (0.989151 -0.0001307 0)
         0.04             (0.989112 0.0001316 0)             (0.989094 -0.0001312 0)
       0.0404             (0.989055 0.0001322 0)             (0.989037 -0.0001318 0)
       0.0408             (0.988998 0.0001328 0)             (0.988980 -0.0001324 0)
       0.0412             (0.988942 0.0001335 0)             (0.988924 -0.0001331 0)
       0.0416             (0.988886 0.0001342 0)             (0.988869 -0.0001338 0)
        0.042             (0.988830 0.0001349 0)             (0.988814 -0.0001345 0)
       0.0424             (0.988775 0.0001357 0)             (0.988759 -0.0001353 0)
       0.0428             (0.988720 0.0001365 0)             (0.988705 -0.0001361 0)
       0.0432             (0.988666 0.0001373 0)             (0.988651 -0.0001369 0)
       0.0436             (0.988612 0.0001382 0)             (0.988598 -0.0001378 0)
        0.044             (0.988559 0.0001391 0)             (0.988546 -0.0001387 0)
       0.0444             (0.988506 0.0001400 0)             (0.988493 -0.0001396 0)
       0.0448             (0.988454 0.0001410 0)             (0.988442 -0.0001406 0)
       0.0452             (0.988402 0.0001420 0)             (0.988390 -0.0001416 0)
       0.0456             (0.988351 0.0001431 0)             (0.988339 -0.0001426 0)
        0.046             (0.988300 0.0001441 0)             (0.988289 -0.0001437 0)
       0.0464             (0.988249 0.0001452 0)             (0.988239 -0.0001448 0)
       0.0468             (0.988199 0.0001463 0)             (0.988190 -0.0001459 0)
       0.0472             (0.988149 0.0001475 0)             (0.988140 -0.0001470 0)
       0.0476             (0.988100 0.0001486 0)             (0.988092 -0.0001482 0)
        0.048             (0.988051 0.0001498 0)             (0.988043 -0.0001494 0)
       0.0484             (0.988003 0.0001510 0)             (0.987996 -0.0001506 0)
       0.0488             (0.987955 0.0001523 0)             (0.987948 -0.0001518 0)
       0.0492             (0.987907 0.0001535 0)             (0.987901 -0.0001531 0)
       0.0496             (0.987860 0.0001548 0)             (0.987855 -0.0001543 0)
         0.05             (0.987814 0.0001561 0)             (0.987808 -0.0001556 0)
       0.0504             (0.987767 0.0001575 0)             (0.987763 -0.0001570 0)
       0.0508             (0.987722 0.0001588 0)             (0.987717 -0.0001583 0)
       0.0512             (0.987676 0.0001602 0)             (0.987672 -0.0001597 0)
       0.0516             (0.987631 0.0001616 0)             (0.987628 -0.0001611 0)
        0.052             (0.987587 0.0001630 0)             (0.987583 -0.0001625 0)
       0.0524             (0.987542 0.0001644 0)             (0.987540 -0.0001639 0)
       0.0528             (0.987499 0.0001659 0)             (0.987496 -0.0001654 0)
       0.0532             (0.987455 0.0001674 0)             (0.987453 -0.0001668 0)
       0.0536             (0.987412 0.0001689 0)             (0.987411 -0.0001683 0)
        0.054             (0.987370 0.0001704 0)             (0.987368 -0.0001698 0)
       0.0544             (0.987327 0.0001719 0)             (0.987326 -0.0001714 0)
       0.0548             (0.987286 0.0001735 0)             (0.987285 -0.0001729 0)
       0.0552             (0.987244 0.0001750 0)             (0.987244 -0.0001745 0)
       0.0556             (0.987203 0.0001766 0)             (0.987203 -0.0001760 0)
        0.056             (0.987162 0.0001782 0)             (0.987162 -0.0001776 0)
       0.0564             (0.987122 0.0001798 0)             (0.987122 -0.0001793 0)
       0.0568             (0.987082 0.0001815 0)             (0.987082 -0.0001809 0)
       0.0572             (0.987043 0.0001831 0)             (0.987043 -0.0001825 0)
       0.0576             (0.987003 0.0001848 0)             (0.987004 -0.0001842 0)
        0.058             (0.986965 0.0001865 0)             (0.986965 -0.0001859 0)
       0.0584             (0.986926 0.0001882 0)             (0.986927 -0.0001876 0)
       0.0588             (0.986888 0.0001899 0)             (0.986889 -0.0001893 0)
       0.0592             (0.986850 0.0001916 0)             (0.986851 -0.0001910 0)
       0.0596             (0.986813 0.0001934 0)             (0.986814 -0.0001928 0)
         0.06             (0.986776 0.0001952 0)             (0.986777 -0.0001945 0)
       0.0604             (0.986739 0.0001969 0)             (0.986740 -0.0001963 0)
       0.0608             (0.986703 0.0001987 0)             (0.986704 -0.0001981 0)
       0.0612             (0.986667 0.0002006 0)             (0.986668 -0.0001999 0)
       0.0616             (0.986631 0.0002024 0)             (0.986632 -0.0002017 0)
        0.062             (0.986596 0.0002042 0)             (0.986597 -0.0002036 0)
       0.0624             (0.986561 0.0002061 0)             (0.986562 -0.0002054 0)
       0.0628             (0.986526 0.0002080 0)             (0.986527 -0.0002073 0)
       0.0632             (0.986492 0.0002098 0)             (0.986493 -0.0002092 0)
       0.0636             (0.986458 0.0002117 0)             (0.986459 -0.0002111 0)
        0.064             (0.986424 0.0002137 0)             (0.986425 -0.0002130 0)
       0.0644             (0.986390 0.0002156 0)             (0.986392 -0.0002149 0)
       0.0648             (0.986357 0.0002175 0)             (0.986359 -0.0002168 0)
       0.0652             (0.986324 0.0002195 0)             (0.986326 -0.0002188 0)
       0.0656             (0.986292 0.0002215 0)             (0.986293 -0.0002207 0)
        0.066             (0.986260 0.0002235 0)             (0.986261 -0.0002227 0)
       0.0664             (0.986228 0.0002255 0)             (0.986229 -0.0002247 0)
       0.0668             (0.986196 0.0002275 0)             (0.986197 -0.0002267 0)
       0.0672             (0.986165 0.0002295 0)             (0.986166 -0.0002287 0)
       0.0676             (0.986134 0.0002315 0)             (0.986135 -0.0002308 0)
        0.068             (0.986103 0.0002336 0)             (0.986104 -0.0002328 0)
       0.0684             (0.986073 0.0002357 0)             (0.986074 -0.0002349 0)
       0.0688             (0.986043 0.0002377 0)             (0.986044 -0.0002369 0)
       0.0692             (0.986013 0.0002398 0)             (0.986014 -0.0002390 0)
       0.0696             (0.985983 0.0002419 0)             (0.985984 -0.0002411 0)
         0.07             (0.985954 0.0002441 0)             (0.985955 -0.0002432 0)
       0.0704             (0.985925 0.0002462 0)             (0.985925 -0.0002454 0)
       0.0708             (0.985896 0.0002484 0)             (0.985897 -0.0002475 0)
       0.0712             (0.985868 0.0002505 0)             (0.985868 -0.0002497 0)
       0.0716             (0.985839 0.0002527 0)             (0.985840 -0.0002518 0)
        0.072             (0.985811 0.0002549 0)             (0.985812 -0.0002540 0)
       0.0724             (0.985784 0.0002571 0)             (0.985784 -0.0002562 0)
       0.0728             (0.985756 0.0002593 0)             (0.985757 -0.0002584 0)
       0.0732             (0.985729 0.0002615 0)             (0.985729 -0.0002606 0)
       0.0736             (0.985702 0.0002638 0)             (0.985702 -0.0002629 0)
        0.074             (0.985675 0.0002660 0)             (0.985676 -0.0002651 0)
       0.0744             (0.985649 0.0002683 0)             (0.985649 -0.0002674 0)
       0.0748             (0.985623 0.0002705 0)             (0.985623 -0.0002696 0)
       0.0752             (0.985597 0.0002728 0)             (0.985597 -0.0002719 0)
       0.0756             (0.985571 0.0002751 0)             (0.985571 -0.0002742 0)
        0.076             (0.985546 0.0002775 0)             (0.985546 -0.0002765 0)
       0.0764             (0.985520 0.0002798 0)             (0.985520 -0.0002788 0)
       0.0768             (0.985495 0.0002821 0)             (0.985495 -0.0002812 0)
       0.0772             (0.985471 0.0002845 0)             (0.985470 -0.0002835 0)
       0.0776             (0.985446 0.0002869 0)             (0.985446 -0.0002859 0)
        0.078             (0.985422 0.0002892 0)             (0.985422 -0.0002882 0)
       0.0784             (0.985398 0.0002916 0)             (0.985397 -0.0002906 0)
       0.0788             (0.985374 0.0002940 0)             (0.985374 -0.0002930 0)
       0.0792             (0.985350 0.0002965 0)             (0.985350 -0.0002954 0)
       0.0796             (0.985327 0.0002989 0)             (0.985327 -0.0002979 0)
         0.08             (0.985304 0.0003013 0)             (0.985303 -0.0003003 0)
       0.0804             (0.985281 0.0003038 0)             (0.985280 -0.0003027 0)
       0.0808             (0.985258 0.0003063 0)             (0.985258 -0.0003052 0)
       0.0812             (0.985236 0.0003087 0)             (0.985235 -0.0003077 0)
       0.0816             (0.985213 0.0003112 0)             (0.985213 -0.0003101 0)
        0.082             (0.985191 0.0003137 0)             (0.985191 -0.0003126 0)
       0.0824             (0.985169 0.0003163 0)             (0.985169 -0.0003152 0)
       0.0828             (0.985148 0.0003188 0)             (0.985147 -0.0003177 0)
       0.0832             (0.985126 0.0003213 0)             (0.985125 -0.0003202 0)
       0.0836             (0.985105 0.0003239 0)             (0.985104 -0.0003228 0)
        0.084             (0.985084 0.0003265 0)             (0.985083 -0.0003253 0)
       0.0844             (0.985063 0.0003290 0)             (0.985062 -0.0003279 0)
       0.0848             (0.985042 0.0003316 0)             (0.985042 -0.0003305 0)
       0.0852             (0.985022 0.0003343 0)             (0.985021 -0.0003331 0)
       0.0856             (0.985001 0.0003369 0)             (0.985001 -0.0003357 0)
        0.086             (0.984981 0.0003395 0)             (0.984981 -0.0003383 0)
       0.0864             (0.984961 0.0003422 0)             (0.984961 -0.0003409 0)
       0.0868             (0.984942 0.0003448 0)             (0.984941 -0.0003436 0)
       0.0872             (0.984922 0.0003475 0)             (0.984922 -0.0003463 0)
       0.0876             (0.984903 0.0003502 0)             (0.984902 -0.0003489 0)
        0.088             (0.984884 0.0003529 0)             (0.984883 -0.0003516 0)
       0.0884             (0.984865 0.0003556 0)             (0.984864 -0.0003543 0)
       0.0888             (0.984846 0.0003583 0)             (0.984845 -0.0003570 0)
       0.0892             (0.984827 0.0003610 0)             (0.984827 -0.0003597 0)
       0.0896             (0.984809 0.0003638 0)             (0.984808 -0.0003625 0)
         0.09             (0.984791 0.0003665 0)             (0.984790 -0.0003652 0)
       0.0904             (0.984773 0.0003693 0)             (0.984772 -0.0003680 0)
       0.0908             (0.984755 0.0003721 0)             (0.984754 -0.0003708 0)
       0.0912             (0.984737 0.0003749 0)             (0.984736 -0.0003735 0)
       0.0916             (0.984720 0.0003777 0)             (0.984719 -0.0003763 0)
        0.092             (0.984702 0.0003805 0)             (0.984701 -0.0003791 0)
       0.0924             (0.984685 0.0003833 0)             (0.984684 -0.0003820 0)
       0.0928             (0.984668 0.0003862 0)             (0.984667 -0.0003848 0)
       0.0932             (0.984651 0.0003890 0)             (0.984650 -0.0003876 0)
       0.0936             (0.984634 0.0003919 0)             (0.984633 -0.0003905 0)
        0.094             (0.984618 0.0003948 0)             (0.984617 -0.0003934 0)
       0.0944             (0.984601 0.0003977 0)             (0.984601 -0.0003963 0)
       0.0948             (0.984585 0.0004006 0)             (0.984584 -0.0003992 0)
       0.0952             (0.984569 0.0004035 0)             (0.984568 -0.0004021 0)
       0.0956             (0.984553 0.0004065 0)             (0.984552 -0.0004050 0)
        0.096             (0.984537 0.0004094 0)             (0.984537 -0.0004079 0)
       0.0964             (0.984522 0.0004124 0)             (0.984521 -0.0004109 0)
       0.0968             (0.984506 0.0004153 0)             (0.984505 -0.0004138 0)
       0.0972             (0.984491 0.0004183 0)             (0.984490 -0.0004168 0)
       0.0976             (0.984476 0.0004213 0)             (0.984475 -0.0004198 0)
        0.098             (0.984461 0.0004243 0)             (0.984460 -0.0004228 0)
       0.0984             (0.984446 0.0004273 0)             (0.984445 -0.0004258 0)
       0.0988             (0.984431 0.0004304 0)             (0.984430 -0.0004288 0)
       0.0992             (0.984417 0.0004334 0)             (0.984416 -0.0004318 0)
       0.0996             (0.984402 0.0004365 0)             (0.984401 -0.0004349 0)
          0.1             (0.984388 0.0004395 0)             (0.984387 -0.0004379 0)
       0.1004             (0.984374 0.0004426 0)             (0.984373 -0.0004410 0)
       0.1008             (0.984360 0.0004457 0)             (0.984359 -0.0004441 0)
       0.1012             (0.984346 0.0004488 0)             (0.984345 -0.0004472 0)
       0.1016             (0.984332 0.0004520 0)             (0.984331 -0.0004503 0)
        0.102             (0.984319 0.0004551 0)             (0.984318 -0.0004534 0)
       0.1024             (0.984305 0.0004582 0)             (0.984304 -0.0004565 0)
       0.1028             (0.984292 0.0004614 0)             (0.984291 -0.0004597 0)
       0.1032             (0.984279 0.0004646 0)             (0.984278 -0.0004628 0)
       0.1036             (0.984266 0.0004677 0)             (0.984265 -0.0004660 0)
        0.104             (0.984253 0.0004709 0)             (0.984252 -0.0004692 0)
       0.1044             (0.984240 0.0004741 0)             (0.984239 -0.0004724 0)
       0.1048             (0.984227 0.0004773 0)             (0.984227 -0.0004756 0)
       0.1052             (0.984215 0.0004806 0)             (0.984214 -0.0004788 0)
       0.1056             (0.984203 0.0004838 0)             (0.984202 -0.0004820 0)
        0.106             (0.984190 0.0004871 0)             (0.984189 -0.0004852 0)
       0.1064             (0.984178 0.0004903 0)             (0.984177 -0.0004885 0)
       0.1068             (0.984166 0.0004936 0)             (0.984165 -0.0004918 0)
       0.1072             (0.984154 0.0004969 0)             (0.984153 -0.0004950 0)
       0.1076             (0.984142 0.0005002 0)             (0.984142 -0.0004983 0)
        0.108             (0.984131 0.0005035 0)             (0.984130 -0.0005016 0)
       0.1084             (0.984119 0.0005069 0)             (0.984118 -0.0005049 0)
       0.1088             (0.984108 0.0005102 0)             (0.984107 -0.0005083 0)
       0.1092             (0.984096 0.0005135 0)             (0.984096 -0.0005116 0)
       0.1096             (0.984085 0.0005169 0)             (0.984084 -0.0005149 0)
         0.11             (0.984074 0.0005203 0)             (0.984073 -0.0005183 0)
       0.1104             (0.984063 0.0005237 0)             (0.984062 -0.0005217 0)
       0.1108             (0.984052 0.0005271 0)             (0.984051 -0.0005251 0)
       0.1112             (0.984042 0.0005305 0)             (0.984041 -0.0005285 0)
       0.1116             (0.984031 0.0005339 0)             (0.984030 -0.0005319 0)
        0.112             (0.984021 0.0005373 0)             (0.984020 -0.0005353 0)
       0.1124             (0.984010 0.0005408 0)             (0.984009 -0.0005387 0)
       0.1128             (0.984000 0.0005442 0)             (0.983999 -0.0005421 0)
       0.1132             (0.983990 0.0005477 0)             (0.983989 -0.0005456 0)
       0.1136             (0.983980 0.0005512 0)             (0.983979 -0.0005491 0)
        0.114             (0.983970 0.0005547 0)             (0.983969 -0.0005525 0)
       0.1144             (0.983960 0.0005582 0)             (0.983959 -0.0005560 0)
       0.1148             (0.983950 0.0005617 0)             (0.983949 -0.0005595 0)
       0.1152             (0.983940 0.0005652 0)             (0.983939 -0.0005630 0)
       0.1156             (0.983931 0.0005688 0)             (0.983930 -0.0005666 0)
        0.116             (0.983921 0.0005723 0)             (0.983920 -0.0005701 0)
       0.1164             (0.983912 0.0005759 0)             (0.983911 -0.0005736 0)
       0.1168             (0.983903 0.0005795 0)             (0.983902 -0.0005772 0)
       0.1172             (0.983893 0.0005830 0)             (0.983892 -0.0005808 0)
       0.1176             (0.983884 0.0005866 0)             (0.983883 -0.0005844 0)
        0.118             (0.983875 0.0005903 0)             (0.983874 -0.0005879 0)
       0.1184             (0.983866 0.0005939 0)             (0.983865 -0.0005916 0)
       0.1188             (0.983858 0.0005975 0)             (0.983857 -0.0005952 0)
       0.1192             (0.983849 0.0006011 0)             (0.983848 -0.0005988 0)
       0.1196             (0.983840 0.0006048 0)             (0.983839 -0.0006024 0)
         0.12             (0.983832 0.0006085 0)             (0.983831 -0.0006061 0)
       0.1204             (0.983823 0.0006121 0)             (0.983822 -0.0006097 0)
       0.1208             (0.983815 0.0006158 0)             (0.983814 -0.0006134 0)
       0.1212             (0.983807 0.0006195 0)             (0.983806 -0.0006171 0)
       0.1216             (0.983799 0.0006232 0)             (0.983798 -0.0006208 0)
        0.122             (0.983791 0.0006270 0)             (0.983790 -0.0006245 0)
       0.1224             (0.983783 0.0006307 0)             (0.983782 -0.0006282 0)
       0.1228             (0.983775 0.0006344 0)             (0.983774 -0.0006319 0)
       0.1232             (0.983767 0.0006382 0)             (0.983766 -0.0006357 0)
       0.1236             (0.983759 0.0006420 0)             (0.983758 -0.0006394 0)
        0.124             (0.983752 0.0006457 0)             (0.983750 -0.0006432 0)
       0.1244             (0.983744 0.0006495 0)             (0.983743 -0.0006469 0)
       0.1248             (0.983737 0.0006533 0)             (0.983735 -0.0006507 0)
       0.1252             (0.983729 0.0006571 0)             (0.983728 -0.0006545 0)
       0.1256             (0.983722 0.0006609 0)             (0.983721 -0.0006583 0)
        0.126             (0.983715 0.0006648 0)             (0.983713 -0.0006621 0)
       0.1264             (0.983708 0.0006686 0)             (0.983706 -0.0006659 0)
       0.1268             (0.983700 0.0006725 0)             (0.983699 -0.0006698 0)
       0.1272             (0.983693 0.0006763 0)             (0.983692 -0.0006736 0)
       0.1276             (0.983687 0.0006802 0)             (0.983685 -0.0006775 0)
        0.128             (0.983680 0.0006841 0)             (0.983678 -0.0006813 0)
       0.1284             (0.983673 0.0006880 0)             (0.983672 -0.0006852 0)
       0.1288             (0.983666 0.0006919 0)             (0.983665 -0.0006891 0)
       0.1292             (0.983660 0.0006958 0)             (0.983658 -0.0006930 0)
       0.1296             (0.983653 0.0006997 0)             (0.983652 -0.0006969 0)
         0.13             (0.983647 0.0007036 0)             (0.983645 -0.0007008 0)
       0.1304             (0.983640 0.0007076 0)             (0.983639 -0.0007047 0)
       0.1308             (0.983634 0.0007115 0)             (0.983633 -0.0007086 0)
       0.1312             (0.983628 0.0007155 0)             (0.983626 -0.0007126 0)
       0.1316             (0.983622 0.0007195 0)             (0.983620 -0.0007165 0)
        0.132             (0.983615 0.0007235 0)             (0.983614 -0.0007205 0)
       0.1324             (0.983609 0.0007275 0)             (0.983608 -0.0007245 0)
       0.1328             (0.983603 0.0007315 0)             (0.983602 -0.0007284 0)
       0.1332             (0.983598 0.0007355 0)             (0.983596 -0.0007324 0)
       0.1336             (0.983592 0.0007395 0)             (0.983590 -0.0007364 0)
        0.134             (0.983586 0.0007435 0)             (0.983585 -0.0007404 0)
       0.1344             (0.983580 0.0007476 0)             (0.983579 -0.0007445 0)
       0.1348             (0.983575 0.0007516 0)             (0.983573 -0.0007485 0)
       0.1352             (0.983569 0.0007557 0)             (0.983568 -0.0007525 0)
       0.1356             (0.983563 0.0007597 0)             (0.983562 -0.0007566 0)
        0.136             (0.983558 0.0007638 0)             (0.983557 -0.0007606 0)
       0.1364             (0.983553 0.0007679 0)             (0.983551 -0.0007647 0)
       0.1368             (0.983547 0.0007720 0)             (0.983546 -0.0007687 0)
       0.1372             (0.983542 0.0007761 0)             (0.983541 -0.0007728 0)
       0.1376             (0.983537 0.0007802 0)             (0.983535 -0.0007769 0)
        0.138             (0.983532 0.0007843 0)             (0.983530 -0.0007810 0)
       0.1384             (0.983527 0.0007885 0)             (0.983525 -0.0007851 0)
       0.1388             (0.983522 0.0007926 0)             (0.983520 -0.0007892 0)
       0.1392             (0.983517 0.0007967 0)             (0.983515 -0.0007934 0)
       0.1396             (0.983512 0.0008009 0)             (0.983510 -0.0007975 0)
         0.14             (0.983507 0.0008051 0)             (0.983505 -0.0008016 0)
       0.1404             (0.983502 0.0008092 0)             (0.983501 -0.0008058 0)
       0.1408             (0.983497 0.0008134 0)             (0.983496 -0.0008099 0)
       0.1412             (0.983493 0.0008176 0)             (0.983491 -0.0008141 0)
       0.1416             (0.983488 0.0008218 0)             (0.983487 -0.0008183 0)
        0.142             (0.983483 0.0008260 0)             (0.983482 -0.0008225 0)
       0.1424             (0.983479 0.0008302 0)             (0.983477 -0.0008266 0)
       0.1428             (0.983475 0.0008344 0)             (0.983473 -0.0008308 0)
       0.1432             (0.983470 0.0008387 0)             (0.983469 -0.0008350 0)
       0.1436             (0.983466 0.0008429 0)             (0.983464 -0.0008392 0)
        0.144             (0.983461 0.0008471 0)             (0.983460 -0.0008435 0)
       0.1444             (0.983457 0.0008514 0)             (0.983456 -0.0008477 0)
       0.1448             (0.983453 0.0008556 0)             (0.983451 -0.0008519 0)
       0.1452             (0.983449 0.0008599 0)             (0.983447 -0.0008562 0)
       0.1456             (0.983445 0.0008642 0)             (0.983443 -0.0008604 0)
        0.146             (0.983441 0.0008684 0)             (0.983439 -0.0008647 0)
       0.1464             (0.983437 0.0008727 0)             (0.983435 -0.0008689 0)
       0.1468             (0.983433 0.0008770 0)             (0.983431 -0.0008732 0)
       0.1472             (0.983429 0.0008813 0)             (0.983427 -0.0008775 0)
       0.1476             (0.983425 0.0008856 0)             (0.983423 -0.0008817 0)
        0.148             (0.983421 0.0008899 0)             (0.983419 -0.0008860 0)
       0.1484             (0.983417 0.0008942 0)             (0.983416 -0.0008903 0)
       0.1488             (0.983414 0.0008986 0)             (0.983412 -0.0008946 0)
       0.1492             (0.983410 0.0009029 0)             (0.983408 -0.0008989 0)
       0.1496             (0.983406 0.0009072 0)             (0.983405 -0.0009032 0)
         0.15             (0.983403 0.0009116 0)             (0.983401 -0.0009075 0)
       0.1504             (0.983399 0.0009159 0)             (0.983398 -0.0009118 0)
       0.1508             (0.983396 0.0009203 0)             (0.983394 -0.0009162 0)
       0.1512             (0.983392 0.0009246 0)             (0.983391 -0.0009205 0)
       0.1516             (0.983389 0.0009290 0)             (0.983387 -0.0009248 0)
        0.152             (0.983385 0.0009334 0)             (0.983384 -0.0009292 0)
       0.1524             (0.983382 0.0009377 0)             (0.983380 -0.0009335 0)
       0.1528             (0.983379 0.0009421 0)             (0.983377 -0.0009379 0)
       0.1532             (0.983376 0.0009465 0)             (0.983374 -0.0009422 0)
       0.1536             (0.983372 0.0009509 0)             (0.983371 -0.0009466 0)
        0.154             (0.983369 0.0009553 0)             (0.983367 -0.0009510 0)
       0.1544             (0.983366 0.0009597 0)             (0.983364 -0.0009553 0)
       0.1548             (0.983363 0.0009641 0)             (0.983361 -0.0009597 0)
       0.1552             (0.983360 0.0009685 0)             (0.983358 -0.0009641 0)
       0.1556             (0.983357 0.0009729 0)             (0.983355 -0.0009685 0)
        0.156             (0.983354 0.0009773 0)             (0.983352 -0.0009728 0)
       0.1564             (0.983351 0.0009817 0)             (0.983349 -0.0009772 0)
       0.1568             (0.983348 0.0009861 0)             (0.983346 -0.0009816 0)
       0.1572             (0.983345 0.0009906 0)             (0.983343 -0.0009860 0)
       0.1576             (0.983342 0.0009950 0)             (0.983340 -0.0009904 0)
        0.158             (0.983339 0.0009994 0)             (0.983338 -0.0009948 0)
       0.1584             (0.983337 0.0010039 0)             (0.983335 -0.0009992 0)
       0.1588             (0.983334 0.0010083 0)             (0.983332 -0.0010036 0)
       0.1592             (0.983331 0.0010127 0)             (0.983329 -0.0010080 0)
       0.1596             (0.983329 0.0010172 0)             (0.983327 -0.0010124 0)
         0.16             (0.983326 0.0010216 0)             (0.983324 -0.0010169 0)
       0.1604             (0.983323 0.0010261 0)             (0.983321 -0.0010213 0)
       0.1608             (0.983321 0.0010305 0)             (0.983319 -0.0010257 0)
       0.1612             (0.983318 0.0010350 0)             (0.983316 -0.0010301 0)
       0.1616             (0.983316 0.0010394 0)             (0.983314 -0.0010345 0)
        0.162             (0.983313 0.0010439 0)             (0.983311 -0.0010390 0)
       0.1624             (0.983311 0.0010483 0)             (0.983309 -0.0010434 0)
       0.1628             (0.983308 0.0010528 0)             (0.983306 -0.0010478 0)
       0.1632             (0.983306 0.0010572 0)             (0.983304 -0.0010522 0)
       0.1636             (0.983304 0.0010617 0)             (0.983302 -0.0010567 0)
        0.164             (0.983301 0.0010662 0)             (0.983299 -0.0010611 0)
       0.1644             (0.983299 0.0010706 0)             (0.983297 -0.0010655 0)
       0.1648             (0.983297 0.0010751 0)             (0.983295 -0.0010699 0)
       0.1652             (0.983294 0.0010795 0)             (0.983292 -0.0010744 0)
       0.1656             (0.983292 0.0010840 0)             (0.983290 -0.0010788 0)
        0.166             (0.983290 0.0010885 0)             (0.983288 -0.0010832 0)
       0.1664             (0.983288 0.0010929 0)             (0.983286 -0.0010877 0)
       0.1668             (0.983286 0.0010974 0)             (0.983284 -0.0010921 0)
       0.1672             (0.983283 0.0011018 0)             (0.983282 -0.0010965 0)
       0.1676             (0.983281 0.0011063 0)             (0.983279 -0.0011009 0)
        0.168             (0.983279 0.0011108 0)             (0.983277 -0.0011054 0)
       0.1684             (0.983277 0.0011152 0)             (0.983275 -0.0011098 0)
       0.1688             (0.983275 0.0011197 0)             (0.983273 -0.0011142 0)
       0.1692             (0.983273 0.0011241 0)             (0.983271 -0.0011186 0)
       0.1696             (0.983271 0.0011286 0)             (0.983269 -0.0011230 0)
         0.17             (0.983269 0.0011330 0)             (0.983267 -0.0011275 0)
       0.1704             (0.983267 0.0011375 0)             (0.983265 -0.0011319 0)
       0.1708             (0.983265 0.0011419 0)             (0.983263 -0.0011363 0)
       0.1712             (0.983264 0.0011464 0)             (0.983262 -0.0011407 0)
       0.1716             (0.983262 0.0011508 0)             (0.983260 -0.0011451 0)
        0.172             (0.983260 0.0011552 0)             (0.983258 -0.0011495 0)
       0.1724             (0.983258 0.0011597 0)             (0.983256 -0.0011539 0)
       0.1728             (0.983256 0.0011641 0)             (0.983254 -0.0011583 0)
       0.1732             (0.983254 0.0011685 0)             (0.983252 -0.0011627 0)
       0.1736             (0.983253 0.0011729 0)             (0.983251 -0.0011670 0)
        0.174             (0.983251 0.0011773 0)             (0.983249 -0.0011714 0)
       0.1744             (0.983249 0.0011818 0)             (0.983247 -0.0011758 0)
       0.1748             (0.983247 0.0011862 0)             (0.983245 -0.0011802 0)
       0.1752             (0.983246 0.0011906 0)             (0.983244 -0.0011845 0)
       0.1756             (0.983244 0.0011950 0)             (0.983242 -0.0011889 0)
        0.176             (0.983242 0.0011994 0)             (0.983240 -0.0011933 0)
       0.1764             (0.983241 0.0012037 0)             (0.983239 -0.0011976 0)
       0.1768             (0.983239 0.0012081 0)             (0.983237 -0.0012019 0)
       0.1772             (0.983238 0.0012125 0)             (0.983235 -0.0012063 0)
       0.1776             (0.983236 0.0012169 0)             (0.983234 -0.0012106 0)
        0.178             (0.983234 0.0012212 0)             (0.983232 -0.0012149 0)
       0.1784             (0.983233 0.0012256 0)             (0.983231 -0.0012192 0)
       0.1788             (0.983231 0.0012299 0)             (0.983229 -0.0012235 0)
       0.1792             (0.983230 0.0012342 0)             (0.983228 -0.0012278 0)
       0.1796             (0.983228 0.0012386 0)             (0.983226 -0.0012321 0)
         0.18             (0.983227 0.0012429 0)             (0.983225 -0.0012364 0)
       0.1804             (0.983225 0.0012472 0)             (0.983223 -0.0012407 0)
       0.1808             (0.983224 0.0012515 0)             (0.983222 -0.0012450 0)
       0.1812             (0.983222 0.0012558 0)             (0.983220 -0.0012492 0)
       0.1816             (0.983221 0.0012601 0)             (0.983219 -0.0012535 0)
        0.182             (0.983219 0.0012644 0)             (0.983217 -0.0012577 0)
       0.1824             (0.983218 0.0012686 0)             (0.983216 -0.0012619 0)
       0.1828             (0.983217 0.0012729 0)             (0.983214 -0.0012661 0)
       0.1832             (0.983215 0.0012771 0)             (0.983213 -0.0012703 0)
       0.1836             (0.983214 0.0012814 0)             (0.983212 -0.0012745 0)
        0.184             (0.983212 0.0012856 0)             (0.983210 -0.0012787 0)
       0.1844             (0.983211 0.0012898 0)             (0.983209 -0.0012829 0)
       0.1848             (0.983210 0.0012940 0)             (0.983207 -0.0012871 0)
       0.1852             (0.983208 0.0012982 0)             (0.983206 -0.0012912 0)
       0.1856             (0.983207 0.0013024 0)             (0.983205 -0.0012953 0)
        0.186             (0.983206 0.0013065 0)             (0.983203 -0.0012995 0)
       0.1864             (0.983204 0.0013107 0)             (0.983202 -0.0013036 0)
       0.1868             (0.983203 0.0013148 0)             (0.983201 -0.0013077 0)
       0.1872             (0.983202 0.0013189 0)             (0.983199 -0.0013117 0)
       0.1876             (0.983200 0.0013231 0)             (0.983198 -0.0013158 0)
        0.188             (0.983199 0.0013272 0)             (0.983197 -0.0013199 0)
       0.1884             (0.983198 0.0013312 0)             (0.983195 -0.0013239 0)
       0.1888             (0.983196 0.0013353 0)             (0.983194 -0.0013279 0)
       0.1892             (0.983195 0.0013394 0)             (0.983193 -0.0013319 0)
       0.1896             (0.983194 0.0013434 0)             (0.983192 -0.0013359 0)
         0.19             (0.983193 0.0013474 0)             (0.983190 -0.0013399 0)
       0.1904             (0.983191 0.0013514 0)             (0.983189 -0.0013439 0)
       0.1908             (0.983190 0.0013554 0)             (0.983188 -0.0013478 0)
       0.1912             (0.983189 0.0013594 0)             (0.983187 -0.0013517 0)
       0.1916             (0.983188 0.0013633 0)             (0.983185 -0.0013556 0)
        0.192             (0.983186 0.0013672 0)             (0.983184 -0.0013595 0)
       0.1924             (0.983185 0.0013712 0)             (0.983183 -0.0013634 0)
       0.1928             (0.983184 0.0013751 0)             (0.983182 -0.0013673 0)
       0.1932             (0.983183 0.0013789 0)             (0.983180 -0.0013711 0)
       0.1936             (0.983181 0.0013828 0)             (0.983179 -0.0013749 0)
        0.194             (0.983180 0.0013866 0)             (0.983178 -0.0013787 0)
       0.1944             (0.983179 0.0013904 0)             (0.983177 -0.0013825 0)
       0.1948             (0.983178 0.0013942 0)             (0.983175 -0.0013862 0)
       0.1952             (0.983177 0.0013980 0)             (0.983174 -0.0013899 0)
       0.1956             (0.983175 0.0014018 0)             (0.983173 -0.0013937 0)
        0.196             (0.983174 0.0014055 0)             (0.983172 -0.0013973 0)
       0.1964             (0.983173 0.0014092 0)             (0.983171 -0.0014010 0)
       0.1968             (0.983172 0.0014129 0)             (0.983169 -0.0014046 0)
       0.1972             (0.983170 0.0014166 0)             (0.983168 -0.0014083 0)
       0.1976             (0.983169 0.0014202 0)             (0.983167 -0.0014119 0)
        0.198             (0.983168 0.0014238 0)             (0.983166 -0.0014154 0)
       0.1984             (0.983167 0.0014274 0)             (0.983164 -0.0014190 0)
       0.1988             (0.983166 0.0014310 0)             (0.983163 -0.0014225 0)
       0.1992             (0.983164 0.0014345 0)             (0.983162 -0.0014260 0)
       0.1996             (0.983163 0.0014380 0)             (0.983161 -0.0014295 0)
          0.2             (0.983162 0.0014415 0)             (0.983160 -0.0014329 0)
       0.2004             (0.983161 0.0014450 0)             (0.983158 -0.0014363 0)
       0.2008             (0.983159 0.0014484 0)             (0.983157 -0.0014397 0)
       0.2012             (0.983158 0.0014518 0)             (0.983156 -0.0014431 0)
       0.2016             (0.983157 0.0014552 0)             (0.983155 -0.0014464 0)
        0.202             (0.983156 0.0014586 0)             (0.983153 -0.0014497 0)
       0.2024             (0.983155 0.0014619 0)             (0.983152 -0.0014530 0)
       0.2028             (0.983153 0.0014652 0)             (0.983151 -0.0014562 0)
       0.2032             (0.983152 0.0014685 0)             (0.983150 -0.0014594 0)
       0.2036             (0.983151 0.0014717 0)             (0.983148 -0.0014626 0)
        0.204             (0.983150 0.0014749 0)             (0.983147 -0.0014658 0)
       0.2044             (0.983148 0.0014781 0)             (0.983146 -0.0014689 0)
       0.2048             (0.983147 0.0014812 0)             (0.983145 -0.0014720 0)
       0.2052             (0.983146 0.0014843 0)             (0.983143 -0.0014750 0)
       0.2056             (0.983144 0.0014874 0)             (0.983142 -0.0014780 0)
        0.206             (0.983143 0.0014904 0)             (0.983141 -0.0014810 0)
       0.2064             (0.983142 0.0014934 0)             (0.983140 -0.0014840 0)
       0.2068             (0.983141 0.0014964 0)             (0.983138 -0.0014869 0)
       0.2072             (0.983139 0.0014993 0)             (0.983137 -0.0014898 0)
       0.2076             (0.983138 0.0015022 0)             (0.983136 -0.0014926 0)
        0.208             (0.983137 0.0015051 0)             (0.983134 -0.0014954 0)
       0.2084             (0.983135 0.0015079 0)             (0.983133 -0.0014982 0)
       0.2088             (0.983134 0.0015107 0)             (0.983132 -0.0015009 0)
       0.2092             (0.983133 0.0015134 0)             (0.983130 -0.0015036 0)
       0.2096             (0.983131 0.0015161 0)             (0.983129 -0.0015063 0)
         0.21             (0.983130 0.0015188 0)             (0.983128 -0.0015089 0)
       0.2104             (0.983129 0.0015214 0)             (0.983126 -0.0015115 0)
       0.2108             (0.983127 0.0015240 0)             (0.983125 -0.0015140 0)
       0.2112             (0.983126 0.0015266 0)             (0.983123 -0.0015165 0)
       0.2116             (0.983124 0.0015291 0)             (0.983122 -0.0015190 0)
        0.212             (0.983123 0.0015316 0)             (0.983121 -0.0015214 0)
       0.2124             (0.983122 0.0015340 0)             (0.983119 -0.0015238 0)
       0.2128             (0.983120 0.0015364 0)             (0.983118 -0.0015261 0)
       0.2132             (0.983119 0.0015387 0)             (0.983116 -0.0015284 0)
       0.2136             (0.983117 0.0015410 0)             (0.983115 -0.0015306 0)
        0.214             (0.983116 0.0015432 0)             (0.983114 -0.0015328 0)
       0.2144             (0.983114 0.0015454 0)             (0.983112 -0.0015349 0)
       0.2148             (0.983113 0.0015476 0)             (0.983111 -0.0015370 0)
       0.2152             (0.983111 0.0015497 0)             (0.983109 -0.0015391 0)
       0.2156             (0.983110 0.0015517 0)             (0.983108 -0.0015411 0)
        0.216             (0.983108 0.0015537 0)             (0.983106 -0.0015430 0)
       0.2164             (0.983107 0.0015557 0)             (0.983105 -0.0015449 0)
       0.2168             (0.983105 0.0015576 0)             (0.983103 -0.0015468 0)
       0.2172             (0.983104 0.0015594 0)             (0.983101 -0.0015486 0)
       0.2176             (0.983102 0.0015612 0)             (0.983100 -0.0015503 0)
        0.218             (0.983101 0.0015630 0)             (0.983098 -0.0015520 0)
       0.2184             (0.983099 0.0015647 0)             (0.983097 -0.0015536 0)
       0.2188             (0.983097 0.0015663 0)             (0.983095 -0.0015552 0)
       0.2192             (0.983096 0.0015679 0)             (0.983093 -0.0015568 0)
       0.2196             (0.983094 0.0015695 0)             (0.983092 -0.0015582 0)
         0.22             (0.983092 0.0015709 0)             (0.983090 -0.0015597 0)
       0.2204             (0.983091 0.0015724 0)             (0.983088 -0.0015610 0)
       0.2208             (0.983089 0.0015737 0)             (0.983087 -0.0015623 0)
       0.2212             (0.983087 0.0015750 0)             (0.983085 -0.0015636 0)
       0.2216             (0.983086 0.0015763 0)             (0.983083 -0.0015648 0)
        0.222             (0.983084 0.0015775 0)             (0.983082 -0.0015659 0)
       0.2224             (0.983082 0.0015786 0)             (0.983080 -0.0015669 0)
       0.2228             (0.983080 0.0015796 0)             (0.983078 -0.0015680 0)
       0.2232             (0.983079 0.0015806 0)             (0.983076 -0.0015689 0)
       0.2236             (0.983077 0.0015816 0)             (0.983074 -0.0015698 0)
        0.224             (0.983075 0.0015825 0)             (0.983073 -0.0015706 0)
       0.2244             (0.983073 0.0015833 0)             (0.983071 -0.0015713 0)
       0.2248             (0.983071 0.0015840 0)             (0.983069 -0.0015720 0)
       0.2252             (0.983069 0.0015847 0)             (0.983067 -0.0015726 0)
       0.2256             (0.983067 0.0015853 0)             (0.983065 -0.0015732 0)
        0.226             (0.983066 0.0015859 0)             (0.983063 -0.0015737 0)
       0.2264             (0.983064 0.0015863 0)             (0.983061 -0.0015741 0)
       0.2268             (0.983062 0.0015867 0)             (0.983059 -0.0015744 0)
       0.2272             (0.983060 0.0015871 0)             (0.983057 -0.0015747 0)
       0.2276             (0.983058 0.0015873 0)             (0.983055 -0.0015749 0)
        0.228             (0.983056 0.0015875 0)             (0.983053 -0.0015750 0)
       0.2284             (0.983054 0.0015876 0)             (0.983051 -0.0015751 0)
       0.2288             (0.983052 0.0015877 0)             (0.983049 -0.0015751 0)
       0.2292             (0.983049 0.0015877 0)             (0.983047 -0.0015750 0)
       0.2296             (0.983047 0.0015876 0)             (0.983045 -0.0015748 0)
         0.23             (0.983045 0.0015874 0)             (0.983043 -0.0015746 0)
       0.2304             (0.983043 0.0015871 0)             (0.983041 -0.0015742 0)
       0.2308             (0.983041 0.0015868 0)             (0.983039 -0.0015738 0)
       0.2312             (0.983039 0.0015863 0)             (0.983037 -0.0015734 0)
       0.2316             (0.983037 0.0015858 0)             (0.983034 -0.0015728 0)
        0.232             (0.983034 0.0015853 0)             (0.983032 -0.0015722 0)
       0.2324             (0.983032 0.0015846 0)             (0.983030 -0.0015714 0)
       0.2328             (0.983030 0.0015839 0)             (0.983028 -0.0015706 0)
       0.2332             (0.983027 0.0015830 0)             (0.983025 -0.0015697 0)
       0.2336             (0.983025 0.0015821 0)             (0.983023 -0.0015687 0)
        0.234             (0.983023 0.0015811 0)             (0.983021 -0.0015677 0)
       0.2344             (0.983020 0.0015800 0)             (0.983018 -0.0015665 0)
       0.2348             (0.983018 0.0015788 0)             (0.983016 -0.0015653 0)
       0.2352             (0.983016 0.0015776 0)             (0.983013 -0.0015639 0)
       0.2356             (0.983013 0.0015762 0)             (0.983011 -0.0015625 0)
        0.236             (0.983011 0.0015747 0)             (0.983008 -0.0015610 0)
       0.2364             (0.983008 0.0015732 0)             (0.983006 -0.0015594 0)
       0.2368             (0.983006 0.0015716 0)             (0.983003 -0.0015577 0)
       0.2372             (0.983003 0.0015698 0)             (0.983001 -0.0015559 0)
       0.2376             (0.983000 0.0015680 0)             (0.982998 -0.0015540 0)
        0.238             (0.982998 0.0015661 0)             (0.982996 -0.0015520 0)
       0.2384             (0.982995 0.0015640 0)             (0.982993 -0.0015499 0)
       0.2388             (0.982992 0.0015619 0)             (0.982990 -0.0015477 0)
       0.2392             (0.982990 0.0015597 0)             (0.982988 -0.0015454 0)
       0.2396             (0.982987 0.0015574 0)             (0.982985 -0.0015430 0)
         0.24             (0.982984 0.0015549 0)             (0.982982 -0.0015405 0)
       0.2404             (0.982982 0.0015524 0)             (0.982979 -0.0015379 0)
       0.2408             (0.982979 0.0015498 0)             (0.982977 -0.0015352 0)
       0.2412             (0.982976 0.0015470 0)             (0.982974 -0.0015324 0)
       0.2416             (0.982973 0.0015442 0)             (0.982971 -0.0015295 0)
        0.242             (0.982970 0.0015412 0)             (0.982968 -0.0015264 0)
       0.2424             (0.982967 0.0015382 0)             (0.982965 -0.0015233 0)
       0.2428             (0.982964 0.0015350 0)             (0.982962 -0.0015201 0)
       0.2432             (0.982961 0.0015317 0)             (0.982959 -0.0015167 0)
       0.2436             (0.982958 0.0015283 0)             (0.982956 -0.0015132 0)
        0.244             (0.982955 0.0015248 0)             (0.982953 -0.0015096 0)
       0.2444             (0.982952 0.0015211 0)             (0.982950 -0.0015059 0)
       0.2448             (0.982949 0.0015174 0)             (0.982947 -0.0015021 0)
       0.2452             (0.982946 0.0015135 0)             (0.982944 -0.0014982 0)
       0.2456             (0.982943 0.0015095 0)             (0.982941 -0.0014941 0)
        0.246             (0.982939 0.0015054 0)             (0.982938 -0.0014899 0)
       0.2464             (0.982936 0.0015012 0)             (0.982934 -0.0014856 0)
       0.2468             (0.982933 0.0014968 0)             (0.982931 -0.0014812 0)
       0.2472             (0.982930 0.0014923 0)             (0.982928 -0.0014767 0)
       0.2476             (0.982926 0.0014877 0)             (0.982925 -0.0014720 0)
        0.248             (0.982923 0.0014830 0)             (0.982921 -0.0014672 0)
       0.2484             (0.982920 0.0014781 0)             (0.982918 -0.0014623 0)
       0.2488             (0.982916 0.0014732 0)             (0.982914 -0.0014572 0)
       0.2492             (0.982913 0.0014680 0)             (0.982911 -0.0014520 0)
       0.2496             (0.982909 0.0014628 0)             (0.982907 -0.0014467 0)
         0.25             (0.982906 0.0014574 0)             (0.982904 -0.0014412 0)
       0.2504             (0.982902 0.0014519 0)             (0.982900 -0.0014356 0)
       0.2508             (0.982898 0.0014462 0)             (0.982897 -0.0014299 0)
       0.2512             (0.982895 0.0014404 0)             (0.982893 -0.0014240 0)
       0.2516             (0.982891 0.0014345 0)             (0.982889 -0.0014180 0)
        0.252             (0.982887 0.0014284 0)             (0.982886 -0.0014119 0)
       0.2524             (0.982884 0.0014222 0)             (0.982882 -0.0014056 0)
       0.2528             (0.982880 0.0014158 0)             (0.982878 -0.0013991 0)
       0.2532             (0.982876 0.0014093 0)             (0.982874 -0.0013925 0)
       0.2536             (0.982872 0.0014027 0)             (0.982871 -0.0013858 0)
        0.254             (0.982868 0.0013958 0)             (0.982867 -0.0013789 0)
       0.2544             (0.982864 0.0013889 0)             (0.982863 -0.0013719 0)
       0.2548             (0.982860 0.0013818 0)             (0.982859 -0.0013647 0)
       0.2552             (0.982856 0.0013745 0)             (0.982855 -0.0013574 0)
       0.2556             (0.982852 0.0013671 0)             (0.982851 -0.0013499 0)
        0.256             (0.982848 0.0013596 0)             (0.982847 -0.0013423 0)
       0.2564             (0.982844 0.0013518 0)             (0.982843 -0.0013345 0)
       0.2568             (0.982840 0.0013440 0)             (0.982839 -0.0013265 0)
       0.2572             (0.982836 0.0013359 0)             (0.982834 -0.0013184 0)
       0.2576             (0.982832 0.0013277 0)             (0.982830 -0.0013101 0)
        0.258             (0.982827 0.0013193 0)             (0.982826 -0.0013017 0)
       0.2584             (0.982823 0.0013108 0)             (0.982822 -0.0012931 0)
       0.2588             (0.982819 0.0013021 0)             (0.982817 -0.0012843 0)
       0.2592             (0.982814 0.0012932 0)             (0.982813 -0.0012754 0)
       0.2596             (0.982810 0.0012842 0)             (0.982809 -0.0012663 0)
         0.26             (0.982805 0.0012750 0)             (0.982804 -0.0012570 0)
       0.2604             (0.982801 0.0012656 0)             (0.982800 -0.0012475 0)
       0.2608             (0.982796 0.0012561 0)             (0.982795 -0.0012379 0)
       0.2612             (0.982792 0.0012463 0)             (0.982790 -0.0012281 0)
       0.2616             (0.982787 0.0012364 0)             (0.982786 -0.0012181 0)
        0.262             (0.982782 0.0012263 0)             (0.982781 -0.0012079 0)
       0.2624             (0.982778 0.0012161 0)             (0.982776 -0.0011976 0)
       0.2628             (0.982773 0.0012056 0)             (0.982772 -0.0011871 0)
       0.2632             (0.982768 0.0011950 0)             (0.982767 -0.0011764 0)
       0.2636             (0.982763 0.0011842 0)             (0.982762 -0.0011655 0)
        0.264             (0.982758 0.0011732 0)             (0.982757 -0.0011544 0)
       0.2644             (0.982753 0.0011620 0)             (0.982752 -0.0011431 0)
       0.2648             (0.982748 0.0011506 0)             (0.982747 -0.0011316 0)
       0.2652             (0.982743 0.0011390 0)             (0.982742 -0.0011200 0)
       0.2656             (0.982738 0.0011272 0)             (0.982737 -0.0011081 0)
        0.266             (0.982733 0.0011152 0)             (0.982732 -0.0010961 0)
       0.2664             (0.982728 0.0011031 0)             (0.982727 -0.0010838 0)
       0.2668             (0.982723 0.0010907 0)             (0.982722 -0.0010714 0)
       0.2672             (0.982717 0.0010781 0)             (0.982717 -0.0010587 0)
       0.2676             (0.982712 0.0010653 0)             (0.982711 -0.0010459 0)
        0.268             (0.982707 0.0010523 0)             (0.982706 -0.0010328 0)
       0.2684             (0.982701 0.0010391 0)             (0.982701 -0.0010195 0)
       0.2688             (0.982696 0.0010257 0)             (0.982695 -0.0010061 0)
       0.2692             (0.982690 0.0010121 0)             (0.982690 -0.0009924 0)
       0.2696             (0.982685 0.0009983 0)             (0.982684 -0.0009785 0)
         0.27             (0.982679 0.0009843 0)             (0.982679 -0.0009643 0)
       0.2704             (0.982674 0.0009700 0)             (0.982673 -0.0009500 0)
       0.2708             (0.982668 0.0009555 0)             (0.982667 -0.0009355 0)
       0.2712             (0.982662 0.0009408 0)             (0.982662 -0.0009207 0)
       0.2716             (0.982656 0.0009259 0)             (0.982656 -0.0009057 0)
        0.272             (0.982651 0.0009108 0)             (0.982650 -0.0008905 0)
       0.2724             (0.982645 0.0008954 0)             (0.982644 -0.0008750 0)
       0.2728             (0.982639 0.0008798 0)             (0.982638 -0.0008594 0)
       0.2732             (0.982633 0.0008640 0)             (0.982632 -0.0008435 0)
       0.2736             (0.982627 0.0008479 0)             (0.982626 -0.0008273 0)
        0.274             (0.982621 0.0008316 0)             (0.982620 -0.0008109 0)
       0.2744             (0.982615 0.0008151 0)             (0.982614 -0.0007943 0)
       0.2748             (0.982608 0.0007984 0)             (0.982608 -0.0007775 0)
       0.2752             (0.982602 0.0007813 0)             (0.982602 -0.0007604 0)
       0.2756             (0.982596 0.0007641 0)             (0.982596 -0.0007431 0)
        0.276             (0.982590 0.0007466 0)             (0.982589 -0.0007255 0)
       0.2764             (0.982583 0.0007289 0)             (0.982583 -0.0007077 0)
       0.2768             (0.982577 0.0007109 0)             (0.982576 -0.0006896 0)
       0.2772             (0.982570 0.0006927 0)             (0.982570 -0.0006713 0)
       0.2776             (0.982564 0.0006742 0)             (0.982564 -0.0006528 0)
        0.278             (0.982557 0.0006554 0)             (0.982557 -0.0006340 0)
       0.2784             (0.982550 0.0006364 0)             (0.982550 -0.0006149 0)
       0.2788             (0.982544 0.0006172 0)             (0.982544 -0.0005956 0)
       0.2792             (0.982537 0.0005977 0)             (0.982537 -0.0005760 0)
       0.2796             (0.982530 0.0005779 0)             (0.982530 -0.0005561 0)
         0.28             (0.982523 0.0005578 0)             (0.982523 -0.0005360 0)
       0.2804             (0.982516 0.0005375 0)             (0.982516 -0.0005156 0)
       0.2808             (0.982509 0.0005170 0)             (0.982509 -0.0004950 0)
       0.2812             (0.982502 0.0004961 0)             (0.982502 -0.0004740 0)
       0.2816             (0.982495 0.0004750 0)             (0.982495 -0.0004528 0)
        0.282             (0.982488 0.0004536 0)             (0.982488 -0.0004314 0)
       0.2824             (0.982481 0.0004319 0)             (0.982481 -0.0004096 0)
       0.2828             (0.982474 0.0004100 0)             (0.982474 -0.0003876 0)
       0.2832             (0.982466 0.0003878 0)             (0.982466 -0.0003653 0)
       0.2836             (0.982459 0.0003653 0)             (0.982459 -0.0003427 0)
        0.284             (0.982451 0.0003425 0)             (0.982452 -0.0003198 0)
       0.2844             (0.982444 0.0003194 0)             (0.982444 -0.0002967 0)
       0.2848             (0.982436 0.0002960 0)             (0.982437 -0.0002732 0)
       0.2852             (0.982429 0.0002723 0)             (0.982429 -0.0002495 0)
       0.2856             (0.982421 0.0002484 0)             (0.982422 -0.0002254 0)
        0.286             (0.982413 0.0002241 0)             (0.982414 -0.0002011 0)
       0.2864             (0.982405 0.0001995 0)             (0.982406 -0.0001765 0)
       0.2868             (0.982398 0.0001747 0)             (0.982398 -0.0001515 0)
       0.2872             (0.982390 0.0001495 0)             (0.982390 -0.0001263 0)
       0.2876             (0.982382 0.0001241 0)             (0.982382 -0.0001007 0)
        0.288             (0.982374 0.0000983 0)             (0.982374 -0.0000749 0)
       0.2884             (0.982365 0.0000722 0)             (0.982366 -0.0000487 0)
       0.2888             (0.982357 0.0000458 0)             (0.982358 -0.0000223 0)
       0.2892             (0.982349 0.0000191 0)             (0.982350 0.0000045 0)
       0.2896             (0.982341 -0.0000079 0)             (0.982342 0.0000316 0)
         0.29             (0.982332 -0.0000353 0)             (0.982333 0.0000590 0)
       0.2904             (0.982324 -0.0000629 0)             (0.982325 0.0000868 0)
       0.2908             (0.982316 -0.0000909 0)             (0.982317 0.0001148 0)
       0.2912             (0.982307 -0.0001192 0)             (0.982308 0.0001432 0)
       0.2916             (0.982298 -0.0001479 0)             (0.982299 0.0001719 0)
        0.292             (0.982290 -0.0001769 0)             (0.982291 0.0002010 0)
       0.2924             (0.982281 -0.0002062 0)             (0.982282 0.0002304 0)
       0.2928             (0.982272 -0.0002358 0)             (0.982273 0.0002601 0)
       0.2932             (0.982263 -0.0002658 0)             (0.982265 0.0002901 0)
       0.2936             (0.982254 -0.0002961 0)             (0.982256 0.0003205 0)
        0.294             (0.982245 -0.0003267 0)             (0.982247 0.0003513 0)
       0.2944             (0.982236 -0.0003577 0)             (0.982238 0.0003823 0)
       0.2948             (0.982227 -0.0003891 0)             (0.982229 0.0004138 0)
       0.2952             (0.982218 -0.0004208 0)             (0.982219 0.0004455 0)
       0.2956             (0.982209 -0.0004528 0)             (0.982210 0.0004776 0)
        0.296             (0.982199 -0.0004852 0)             (0.982201 0.0005101 0)
       0.2964             (0.982190 -0.0005180 0)             (0.982191 0.0005429 0)
       0.2968             (0.982180 -0.0005511 0)             (0.982182 0.0005761 0)
       0.2972             (0.982171 -0.0005846 0)             (0.982172 0.0006097 0)
       0.2976             (0.982161 -0.0006184 0)             (0.982163 0.0006436 0)
        0.298             (0.982151 -0.0006526 0)             (0.982153 0.0006778 0)
       0.2984             (0.982142 -0.0006872 0)             (0.982143 0.0007125 0)
       0.2988             (0.982132 -0.0007221 0)             (0.982134 0.0007475 0)
       0.2992             (0.982122 -0.0007574 0)             (0.982124 0.0007829 0)
       0.2996             (0.982112 -0.0007931 0)             (0.982114 0.0008186 0)
          0.3             (0.982102 -0.0008292 0)             (0.982104 0.0008547 0)
       0.3004             (0.982092 -0.0008656 0)             (0.982094 0.0008913 0)
       0.3008             (0.982081 -0.0009024 0)             (0.982084 0.0009281 0)
       0.3012             (0.982071 -0.0009396 0)             (0.982073 0.0009654 0)
       0.3016             (0.982061 -0.0009772 0)             (0.982063 0.0010031 0)
        0.302             (0.982050 -0.0010152 0)             (0.982053 0.0010411 0)
       0.3024             (0.982040 -0.0010535 0)             (0.982042 0.0010796 0)
       0.3028             (0.982029 -0.0010923 0)             (0.982032 0.0011184 0)
       0.3032             (0.982019 -0.0011315 0)             (0.982021 0.0011576 0)
       0.3036             (0.982008 -0.0011710 0)             (0.982010 0.0011972 0)
        0.304             (0.981997 -0.0012110 0)             (0.982000 0.0012372 0)
       0.3044             (0.981986 -0.0012513 0)             (0.981989 0.0012777 0)
       0.3048             (0.981975 -0.0012921 0)             (0.981978 0.0013185 0)
       0.3052             (0.981964 -0.0013332 0)             (0.981967 0.0013597 0)
       0.3056             (0.981953 -0.0013748 0)             (0.981956 0.0014014 0)
        0.306             (0.981942 -0.0014168 0)             (0.981945 0.0014434 0)
       0.3064             (0.981931 -0.0014592 0)             (0.981933 0.0014859 0)
       0.3068             (0.981919 -0.0015020 0)             (0.981922 0.0015287 0)
       0.3072             (0.981908 -0.0015452 0)             (0.981911 0.0015720 0)
       0.3076             (0.981896 -0.0015889 0)             (0.981899 0.0016158 0)
        0.308             (0.981885 -0.0016330 0)             (0.981888 0.0016599 0)
       0.3084             (0.981873 -0.0016775 0)             (0.981876 0.0017045 0)
       0.3088             (0.981861 -0.0017224 0)             (0.981864 0.0017495 0)
       0.3092             (0.981849 -0.0017678 0)             (0.981853 0.0017949 0)
       0.3096             (0.981837 -0.0018136 0)             (0.981841 0.0018407 0)
         0.31             (0.981825 -0.0018598 0)             (0.981829 0.0018870 0)
       0.3104             (0.981813 -0.0019064 0)             (0.981817 0.0019338 0)
       0.3108             (0.981801 -0.0019535 0)             (0.981805 0.0019809 0)
       0.3112             (0.981789 -0.0020011 0)             (0.981793 0.0020285 0)
       0.3116             (0.981777 -0.0020491 0)             (0.981780 0.0020766 0)
        0.312             (0.981764 -0.0020975 0)             (0.981768 0.0021251 0)
       0.3124             (0.981752 -0.0021464 0)             (0.981755 0.0021740 0)
       0.3128             (0.981739 -0.0021957 0)             (0.981743 0.0022234 0)
       0.3132             (0.981726 -0.0022455 0)             (0.981730 0.0022732 0)
       0.3136             (0.981714 -0.0022957 0)             (0.981718 0.0023235 0)
        0.314             (0.981701 -0.0023464 0)             (0.981705 0.0023743 0)
       0.3144             (0.981688 -0.0023976 0)             (0.981692 0.0024255 0)
       0.3148             (0.981675 -0.0024492 0)             (0.981679 0.0024772 0)
       0.3152             (0.981662 -0.0025013 0)             (0.981666 0.0025293 0)
       0.3156             (0.981648 -0.0025538 0)             (0.981653 0.0025819 0)
        0.316             (0.981635 -0.0026069 0)             (0.981639 0.0026350 0)
       0.3164             (0.981622 -0.0026603 0)             (0.981626 0.0026885 0)
       0.3168             (0.981608 -0.0027143 0)             (0.981613 0.0027425 0)
       0.3172             (0.981595 -0.0027687 0)             (0.981599 0.0027970 0)
       0.3176             (0.981581 -0.0028236 0)             (0.981586 0.0028520 0)
        0.318             (0.981567 -0.0028790 0)             (0.981572 0.0029074 0)
       0.3184             (0.981553 -0.0029349 0)             (0.981558 0.0029633 0)
       0.3188             (0.981539 -0.0029912 0)             (0.981544 0.0030197 0)
       0.3192             (0.981525 -0.0030481 0)             (0.981530 0.0030766 0)
       0.3196             (0.981511 -0.0031054 0)             (0.981516 0.0031340 0)
         0.32             (0.981497 -0.0031632 0)             (0.981502 0.0031919 0)
       0.3204             (0.981483 -0.0032215 0)             (0.981488 0.0032502 0)
       0.3208             (0.981468 -0.0032803 0)             (0.981474 0.0033091 0)
       0.3212             (0.981454 -0.0033396 0)             (0.981459 0.0033684 0)
       0.3216             (0.981439 -0.0033994 0)             (0.981445 0.0034282 0)
        0.322             (0.981424 -0.0034597 0)             (0.981430 0.0034886 0)
       0.3224             (0.981410 -0.0035204 0)             (0.981415 0.0035494 0)
       0.3228             (0.981395 -0.0035817 0)             (0.981400 0.0036107 0)
       0.3232             (0.981380 -0.0036435 0)             (0.981385 0.0036726 0)
       0.3236             (0.981365 -0.0037058 0)             (0.981370 0.0037349 0)
        0.324             (0.981350 -0.0037686 0)             (0.981355 0.0037978 0)
       0.3244             (0.981334 -0.0038319 0)             (0.981340 0.0038611 0)
       0.3248             (0.981319 -0.0038958 0)             (0.981325 0.0039250 0)
       0.3252             (0.981303 -0.0039601 0)             (0.981309 0.0039894 0)
       0.3256             (0.981288 -0.0040250 0)             (0.981294 0.0040543 0)
        0.326             (0.981272 -0.0040904 0)             (0.981278 0.0041197 0)
       0.3264             (0.981256 -0.0041563 0)             (0.981263 0.0041857 0)
       0.3268             (0.981240 -0.0042227 0)             (0.981247 0.0042521 0)
       0.3272             (0.981224 -0.0042896 0)             (0.981231 0.0043191 0)
       0.3276             (0.981208 -0.0043571 0)             (0.981215 0.0043866 0)
        0.328             (0.981192 -0.0044251 0)             (0.981199 0.0044547 0)
       0.3284             (0.981176 -0.0044936 0)             (0.981182 0.0045232 0)
       0.3288             (0.981159 -0.0045627 0)             (0.981166 0.0045923 0)
       0.3292             (0.981143 -0.0046323 0)             (0.981150 0.0046619 0)
       0.3296             (0.981126 -0.0047024 0)             (0.981133 0.0047321 0)
         0.33             (0.981110 -0.0047730 0)             (0.981117 0.0048028 0)
       0.3304             (0.981093 -0.0048442 0)             (0.981100 0.0048740 0)
       0.3308             (0.981076 -0.0049160 0)             (0.981083 0.0049458 0)
       0.3312             (0.981059 -0.0049882 0)             (0.981066 0.0050181 0)
       0.3316             (0.981042 -0.0050610 0)             (0.981049 0.0050909 0)
        0.332             (0.981024 -0.0051344 0)             (0.981032 0.0051643 0)
       0.3324             (0.981007 -0.0052083 0)             (0.981014 0.0052382 0)
       0.3328             (0.980989 -0.0052827 0)             (0.980997 0.0053127 0)
       0.3332             (0.980972 -0.0053577 0)             (0.980980 0.0053877 0)
       0.3336             (0.980954 -0.0054332 0)             (0.980962 0.0054632 0)
        0.334             (0.980936 -0.0055093 0)             (0.980944 0.0055394 0)
       0.3344             (0.980918 -0.0055859 0)             (0.980926 0.0056160 0)
       0.3348             (0.980900 -0.0056631 0)             (0.980908 0.0056932 0)
       0.3352             (0.980882 -0.0057408 0)             (0.980890 0.0057710 0)
       0.3356             (0.980864 -0.0058191 0)             (0.980872 0.0058493 0)
        0.336             (0.980846 -0.0058980 0)             (0.980854 0.0059282 0)
       0.3364             (0.980827 -0.0059774 0)             (0.980836 0.0060076 0)
       0.3368             (0.980809 -0.0060573 0)             (0.980817 0.0060876 0)
       0.3372             (0.980790 -0.0061379 0)             (0.980798 0.0061681 0)
       0.3376             (0.980771 -0.0062189 0)             (0.980780 0.0062492 0)
        0.338             (0.980752 -0.0063006 0)             (0.980761 0.0063309 0)
       0.3384             (0.980733 -0.0063828 0)             (0.980742 0.0064131 0)
       0.3388             (0.980714 -0.0064655 0)             (0.980723 0.0064959 0)
       0.3392             (0.980694 -0.0065489 0)             (0.980704 0.0065792 0)
       0.3396             (0.980675 -0.0066328 0)             (0.980684 0.0066631 0)
         0.34             (0.980656 -0.0067172 0)             (0.980665 0.0067476 0)
       0.3404             (0.980636 -0.0068022 0)             (0.980645 0.0068326 0)
       0.3408             (0.980616 -0.0068878 0)             (0.980626 0.0069182 0)
       0.3412             (0.980596 -0.0069740 0)             (0.980606 0.0070044 0)
       0.3416             (0.980576 -0.0070607 0)             (0.980586 0.0070911 0)
        0.342             (0.980556 -0.0071480 0)             (0.980566 0.0071784 0)
       0.3424             (0.980536 -0.0072359 0)             (0.980546 0.0072663 0)
       0.3428             (0.980516 -0.0073243 0)             (0.980525 0.0073548 0)
       0.3432             (0.980495 -0.0074133 0)             (0.980505 0.0074438 0)
       0.3436             (0.980474 -0.0075029 0)             (0.980485 0.0075334 0)
        0.344             (0.980454 -0.0075930 0)             (0.980464 0.0076235 0)
       0.3444             (0.980433 -0.0076837 0)             (0.980443 0.0077142 0)
       0.3448             (0.980412 -0.0077750 0)             (0.980422 0.0078055 0)
       0.3452             (0.980391 -0.0078669 0)             (0.980401 0.0078974 0)
       0.3456             (0.980370 -0.0079593 0)             (0.980380 0.0079898 0)
        0.346             (0.980348 -0.0080523 0)             (0.980359 0.0080828 0)
       0.3464             (0.980327 -0.0081459 0)             (0.980338 0.0081764 0)
       0.3468             (0.980305 -0.0082401 0)             (0.980316 0.0082706 0)
       0.3472             (0.980283 -0.0083348 0)             (0.980294 0.0083653 0)
       0.3476             (0.980262 -0.0084301 0)             (0.980273 0.0084606 0)
        0.348             (0.980240 -0.0085260 0)             (0.980251 0.0085565 0)
       0.3484             (0.980217 -0.0086225 0)             (0.980229 0.0086530 0)
       0.3488             (0.980195 -0.0087195 0)             (0.980207 0.0087500 0)
       0.3492             (0.980173 -0.0088171 0)             (0.980184 0.0088476 0)
       0.3496             (0.980150 -0.0089153 0)             (0.980162 0.0089458 0)
         0.35             (0.980128 -0.0090140 0)             (0.980140 0.0090445 0)
       0.3504             (0.980105 -0.0091133 0)             (0.980117 0.0091438 0)
       0.3508             (0.980082 -0.0092132 0)             (0.980094 0.0092437 0)
       0.3512             (0.980059 -0.0093137 0)             (0.980071 0.0093442 0)
       0.3516             (0.980036 -0.0094148 0)             (0.980048 0.0094452 0)
        0.352             (0.980013 -0.0095164 0)             (0.980025 0.0095468 0)
       0.3524             (0.979989 -0.0096186 0)             (0.980002 0.0096490 0)
       0.3528             (0.979966 -0.0097213 0)             (0.979978 0.0097517 0)
       0.3532             (0.979942 -0.0098247 0)             (0.979955 0.0098550 0)
       0.3536             (0.979918 -0.0099286 0)             (0.979931 0.0099589 0)
        0.354             (0.979894 -0.0100330 0)             (0.979907 0.0100634 0)
       0.3544             (0.979870 -0.0101381 0)             (0.979883 0.0101684 0)
       0.3548             (0.979846 -0.0102437 0)             (0.979859 0.0102740 0)
       0.3552             (0.979822 -0.0103498 0)             (0.979835 0.0103801 0)
       0.3556             (0.979797 -0.0104566 0)             (0.979811 0.0104869 0)
        0.356             (0.979773 -0.0105639 0)             (0.979786 0.0105941 0)
       0.3564             (0.979748 -0.0106718 0)             (0.979762 0.0107020 0)
       0.3568             (0.979723 -0.0107802 0)             (0.979737 0.0108104 0)
       0.3572             (0.979698 -0.0108892 0)             (0.979712 0.0109194 0)
       0.3576             (0.979673 -0.0109987 0)             (0.979687 0.0110289 0)
        0.358             (0.979648 -0.0111089 0)             (0.979662 0.0111390 0)
       0.3584             (0.979622 -0.0112195 0)             (0.979637 0.0112496 0)
       0.3588             (0.979597 -0.0113308 0)             (0.979611 0.0113608 0)
       0.3592             (0.979571 -0.0114426 0)             (0.979586 0.0114726 0)
       0.3596             (0.979545 -0.0115549 0)             (0.979560 0.0115849 0)
         0.36             (0.979519 -0.0116678 0)             (0.979534 0.0116978 0)
       0.3604             (0.979493 -0.0117813 0)             (0.979508 0.0118112 0)
       0.3608             (0.979467 -0.0118953 0)             (0.979482 0.0119251 0)
       0.3612             (0.979441 -0.0120098 0)             (0.979456 0.0120396 0)
       0.3616             (0.979414 -0.0121249 0)             (0.979429 0.0121547 0)
        0.362             (0.979387 -0.0122405 0)             (0.979403 0.0122703 0)
       0.3624             (0.979361 -0.0123567 0)             (0.979376 0.0123864 0)
       0.3628             (0.979334 -0.0124734 0)             (0.979349 0.0125031 0)
       0.3632             (0.979307 -0.0125907 0)             (0.979323 0.0126204 0)
       0.3636             (0.979279 -0.0127085 0)             (0.979295 0.0127381 0)
        0.364             (0.979252 -0.0128268 0)             (0.979268 0.0128564 0)
       0.3644             (0.979225 -0.0129457 0)             (0.979241 0.0129752 0)
       0.3648             (0.979197 -0.0130651 0)             (0.979213 0.0130946 0)
       0.3652             (0.979169 -0.0131850 0)             (0.979186 0.0132145 0)
       0.3656             (0.979141 -0.0133055 0)             (0.979158 0.0133349 0)
        0.366             (0.979113 -0.0134265 0)             (0.979130 0.0134558 0)
       0.3664             (0.979085 -0.0135480 0)             (0.979102 0.0135773 0)
       0.3668             (0.979057 -0.0136700 0)             (0.979074 0.0136992 0)
       0.3672             (0.979028 -0.0137925 0)             (0.979046 0.0138217 0)
       0.3676             (0.979000 -0.0139156 0)             (0.979017 0.0139447 0)
        0.368             (0.978971 -0.0140392 0)             (0.978988 0.0140682 0)
       0.3684             (0.978942 -0.0141632 0)             (0.978960 0.0141922 0)
       0.3688             (0.978913 -0.0142878 0)             (0.978931 0.0143167 0)
       0.3692             (0.978884 -0.0144129 0)             (0.978902 0.0144418 0)
       0.3696             (0.978854 -0.0145385 0)             (0.978873 0.0145673 0)
         0.37             (0.978825 -0.0146646 0)             (0.978843 0.0146933 0)
       0.3704             (0.978795 -0.0147911 0)             (0.978814 0.0148198 0)
       0.3708             (0.978766 -0.0149182 0)             (0.978784 0.0149468 0)
       0.3712             (0.978736 -0.0150458 0)             (0.978754 0.0150743 0)
       0.3716             (0.978706 -0.0151738 0)             (0.978725 0.0152023 0)
        0.372             (0.978675 -0.0153023 0)             (0.978695 0.0153307 0)
       0.3724             (0.978645 -0.0154313 0)             (0.978664 0.0154597 0)
       0.3728             (0.978615 -0.0155608 0)             (0.978634 0.0155891 0)
       0.3732             (0.978584 -0.0156907 0)             (0.978604 0.0157189 0)
       0.3736             (0.978553 -0.0158211 0)             (0.978573 0.0158493 0)
        0.374             (0.978522 -0.0159520 0)             (0.978542 0.0159801 0)
       0.3744             (0.978491 -0.0160833 0)             (0.978511 0.0161113 0)
       0.3748             (0.978460 -0.0162151 0)             (0.978480 0.0162430 0)
       0.3752             (0.978429 -0.0163474 0)             (0.978449 0.0163752 0)
       0.3756             (0.978397 -0.0164801 0)             (0.978418 0.0165078 0)
        0.376             (0.978366 -0.0166132 0)             (0.978387 0.0166409 0)
       0.3764             (0.978334 -0.0167468 0)             (0.978355 0.0167744 0)
       0.3768             (0.978302 -0.0168808 0)             (0.978323 0.0169083 0)
       0.3772             (0.978270 -0.0170152 0)             (0.978291 0.0170427 0)
       0.3776             (0.978238 -0.0171501 0)             (0.978259 0.0171774 0)
        0.378             (0.978206 -0.0172854 0)             (0.978227 0.0173127 0)
       0.3784             (0.978173 -0.0174211 0)             (0.978195 0.0174483 0)
       0.3788             (0.978141 -0.0175572 0)             (0.978162 0.0175843 0)
       0.3792             (0.978108 -0.0176938 0)             (0.978130 0.0177208 0)
       0.3796             (0.978075 -0.0178307 0)             (0.978097 0.0178576 0)
         0.38             (0.978042 -0.0179681 0)             (0.978064 0.0179949 0)
       0.3804             (0.978009 -0.0181058 0)             (0.978031 0.0181325 0)
       0.3808             (0.977976 -0.0182439 0)             (0.977998 0.0182706 0)
       0.3812             (0.977942 -0.0183824 0)             (0.977965 0.0184090 0)
       0.3816             (0.977909 -0.0185213 0)             (0.977932 0.0185478 0)
        0.382             (0.977875 -0.0186606 0)             (0.977898 0.0186870 0)
       0.3824             (0.977841 -0.0188003 0)             (0.977864 0.0188265 0)
       0.3828             (0.977807 -0.0189403 0)             (0.977831 0.0189665 0)
       0.3832             (0.977773 -0.0190807 0)             (0.977797 0.0191067 0)
       0.3836             (0.977739 -0.0192214 0)             (0.977763 0.0192474 0)
        0.384             (0.977704 -0.0193625 0)             (0.977728 0.0193883 0)
       0.3844             (0.977670 -0.0195039 0)             (0.977694 0.0195297 0)
       0.3848             (0.977635 -0.0196457 0)             (0.977659 0.0196713 0)
       0.3852             (0.977600 -0.0197878 0)             (0.977625 0.0198133 0)
       0.3856             (0.977565 -0.0199302 0)             (0.977590 0.0199556 0)
        0.386             (0.977530 -0.0200730 0)             (0.977555 0.0200983 0)
       0.3864             (0.977495 -0.0202160 0)             (0.977520 0.0202413 0)
       0.3868             (0.977460 -0.0203594 0)             (0.977485 0.0203845 0)
       0.3872             (0.977424 -0.0205031 0)             (0.977450 0.0205281 0)
       0.3876             (0.977389 -0.0206471 0)             (0.977414 0.0206720 0)
        0.388             (0.977353 -0.0207914 0)             (0.977379 0.0208161 0)
       0.3884             (0.977317 -0.0209359 0)             (0.977343 0.0209606 0)
       0.3888             (0.977281 -0.0210808 0)             (0.977307 0.0211053 0)
       0.3892             (0.977245 -0.0212259 0)             (0.977271 0.0212503 0)
       0.3896             (0.977209 -0.0213713 0)             (0.977235 0.0213956 0)
         0.39             (0.977172 -0.0215169 0)             (0.977199 0.0215411 0)
       0.3904             (0.977136 -0.0216629 0)             (0.977162 0.0216869 0)
       0.3908             (0.977099 -0.0218090 0)             (0.977126 0.0218330 0)
       0.3912             (0.977062 -0.0219554 0)             (0.977089 0.0219792 0)
       0.3916             (0.977025 -0.0221021 0)             (0.977053 0.0221257 0)
        0.392             (0.976988 -0.0222489 0)             (0.977016 0.0222725 0)
       0.3924             (0.976951 -0.0223960 0)             (0.976979 0.0224195 0)
       0.3928             (0.976914 -0.0225433 0)             (0.976942 0.0225666 0)
       0.3932             (0.976876 -0.0226908 0)             (0.976904 0.0227140 0)
       0.3936             (0.976839 -0.0228385 0)             (0.976867 0.0228616 0)
        0.394             (0.976801 -0.0229865 0)             (0.976829 0.0230094 0)
       0.3944             (0.976763 -0.0231346 0)             (0.976792 0.0231574 0)
       0.3948             (0.976725 -0.0232828 0)             (0.976754 0.0233055 0)
       0.3952             (0.976687 -0.0234313 0)             (0.976716 0.0234538 0)
       0.3956             (0.976649 -0.0235799 0)             (0.976678 0.0236023 0)
        0.396             (0.976611 -0.0237287 0)             (0.976640 0.0237510 0)
       0.3964             (0.976572 -0.0238776 0)             (0.976602 0.0238998 0)
       0.3968             (0.976534 -0.0240267 0)             (0.976564 0.0240487 0)
       0.3972             (0.976495 -0.0241759 0)             (0.976525 0.0241978 0)
       0.3976             (0.976456 -0.0243252 0)             (0.976487 0.0243470 0)
        0.398             (0.976418 -0.0244747 0)             (0.976448 0.0244963 0)
       0.3984             (0.976379 -0.0246243 0)             (0.976409 0.0246457 0)
       0.3988             (0.976339 -0.0247740 0)             (0.976370 0.0247953 0)
       0.3992             (0.976300 -0.0249237 0)             (0.976331 0.0249449 0)
       0.3996             (0.976261 -0.0250736 0)             (0.976292 0.0250946 0)
          0.4             (0.976221 -0.0252236 0)             (0.976253 0.0252444 0)
       0.4004             (0.976182 -0.0253736 0)             (0.976214 0.0253943 0)
       0.4008             (0.976142 -0.0255237 0)             (0.976174 0.0255443 0)
       0.4012             (0.976103 -0.0256738 0)             (0.976135 0.0256943 0)
       0.4016             (0.976063 -0.0258241 0)             (0.976095 0.0258443 0)
        0.402             (0.976023 -0.0259743 0)             (0.976055 0.0259944 0)
       0.4024             (0.975983 -0.0261246 0)             (0.976015 0.0261446 0)
       0.4028             (0.975942 -0.0262749 0)             (0.975975 0.0262947 0)
       0.4032             (0.975902 -0.0264252 0)             (0.975935 0.0264449 0)
       0.4036             (0.975862 -0.0265755 0)             (0.975895 0.0265951 0)
        0.404             (0.975821 -0.0267259 0)             (0.975855 0.0267452 0)
       0.4044             (0.975781 -0.0268762 0)             (0.975814 0.0268954 0)
       0.4048             (0.975740 -0.0270265 0)             (0.975774 0.0270455 0)
       0.4052             (0.975699 -0.0271768 0)             (0.975733 0.0271957 0)
       0.4056             (0.975658 -0.0273270 0)             (0.975693 0.0273458 0)
        0.406             (0.975617 -0.0274772 0)             (0.975652 0.0274958 0)
       0.4064             (0.975576 -0.0276274 0)             (0.975611 0.0276458 0)
       0.4068             (0.975535 -0.0277774 0)             (0.975570 0.0277957 0)
       0.4072             (0.975494 -0.0279275 0)             (0.975529 0.0279456 0)
       0.4076             (0.975453 -0.0280774 0)             (0.975488 0.0280954 0)
        0.408             (0.975411 -0.0282273 0)             (0.975447 0.0282451 0)
       0.4084             (0.975370 -0.0283770 0)             (0.975405 0.0283946 0)
       0.4088             (0.975328 -0.0285267 0)             (0.975364 0.0285441 0)
       0.4092             (0.975287 -0.0286762 0)             (0.975323 0.0286935 0)
       0.4096             (0.975245 -0.0288256 0)             (0.975281 0.0288428 0)
         0.41             (0.975203 -0.0289749 0)             (0.975239 0.0289919 0)
       0.4104             (0.975161 -0.0291240 0)             (0.975198 0.0291408 0)
       0.4108             (0.975119 -0.0292730 0)             (0.975156 0.0292897 0)
       0.4112             (0.975077 -0.0294218 0)             (0.975114 0.0294383 0)
       0.4116             (0.975035 -0.0295705 0)             (0.975072 0.0295868 0)
        0.412             (0.974993 -0.0297190 0)             (0.975030 0.0297351 0)
       0.4124             (0.974950 -0.0298673 0)             (0.974988 0.0298832 0)
       0.4128             (0.974908 -0.0300153 0)             (0.974946 0.0300311 0)
       0.4132             (0.974866 -0.0301632 0)             (0.974904 0.0301788 0)
       0.4136             (0.974823 -0.0303109 0)             (0.974862 0.0303263 0)
        0.414             (0.974781 -0.0304583 0)             (0.974819 0.0304736 0)
       0.4144             (0.974738 -0.0306055 0)             (0.974777 0.0306206 0)
       0.4148             (0.974696 -0.0307525 0)             (0.974735 0.0307674 0)
       0.4152             (0.974653 -0.0308991 0)             (0.974692 0.0309139 0)
       0.4156             (0.974610 -0.0310456 0)             (0.974649 0.0310602 0)
        0.416             (0.974567 -0.0311917 0)             (0.974607 0.0312061 0)
       0.4164             (0.974524 -0.0313376 0)             (0.974564 0.0313518 0)
       0.4168             (0.974481 -0.0314832 0)             (0.974522 0.0314972 0)
       0.4172             (0.974438 -0.0316284 0)             (0.974479 0.0316423 0)
       0.4176             (0.974395 -0.0317734 0)             (0.974436 0.0317871 0)
        0.418             (0.974352 -0.0319180 0)             (0.974393 0.0319315 0)
       0.4184             (0.974309 -0.0320623 0)             (0.974350 0.0320756 0)
       0.4188             (0.974266 -0.0322062 0)             (0.974307 0.0322194 0)
       0.4192             (0.974223 -0.0323498 0)             (0.974264 0.0323628 0)
       0.4196             (0.974180 -0.0324930 0)             (0.974221 0.0325059 0)
         0.42             (0.974136 -0.0326359 0)             (0.974178 0.0326485 0)
       0.4204             (0.974093 -0.0327783 0)             (0.974135 0.0327908 0)
       0.4208             (0.974050 -0.0329204 0)             (0.974092 0.0329327 0)
       0.4212             (0.974006 -0.0330621 0)             (0.974049 0.0330742 0)
       0.4216             (0.973963 -0.0332033 0)             (0.974006 0.0332152 0)
        0.422             (0.973920 -0.0333441 0)             (0.973963 0.0333559 0)
       0.4224             (0.973876 -0.0334845 0)             (0.973919 0.0334961 0)
       0.4228             (0.973833 -0.0336244 0)             (0.973876 0.0336358 0)
       0.4232             (0.973789 -0.0337639 0)             (0.973833 0.0337751 0)
       0.4236             (0.973746 -0.0339029 0)             (0.973790 0.0339139 0)
        0.424             (0.973702 -0.0340415 0)             (0.973746 0.0340523 0)
       0.4244             (0.973659 -0.0341795 0)             (0.973703 0.0341902 0)
       0.4248             (0.973615 -0.0343171 0)             (0.973660 0.0343275 0)
       0.4252             (0.973572 -0.0344541 0)             (0.973616 0.0344644 0)
       0.4256             (0.973528 -0.0345906 0)             (0.973573 0.0346007 0)
        0.426             (0.973485 -0.0347266 0)             (0.973530 0.0347365 0)
       0.4264             (0.973441 -0.0348621 0)             (0.973486 0.0348718 0)
       0.4268             (0.973398 -0.0349970 0)             (0.973443 0.0350065 0)
       0.4272             (0.973354 -0.0351314 0)             (0.973400 0.0351407 0)
       0.4276             (0.973310 -0.0352651 0)             (0.973356 0.0352743 0)
        0.428             (0.973267 -0.0353983 0)             (0.973313 0.0354073 0)
       0.4284             (0.973223 -0.0355309 0)             (0.973270 0.0355397 0)
       0.4288             (0.973180 -0.0356630 0)             (0.973227 0.0356716 0)
       0.4292             (0.973136 -0.0357944 0)             (0.973183 0.0358028 0)
       0.4296             (0.973093 -0.0359251 0)             (0.973140 0.0359334 0)
         0.43             (0.973049 -0.0360553 0)             (0.973097 0.0360633 0)
       0.4304             (0.973006 -0.0361848 0)             (0.973054 0.0361926 0)
       0.4308             (0.972963 -0.0363136 0)             (0.973010 0.0363213 0)
       0.4312             (0.972919 -0.0364418 0)             (0.972967 0.0364493 0)
       0.4316             (0.972876 -0.0365693 0)             (0.972924 0.0365766 0)
        0.432             (0.972833 -0.0366962 0)             (0.972881 0.0367033 0)
       0.4324             (0.972789 -0.0368223 0)             (0.972838 0.0368292 0)
       0.4328             (0.972746 -0.0369477 0)             (0.972795 0.0369545 0)
       0.4332             (0.972703 -0.0370725 0)             (0.972752 0.0370790 0)
       0.4336             (0.972660 -0.0371965 0)             (0.972709 0.0372028 0)
        0.434             (0.972616 -0.0373197 0)             (0.972666 0.0373259 0)
       0.4344             (0.972573 -0.0374422 0)             (0.972623 0.0374482 0)
       0.4348             (0.972530 -0.0375640 0)             (0.972580 0.0375698 0)
       0.4352             (0.972487 -0.0376850 0)             (0.972537 0.0376906 0)
       0.4356             (0.972444 -0.0378052 0)             (0.972495 0.0378107 0)
        0.436             (0.972402 -0.0379246 0)             (0.972452 0.0379299 0)
       0.4364             (0.972359 -0.0380433 0)             (0.972409 0.0380484 0)
       0.4368             (0.972316 -0.0381611 0)             (0.972367 0.0381660 0)
       0.4372             (0.972273 -0.0382781 0)             (0.972324 0.0382828 0)
       0.4376             (0.972231 -0.0383943 0)             (0.972282 0.0383988 0)
        0.438             (0.972188 -0.0385097 0)             (0.972240 0.0385140 0)
       0.4384             (0.972146 -0.0386242 0)             (0.972197 0.0386283 0)
       0.4388             (0.972103 -0.0387378 0)             (0.972155 0.0387418 0)
       0.4392             (0.972061 -0.0388506 0)             (0.972113 0.0388544 0)
       0.4396             (0.972019 -0.0389625 0)             (0.972071 0.0389661 0)
         0.44             (0.971977 -0.0390735 0)             (0.972029 0.0390769 0)
       0.4404             (0.971935 -0.0391836 0)             (0.971987 0.0391868 0)
       0.4408             (0.971893 -0.0392928 0)             (0.971946 0.0392959 0)
       0.4412             (0.971851 -0.0394011 0)             (0.971904 0.0394040 0)
       0.4416             (0.971809 -0.0395085 0)             (0.971862 0.0395112 0)
        0.442             (0.971767 -0.0396149 0)             (0.971821 0.0396174 0)
       0.4424             (0.971726 -0.0397204 0)             (0.971780 0.0397227 0)
       0.4428             (0.971684 -0.0398249 0)             (0.971738 0.0398271 0)
       0.4432             (0.971643 -0.0399285 0)             (0.971697 0.0399304 0)
       0.4436             (0.971602 -0.0400310 0)             (0.971656 0.0400328 0)
        0.444             (0.971560 -0.0401326 0)             (0.971615 0.0401342 0)
       0.4444             (0.971519 -0.0402332 0)             (0.971574 0.0402347 0)
       0.4448             (0.971478 -0.0403328 0)             (0.971534 0.0403341 0)
       0.4452             (0.971438 -0.0404314 0)             (0.971493 0.0404325 0)
       0.4456             (0.971397 -0.0405290 0)             (0.971453 0.0405299 0)
        0.446             (0.971356 -0.0406255 0)             (0.971412 0.0406262 0)
       0.4464             (0.971316 -0.0407210 0)             (0.971372 0.0407215 0)
       0.4468             (0.971276 -0.0408154 0)             (0.971332 0.0408158 0)
       0.4472             (0.971236 -0.0409088 0)             (0.971292 0.0409090 0)
       0.4476             (0.971196 -0.0410011 0)             (0.971252 0.0410011 0)
        0.448             (0.971156 -0.0410923 0)             (0.971213 0.0410921 0)
       0.4484             (0.971116 -0.0411824 0)             (0.971173 0.0411821 0)
       0.4488             (0.971077 -0.0412714 0)             (0.971134 0.0412709 0)
       0.4492             (0.971037 -0.0413593 0)             (0.971094 0.0413587 0)
       0.4496             (0.970998 -0.0414461 0)             (0.971055 0.0414453 0)
         0.45             (0.970959 -0.0415318 0)             (0.971016 0.0415308 0)
       0.4504             (0.970920 -0.0416163 0)             (0.970978 0.0416151 0)
       0.4508             (0.970881 -0.0416997 0)             (0.970939 0.0416984 0)
       0.4512             (0.970842 -0.0417820 0)             (0.970901 0.0417804 0)
       0.4516             (0.970804 -0.0418630 0)             (0.970863 0.0418613 0)
        0.452             (0.970766 -0.0419429 0)             (0.970824 0.0419411 0)
       0.4524             (0.970728 -0.0420217 0)             (0.970787 0.0420196 0)
       0.4528             (0.970690 -0.0420992 0)             (0.970749 0.0420970 0)
       0.4532             (0.970652 -0.0421755 0)             (0.970711 0.0421732 0)
       0.4536             (0.970614 -0.0422507 0)             (0.970674 0.0422481 0)
        0.454             (0.970577 -0.0423246 0)             (0.970637 0.0423219 0)
       0.4544             (0.970540 -0.0423973 0)             (0.970600 0.0423944 0)
       0.4548             (0.970503 -0.0424687 0)             (0.970563 0.0424657 0)
       0.4552             (0.970466 -0.0425390 0)             (0.970526 0.0425358 0)
       0.4556             (0.970430 -0.0426079 0)             (0.970490 0.0426046 0)
        0.456             (0.970393 -0.0426757 0)             (0.970454 0.0426722 0)
       0.4564             (0.970357 -0.0427421 0)             (0.970418 0.0427385 0)
       0.4568             (0.970321 -0.0428073 0)             (0.970382 0.0428035 0)
       0.4572             (0.970285 -0.0428712 0)             (0.970347 0.0428673 0)
       0.4576             (0.970250 -0.0429338 0)             (0.970311 0.0429297 0)
        0.458             (0.970215 -0.0429952 0)             (0.970276 0.0429909 0)
       0.4584             (0.970180 -0.0430552 0)             (0.970241 0.0430508 0)
       0.4588             (0.970145 -0.0431139 0)             (0.970206 0.0431093 0)
       0.4592             (0.970110 -0.0431713 0)             (0.970172 0.0431666 0)
       0.4596             (0.970076 -0.0432273 0)             (0.970138 0.0432225 0)
         0.46             (0.970041 -0.0432821 0)             (0.970104 0.0432770 0)
       0.4604             (0.970008 -0.0433354 0)             (0.970070 0.0433303 0)
       0.4608             (0.969974 -0.0433875 0)             (0.970036 0.0433822 0)
       0.4612             (0.969940 -0.0434382 0)             (0.970003 0.0434327 0)
       0.4616             (0.969907 -0.0434875 0)             (0.969970 0.0434819 0)
        0.462             (0.969874 -0.0435354 0)             (0.969937 0.0435297 0)
       0.4624             (0.969842 -0.0435820 0)             (0.969905 0.0435761 0)
       0.4628             (0.969809 -0.0436272 0)             (0.969873 0.0436211 0)
       0.4632             (0.969777 -0.0436710 0)             (0.969841 0.0436648 0)
       0.4636             (0.969745 -0.0437134 0)             (0.969809 0.0437070 0)
        0.464             (0.969713 -0.0437543 0)             (0.969777 0.0437479 0)
       0.4644             (0.969682 -0.0437939 0)             (0.969746 0.0437873 0)
       0.4648             (0.969651 -0.0438321 0)             (0.969715 0.0438254 0)
       0.4652             (0.969620 -0.0438688 0)             (0.969684 0.0438619 0)
       0.4656             (0.969589 -0.0439041 0)             (0.969654 0.0438971 0)
        0.466             (0.969559 -0.0439380 0)             (0.969624 0.0439308 0)
       0.4664             (0.969529 -0.0439704 0)             (0.969594 0.0439631 0)
       0.4668             (0.969500 -0.0440013 0)             (0.969565 0.0439940 0)
       0.4672             (0.969470 -0.0440308 0)             (0.969535 0.0440233 0)
       0.4676             (0.969441 -0.0440589 0)             (0.969506 0.0440513 0)
        0.468             (0.969412 -0.0440855 0)             (0.969478 0.0440777 0)
       0.4684             (0.969384 -0.0441106 0)             (0.969449 0.0441027 0)
       0.4688             (0.969355 -0.0441342 0)             (0.969421 0.0441262 0)
       0.4692             (0.969327 -0.0441563 0)             (0.969393 0.0441482 0)
       0.4696             (0.969300 -0.0441769 0)             (0.969366 0.0441687 0)
         0.47             (0.969273 -0.0441961 0)             (0.969339 0.0441877 0)
       0.4704             (0.969246 -0.0442137 0)             (0.969312 0.0442052 0)
       0.4708             (0.969219 -0.0442299 0)             (0.969285 0.0442213 0)
       0.4712             (0.969193 -0.0442445 0)             (0.969259 0.0442358 0)
       0.4716             (0.969167 -0.0442576 0)             (0.969233 0.0442488 0)
        0.472             (0.969141 -0.0442692 0)             (0.969208 0.0442602 0)
       0.4724             (0.969115 -0.0442792 0)             (0.969182 0.0442701 0)
       0.4728             (0.969090 -0.0442877 0)             (0.969157 0.0442786 0)
       0.4732             (0.969066 -0.0442947 0)             (0.969133 0.0442854 0)
       0.4736             (0.969041 -0.0443001 0)             (0.969109 0.0442907 0)
        0.474             (0.969017 -0.0443040 0)             (0.969085 0.0442945 0)
       0.4744             (0.968994 -0.0443063 0)             (0.969061 0.0442967 0)
       0.4748             (0.968970 -0.0443071 0)             (0.969038 0.0442974 0)
       0.4752             (0.968947 -0.0443063 0)             (0.969015 0.0442965 0)
       0.4756             (0.968925 -0.0443039 0)             (0.968993 0.0442941 0)
        0.476             (0.968902 -0.0443000 0)             (0.968970 0.0442900 0)
       0.4764             (0.968881 -0.0442945 0)             (0.968949 0.0442844 0)
       0.4768             (0.968859 -0.0442874 0)             (0.968927 0.0442773 0)
       0.4772             (0.968838 -0.0442788 0)             (0.968906 0.0442685 0)
       0.4776             (0.968817 -0.0442685 0)             (0.968885 0.0442582 0)
        0.478             (0.968796 -0.0442567 0)             (0.968865 0.0442462 0)
       0.4784             (0.968776 -0.0442432 0)             (0.968845 0.0442327 0)
       0.4788             (0.968757 -0.0442282 0)             (0.968825 0.0442176 0)
       0.4792             (0.968737 -0.0442116 0)             (0.968806 0.0442009 0)
       0.4796             (0.968718 -0.0441934 0)             (0.968787 0.0441826 0)
         0.48             (0.968700 -0.0441735 0)             (0.968769 0.0441627 0)
       0.4804             (0.968682 -0.0441521 0)             (0.968751 0.0441411 0)
       0.4808             (0.968664 -0.0441290 0)             (0.968733 0.0441180 0)
       0.4812             (0.968647 -0.0441043 0)             (0.968716 0.0440932 0)
       0.4816             (0.968630 -0.0440780 0)             (0.968699 0.0440669 0)
        0.482             (0.968613 -0.0440501 0)             (0.968682 0.0440389 0)
       0.4824             (0.968597 -0.0440206 0)             (0.968666 0.0440093 0)
       0.4828             (0.968581 -0.0439894 0)             (0.968651 0.0439780 0)
       0.4832             (0.968566 -0.0439566 0)             (0.968635 0.0439451 0)
       0.4836             (0.968551 -0.0439222 0)             (0.968620 0.0439106 0)
        0.484             (0.968536 -0.0438861 0)             (0.968606 0.0438745 0)
       0.4844             (0.968522 -0.0438484 0)             (0.968592 0.0438368 0)
       0.4848             (0.968508 -0.0438091 0)             (0.968578 0.0437974 0)
       0.4852             (0.968495 -0.0437681 0)             (0.968565 0.0437563 0)
       0.4856             (0.968482 -0.0437255 0)             (0.968552 0.0437136 0)
        0.486             (0.968469 -0.0436812 0)             (0.968539 0.0436693 0)
       0.4864             (0.968457 -0.0436353 0)             (0.968527 0.0436233 0)
       0.4868             (0.968446 -0.0435877 0)             (0.968516 0.0435757 0)
       0.4872             (0.968434 -0.0435385 0)             (0.968505 0.0435265 0)
       0.4876             (0.968424 -0.0434877 0)             (0.968494 0.0434756 0)
        0.488             (0.968413 -0.0434352 0)             (0.968484 0.0434230 0)
       0.4884             (0.968403 -0.0433810 0)             (0.968474 0.0433688 0)
       0.4888             (0.968394 -0.0433252 0)             (0.968465 0.0433129 0)
       0.4892             (0.968385 -0.0432677 0)             (0.968456 0.0432554 0)
       0.4896             (0.968376 -0.0432086 0)             (0.968447 0.0431963 0)
         0.49             (0.968368 -0.0431478 0)             (0.968439 0.0431355 0)
       0.4904             (0.968361 -0.0430854 0)             (0.968431 0.0430730 0)
       0.4908             (0.968353 -0.0430213 0)             (0.968424 0.0430089 0)
       0.4912             (0.968347 -0.0429555 0)             (0.968417 0.0429431 0)
       0.4916             (0.968340 -0.0428881 0)             (0.968411 0.0428756 0)
        0.492             (0.968335 -0.0428191 0)             (0.968405 0.0428065 0)
       0.4924             (0.968329 -0.0427483 0)             (0.968400 0.0427358 0)
       0.4928             (0.968324 -0.0426759 0)             (0.968395 0.0426634 0)
       0.4932             (0.968320 -0.0426019 0)             (0.968391 0.0425893 0)
       0.4936             (0.968316 -0.0425262 0)             (0.968387 0.0425136 0)
        0.494             (0.968312 -0.0424488 0)             (0.968383 0.0424362 0)
       0.4944             (0.968309 -0.0423698 0)             (0.968380 0.0423571 0)
       0.4948             (0.968307 -0.0422891 0)             (0.968378 0.0422764 0)
       0.4952             (0.968305 -0.0422068 0)             (0.968376 0.0421941 0)
       0.4956             (0.968303 -0.0421228 0)             (0.968374 0.0421101 0)
        0.496             (0.968302 -0.0420372 0)             (0.968373 0.0420244 0)
       0.4964             (0.968301 -0.0419499 0)             (0.968372 0.0419371 0)
       0.4968             (0.968301 -0.0418609 0)             (0.968372 0.0418481 0)
       0.4972             (0.968301 -0.0417703 0)             (0.968372 0.0417575 0)
       0.4976             (0.968302 -0.0416780 0)             (0.968373 0.0416653 0)
        0.498             (0.968303 -0.0415841 0)             (0.968374 0.0415713 0)
       0.4984             (0.968305 -0.0414886 0)             (0.968376 0.0414758 0)
       0.4988             (0.968307 -0.0413914 0)             (0.968378 0.0413786 0)
       0.4992             (0.968310 -0.0412925 0)             (0.968381 0.0412797 0)
       0.4996             (0.968314 -0.0411920 0)             (0.968384 0.0411792 0)
          0.5             (0.968317 -0.0410898 0)             (0.968388 0.0410771 0)
       0.5004             (0.968322 -0.0409861 0)             (0.968392 0.0409733 0)
       0.5008             (0.968326 -0.0408806 0)             (0.968397 0.0408679 0)
       0.5012             (0.968332 -0.0407736 0)             (0.968402 0.0407608 0)
       0.5016             (0.968337 -0.0406649 0)             (0.968408 0.0406521 0)
        0.502             (0.968344 -0.0405545 0)             (0.968414 0.0405418 0)
       0.5024             (0.968351 -0.0404426 0)             (0.968421 0.0404299 0)
       0.5028             (0.968358 -0.0403290 0)             (0.968429 0.0403163 0)
       0.5032             (0.968366 -0.0402137 0)             (0.968436 0.0402011 0)
       0.5036             (0.968374 -0.0400969 0)             (0.968445 0.0400843 0)
        0.504             (0.968383 -0.0399784 0)             (0.968453 0.0399658 0)
       0.5044             (0.968392 -0.0398584 0)             (0.968463 0.0398458 0)
       0.5048             (0.968402 -0.0397367 0)             (0.968473 0.0397241 0)
       0.5052             (0.968413 -0.0396133 0)             (0.968483 0.0396008 0)
       0.5056             (0.968423 -0.0394884 0)             (0.968494 0.0394759 0)
        0.506             (0.968435 -0.0393619 0)             (0.968505 0.0393494 0)
       0.5064             (0.968447 -0.0392337 0)             (0.968517 0.0392213 0)
       0.5068             (0.968459 -0.0391040 0)             (0.968530 0.0390916 0)
       0.5072             (0.968472 -0.0389727 0)             (0.968543 0.0389603 0)
       0.5076             (0.968486 -0.0388398 0)             (0.968556 0.0388274 0)
        0.508             (0.968500 -0.0387052 0)             (0.968570 0.0386930 0)
       0.5084             (0.968515 -0.0385691 0)             (0.968585 0.0385569 0)
       0.5088             (0.968530 -0.0384315 0)             (0.968600 0.0384193 0)
       0.5092             (0.968545 -0.0382922 0)             (0.968615 0.0382800 0)
       0.5096             (0.968562 -0.0381514 0)             (0.968631 0.0381393 0)
         0.51             (0.968578 -0.0380090 0)             (0.968648 0.0379969 0)
       0.5104             (0.968596 -0.0378650 0)             (0.968665 0.0378530 0)
       0.5108             (0.968614 -0.0377194 0)             (0.968683 0.0377075 0)
       0.5112             (0.968632 -0.0375723 0)             (0.968701 0.0375605 0)
       0.5116             (0.968651 -0.0374237 0)             (0.968720 0.0374119 0)
        0.512             (0.968670 -0.0372735 0)             (0.968739 0.0372617 0)
       0.5124             (0.968690 -0.0371218 0)             (0.968759 0.0371100 0)
       0.5128             (0.968711 -0.0369685 0)             (0.968780 0.0369568 0)
       0.5132             (0.968732 -0.0368136 0)             (0.968801 0.0368021 0)
       0.5136             (0.968753 -0.0366573 0)             (0.968822 0.0366458 0)
        0.514             (0.968776 -0.0364994 0)             (0.968844 0.0364880 0)
       0.5144             (0.968798 -0.0363400 0)             (0.968867 0.0363286 0)
       0.5148             (0.968822 -0.0361791 0)             (0.968890 0.0361678 0)
       0.5152             (0.968845 -0.0360167 0)             (0.968914 0.0360054 0)
       0.5156             (0.968870 -0.0358528 0)             (0.968938 0.0358416 0)
        0.516             (0.968895 -0.0356873 0)             (0.968963 0.0356762 0)
       0.5164             (0.968920 -0.0355204 0)             (0.968988 0.0355094 0)
       0.5168             (0.968946 -0.0353520 0)             (0.969014 0.0353411 0)
       0.5172             (0.968972 -0.0351821 0)             (0.969040 0.0351712 0)
       0.5176             (0.969000 -0.0350107 0)             (0.969067 0.0349999 0)
        0.518             (0.969027 -0.0348379 0)             (0.969095 0.0348272 0)
       0.5184             (0.969055 -0.0346635 0)             (0.969123 0.0346530 0)
       0.5188             (0.969084 -0.0344878 0)             (0.969151 0.0344773 0)
       0.5192             (0.969113 -0.0343105 0)             (0.969180 0.0343001 0)
       0.5196             (0.969143 -0.0341318 0)             (0.969210 0.0341215 0)
         0.52             (0.969174 -0.0339517 0)             (0.969240 0.0339415 0)
       0.5204             (0.969205 -0.0337702 0)             (0.969271 0.0337600 0)
       0.5208             (0.969236 -0.0335872 0)             (0.969302 0.0335771 0)
       0.5212             (0.969268 -0.0334027 0)             (0.969334 0.0333928 0)
       0.5216             (0.969301 -0.0332169 0)             (0.969367 0.0332071 0)
        0.522             (0.969334 -0.0330297 0)             (0.969400 0.0330199 0)
       0.5224             (0.969368 -0.0328410 0)             (0.969433 0.0328314 0)
       0.5228             (0.969402 -0.0326510 0)             (0.969467 0.0326414 0)
       0.5232             (0.969437 -0.0324595 0)             (0.969502 0.0324501 0)
       0.5236             (0.969472 -0.0322667 0)             (0.969537 0.0322574 0)
        0.524             (0.969508 -0.0320725 0)             (0.969573 0.0320633 0)
       0.5244             (0.969544 -0.0318769 0)             (0.969609 0.0318678 0)
       0.5248             (0.969581 -0.0316800 0)             (0.969646 0.0316710 0)
       0.5252             (0.969619 -0.0314817 0)             (0.969683 0.0314728 0)
       0.5256             (0.969657 -0.0312820 0)             (0.969721 0.0312732 0)
        0.526             (0.969696 -0.0310810 0)             (0.969760 0.0310724 0)
       0.5264             (0.969735 -0.0308787 0)             (0.969799 0.0308702 0)
       0.5268             (0.969775 -0.0306750 0)             (0.969839 0.0306666 0)
       0.5272             (0.969815 -0.0304700 0)             (0.969879 0.0304618 0)
       0.5276             (0.969856 -0.0302637 0)             (0.969919 0.0302556 0)
        0.528             (0.969898 -0.0300561 0)             (0.969961 0.0300481 0)
       0.5284             (0.969940 -0.0298472 0)             (0.970002 0.0298393 0)
       0.5288             (0.969982 -0.0296370 0)             (0.970045 0.0296293 0)
       0.5292             (0.970025 -0.0294256 0)             (0.970088 0.0294179 0)
       0.5296             (0.970069 -0.0292128 0)             (0.970131 0.0292053 0)
         0.53             (0.970113 -0.0289988 0)             (0.970175 0.0289914 0)
       0.5304             (0.970158 -0.0287835 0)             (0.970220 0.0287763 0)
       0.5308             (0.970203 -0.0285670 0)             (0.970265 0.0285599 0)
       0.5312             (0.970249 -0.0283492 0)             (0.970310 0.0283422 0)
       0.5316             (0.970296 -0.0281302 0)             (0.970357 0.0281233 0)
        0.532             (0.970343 -0.0279099 0)             (0.970403 0.0279032 0)
       0.5324             (0.970390 -0.0276885 0)             (0.970451 0.0276819 0)
       0.5328             (0.970438 -0.0274658 0)             (0.970499 0.0274594 0)
       0.5332             (0.970487 -0.0272419 0)             (0.970547 0.0272356 0)
       0.5336             (0.970536 -0.0270168 0)             (0.970596 0.0270107 0)
        0.534             (0.970586 -0.0267906 0)             (0.970645 0.0267846 0)
       0.5344             (0.970636 -0.0265631 0)             (0.970695 0.0265573 0)
       0.5348             (0.970687 -0.0263345 0)             (0.970746 0.0263288 0)
       0.5352             (0.970738 -0.0261047 0)             (0.970797 0.0260992 0)
       0.5356             (0.970790 -0.0258738 0)             (0.970849 0.0258684 0)
        0.536             (0.970842 -0.0256417 0)             (0.970901 0.0256365 0)
       0.5364             (0.970895 -0.0254085 0)             (0.970953 0.0254035 0)
       0.5368             (0.970949 -0.0251742 0)             (0.971007 0.0251693 0)
       0.5372             (0.971003 -0.0249388 0)             (0.971060 0.0249340 0)
       0.5376             (0.971057 -0.0247022 0)             (0.971115 0.0246976 0)
        0.538             (0.971113 -0.0244645 0)             (0.971170 0.0244601 0)
       0.5384             (0.971168 -0.0242258 0)             (0.971225 0.0242215 0)
       0.5388             (0.971224 -0.0239859 0)             (0.971281 0.0239818 0)
       0.5392             (0.971281 -0.0237450 0)             (0.971337 0.0237411 0)
       0.5396             (0.971338 -0.0235031 0)             (0.971394 0.0234992 0)
         0.54             (0.971396 -0.0232600 0)             (0.971452 0.0232564 0)
       0.5404             (0.971454 -0.0230160 0)             (0.971510 0.0230125 0)
       0.5408             (0.971513 -0.0227708 0)             (0.971568 0.0227675 0)
       0.5412             (0.971573 -0.0225247 0)             (0.971627 0.0225216 0)
       0.5416             (0.971633 -0.0222775 0)             (0.971687 0.0222746 0)
        0.542             (0.971693 -0.0220294 0)             (0.971747 0.0220266 0)
       0.5424             (0.971754 -0.0217802 0)             (0.971808 0.0217776 0)
       0.5428             (0.971815 -0.0215301 0)             (0.971869 0.0215276 0)
       0.5432             (0.971877 -0.0212789 0)             (0.971930 0.0212766 0)
       0.5436             (0.971940 -0.0210268 0)             (0.971993 0.0210247 0)
        0.544             (0.972003 -0.0207737 0)             (0.972055 0.0207718 0)
       0.5444             (0.972066 -0.0205197 0)             (0.972118 0.0205179 0)
       0.5448             (0.972130 -0.0202647 0)             (0.972182 0.0202632 0)
       0.5452             (0.972195 -0.0200088 0)             (0.972246 0.0200074 0)
       0.5456             (0.972260 -0.0197520 0)             (0.972311 0.0197508 0)
        0.546             (0.972325 -0.0194943 0)             (0.972376 0.0194932 0)
       0.5464             (0.972392 -0.0192356 0)             (0.972442 0.0192348 0)
       0.5468             (0.972458 -0.0189761 0)             (0.972508 0.0189754 0)
       0.5472             (0.972525 -0.0187157 0)             (0.972575 0.0187152 0)
       0.5476             (0.972593 -0.0184544 0)             (0.972642 0.0184541 0)
        0.548             (0.972661 -0.0181922 0)             (0.972710 0.0181921 0)
       0.5484             (0.972729 -0.0179292 0)             (0.972778 0.0179293 0)
       0.5488             (0.972799 -0.0176654 0)             (0.972847 0.0176656 0)
       0.5492             (0.972868 -0.0174007 0)             (0.972916 0.0174011 0)
       0.5496             (0.972938 -0.0171352 0)             (0.972986 0.0171358 0)
         0.55             (0.973009 -0.0168688 0)             (0.973056 0.0168696 0)
       0.5504             (0.973080 -0.0166017 0)             (0.973127 0.0166027 0)
       0.5508             (0.973151 -0.0163338 0)             (0.973198 0.0163350 0)
       0.5512             (0.973223 -0.0160651 0)             (0.973270 0.0160664 0)
       0.5516             (0.973296 -0.0157956 0)             (0.973342 0.0157971 0)
        0.552             (0.973369 -0.0155253 0)             (0.973414 0.0155271 0)
       0.5524             (0.973442 -0.0152543 0)             (0.973487 0.0152563 0)
       0.5528             (0.973516 -0.0149826 0)             (0.973561 0.0149847 0)
       0.5532             (0.973591 -0.0147101 0)             (0.973635 0.0147124 0)
       0.5536             (0.973665 -0.0144369 0)             (0.973710 0.0144394 0)
        0.554             (0.973741 -0.0141630 0)             (0.973785 0.0141657 0)
       0.5544             (0.973817 -0.0138884 0)             (0.973860 0.0138913 0)
       0.5548             (0.973893 -0.0136130 0)             (0.973936 0.0136162 0)
       0.5552             (0.973970 -0.0133371 0)             (0.974012 0.0133404 0)
       0.5556             (0.974047 -0.0130604 0)             (0.974089 0.0130639 0)
        0.556             (0.974124 -0.0127831 0)             (0.974166 0.0127868 0)
       0.5564             (0.974203 -0.0125051 0)             (0.974244 0.0125090 0)
       0.5568             (0.974281 -0.0122265 0)             (0.974322 0.0122306 0)
       0.5572             (0.974360 -0.0119472 0)             (0.974401 0.0119515 0)
       0.5576             (0.974440 -0.0116674 0)             (0.974480 0.0116719 0)
        0.558             (0.974519 -0.0113869 0)             (0.974559 0.0113916 0)
       0.5584             (0.974600 -0.0111058 0)             (0.974639 0.0111107 0)
       0.5588             (0.974681 -0.0108241 0)             (0.974720 0.0108293 0)
       0.5592             (0.974762 -0.0105419 0)             (0.974801 0.0105472 0)
       0.5596             (0.974844 -0.0102591 0)             (0.974882 0.0102646 0)
         0.56             (0.974926 -0.0099757 0)             (0.974963 0.0099815 0)
       0.5604             (0.975008 -0.0096918 0)             (0.975046 0.0096978 0)
       0.5608             (0.975091 -0.0094074 0)             (0.975128 0.0094135 0)
       0.5612             (0.975174 -0.0091224 0)             (0.975211 0.0091288 0)
       0.5616             (0.975258 -0.0088369 0)             (0.975294 0.0088435 0)
        0.562             (0.975342 -0.0085510 0)             (0.975378 0.0085577 0)
       0.5624             (0.975427 -0.0082645 0)             (0.975463 0.0082714 0)
       0.5628             (0.975512 -0.0079775 0)             (0.975547 0.0079847 0)
       0.5632             (0.975598 -0.0076901 0)             (0.975632 0.0076974 0)
       0.5636             (0.975684 -0.0074022 0)             (0.975718 0.0074098 0)
        0.564             (0.975770 -0.0071138 0)             (0.975803 0.0071216 0)
       0.5644             (0.975856 -0.0068251 0)             (0.975890 0.0068330 0)
       0.5648             (0.975944 -0.0065358 0)             (0.975976 0.0065440 0)
       0.5652             (0.976031 -0.0062462 0)             (0.976063 0.0062546 0)
       0.5656             (0.976119 -0.0059562 0)             (0.976151 0.0059648 0)
        0.566             (0.976207 -0.0056657 0)             (0.976239 0.0056745 0)
       0.5664             (0.976296 -0.0053749 0)             (0.976327 0.0053839 0)
       0.5668             (0.976385 -0.0050837 0)             (0.976415 0.0050929 0)
       0.5672             (0.976474 -0.0047921 0)             (0.976504 0.0048016 0)
       0.5676             (0.976564 -0.0045002 0)             (0.976594 0.0045099 0)
        0.568             (0.976654 -0.0042079 0)             (0.976683 0.0042178 0)
       0.5684             (0.976745 -0.0039153 0)             (0.976774 0.0039254 0)
       0.5688             (0.976836 -0.0036224 0)             (0.976864 0.0036327 0)
       0.5692             (0.976927 -0.0033292 0)             (0.976955 0.0033397 0)
       0.5696             (0.977019 -0.0030356 0)             (0.977046 0.0030463 0)
         0.57             (0.977111 -0.0027418 0)             (0.977138 0.0027527 0)
       0.5704             (0.977203 -0.0024477 0)             (0.977229 0.0024588 0)
       0.5708             (0.977296 -0.0021533 0)             (0.977322 0.0021646 0)
       0.5712             (0.977389 -0.0018587 0)             (0.977414 0.0018702 0)
       0.5716             (0.977482 -0.0015638 0)             (0.977507 0.0015755 0)
        0.572             (0.977576 -0.0012687 0)             (0.977600 0.0012806 0)
       0.5724             (0.977670 -0.0009733 0)             (0.977694 0.0009855 0)
       0.5728             (0.977764 -0.0006777 0)             (0.977788 0.0006901 0)
       0.5732             (0.977859 -0.0003820 0)             (0.977882 0.0003945 0)
       0.5736             (0.977954 -0.0000860 0)             (0.977977 0.0000988 0)
        0.574             (0.978050 0.0002102 0)             (0.978072 -0.0001972 0)
       0.5744             (0.978145 0.0005065 0)             (0.978167 -0.0004933 0)
       0.5748             (0.978241 0.0008030 0)             (0.978263 -0.0007896 0)
       0.5752             (0.978338 0.0010996 0)             (0.978359 -0.0010860 0)
       0.5756             (0.978435 0.0013964 0)             (0.978455 -0.0013826 0)
        0.576             (0.978532 0.0016934 0)             (0.978551 -0.0016793 0)
       0.5764             (0.978629 0.0019904 0)             (0.978648 -0.0019762 0)
       0.5768             (0.978726 0.0022876 0)             (0.978745 -0.0022731 0)
       0.5772             (0.978824 0.0025848 0)             (0.978843 -0.0025702 0)
       0.5776             (0.978923 0.0028822 0)             (0.978940 -0.0028673 0)
        0.578             (0.979021 0.0031796 0)             (0.979038 -0.0031645 0)
       0.5784             (0.979120 0.0034771 0)             (0.979137 -0.0034618 0)
       0.5788             (0.979219 0.0037747 0)             (0.979235 -0.0037592 0)
       0.5792             (0.979318 0.0040723 0)             (0.979334 -0.0040566 0)
       0.5796             (0.979418 0.0043699 0)             (0.979433 -0.0043540 0)
         0.58             (0.979518 0.0046676 0)             (0.979533 -0.0046515 0)
       0.5804             (0.979618 0.0049653 0)             (0.979632 -0.0049490 0)
       0.5808             (0.979718 0.0052630 0)             (0.979732 -0.0052465 0)
       0.5812             (0.979819 0.0055607 0)             (0.979832 -0.0055440 0)
       0.5816             (0.979920 0.0058584 0)             (0.979933 -0.0058415 0)
        0.582             (0.980021 0.0061561 0)             (0.980034 -0.0061389 0)
       0.5824             (0.980123 0.0064537 0)             (0.980135 -0.0064364 0)
       0.5828             (0.980224 0.0067513 0)             (0.980236 -0.0067338 0)
       0.5832             (0.980326 0.0070488 0)             (0.980337 -0.0070311 0)
       0.5836             (0.980429 0.0073463 0)             (0.980439 -0.0073284 0)
        0.584             (0.980531 0.0076437 0)             (0.980541 -0.0076256 0)
       0.5844             (0.980634 0.0079410 0)             (0.980643 -0.0079227 0)
       0.5848             (0.980737 0.0082382 0)             (0.980745 -0.0082197 0)
       0.5852             (0.980840 0.0085353 0)             (0.980848 -0.0085166 0)
       0.5856             (0.980943 0.0088323 0)             (0.980951 -0.0088134 0)
        0.586             (0.981047 0.0091292 0)             (0.981054 -0.0091101 0)
       0.5864             (0.981150 0.0094259 0)             (0.981157 -0.0094066 0)
       0.5868             (0.981254 0.0097225 0)             (0.981261 -0.0097030 0)
       0.5872             (0.981359 0.0100189 0)             (0.981364 -0.0099992 0)
       0.5876             (0.981463 0.0103152 0)             (0.981468 -0.0102953 0)
        0.588             (0.981568 0.0106113 0)             (0.981572 -0.0105912 0)
       0.5884             (0.981672 0.0109072 0)             (0.981677 -0.0108870 0)
       0.5888             (0.981777 0.0112030 0)             (0.981781 -0.0111825 0)
       0.5892             (0.981883 0.0114985 0)             (0.981886 -0.0114778 0)
       0.5896             (0.981988 0.0117938 0)             (0.981990 -0.0117729 0)
         0.59             (0.982093 0.0120889 0)             (0.982095 -0.0120678 0)
       0.5904             (0.982199 0.0123837 0)             (0.982201 -0.0123625 0)
       0.5908             (0.982305 0.0126783 0)             (0.982306 -0.0126569 0)
       0.5912             (0.982411 0.0129727 0)             (0.982411 -0.0129510 0)
       0.5916             (0.982517 0.0132667 0)             (0.982517 -0.0132449 0)
        0.592             (0.982624 0.0135606 0)             (0.982623 -0.0135386 0)
       0.5924             (0.982730 0.0138541 0)             (0.982729 -0.0138319 0)
       0.5928             (0.982837 0.0141473 0)             (0.982835 -0.0141250 0)
       0.5932             (0.982944 0.0144403 0)             (0.982941 -0.0144177 0)
       0.5936             (0.983051 0.0147329 0)             (0.983048 -0.0147102 0)
        0.594             (0.983158 0.0150252 0)             (0.983154 -0.0150023 0)
       0.5944             (0.983265 0.0153172 0)             (0.983261 -0.0152941 0)
       0.5948             (0.983372 0.0156089 0)             (0.983368 -0.0155856 0)
       0.5952             (0.983480 0.0159002 0)             (0.983475 -0.0158767 0)
       0.5956             (0.983587 0.0161911 0)             (0.983582 -0.0161675 0)
        0.596             (0.983695 0.0164817 0)             (0.983689 -0.0164579 0)
       0.5964             (0.983803 0.0167719 0)             (0.983796 -0.0167479 0)
       0.5968             (0.983911 0.0170617 0)             (0.983904 -0.0170375 0)
       0.5972             (0.984019 0.0173511 0)             (0.984011 -0.0173268 0)
       0.5976             (0.984127 0.0176401 0)             (0.984119 -0.0176156 0)
        0.598             (0.984235 0.0179287 0)             (0.984227 -0.0179041 0)
       0.5984             (0.984344 0.0182169 0)             (0.984334 -0.0181921 0)
       0.5988             (0.984452 0.0185047 0)             (0.984442 -0.0184797 0)
       0.5992             (0.984561 0.0187920 0)             (0.984550 -0.0187668 0)
       0.5996             (0.984669 0.0190788 0)             (0.984658 -0.0190535 0)
          0.6             (0.984778 0.0193653 0)             (0.984766 -0.0193398 0)
       0.6004             (0.984887 0.0196512 0)             (0.984875 -0.0196255 0)
       0.6008             (0.984995 0.0199367 0)             (0.984983 -0.0199108 0)
       0.6012             (0.985104 0.0202216 0)             (0.985091 -0.0201957 0)
       0.6016             (0.985213 0.0205061 0)             (0.985200 -0.0204800 0)
        0.602             (0.985322 0.0207901 0)             (0.985308 -0.0207638 0)
       0.6024             (0.985431 0.0210736 0)             (0.985417 -0.0210471 0)
       0.6028             (0.985540 0.0213566 0)             (0.985525 -0.0213299 0)
       0.6032             (0.985649 0.0216390 0)             (0.985634 -0.0216122 0)
       0.6036             (0.985759 0.0219209 0)             (0.985742 -0.0218940 0)
        0.604             (0.985868 0.0222023 0)             (0.985851 -0.0221752 0)
       0.6044             (0.985977 0.0224831 0)             (0.985960 -0.0224558 0)
       0.6048             (0.986086 0.0227633 0)             (0.986068 -0.0227359 0)
       0.6052             (0.986196 0.0230430 0)             (0.986177 -0.0230154 0)
       0.6056             (0.986305 0.0233221 0)             (0.986286 -0.0232944 0)
        0.606             (0.986414 0.0236006 0)             (0.986395 -0.0235727 0)
       0.6064             (0.986524 0.0238785 0)             (0.986504 -0.0238505 0)
       0.6068             (0.986633 0.0241558 0)             (0.986612 -0.0241277 0)
       0.6072             (0.986742 0.0244325 0)             (0.986721 -0.0244042 0)
       0.6076             (0.986852 0.0247086 0)             (0.986830 -0.0246802 0)
        0.608             (0.986961 0.0249840 0)             (0.986939 -0.0249555 0)
       0.6084             (0.987070 0.0252589 0)             (0.987047 -0.0252302 0)
       0.6088             (0.987180 0.0255330 0)             (0.987156 -0.0255042 0)
       0.6092             (0.987289 0.0258066 0)             (0.987265 -0.0257776 0)
       0.6096             (0.987398 0.0260794 0)             (0.987374 -0.0260503 0)
         0.61             (0.987507 0.0263516 0)             (0.987482 -0.0263224 0)
       0.6104             (0.987617 0.0266232 0)             (0.987591 -0.0265938 0)
       0.6108             (0.987726 0.0268940 0)             (0.987700 -0.0268645 0)
       0.6112             (0.987835 0.0271642 0)             (0.987808 -0.0271345 0)
       0.6116             (0.987944 0.0274336 0)             (0.987917 -0.0274038 0)
        0.612             (0.988053 0.0277024 0)             (0.988025 -0.0276725 0)
       0.6124             (0.988162 0.0279704 0)             (0.988134 -0.0279404 0)
       0.6128             (0.988271 0.0282377 0)             (0.988242 -0.0282076 0)
       0.6132             (0.988380 0.0285043 0)             (0.988350 -0.0284740 0)
       0.6136             (0.988489 0.0287702 0)             (0.988459 -0.0287398 0)
        0.614             (0.988597 0.0290353 0)             (0.988567 -0.0290048 0)
       0.6144             (0.988706 0.0292996 0)             (0.988675 -0.0292690 0)
       0.6148             (0.988814 0.0295632 0)             (0.988783 -0.0295325 0)
       0.6152             (0.988923 0.0298261 0)             (0.988891 -0.0297952 0)
       0.6156             (0.989031 0.0300882 0)             (0.988999 -0.0300572 0)
        0.616             (0.989140 0.0303494 0)             (0.989106 -0.0303184 0)
       0.6164             (0.989248 0.0306100 0)             (0.989214 -0.0305788 0)
       0.6168             (0.989356 0.0308697 0)             (0.989322 -0.0308384 0)
       0.6172             (0.989464 0.0311286 0)             (0.989429 -0.0310972 0)
       0.6176             (0.989572 0.0313867 0)             (0.989537 -0.0313552 0)
        0.618             (0.989680 0.0316440 0)             (0.989644 -0.0316124 0)
       0.6184             (0.989787 0.0319004 0)             (0.989751 -0.0318687 0)
       0.6188             (0.989895 0.0321561 0)             (0.989858 -0.0321243 0)
       0.6192             (0.990002 0.0324109 0)             (0.989965 -0.0323790 0)
       0.6196             (0.990110 0.0326649 0)             (0.990072 -0.0326329 0)
         0.62             (0.990217 0.0329180 0)             (0.990178 -0.0328859 0)
       0.6204             (0.990324 0.0331703 0)             (0.990285 -0.0331381 0)
       0.6208             (0.990431 0.0334217 0)             (0.990391 -0.0333894 0)
       0.6212             (0.990538 0.0336722 0)             (0.990497 -0.0336399 0)
       0.6216             (0.990644 0.0339219 0)             (0.990604 -0.0338894 0)
        0.622             (0.990751 0.0341707 0)             (0.990709 -0.0341381 0)
       0.6224             (0.990857 0.0344186 0)             (0.990815 -0.0343860 0)
       0.6228             (0.990963 0.0346656 0)             (0.990921 -0.0346329 0)
       0.6232             (0.991069 0.0349117 0)             (0.991026 -0.0348789 0)
       0.6236             (0.991175 0.0351569 0)             (0.991132 -0.0351240 0)
        0.624             (0.991281 0.0354012 0)             (0.991237 -0.0353683 0)
       0.6244             (0.991386 0.0356446 0)             (0.991342 -0.0356116 0)
       0.6248             (0.991491 0.0358870 0)             (0.991446 -0.0358540 0)
       0.6252             (0.991596 0.0361286 0)             (0.991551 -0.0360954 0)
       0.6256             (0.991701 0.0363692 0)             (0.991655 -0.0363359 0)
        0.626             (0.991806 0.0366088 0)             (0.991760 -0.0365755 0)
       0.6264             (0.991911 0.0368475 0)             (0.991864 -0.0368142 0)
       0.6268             (0.992015 0.0370853 0)             (0.991967 -0.0370518 0)
       0.6272             (0.992119 0.0373221 0)             (0.992071 -0.0372886 0)
       0.6276             (0.992223 0.0375579 0)             (0.992174 -0.0375244 0)
        0.628             (0.992327 0.0377928 0)             (0.992278 -0.0377592 0)
       0.6284             (0.992430 0.0380266 0)             (0.992381 -0.0379930 0)
       0.6288             (0.992533 0.0382596 0)             (0.992483 -0.0382258 0)
       0.6292             (0.992636 0.0384915 0)             (0.992586 -0.0384577 0)
       0.6296             (0.992739 0.0387224 0)             (0.992688 -0.0386886 0)
         0.63             (0.992842 0.0389523 0)             (0.992790 -0.0389185 0)
       0.6304             (0.992944 0.0391813 0)             (0.992892 -0.0391474 0)
       0.6308             (0.993046 0.0394092 0)             (0.992994 -0.0393753 0)
       0.6312             (0.993148 0.0396361 0)             (0.993095 -0.0396021 0)
       0.6316             (0.993250 0.0398620 0)             (0.993196 -0.0398280 0)
        0.632             (0.993351 0.0400869 0)             (0.993297 -0.0400528 0)
       0.6324             (0.993452 0.0403108 0)             (0.993398 -0.0402766 0)
       0.6328             (0.993553 0.0405336 0)             (0.993498 -0.0404994 0)
       0.6332             (0.993654 0.0407554 0)             (0.993598 -0.0407212 0)
       0.6336             (0.993754 0.0409761 0)             (0.993698 -0.0409419 0)
        0.634             (0.993854 0.0411958 0)             (0.993797 -0.0411616 0)
       0.6344             (0.993954 0.0414144 0)             (0.993897 -0.0413802 0)
       0.6348             (0.994053 0.0416320 0)             (0.993996 -0.0415977 0)
       0.6352             (0.994153 0.0418486 0)             (0.994094 -0.0418142 0)
       0.6356             (0.994252 0.0420640 0)             (0.994193 -0.0420297 0)
        0.636             (0.994350 0.0422784 0)             (0.994291 -0.0422441 0)
       0.6364             (0.994449 0.0424917 0)             (0.994389 -0.0424574 0)
       0.6368             (0.994547 0.0427040 0)             (0.994487 -0.0426696 0)
       0.6372             (0.994645 0.0429151 0)             (0.994584 -0.0428807 0)
       0.6376             (0.994742 0.0431252 0)             (0.994681 -0.0430908 0)
        0.638             (0.994839 0.0433342 0)             (0.994778 -0.0432998 0)
       0.6384             (0.994936 0.0435421 0)             (0.994874 -0.0435076 0)
       0.6388             (0.995033 0.0437489 0)             (0.994970 -0.0437144 0)
       0.6392             (0.995129 0.0439545 0)             (0.995066 -0.0439201 0)
       0.6396             (0.995225 0.0441591 0)             (0.995161 -0.0441247 0)
         0.64             (0.995320 0.0443626 0)             (0.995256 -0.0443281 0)
       0.6404             (0.995416 0.0445649 0)             (0.995351 -0.0445305 0)
       0.6408             (0.995511 0.0447661 0)             (0.995446 -0.0447317 0)
       0.6412             (0.995605 0.0449663 0)             (0.995540 -0.0449318 0)
       0.6416             (0.995699 0.0451652 0)             (0.995633 -0.0451308 0)
        0.642             (0.995793 0.0453631 0)             (0.995727 -0.0453287 0)
       0.6424             (0.995887 0.0455598 0)             (0.995820 -0.0455254 0)
       0.6428             (0.995980 0.0457554 0)             (0.995913 -0.0457210 0)
       0.6432             (0.996073 0.0459498 0)             (0.996005 -0.0459155 0)
       0.6436             (0.996166 0.0461431 0)             (0.996097 -0.0461088 0)
        0.644             (0.996258 0.0463352 0)             (0.996189 -0.0463009 0)
       0.6444             (0.996350 0.0465262 0)             (0.996280 -0.0464920 0)
       0.6448             (0.996441 0.0467161 0)             (0.996371 -0.0466818 0)
       0.6452             (0.996532 0.0469047 0)             (0.996462 -0.0468705 0)
       0.6456             (0.996623 0.0470923 0)             (0.996552 -0.0470581 0)
        0.646             (0.996713 0.0472786 0)             (0.996642 -0.0472445 0)
       0.6464             (0.996803 0.0474638 0)             (0.996732 -0.0474297 0)
       0.6468             (0.996893 0.0476478 0)             (0.996821 -0.0476137 0)
       0.6472             (0.996982 0.0478307 0)             (0.996909 -0.0477966 0)
       0.6476             (0.997071 0.0480123 0)             (0.996998 -0.0479783 0)
        0.648             (0.997159 0.0481928 0)             (0.997086 -0.0481589 0)
       0.6484             (0.997247 0.0483721 0)             (0.997173 -0.0483382 0)
       0.6488             (0.997335 0.0485502 0)             (0.997261 -0.0485164 0)
       0.6492             (0.997422 0.0487272 0)             (0.997347 -0.0486934 0)
       0.6496             (0.997509 0.0489029 0)             (0.997434 -0.0488692 0)
         0.65             (0.997595 0.0490775 0)             (0.997520 -0.0490438 0)
       0.6504             (0.997681 0.0492508 0)             (0.997605 -0.0492172 0)
       0.6508             (0.997767 0.0494230 0)             (0.997691 -0.0493894 0)
       0.6512             (0.997852 0.0495939 0)             (0.997775 -0.0495604 0)
       0.6516             (0.997937 0.0497637 0)             (0.997860 -0.0497302 0)
        0.652             (0.998021 0.0499322 0)             (0.997944 -0.0498988 0)
       0.6524             (0.998105 0.0500996 0)             (0.998027 -0.0500662 0)
       0.6528             (0.998189 0.0502657 0)             (0.998110 -0.0502324 0)
       0.6532             (0.998272 0.0504306 0)             (0.998193 -0.0503974 0)
       0.6536             (0.998354 0.0505943 0)             (0.998275 -0.0505612 0)
        0.654             (0.998437 0.0507568 0)             (0.998357 -0.0507238 0)
       0.6544             (0.998518 0.0509181 0)             (0.998438 -0.0508851 0)
       0.6548             (0.998600 0.0510781 0)             (0.998519 -0.0510452 0)
       0.6552             (0.998681 0.0512369 0)             (0.998600 -0.0512041 0)
       0.6556             (0.998761 0.0513945 0)             (0.998680 -0.0513618 0)
        0.656             (0.998841 0.0515509 0)             (0.998759 -0.0515183 0)
       0.6564             (0.998921 0.0517061 0)             (0.998838 -0.0516735 0)
       0.6568             (0.999000 0.0518600 0)             (0.998917 -0.0518275 0)
       0.6572             (0.999078 0.0520127 0)             (0.998995 -0.0519803 0)
       0.6576             (0.999156 0.0521641 0)             (0.999073 -0.0521319 0)
        0.658             (0.999234 0.0523143 0)             (0.999151 -0.0522822 0)
       0.6584             (0.999311 0.0524633 0)             (0.999227 -0.0524313 0)
       0.6588             (0.999388 0.0526111 0)             (0.999304 -0.0525791 0)
       0.6592             (0.999465 0.0527576 0)             (0.999380 -0.0527258 0)
       0.6596             (0.999540 0.0529029 0)             (0.999455 -0.0528711 0)
         0.66             (0.999616 0.0530469 0)             (0.999530 -0.0530153 0)
       0.6604             (0.999691 0.0531897 0)             (0.999605 -0.0531582 0)
       0.6608             (0.999765 0.0533312 0)             (0.999679 -0.0532998 0)
       0.6612             (0.999839 0.0534715 0)             (0.999752 -0.0534402 0)
       0.6616             (0.999913 0.0536106 0)             (0.999825 -0.0535794 0)
        0.662             (0.999985 0.0537484 0)             (0.999898 -0.0537173 0)
       0.6624             (1.000058 0.0538849 0)             (0.999970 -0.0538540 0)
       0.6628             (1.000130 0.0540202 0)             (1.000042 -0.0539894 0)
       0.6632             (1.000201 0.0541543 0)             (1.000113 -0.0541236 0)
       0.6636             (1.000272 0.0542871 0)             (1.000184 -0.0542566 0)
        0.664             (1.000343 0.0544186 0)             (1.000254 -0.0543882 0)
       0.6644             (1.000413 0.0545489 0)             (1.000323 -0.0545187 0)
       0.6648             (1.000482 0.0546780 0)             (1.000393 -0.0546479 0)
       0.6652             (1.000551 0.0548058 0)             (1.000461 -0.0547758 0)
       0.6656             (1.000620 0.0549323 0)             (1.000529 -0.0549025 0)
        0.666             (1.000688 0.0550576 0)             (1.000597 -0.0550279 0)
       0.6664             (1.000755 0.0551816 0)             (1.000664 -0.0551521 0)
       0.6668             (1.000822 0.0553044 0)             (1.000731 -0.0552750 0)
       0.6672             (1.000889 0.0554259 0)             (1.000797 -0.0553966 0)
       0.6676             (1.000955 0.0555462 0)             (1.000862 -0.0555170 0)
        0.668             (1.001020 0.0556652 0)             (1.000928 -0.0556362 0)
       0.6684             (1.001085 0.0557829 0)             (1.000992 -0.0557541 0)
       0.6688             (1.001149 0.0558994 0)             (1.001056 -0.0558707 0)
       0.6692             (1.001213 0.0560146 0)             (1.001120 -0.0559861 0)
       0.6696             (1.001277 0.0561286 0)             (1.001183 -0.0561002 0)
         0.67             (1.001339 0.0562413 0)             (1.001245 -0.0562131 0)
       0.6704             (1.001402 0.0563527 0)             (1.001307 -0.0563247 0)
       0.6708             (1.001463 0.0564629 0)             (1.001369 -0.0564351 0)
       0.6712             (1.001525 0.0565719 0)             (1.001429 -0.0565442 0)
       0.6716             (1.001585 0.0566795 0)             (1.001490 -0.0566520 0)
        0.672             (1.001645 0.0567859 0)             (1.001550 -0.0567586 0)
       0.6724             (1.001705 0.0568911 0)             (1.001609 -0.0568639 0)
       0.6728             (1.001764 0.0569950 0)             (1.001668 -0.0569680 0)
       0.6732             (1.001822 0.0570976 0)             (1.001726 -0.0570708 0)
       0.6736             (1.001880 0.0571990 0)             (1.001784 -0.0571724 0)
        0.674             (1.001938 0.0572991 0)             (1.001841 -0.0572727 0)
       0.6744             (1.001995 0.0573980 0)             (1.001897 -0.0573718 0)
       0.6748             (1.002051 0.0574956 0)             (1.001953 -0.0574695 0)
       0.6752             (1.002107 0.0575919 0)             (1.002009 -0.0575661 0)
       0.6756             (1.002162 0.0576870 0)             (1.002064 -0.0576614 0)
        0.676             (1.002217 0.0577809 0)             (1.002118 -0.0577554 0)
       0.6764             (1.002271 0.0578734 0)             (1.002172 -0.0578482 0)
       0.6768             (1.002324 0.0579648 0)             (1.002225 -0.0579397 0)
       0.6772             (1.002377 0.0580548 0)             (1.002278 -0.0580300 0)
       0.6776             (1.002430 0.0581437 0)             (1.002330 -0.0581190 0)
        0.678             (1.002482 0.0582312 0)             (1.002382 -0.0582068 0)
       0.6784             (1.002533 0.0583176 0)             (1.002433 -0.0582933 0)
       0.6788             (1.002584 0.0584026 0)             (1.002483 -0.0583786 0)
       0.6792             (1.002634 0.0584864 0)             (1.002533 -0.0584626 0)
       0.6796             (1.002683 0.0585690 0)             (1.002582 -0.0585454 0)
         0.68             (1.002732 0.0586503 0)             (1.002631 -0.0586269 0)
       0.6804             (1.002781 0.0587304 0)             (1.002680 -0.0587072 0)
       0.6808             (1.002829 0.0588092 0)             (1.002727 -0.0587863 0)
       0.6812             (1.002876 0.0588868 0)             (1.002774 -0.0588641 0)
       0.6816             (1.002923 0.0589631 0)             (1.002821 -0.0589406 0)
        0.682             (1.002969 0.0590382 0)             (1.002867 -0.0590160 0)
       0.6824             (1.003015 0.0591121 0)             (1.002912 -0.0590900 0)
       0.6828             (1.003060 0.0591847 0)             (1.002957 -0.0591629 0)
       0.6832             (1.003104 0.0592561 0)             (1.003001 -0.0592345 0)
       0.6836             (1.003148 0.0593262 0)             (1.003045 -0.0593049 0)
        0.684             (1.003192 0.0593951 0)             (1.003088 -0.0593740 0)
       0.6844             (1.003234 0.0594627 0)             (1.003131 -0.0594419 0)
       0.6848             (1.003276 0.0595292 0)             (1.003173 -0.0595086 0)
       0.6852             (1.003318 0.0595944 0)             (1.003214 -0.0595740 0)
       0.6856             (1.003359 0.0596583 0)             (1.003255 -0.0596382 0)
        0.686             (1.003399 0.0597210 0)             (1.003295 -0.0597012 0)
       0.6864             (1.003439 0.0597826 0)             (1.003335 -0.0597629 0)
       0.6868             (1.003478 0.0598428 0)             (1.003374 -0.0598235 0)
       0.6872             (1.003517 0.0599019 0)             (1.003412 -0.0598828 0)
       0.6876             (1.003555 0.0599597 0)             (1.003450 -0.0599408 0)
        0.688             (1.003593 0.0600163 0)             (1.003487 -0.0599977 0)
       0.6884             (1.003630 0.0600717 0)             (1.003524 -0.0600534 0)
       0.6888             (1.003666 0.0601259 0)             (1.003560 -0.0601078 0)
       0.6892             (1.003702 0.0601788 0)             (1.003596 -0.0601610 0)
       0.6896             (1.003737 0.0602305 0)             (1.003631 -0.0602130 0)
         0.69             (1.003771 0.0602811 0)             (1.003665 -0.0602638 0)
       0.6904             (1.003805 0.0603304 0)             (1.003699 -0.0603134 0)
       0.6908             (1.003839 0.0603785 0)             (1.003732 -0.0603617 0)
       0.6912             (1.003872 0.0604254 0)             (1.003765 -0.0604089 0)
       0.6916             (1.003904 0.0604710 0)             (1.003797 -0.0604549 0)
        0.692             (1.003935 0.0605155 0)             (1.003828 -0.0604996 0)
       0.6924             (1.003966 0.0605588 0)             (1.003859 -0.0605432 0)
       0.6928             (1.003997 0.0606009 0)             (1.003889 -0.0605855 0)
       0.6932             (1.004027 0.0606418 0)             (1.003919 -0.0606267 0)
       0.6936             (1.004056 0.0606815 0)             (1.003948 -0.0606667 0)
        0.694             (1.004084 0.0607200 0)             (1.003977 -0.0607055 0)
       0.6944             (1.004113 0.0607573 0)             (1.004004 -0.0607431 0)
       0.6948             (1.004140 0.0607934 0)             (1.004032 -0.0607795 0)
       0.6952             (1.004167 0.0608283 0)             (1.004059 -0.0608147 0)
       0.6956             (1.004193 0.0608620 0)             (1.004085 -0.0608487 0)
        0.696             (1.004219 0.0608946 0)             (1.004110 -0.0608816 0)
       0.6964             (1.004244 0.0609260 0)             (1.004135 -0.0609133 0)
       0.6968             (1.004268 0.0609562 0)             (1.004160 -0.0609438 0)
       0.6972             (1.004292 0.0609852 0)             (1.004183 -0.0609731 0)
       0.6976             (1.004316 0.0610131 0)             (1.004207 -0.0610013 0)
        0.698             (1.004338 0.0610398 0)             (1.004229 -0.0610282 0)
       0.6984             (1.004360 0.0610653 0)             (1.004251 -0.0610541 0)
       0.6988             (1.004382 0.0610896 0)             (1.004273 -0.0610787 0)
       0.6992             (1.004403 0.0611128 0)             (1.004293 -0.0611022 0)
       0.6996             (1.004423 0.0611348 0)             (1.004314 -0.0611246 0)
          0.7             (1.004443 0.0611557 0)             (1.004333 -0.0611457 0)
       0.7004             (1.004462 0.0611754 0)             (1.004352 -0.0611658 0)
       0.7008             (1.004481 0.0611940 0)             (1.004371 -0.0611847 0)
       0.7012             (1.004499 0.0612114 0)             (1.004389 -0.0612024 0)
       0.7016             (1.004516 0.0612276 0)             (1.004406 -0.0612190 0)
        0.702             (1.004533 0.0612428 0)             (1.004423 -0.0612344 0)
       0.7024             (1.004549 0.0612567 0)             (1.004439 -0.0612487 0)
       0.7028             (1.004564 0.0612696 0)             (1.004454 -0.0612619 0)
       0.7032             (1.004579 0.0612813 0)             (1.004469 -0.0612739 0)
       0.7036             (1.004594 0.0612918 0)             (1.004483 -0.0612848 0)
        0.704             (1.004608 0.0613013 0)             (1.004497 -0.0612945 0)
       0.7044             (1.004621 0.0613096 0)             (1.004510 -0.0613032 0)
       0.7048             (1.004634 0.0613167 0)             (1.004523 -0.0613107 0)
       0.7052             (1.004646 0.0613228 0)             (1.004535 -0.0613171 0)
       0.7056             (1.004657 0.0613277 0)             (1.004546 -0.0613224 0)
        0.706             (1.004668 0.0613315 0)             (1.004557 -0.0613265 0)
       0.7064             (1.004678 0.0613342 0)             (1.004567 -0.0613296 0)
       0.7068             (1.004688 0.0613358 0)             (1.004577 -0.0613315 0)
       0.7072             (1.004697 0.0613363 0)             (1.004586 -0.0613323 0)
       0.7076             (1.004705 0.0613357 0)             (1.004594 -0.0613320 0)
        0.708             (1.004713 0.0613339 0)             (1.004602 -0.0613307 0)
       0.7084             (1.004721 0.0613311 0)             (1.004610 -0.0613282 0)
       0.7088             (1.004727 0.0613272 0)             (1.004616 -0.0613246 0)
       0.7092             (1.004734 0.0613222 0)             (1.004622 -0.0613200 0)
       0.7096             (1.004739 0.0613161 0)             (1.004628 -0.0613142 0)
         0.71             (1.004744 0.0613089 0)             (1.004633 -0.0613074 0)
       0.7104             (1.004749 0.0613006 0)             (1.004637 -0.0612994 0)
       0.7108             (1.004752 0.0612912 0)             (1.004641 -0.0612904 0)
       0.7112             (1.004756 0.0612808 0)             (1.004644 -0.0612804 0)
       0.7116             (1.004758 0.0612693 0)             (1.004647 -0.0612692 0)
        0.712             (1.004760 0.0612567 0)             (1.004649 -0.0612570 0)
       0.7124             (1.004762 0.0612430 0)             (1.004651 -0.0612437 0)
       0.7128             (1.004763 0.0612283 0)             (1.004652 -0.0612293 0)
       0.7132             (1.004763 0.0612125 0)             (1.004652 -0.0612139 0)
       0.7136             (1.004763 0.0611957 0)             (1.004652 -0.0611975 0)
        0.714             (1.004762 0.0611778 0)             (1.004651 -0.0611799 0)
       0.7144             (1.004761 0.0611588 0)             (1.004650 -0.0611614 0)
       0.7148             (1.004759 0.0611388 0)             (1.004648 -0.0611417 0)
       0.7152             (1.004757 0.0611178 0)             (1.004645 -0.0611211 0)
       0.7156             (1.004753 0.0610957 0)             (1.004642 -0.0610994 0)
        0.716             (1.004750 0.0610726 0)             (1.004639 -0.0610766 0)
       0.7164             (1.004746 0.0610484 0)             (1.004634 -0.0610528 0)
       0.7168             (1.004741 0.0610232 0)             (1.004630 -0.0610280 0)
       0.7172             (1.004735 0.0609970 0)             (1.004624 -0.0610022 0)
       0.7176             (1.004730 0.0609697 0)             (1.004618 -0.0609753 0)
        0.718             (1.004723 0.0609414 0)             (1.004612 -0.0609474 0)
       0.7184             (1.004716 0.0609121 0)             (1.004605 -0.0609185 0)
       0.7188             (1.004708 0.0608818 0)             (1.004597 -0.0608886 0)
       0.7192             (1.004700 0.0608505 0)             (1.004589 -0.0608576 0)
       0.7196             (1.004692 0.0608181 0)             (1.004581 -0.0608257 0)
         0.72             (1.004682 0.0607848 0)             (1.004571 -0.0607927 0)
       0.7204             (1.004673 0.0607505 0)             (1.004562 -0.0607588 0)
       0.7208             (1.004662 0.0607151 0)             (1.004551 -0.0607238 0)
       0.7212             (1.004651 0.0606788 0)             (1.004540 -0.0606879 0)
       0.7216             (1.004640 0.0606414 0)             (1.004529 -0.0606510 0)
        0.722             (1.004628 0.0606031 0)             (1.004517 -0.0606131 0)
       0.7224             (1.004615 0.0605638 0)             (1.004505 -0.0605741 0)
       0.7228             (1.004602 0.0605235 0)             (1.004491 -0.0605343 0)
       0.7232             (1.004588 0.0604823 0)             (1.004478 -0.0604934 0)
       0.7236             (1.004574 0.0604400 0)             (1.004464 -0.0604516 0)
        0.724             (1.004559 0.0603968 0)             (1.004449 -0.0604088 0)
       0.7244             (1.004544 0.0603526 0)             (1.004434 -0.0603650 0)
       0.7248             (1.004528 0.0603075 0)             (1.004418 -0.0603203 0)
       0.7252             (1.004512 0.0602614 0)             (1.004402 -0.0602746 0)
       0.7256             (1.004495 0.0602143 0)             (1.004385 -0.0602279 0)
        0.726             (1.004477 0.0601663 0)             (1.004368 -0.0601803 0)
       0.7264             (1.004459 0.0601173 0)             (1.004350 -0.0601317 0)
       0.7268             (1.004441 0.0600674 0)             (1.004331 -0.0600822 0)
       0.7272             (1.004422 0.0600165 0)             (1.004312 -0.0600318 0)
       0.7276             (1.004402 0.0599647 0)             (1.004293 -0.0599804 0)
        0.728             (1.004382 0.0599120 0)             (1.004273 -0.0599281 0)
       0.7284             (1.004362 0.0598583 0)             (1.004252 -0.0598749 0)
       0.7288             (1.004340 0.0598037 0)             (1.004231 -0.0598207 0)
       0.7292             (1.004319 0.0597482 0)             (1.004210 -0.0597656 0)
       0.7296             (1.004297 0.0596917 0)             (1.004188 -0.0597096 0)
         0.73             (1.004274 0.0596344 0)             (1.004165 -0.0596526 0)
       0.7304             (1.004251 0.0595761 0)             (1.004142 -0.0595948 0)
       0.7308             (1.004227 0.0595169 0)             (1.004118 -0.0595360 0)
       0.7312             (1.004203 0.0594568 0)             (1.004094 -0.0594764 0)
       0.7316             (1.004178 0.0593958 0)             (1.004070 -0.0594158 0)
        0.732             (1.004153 0.0593339 0)             (1.004044 -0.0593543 0)
       0.7324             (1.004127 0.0592711 0)             (1.004019 -0.0592920 0)
       0.7328             (1.004101 0.0592074 0)             (1.003993 -0.0592287 0)
       0.7332             (1.004074 0.0591428 0)             (1.003966 -0.0591646 0)
       0.7336             (1.004047 0.0590774 0)             (1.003939 -0.0590995 0)
        0.734             (1.004019 0.0590110 0)             (1.003911 -0.0590336 0)
       0.7344             (1.003991 0.0589438 0)             (1.003883 -0.0589668 0)
       0.7348             (1.003962 0.0588757 0)             (1.003855 -0.0588992 0)
       0.7352             (1.003933 0.0588067 0)             (1.003825 -0.0588306 0)
       0.7356             (1.003903 0.0587369 0)             (1.003796 -0.0587612 0)
        0.736             (1.003873 0.0586662 0)             (1.003766 -0.0586910 0)
       0.7364             (1.003842 0.0585946 0)             (1.003735 -0.0586198 0)
       0.7368             (1.003811 0.0585222 0)             (1.003704 -0.0585479 0)
       0.7372             (1.003779 0.0584489 0)             (1.003673 -0.0584750 0)
       0.7376             (1.003747 0.0583747 0)             (1.003641 -0.0584013 0)
        0.738             (1.003714 0.0582998 0)             (1.003608 -0.0583268 0)
       0.7384             (1.003681 0.0582239 0)             (1.003575 -0.0582514 0)
       0.7388             (1.003647 0.0581473 0)             (1.003542 -0.0581752 0)
       0.7392             (1.003613 0.0580698 0)             (1.003508 -0.0580982 0)
       0.7396             (1.003579 0.0579914 0)             (1.003473 -0.0580203 0)
         0.74             (1.003544 0.0579123 0)             (1.003439 -0.0579416 0)
       0.7404             (1.003508 0.0578323 0)             (1.003403 -0.0578621 0)
       0.7408             (1.003472 0.0577515 0)             (1.003368 -0.0577817 0)
       0.7412             (1.003436 0.0576699 0)             (1.003331 -0.0577006 0)
       0.7416             (1.003399 0.0575874 0)             (1.003295 -0.0576186 0)
        0.742             (1.003362 0.0575042 0)             (1.003258 -0.0575358 0)
       0.7424             (1.003324 0.0574201 0)             (1.003220 -0.0574522 0)
       0.7428             (1.003286 0.0573353 0)             (1.003182 -0.0573678 0)
       0.7432             (1.003247 0.0572496 0)             (1.003143 -0.0572826 0)
       0.7436             (1.003208 0.0571631 0)             (1.003105 -0.0571966 0)
        0.744             (1.003169 0.0570759 0)             (1.003065 -0.0571098 0)
       0.7444             (1.003129 0.0569878 0)             (1.003025 -0.0570222 0)
       0.7448             (1.003088 0.0568990 0)             (1.002985 -0.0569339 0)
       0.7452             (1.003047 0.0568094 0)             (1.002945 -0.0568447 0)
       0.7456             (1.003006 0.0567190 0)             (1.002903 -0.0567548 0)
        0.746             (1.002964 0.0566278 0)             (1.002862 -0.0566641 0)
       0.7464             (1.002922 0.0565359 0)             (1.002820 -0.0565726 0)
       0.7468             (1.002880 0.0564432 0)             (1.002778 -0.0564804 0)
       0.7472             (1.002837 0.0563497 0)             (1.002735 -0.0563874 0)
       0.7476             (1.002793 0.0562555 0)             (1.002692 -0.0562936 0)
        0.748             (1.002749 0.0561605 0)             (1.002648 -0.0561991 0)
       0.7484             (1.002705 0.0560647 0)             (1.002604 -0.0561038 0)
       0.7488             (1.002660 0.0559682 0)             (1.002559 -0.0560078 0)
       0.7492             (1.002615 0.0558710 0)             (1.002515 -0.0559110 0)
       0.7496             (1.002570 0.0557730 0)             (1.002469 -0.0558135 0)
         0.75             (1.002524 0.0556743 0)             (1.002424 -0.0557153 0)
       0.7504             (1.002477 0.0555748 0)             (1.002378 -0.0556163 0)
       0.7508             (1.002431 0.0554746 0)             (1.002331 -0.0555165 0)
       0.7512             (1.002384 0.0553736 0)             (1.002284 -0.0554161 0)
       0.7516             (1.002336 0.0552720 0)             (1.002237 -0.0553149 0)
        0.752             (1.002288 0.0551696 0)             (1.002189 -0.0552130 0)
       0.7524             (1.002240 0.0550665 0)             (1.002141 -0.0551104 0)
       0.7528             (1.002191 0.0549627 0)             (1.002093 -0.0550070 0)
       0.7532             (1.002142 0.0548581 0)             (1.002044 -0.0549030 0)
       0.7536             (1.002093 0.0547529 0)             (1.001995 -0.0547982 0)
        0.754             (1.002043 0.0546469 0)             (1.001945 -0.0546927 0)
       0.7544             (1.001993 0.0545402 0)             (1.001895 -0.0545865 0)
       0.7548             (1.001942 0.0544329 0)             (1.001845 -0.0544796 0)
       0.7552             (1.001891 0.0543248 0)             (1.001794 -0.0543721 0)
       0.7556             (1.001840 0.0542160 0)             (1.001743 -0.0542638 0)
        0.756             (1.001788 0.0541066 0)             (1.001692 -0.0541548 0)
       0.7564             (1.001736 0.0539965 0)             (1.001640 -0.0540452 0)
       0.7568             (1.001683 0.0538856 0)             (1.001588 -0.0539349 0)
       0.7572             (1.001631 0.0537741 0)             (1.001535 -0.0538238 0)
       0.7576             (1.001578 0.0536620 0)             (1.001482 -0.0537121 0)
        0.758             (1.001524 0.0535491 0)             (1.001429 -0.0535998 0)
       0.7584             (1.001470 0.0534356 0)             (1.001375 -0.0534867 0)
       0.7588             (1.001416 0.0533214 0)             (1.001321 -0.0533730 0)
       0.7592             (1.001361 0.0532065 0)             (1.001267 -0.0532587 0)
       0.7596             (1.001306 0.0530910 0)             (1.001212 -0.0531436 0)
         0.76             (1.001251 0.0529748 0)             (1.001157 -0.0530280 0)
       0.7604             (1.001196 0.0528580 0)             (1.001102 -0.0529116 0)
       0.7608             (1.001140 0.0527405 0)             (1.001047 -0.0527946 0)
       0.7612             (1.001084 0.0526223 0)             (1.000991 -0.0526770 0)
       0.7616             (1.001027 0.0525035 0)             (1.000934 -0.0525587 0)
        0.762             (1.000970 0.0523841 0)             (1.000878 -0.0524397 0)
       0.7624             (1.000913 0.0522640 0)             (1.000821 -0.0523202 0)
       0.7628             (1.000855 0.0521433 0)             (1.000763 -0.0522000 0)
       0.7632             (1.000797 0.0520220 0)             (1.000706 -0.0520791 0)
       0.7636             (1.000739 0.0519000 0)             (1.000648 -0.0519576 0)
        0.764             (1.000681 0.0517774 0)             (1.000590 -0.0518355 0)
       0.7644             (1.000622 0.0516542 0)             (1.000531 -0.0517128 0)
       0.7648             (1.000563 0.0515304 0)             (1.000472 -0.0515895 0)
       0.7652             (1.000503 0.0514059 0)             (1.000413 -0.0514655 0)
       0.7656             (1.000444 0.0512808 0)             (1.000354 -0.0513409 0)
        0.766             (1.000384 0.0511551 0)             (1.000294 -0.0512157 0)
       0.7664             (1.000323 0.0510288 0)             (1.000234 -0.0510899 0)
       0.7668             (1.000263 0.0509019 0)             (1.000174 -0.0509635 0)
       0.7672             (1.000202 0.0507744 0)             (1.000113 -0.0508365 0)
       0.7676             (1.000141 0.0506463 0)             (1.000052 -0.0507089 0)
        0.768             (1.000079 0.0505175 0)             (0.999991 -0.0505807 0)
       0.7684             (1.000017 0.0503882 0)             (0.999930 -0.0504519 0)
       0.7688             (0.999955 0.0502583 0)             (0.999868 -0.0503225 0)
       0.7692             (0.999893 0.0501278 0)             (0.999806 -0.0501925 0)
       0.7696             (0.999830 0.0499967 0)             (0.999744 -0.0500619 0)
         0.77             (0.999767 0.0498651 0)             (0.999681 -0.0499307 0)
       0.7704             (0.999704 0.0497328 0)             (0.999618 -0.0497990 0)
       0.7708             (0.999641 0.0496000 0)             (0.999555 -0.0496667 0)
       0.7712             (0.999577 0.0494666 0)             (0.999492 -0.0495338 0)
       0.7716             (0.999513 0.0493326 0)             (0.999428 -0.0494003 0)
        0.772             (0.999449 0.0491981 0)             (0.999364 -0.0492663 0)
       0.7724             (0.999385 0.0490630 0)             (0.999300 -0.0491317 0)
       0.7728             (0.999320 0.0489273 0)             (0.999236 -0.0489965 0)
       0.7732             (0.999255 0.0487910 0)             (0.999171 -0.0488608 0)
       0.7736             (0.999190 0.0486542 0)             (0.999106 -0.0487245 0)
        0.774             (0.999124 0.0485169 0)             (0.999041 -0.0485876 0)
       0.7744             (0.999059 0.0483790 0)             (0.998976 -0.0484502 0)
       0.7748             (0.998993 0.0482405 0)             (0.998910 -0.0483122 0)
       0.7752             (0.998927 0.0481015 0)             (0.998845 -0.0481737 0)
       0.7756             (0.998860 0.0479619 0)             (0.998779 -0.0480347 0)
        0.776             (0.998794 0.0478218 0)             (0.998712 -0.0478951 0)
       0.7764             (0.998727 0.0476812 0)             (0.998646 -0.0477550 0)
       0.7768             (0.998660 0.0475400 0)             (0.998579 -0.0476143 0)
       0.7772             (0.998593 0.0473983 0)             (0.998512 -0.0474731 0)
       0.7776             (0.998525 0.0472560 0)             (0.998445 -0.0473313 0)
        0.778             (0.998457 0.0471132 0)             (0.998378 -0.0471891 0)
       0.7784             (0.998389 0.0469699 0)             (0.998310 -0.0470463 0)
       0.7788             (0.998321 0.0468261 0)             (0.998242 -0.0469029 0)
       0.7792             (0.998253 0.0466817 0)             (0.998174 -0.0467591 0)
       0.7796             (0.998184 0.0465368 0)             (0.998106 -0.0466147 0)
         0.78             (0.998116 0.0463914 0)             (0.998038 -0.0464698 0)
       0.7804             (0.998047 0.0462455 0)             (0.997969 -0.0463244 0)
       0.7808             (0.997978 0.0460990 0)             (0.997900 -0.0461785 0)
       0.7812             (0.997908 0.0459521 0)             (0.997831 -0.0460320 0)
       0.7816             (0.997839 0.0458046 0)             (0.997762 -0.0458851 0)
        0.782             (0.997769 0.0456567 0)             (0.997693 -0.0457377 0)
       0.7824             (0.997699 0.0455082 0)             (0.997623 -0.0455897 0)
       0.7828             (0.997629 0.0453592 0)             (0.997553 -0.0454412 0)
       0.7832             (0.997559 0.0452098 0)             (0.997484 -0.0452923 0)
       0.7836             (0.997488 0.0450598 0)             (0.997414 -0.0451428 0)
        0.784             (0.997418 0.0449093 0)             (0.997343 -0.0449929 0)
       0.7844             (0.997347 0.0447584 0)             (0.997273 -0.0448424 0)
       0.7848             (0.997276 0.0446069 0)             (0.997202 -0.0446915 0)
       0.7852             (0.997205 0.0444550 0)             (0.997132 -0.0445401 0)
       0.7856             (0.997134 0.0443025 0)             (0.997061 -0.0443882 0)
        0.786             (0.997062 0.0441496 0)             (0.996990 -0.0442358 0)
       0.7864             (0.996991 0.0439962 0)             (0.996918 -0.0440829 0)
       0.7868             (0.996919 0.0438423 0)             (0.996847 -0.0439295 0)
       0.7872             (0.996847 0.0436880 0)             (0.996775 -0.0437757 0)
       0.7876             (0.996775 0.0435332 0)             (0.996704 -0.0436214 0)
        0.788             (0.996703 0.0433779 0)             (0.996632 -0.0434666 0)
       0.7884             (0.996631 0.0432221 0)             (0.996560 -0.0433113 0)
       0.7888             (0.996558 0.0430658 0)             (0.996488 -0.0431556 0)
       0.7892             (0.996485 0.0429091 0)             (0.996416 -0.0429994 0)
       0.7896             (0.996413 0.0427519 0)             (0.996343 -0.0428427 0)
         0.79             (0.996340 0.0425943 0)             (0.996271 -0.0426856 0)
       0.7904             (0.996267 0.0424362 0)             (0.996198 -0.0425280 0)
       0.7908             (0.996194 0.0422776 0)             (0.996125 -0.0423700 0)
       0.7912             (0.996120 0.0421186 0)             (0.996052 -0.0422114 0)
       0.7916             (0.996047 0.0419591 0)             (0.995979 -0.0420525 0)
        0.792             (0.995974 0.0417992 0)             (0.995906 -0.0418931 0)
       0.7924             (0.995900 0.0416388 0)             (0.995833 -0.0417332 0)
       0.7928             (0.995826 0.0414779 0)             (0.995760 -0.0415729 0)
       0.7932             (0.995752 0.0413167 0)             (0.995686 -0.0414121 0)
       0.7936             (0.995678 0.0411549 0)             (0.995613 -0.0412509 0)
        0.794             (0.995604 0.0409927 0)             (0.995539 -0.0410892 0)
       0.7944             (0.995530 0.0408301 0)             (0.995465 -0.0409271 0)
       0.7948             (0.995456 0.0406671 0)             (0.995391 -0.0407646 0)
       0.7952             (0.995382 0.0405036 0)             (0.995317 -0.0406016 0)
       0.7956             (0.995307 0.0403396 0)             (0.995243 -0.0404382 0)
        0.796             (0.995233 0.0401752 0)             (0.995169 -0.0402743 0)
       0.7964             (0.995158 0.0400104 0)             (0.995095 -0.0401100 0)
       0.7968             (0.995083 0.0398452 0)             (0.995020 -0.0399453 0)
       0.7972             (0.995008 0.0396795 0)             (0.994946 -0.0397802 0)
       0.7976             (0.994933 0.0395134 0)             (0.994871 -0.0396146 0)
        0.798             (0.994858 0.0393469 0)             (0.994797 -0.0394486 0)
       0.7984             (0.994783 0.0391799 0)             (0.994722 -0.0392821 0)
       0.7988             (0.994708 0.0390125 0)             (0.994647 -0.0391153 0)
       0.7992             (0.994633 0.0388447 0)             (0.994572 -0.0389480 0)
       0.7996             (0.994558 0.0386765 0)             (0.994498 -0.0387803 0)
          0.8             (0.994482 0.0385079 0)             (0.994423 -0.0386122 0)
       0.8004             (0.994407 0.0383388 0)             (0.994347 -0.0384436 0)
       0.8008             (0.994332 0.0381694 0)             (0.994272 -0.0382747 0)
       0.8012             (0.994256 0.0379995 0)             (0.994197 -0.0381053 0)
       0.8016             (0.994180 0.0378292 0)             (0.994122 -0.0379355 0)
        0.802             (0.994105 0.0376585 0)             (0.994047 -0.0377653 0)
       0.8024             (0.994029 0.0374873 0)             (0.993971 -0.0375947 0)
       0.8028             (0.993953 0.0373158 0)             (0.993896 -0.0374237 0)
       0.8032             (0.993877 0.0371439 0)             (0.993821 -0.0372523 0)
       0.8036             (0.993802 0.0369715 0)             (0.993745 -0.0370805 0)
        0.804             (0.993726 0.0367988 0)             (0.993670 -0.0369082 0)
       0.8044             (0.993650 0.0366256 0)             (0.993594 -0.0367356 0)
       0.8048             (0.993574 0.0364521 0)             (0.993518 -0.0365626 0)
       0.8052             (0.993498 0.0362781 0)             (0.993443 -0.0363891 0)
       0.8056             (0.993422 0.0361038 0)             (0.993367 -0.0362153 0)
        0.806             (0.993346 0.0359290 0)             (0.993291 -0.0360411 0)
       0.8064             (0.993269 0.0357539 0)             (0.993216 -0.0358665 0)
       0.8068             (0.993193 0.0355784 0)             (0.993140 -0.0356915 0)
       0.8072             (0.993117 0.0354025 0)             (0.993064 -0.0355161 0)
       0.8076             (0.993041 0.0352261 0)             (0.992988 -0.0353403 0)
        0.808             (0.992965 0.0350494 0)             (0.992912 -0.0351641 0)
       0.8084             (0.992888 0.0348723 0)             (0.992836 -0.0349875 0)
       0.8088             (0.992812 0.0346949 0)             (0.992761 -0.0348105 0)
       0.8092             (0.992736 0.0345170 0)             (0.992685 -0.0346332 0)
       0.8096             (0.992660 0.0343387 0)             (0.992609 -0.0344555 0)
         0.81             (0.992583 0.0341601 0)             (0.992533 -0.0342773 0)
       0.8104             (0.992507 0.0339811 0)             (0.992457 -0.0340988 0)
       0.8108             (0.992431 0.0338017 0)             (0.992381 -0.0339200 0)
       0.8112             (0.992354 0.0336219 0)             (0.992305 -0.0337407 0)
       0.8116             (0.992278 0.0334418 0)             (0.992229 -0.0335611 0)
        0.812             (0.992202 0.0332612 0)             (0.992153 -0.0333811 0)
       0.8124             (0.992125 0.0330803 0)             (0.992077 -0.0332007 0)
       0.8128             (0.992049 0.0328991 0)             (0.992001 -0.0330199 0)
       0.8132             (0.991973 0.0327174 0)             (0.991925 -0.0328388 0)
       0.8136             (0.991896 0.0325354 0)             (0.991849 -0.0326573 0)
        0.814             (0.991820 0.0323530 0)             (0.991773 -0.0324754 0)
       0.8144             (0.991744 0.0321702 0)             (0.991697 -0.0322931 0)
       0.8148             (0.991667 0.0319871 0)             (0.991622 -0.0321105 0)
       0.8152             (0.991591 0.0318036 0)             (0.991546 -0.0319275 0)
       0.8156             (0.991515 0.0316197 0)             (0.991470 -0.0317442 0)
        0.816             (0.991439 0.0314355 0)             (0.991394 -0.0315604 0)
       0.8164             (0.991363 0.0312509 0)             (0.991318 -0.0313763 0)
       0.8168             (0.991286 0.0310659 0)             (0.991242 -0.0311919 0)
       0.8172             (0.991210 0.0308806 0)             (0.991167 -0.0310071 0)
       0.8176             (0.991134 0.0306949 0)             (0.991091 -0.0308219 0)
        0.818             (0.991058 0.0305088 0)             (0.991015 -0.0306364 0)
       0.8184             (0.990982 0.0303224 0)             (0.990939 -0.0304505 0)
       0.8188             (0.990906 0.0301357 0)             (0.990864 -0.0302642 0)
       0.8192             (0.990830 0.0299485 0)             (0.990788 -0.0300776 0)
       0.8196             (0.990754 0.0297611 0)             (0.990713 -0.0298907 0)
         0.82             (0.990678 0.0295732 0)             (0.990637 -0.0297033 0)
       0.8204             (0.990602 0.0293850 0)             (0.990562 -0.0295157 0)
       0.8208             (0.990526 0.0291965 0)             (0.990486 -0.0293276 0)
       0.8212             (0.990450 0.0290076 0)             (0.990411 -0.0291393 0)
       0.8216             (0.990375 0.0288184 0)             (0.990335 -0.0289505 0)
        0.822             (0.990299 0.0286288 0)             (0.990260 -0.0287615 0)
       0.8224             (0.990223 0.0284388 0)             (0.990185 -0.0285720 0)
       0.8228             (0.990148 0.0282485 0)             (0.990110 -0.0283823 0)
       0.8232             (0.990072 0.0280579 0)             (0.990034 -0.0281921 0)
       0.8236             (0.989997 0.0278669 0)             (0.989959 -0.0280017 0)
        0.824             (0.989921 0.0276756 0)             (0.989884 -0.0278108 0)
       0.8244             (0.989846 0.0274839 0)             (0.989809 -0.0276197 0)
       0.8248             (0.989771 0.0272919 0)             (0.989734 -0.0274282 0)
       0.8252             (0.989695 0.0270995 0)             (0.989659 -0.0272363 0)
       0.8256             (0.989620 0.0269068 0)             (0.989584 -0.0270441 0)
        0.826             (0.989545 0.0267138 0)             (0.989510 -0.0268516 0)
       0.8264             (0.989470 0.0265204 0)             (0.989435 -0.0266587 0)
       0.8268             (0.989395 0.0263267 0)             (0.989360 -0.0264655 0)
       0.8272             (0.989320 0.0261326 0)             (0.989286 -0.0262720 0)
       0.8276             (0.989245 0.0259382 0)             (0.989211 -0.0260781 0)
        0.828             (0.989170 0.0257435 0)             (0.989137 -0.0258839 0)
       0.8284             (0.989096 0.0255484 0)             (0.989063 -0.0256893 0)
       0.8288             (0.989021 0.0253530 0)             (0.988988 -0.0254944 0)
       0.8292             (0.988946 0.0251573 0)             (0.988914 -0.0252992 0)
       0.8296             (0.988872 0.0249612 0)             (0.988840 -0.0251037 0)
         0.83             (0.988797 0.0247648 0)             (0.988766 -0.0249078 0)
       0.8304             (0.988723 0.0245681 0)             (0.988692 -0.0247115 0)
       0.8308             (0.988649 0.0243711 0)             (0.988618 -0.0245150 0)
       0.8312             (0.988575 0.0241737 0)             (0.988544 -0.0243181 0)
       0.8316             (0.988501 0.0239760 0)             (0.988471 -0.0241209 0)
        0.832             (0.988427 0.0237779 0)             (0.988397 -0.0239234 0)
       0.8324             (0.988353 0.0235795 0)             (0.988323 -0.0237255 0)
       0.8328             (0.988279 0.0233808 0)             (0.988250 -0.0235273 0)
       0.8332             (0.988205 0.0231818 0)             (0.988177 -0.0233288 0)
       0.8336             (0.988131 0.0229825 0)             (0.988103 -0.0231300 0)
        0.834             (0.988058 0.0227828 0)             (0.988030 -0.0229308 0)
       0.8344             (0.987984 0.0225828 0)             (0.987957 -0.0227313 0)
       0.8348             (0.987911 0.0223825 0)             (0.987884 -0.0225315 0)
       0.8352             (0.987838 0.0221818 0)             (0.987811 -0.0223314 0)
       0.8356             (0.987765 0.0219809 0)             (0.987738 -0.0221309 0)
        0.836             (0.987692 0.0217796 0)             (0.987666 -0.0219301 0)
       0.8364             (0.987619 0.0215780 0)             (0.987593 -0.0217291 0)
       0.8368             (0.987546 0.0213761 0)             (0.987520 -0.0215276 0)
       0.8372             (0.987473 0.0211739 0)             (0.987448 -0.0213259 0)
       0.8376             (0.987400 0.0209713 0)             (0.987376 -0.0211239 0)
        0.838             (0.987328 0.0207685 0)             (0.987304 -0.0209215 0)
       0.8384             (0.987255 0.0205653 0)             (0.987231 -0.0207189 0)
       0.8388             (0.987183 0.0203618 0)             (0.987159 -0.0205159 0)
       0.8392             (0.987111 0.0201580 0)             (0.987088 -0.0203126 0)
       0.8396             (0.987038 0.0199539 0)             (0.987016 -0.0201090 0)
         0.84             (0.986966 0.0197495 0)             (0.986944 -0.0199050 0)
       0.8404             (0.986894 0.0195447 0)             (0.986873 -0.0197008 0)
       0.8408             (0.986823 0.0193397 0)             (0.986801 -0.0194963 0)
       0.8412             (0.986751 0.0191343 0)             (0.986730 -0.0192914 0)
       0.8416             (0.986679 0.0189287 0)             (0.986658 -0.0190862 0)
        0.842             (0.986608 0.0187227 0)             (0.986587 -0.0188808 0)
       0.8424             (0.986537 0.0185164 0)             (0.986516 -0.0186750 0)
       0.8428             (0.986465 0.0183098 0)             (0.986445 -0.0184689 0)
       0.8432             (0.986394 0.0181030 0)             (0.986375 -0.0182625 0)
       0.8436             (0.986323 0.0178958 0)             (0.986304 -0.0180558 0)
        0.844             (0.986252 0.0176883 0)             (0.986234 -0.0178489 0)
       0.8444             (0.986181 0.0174805 0)             (0.986163 -0.0176416 0)
       0.8448             (0.986111 0.0172724 0)             (0.986093 -0.0174340 0)
       0.8452             (0.986040 0.0170640 0)             (0.986023 -0.0172261 0)
       0.8456             (0.985970 0.0168553 0)             (0.985953 -0.0170179 0)
        0.846             (0.985900 0.0166463 0)             (0.985883 -0.0168094 0)
       0.8464             (0.985829 0.0164370 0)             (0.985813 -0.0166006 0)
       0.8468             (0.985759 0.0162274 0)             (0.985743 -0.0163915 0)
       0.8472             (0.985689 0.0160175 0)             (0.985674 -0.0161821 0)
       0.8476             (0.985620 0.0158074 0)             (0.985604 -0.0159724 0)
        0.848             (0.985550 0.0155969 0)             (0.985535 -0.0157624 0)
       0.8484             (0.985480 0.0153861 0)             (0.985466 -0.0155522 0)
       0.8488             (0.985411 0.0151751 0)             (0.985397 -0.0153416 0)
       0.8492             (0.985342 0.0149637 0)             (0.985328 -0.0151307 0)
       0.8496             (0.985273 0.0147521 0)             (0.985259 -0.0149196 0)
         0.85             (0.985204 0.0145401 0)             (0.985190 -0.0147082 0)
       0.8504             (0.985135 0.0143279 0)             (0.985122 -0.0144964 0)
       0.8508             (0.985066 0.0141154 0)             (0.985053 -0.0142844 0)
       0.8512             (0.984997 0.0139026 0)             (0.984985 -0.0140721 0)
       0.8516             (0.984929 0.0136895 0)             (0.984917 -0.0138595 0)
        0.852             (0.984860 0.0134761 0)             (0.984849 -0.0136466 0)
       0.8524             (0.984792 0.0132625 0)             (0.984781 -0.0134335 0)
       0.8528             (0.984724 0.0130485 0)             (0.984713 -0.0132200 0)
       0.8532             (0.984656 0.0128343 0)             (0.984645 -0.0130063 0)
       0.8536             (0.984588 0.0126198 0)             (0.984578 -0.0127923 0)
        0.854             (0.984521 0.0124050 0)             (0.984510 -0.0125780 0)
       0.8544             (0.984453 0.0121900 0)             (0.984443 -0.0123634 0)
       0.8548             (0.984385 0.0119746 0)             (0.984376 -0.0121486 0)
       0.8552             (0.984318 0.0117590 0)             (0.984309 -0.0119335 0)
       0.8556             (0.984251 0.0115431 0)             (0.984242 -0.0117181 0)
        0.856             (0.984184 0.0113270 0)             (0.984176 -0.0115024 0)
       0.8564             (0.984117 0.0111105 0)             (0.984109 -0.0112864 0)
       0.8568             (0.984050 0.0108938 0)             (0.984043 -0.0110702 0)
       0.8572             (0.983984 0.0106768 0)             (0.983976 -0.0108537 0)
       0.8576             (0.983917 0.0104595 0)             (0.983910 -0.0106369 0)
        0.858             (0.983851 0.0102420 0)             (0.983844 -0.0104199 0)
       0.8584             (0.983785 0.0100242 0)             (0.983778 -0.0102026 0)
       0.8588             (0.983719 0.0098061 0)             (0.983713 -0.0099850 0)
       0.8592             (0.983653 0.0095878 0)             (0.983647 -0.0097671 0)
       0.8596             (0.983587 0.0093692 0)             (0.983581 -0.0095490 0)
         0.86             (0.983521 0.0091503 0)             (0.983516 -0.0093306 0)
       0.8604             (0.983456 0.0089312 0)             (0.983451 -0.0091120 0)
       0.8608             (0.983390 0.0087118 0)             (0.983386 -0.0088931 0)
       0.8612             (0.983325 0.0084922 0)             (0.983321 -0.0086739 0)
       0.8616             (0.983260 0.0082722 0)             (0.983256 -0.0084545 0)
        0.862             (0.983195 0.0080521 0)             (0.983192 -0.0082348 0)
       0.8624             (0.983130 0.0078316 0)             (0.983127 -0.0080148 0)
       0.8628             (0.983066 0.0076109 0)             (0.983063 -0.0077946 0)
       0.8632             (0.983001 0.0073900 0)             (0.982999 -0.0075742 0)
       0.8636             (0.982937 0.0071688 0)             (0.982934 -0.0073535 0)
        0.864             (0.982872 0.0069474 0)             (0.982871 -0.0071325 0)
       0.8644             (0.982808 0.0067257 0)             (0.982807 -0.0069113 0)
       0.8648             (0.982744 0.0065037 0)             (0.982743 -0.0066898 0)
       0.8652             (0.982680 0.0062815 0)             (0.982680 -0.0064681 0)
       0.8656             (0.982617 0.0060590 0)             (0.982616 -0.0062461 0)
        0.866             (0.982553 0.0058364 0)             (0.982553 -0.0060239 0)
       0.8664             (0.982490 0.0056134 0)             (0.982490 -0.0058014 0)
       0.8668             (0.982427 0.0053902 0)             (0.982427 -0.0055787 0)
       0.8672             (0.982363 0.0051668 0)             (0.982364 -0.0053558 0)
       0.8676             (0.982300 0.0049431 0)             (0.982301 -0.0051326 0)
        0.868             (0.982238 0.0047192 0)             (0.982239 -0.0049091 0)
       0.8684             (0.982175 0.0044951 0)             (0.982177 -0.0046855 0)
       0.8688             (0.982112 0.0042707 0)             (0.982114 -0.0044616 0)
       0.8692             (0.982050 0.0040461 0)             (0.982052 -0.0042374 0)
       0.8696             (0.981988 0.0038212 0)             (0.981990 -0.0040130 0)
         0.87             (0.981926 0.0035961 0)             (0.981928 -0.0037884 0)
       0.8704             (0.981864 0.0033708 0)             (0.981867 -0.0035636 0)
       0.8708             (0.981802 0.0031453 0)             (0.981805 -0.0033385 0)
       0.8712             (0.981740 0.0029195 0)             (0.981744 -0.0031132 0)
       0.8716             (0.981678 0.0026935 0)             (0.981682 -0.0028877 0)
        0.872             (0.981617 0.0024672 0)             (0.981621 -0.0026619 0)
       0.8724             (0.981556 0.0022408 0)             (0.981560 -0.0024359 0)
       0.8728             (0.981494 0.0020141 0)             (0.981500 -0.0022097 0)
       0.8732             (0.981433 0.0017872 0)             (0.981439 -0.0019833 0)
       0.8736             (0.981373 0.0015601 0)             (0.981378 -0.0017567 0)
        0.874             (0.981312 0.0013328 0)             (0.981318 -0.0015298 0)
       0.8744             (0.981251 0.0011052 0)             (0.981257 -0.0013027 0)
       0.8748             (0.981191 0.0008775 0)             (0.981197 -0.0010755 0)
       0.8752             (0.981130 0.0006495 0)             (0.981137 -0.0008479 0)
       0.8756             (0.981070 0.0004213 0)             (0.981077 -0.0006202 0)
        0.876             (0.981010 0.0001929 0)             (0.981018 -0.0003923 0)
       0.8764             (0.980950 -0.0000357 0)             (0.980958 -0.0001642 0)
       0.8768             (0.980890 -0.0002645 0)             (0.980899 0.0000642 0)
       0.8772             (0.980831 -0.0004935 0)             (0.980839 0.0002927 0)
       0.8776             (0.980771 -0.0007227 0)             (0.980780 0.0005214 0)
        0.878             (0.980712 -0.0009521 0)             (0.980721 0.0007504 0)
       0.8784             (0.980653 -0.0011817 0)             (0.980662 0.0009795 0)
       0.8788             (0.980594 -0.0014115 0)             (0.980603 0.0012089 0)
       0.8792             (0.980535 -0.0016415 0)             (0.980544 0.0014384 0)
       0.8796             (0.980476 -0.0018717 0)             (0.980486 0.0016681 0)
         0.88             (0.980417 -0.0021021 0)             (0.980428 0.0018981 0)
       0.8804             (0.980359 -0.0023327 0)             (0.980369 0.0021282 0)
       0.8808             (0.980300 -0.0025634 0)             (0.980311 0.0023585 0)
       0.8812             (0.980242 -0.0027944 0)             (0.980253 0.0025889 0)
       0.8816             (0.980184 -0.0030255 0)             (0.980195 0.0028196 0)
        0.882             (0.980126 -0.0032568 0)             (0.980138 0.0030504 0)
       0.8824             (0.980068 -0.0034883 0)             (0.980080 0.0032815 0)
       0.8828             (0.980010 -0.0037199 0)             (0.980022 0.0035127 0)
       0.8832             (0.979952 -0.0039518 0)             (0.979965 0.0037441 0)
       0.8836             (0.979895 -0.0041838 0)             (0.979908 0.0039756 0)
        0.884             (0.979837 -0.0044160 0)             (0.979851 0.0042073 0)
       0.8844             (0.979780 -0.0046483 0)             (0.979794 0.0044392 0)
       0.8848             (0.979723 -0.0048808 0)             (0.979737 0.0046713 0)
       0.8852             (0.979666 -0.0051135 0)             (0.979680 0.0049035 0)
       0.8856             (0.979609 -0.0053464 0)             (0.979624 0.0051359 0)
        0.886             (0.979552 -0.0055794 0)             (0.979567 0.0053684 0)
       0.8864             (0.979496 -0.0058125 0)             (0.979511 0.0056011 0)
       0.8868             (0.979439 -0.0060458 0)             (0.979455 0.0058340 0)
       0.8872             (0.979383 -0.0062793 0)             (0.979399 0.0060670 0)
       0.8876             (0.979327 -0.0065129 0)             (0.979343 0.0063002 0)
        0.888             (0.979271 -0.0067467 0)             (0.979287 0.0065335 0)
       0.8884             (0.979215 -0.0069806 0)             (0.979231 0.0067670 0)
       0.8888             (0.979159 -0.0072146 0)             (0.979175 0.0070006 0)
       0.8892             (0.979103 -0.0074488 0)             (0.979120 0.0072343 0)
       0.8896             (0.979047 -0.0076832 0)             (0.979065 0.0074682 0)
         0.89             (0.978992 -0.0079177 0)             (0.979009 0.0077022 0)
       0.8904             (0.978937 -0.0081523 0)             (0.978954 0.0079364 0)
       0.8908             (0.978881 -0.0083870 0)             (0.978899 0.0081707 0)
       0.8912             (0.978826 -0.0086219 0)             (0.978845 0.0084051 0)
       0.8916             (0.978771 -0.0088569 0)             (0.978790 0.0086397 0)
        0.892             (0.978716 -0.0090920 0)             (0.978735 0.0088743 0)
       0.8924             (0.978661 -0.0093272 0)             (0.978681 0.0091091 0)
       0.8928             (0.978607 -0.0095626 0)             (0.978626 0.0093440 0)
       0.8932             (0.978552 -0.0097981 0)             (0.978572 0.0095791 0)
       0.8936             (0.978498 -0.0100336 0)             (0.978518 0.0098142 0)
        0.894             (0.978443 -0.0102693 0)             (0.978464 0.0100495 0)
       0.8944             (0.978389 -0.0105052 0)             (0.978410 0.0102849 0)
       0.8948             (0.978335 -0.0107411 0)             (0.978356 0.0105203 0)
       0.8952             (0.978281 -0.0109771 0)             (0.978302 0.0107559 0)
       0.8956             (0.978227 -0.0112132 0)             (0.978249 0.0109916 0)
        0.896             (0.978174 -0.0114494 0)             (0.978195 0.0112274 0)
       0.8964             (0.978120 -0.0116857 0)             (0.978142 0.0114632 0)
       0.8968             (0.978066 -0.0119221 0)             (0.978089 0.0116992 0)
       0.8972             (0.978013 -0.0121586 0)             (0.978035 0.0119352 0)
       0.8976             (0.977960 -0.0123952 0)             (0.977982 0.0121714 0)
        0.898             (0.977906 -0.0126318 0)             (0.977929 0.0124076 0)
       0.8984             (0.977853 -0.0128686 0)             (0.977877 0.0126439 0)
       0.8988             (0.977800 -0.0131054 0)             (0.977824 0.0128803 0)
       0.8992             (0.977748 -0.0133423 0)             (0.977771 0.0131168 0)
       0.8996             (0.977695 -0.0135792 0)             (0.977719 0.0133533 0)
          0.9             (0.977642 -0.0138163 0)             (0.977666 0.0135899 0)
       0.9004             (0.977589 -0.0140534 0)             (0.977614 0.0138265 0)
       0.9008             (0.977537 -0.0142905 0)             (0.977562 0.0140633 0)
       0.9012             (0.977485 -0.0145277 0)             (0.977510 0.0143001 0)
       0.9016             (0.977432 -0.0147650 0)             (0.977458 0.0145369 0)
        0.902             (0.977380 -0.0150023 0)             (0.977406 0.0147738 0)
       0.9024             (0.977328 -0.0152397 0)             (0.977354 0.0150108 0)
       0.9028             (0.977276 -0.0154771 0)             (0.977302 0.0152477 0)
       0.9032             (0.977224 -0.0157146 0)             (0.977251 0.0154848 0)
       0.9036             (0.977173 -0.0159521 0)             (0.977199 0.0157219 0)
        0.904             (0.977121 -0.0161896 0)             (0.977148 0.0159590 0)
       0.9044             (0.977069 -0.0164272 0)             (0.977097 0.0161961 0)
       0.9048             (0.977018 -0.0166648 0)             (0.977045 0.0164333 0)
       0.9052             (0.976967 -0.0169024 0)             (0.976994 0.0166705 0)
       0.9056             (0.976915 -0.0171401 0)             (0.976943 0.0169078 0)
        0.906             (0.976864 -0.0173778 0)             (0.976892 0.0171450 0)
       0.9064             (0.976813 -0.0176155 0)             (0.976841 0.0173823 0)
       0.9068             (0.976762 -0.0178532 0)             (0.976791 0.0176196 0)
       0.9072             (0.976711 -0.0180909 0)             (0.976740 0.0178569 0)
       0.9076             (0.976660 -0.0183286 0)             (0.976689 0.0180942 0)
        0.908             (0.976610 -0.0185663 0)             (0.976639 0.0183315 0)
       0.9084             (0.976559 -0.0188040 0)             (0.976589 0.0185688 0)
       0.9088             (0.976508 -0.0190418 0)             (0.976538 0.0188061 0)
       0.9092             (0.976458 -0.0192795 0)             (0.976488 0.0190434 0)
       0.9096             (0.976408 -0.0195172 0)             (0.976438 0.0192807 0)
         0.91             (0.976357 -0.0197549 0)             (0.976388 0.0195180 0)
       0.9104             (0.976307 -0.0199925 0)             (0.976338 0.0197552 0)
       0.9108             (0.976257 -0.0202302 0)             (0.976288 0.0199925 0)
       0.9112             (0.976207 -0.0204678 0)             (0.976238 0.0202297 0)
       0.9116             (0.976157 -0.0207054 0)             (0.976189 0.0204669 0)
        0.912             (0.976107 -0.0209429 0)             (0.976139 0.0207040 0)
       0.9124             (0.976057 -0.0211804 0)             (0.976089 0.0209411 0)
       0.9128             (0.976008 -0.0214179 0)             (0.976040 0.0211782 0)
       0.9132             (0.975958 -0.0216553 0)             (0.975991 0.0214152 0)
       0.9136             (0.975908 -0.0218927 0)             (0.975941 0.0216522 0)
        0.914             (0.975859 -0.0221300 0)             (0.975892 0.0218891 0)
       0.9144             (0.975810 -0.0223673 0)             (0.975843 0.0221260 0)
       0.9148             (0.975760 -0.0226045 0)             (0.975794 0.0223628 0)
       0.9152             (0.975711 -0.0228416 0)             (0.975745 0.0225995 0)
       0.9156             (0.975662 -0.0230787 0)             (0.975696 0.0228362 0)
        0.916             (0.975613 -0.0233157 0)             (0.975647 0.0230728 0)
       0.9164             (0.975564 -0.0235526 0)             (0.975598 0.0233094 0)
       0.9168             (0.975515 -0.0237895 0)             (0.975550 0.0235458 0)
       0.9172             (0.975466 -0.0240263 0)             (0.975501 0.0237822 0)
       0.9176             (0.975417 -0.0242629 0)             (0.975453 0.0240185 0)
        0.918             (0.975368 -0.0244995 0)             (0.975404 0.0242547 0)
       0.9184             (0.975320 -0.0247360 0)             (0.975356 0.0244908 0)
       0.9188             (0.975271 -0.0249724 0)             (0.975307 0.0247267 0)
       0.9192             (0.975223 -0.0252086 0)             (0.975259 0.0249626 0)
       0.9196             (0.975174 -0.0254448 0)             (0.975211 0.0251984 0)
         0.92             (0.975126 -0.0256809 0)             (0.975163 0.0254341 0)
       0.9204             (0.975078 -0.0259168 0)             (0.975115 0.0256696 0)
       0.9208             (0.975029 -0.0261526 0)             (0.975067 0.0259051 0)
       0.9212             (0.974981 -0.0263883 0)             (0.975019 0.0261404 0)
       0.9216             (0.974933 -0.0266238 0)             (0.974971 0.0263755 0)
        0.922             (0.974885 -0.0268592 0)             (0.974923 0.0266106 0)
       0.9224             (0.974837 -0.0270945 0)             (0.974875 0.0268455 0)
       0.9228             (0.974789 -0.0273297 0)             (0.974828 0.0270802 0)
       0.9232             (0.974741 -0.0275646 0)             (0.974780 0.0273149 0)
       0.9236             (0.974693 -0.0277995 0)             (0.974732 0.0275493 0)
        0.924             (0.974646 -0.0280341 0)             (0.974685 0.0277836 0)
       0.9244             (0.974598 -0.0282687 0)             (0.974638 0.0280178 0)
       0.9248             (0.974550 -0.0285030 0)             (0.974590 0.0282517 0)
       0.9252             (0.974503 -0.0287372 0)             (0.974543 0.0284855 0)
       0.9256             (0.974455 -0.0289712 0)             (0.974496 0.0287192 0)
        0.926             (0.974408 -0.0292050 0)             (0.974448 0.0289526 0)
       0.9264             (0.974361 -0.0294386 0)             (0.974401 0.0291859 0)
       0.9268             (0.974313 -0.0296721 0)             (0.974354 0.0294190 0)
       0.9272             (0.974266 -0.0299053 0)             (0.974307 0.0296518 0)
       0.9276             (0.974219 -0.0301384 0)             (0.974260 0.0298845 0)
        0.928             (0.974172 -0.0303712 0)             (0.974213 0.0301170 0)
       0.9284             (0.974124 -0.0306038 0)             (0.974166 0.0303493 0)
       0.9288             (0.974077 -0.0308363 0)             (0.974120 0.0305814 0)
       0.9292             (0.974030 -0.0310685 0)             (0.974073 0.0308132 0)
       0.9296             (0.973983 -0.0313004 0)             (0.974026 0.0310449 0)
         0.93             (0.973937 -0.0315322 0)             (0.973979 0.0312763 0)
       0.9304             (0.973890 -0.0317637 0)             (0.973933 0.0315074 0)
       0.9308             (0.973843 -0.0319950 0)             (0.973886 0.0317384 0)
       0.9312             (0.973796 -0.0322261 0)             (0.973840 0.0319691 0)
       0.9316             (0.973749 -0.0324569 0)             (0.973793 0.0321995 0)
        0.932             (0.973703 -0.0326874 0)             (0.973747 0.0324297 0)
       0.9324             (0.973656 -0.0329177 0)             (0.973700 0.0326597 0)
       0.9328             (0.973610 -0.0331477 0)             (0.973654 0.0328893 0)
       0.9332             (0.973563 -0.0333775 0)             (0.973608 0.0331188 0)
       0.9336             (0.973517 -0.0336070 0)             (0.973562 0.0333479 0)
        0.934             (0.973470 -0.0338362 0)             (0.973515 0.0335768 0)
       0.9344             (0.973424 -0.0340651 0)             (0.973469 0.0338054 0)
       0.9348             (0.973378 -0.0342938 0)             (0.973423 0.0340337 0)
       0.9352             (0.973331 -0.0345221 0)             (0.973377 0.0342617 0)
       0.9356             (0.973285 -0.0347502 0)             (0.973331 0.0344894 0)
        0.936             (0.973239 -0.0349779 0)             (0.973285 0.0347169 0)
       0.9364             (0.973193 -0.0352054 0)             (0.973239 0.0349440 0)
       0.9368             (0.973147 -0.0354325 0)             (0.973193 0.0351708 0)
       0.9372             (0.973101 -0.0356593 0)             (0.973148 0.0353973 0)
       0.9376             (0.973055 -0.0358858 0)             (0.973102 0.0356234 0)
        0.938             (0.973009 -0.0361120 0)             (0.973056 0.0358493 0)
       0.9384             (0.972963 -0.0363378 0)             (0.973010 0.0360748 0)
       0.9388             (0.972917 -0.0365633 0)             (0.972965 0.0363000 0)
       0.9392             (0.972871 -0.0367885 0)             (0.972919 0.0365248 0)
       0.9396             (0.972825 -0.0370133 0)             (0.972874 0.0367493 0)
         0.94             (0.972779 -0.0372377 0)             (0.972828 0.0369734 0)
       0.9404             (0.972734 -0.0374618 0)             (0.972782 0.0371972 0)
       0.9408             (0.972688 -0.0376855 0)             (0.972737 0.0374206 0)
       0.9412             (0.972642 -0.0379089 0)             (0.972692 0.0376437 0)
       0.9416             (0.972597 -0.0381319 0)             (0.972646 0.0378663 0)
        0.942             (0.972551 -0.0383545 0)             (0.972601 0.0380886 0)
       0.9424             (0.972506 -0.0385767 0)             (0.972556 0.0383105 0)
       0.9428             (0.972460 -0.0387985 0)             (0.972510 0.0385320 0)
       0.9432             (0.972415 -0.0390199 0)             (0.972465 0.0387532 0)
       0.9436             (0.972369 -0.0392409 0)             (0.972420 0.0389739 0)
        0.944             (0.972324 -0.0394615 0)             (0.972375 0.0391942 0)
       0.9444             (0.972278 -0.0396817 0)             (0.972329 0.0394141 0)
       0.9448             (0.972233 -0.0399015 0)             (0.972284 0.0396336 0)
       0.9452             (0.972188 -0.0401209 0)             (0.972239 0.0398527 0)
       0.9456             (0.972143 -0.0403398 0)             (0.972194 0.0400713 0)
        0.946             (0.972097 -0.0405583 0)             (0.972149 0.0402895 0)
       0.9464             (0.972052 -0.0407764 0)             (0.972104 0.0405073 0)
       0.9468             (0.972007 -0.0409940 0)             (0.972059 0.0407246 0)
       0.9472             (0.971962 -0.0412111 0)             (0.972015 0.0409414 0)
       0.9476             (0.971917 -0.0414278 0)             (0.971970 0.0411578 0)
        0.948             (0.971872 -0.0416440 0)             (0.971925 0.0413738 0)
       0.9484             (0.971827 -0.0418598 0)             (0.971880 0.0415893 0)
       0.9488             (0.971782 -0.0420751 0)             (0.971835 0.0418043 0)
       0.9492             (0.971737 -0.0422899 0)             (0.971791 0.0420188 0)
       0.9496             (0.971692 -0.0425042 0)             (0.971746 0.0422329 0)
         0.95             (0.971647 -0.0427180 0)             (0.971701 0.0424464 0)
       0.9504             (0.971602 -0.0429314 0)             (0.971657 0.0426595 0)
       0.9508             (0.971557 -0.0431442 0)             (0.971612 0.0428721 0)
       0.9512             (0.971513 -0.0433565 0)             (0.971567 0.0430841 0)
       0.9516             (0.971468 -0.0435683 0)             (0.971523 0.0432957 0)
        0.952             (0.971423 -0.0437796 0)             (0.971478 0.0435067 0)
       0.9524             (0.971378 -0.0439904 0)             (0.971434 0.0437172 0)
       0.9528             (0.971334 -0.0442006 0)             (0.971390 0.0439271 0)
       0.9532             (0.971289 -0.0444103 0)             (0.971345 0.0441366 0)
       0.9536             (0.971245 -0.0446195 0)             (0.971301 0.0443455 0)
        0.954             (0.971200 -0.0448281 0)             (0.971256 0.0445538 0)
       0.9544             (0.971155 -0.0450361 0)             (0.971212 0.0447616 0)
       0.9548             (0.971111 -0.0452436 0)             (0.971168 0.0449689 0)
       0.9552             (0.971067 -0.0454505 0)             (0.971124 0.0451755 0)
       0.9556             (0.971022 -0.0456569 0)             (0.971079 0.0453816 0)
        0.956             (0.970978 -0.0458626 0)             (0.971035 0.0455872 0)
       0.9564             (0.970933 -0.0460678 0)             (0.970991 0.0457921 0)
       0.9568             (0.970889 -0.0462724 0)             (0.970947 0.0459965 0)
       0.9572             (0.970845 -0.0464764 0)             (0.970903 0.0462002 0)
       0.9576             (0.970800 -0.0466798 0)             (0.970859 0.0464034 0)
        0.958             (0.970756 -0.0468826 0)             (0.970815 0.0466060 0)
       0.9584             (0.970712 -0.0470848 0)             (0.970771 0.0468079 0)
       0.9588             (0.970668 -0.0472864 0)             (0.970727 0.0470093 0)
       0.9592             (0.970624 -0.0474873 0)             (0.970683 0.0472100 0)
       0.9596             (0.970580 -0.0476876 0)             (0.970639 0.0474101 0)
         0.96             (0.970536 -0.0478873 0)             (0.970595 0.0476095 0)
       0.9604             (0.970492 -0.0480863 0)             (0.970552 0.0478083 0)
       0.9608             (0.970448 -0.0482847 0)             (0.970508 0.0480065 0)
       0.9612             (0.970404 -0.0484824 0)             (0.970464 0.0482040 0)
       0.9616             (0.970360 -0.0486795 0)             (0.970420 0.0484009 0)
        0.962             (0.970316 -0.0488759 0)             (0.970377 0.0485970 0)
       0.9624             (0.970272 -0.0490717 0)             (0.970333 0.0487926 0)
       0.9628             (0.970228 -0.0492667 0)             (0.970290 0.0489874 0)
       0.9632             (0.970184 -0.0494611 0)             (0.970246 0.0491816 0)
       0.9636             (0.970141 -0.0496548 0)             (0.970203 0.0493751 0)
        0.964             (0.970097 -0.0498477 0)             (0.970159 0.0495678 0)
       0.9644             (0.970053 -0.0500400 0)             (0.970116 0.0497599 0)
       0.9648             (0.970010 -0.0502316 0)             (0.970072 0.0499513 0)
       0.9652             (0.969966 -0.0504225 0)             (0.970029 0.0501420 0)
       0.9656             (0.969923 -0.0506126 0)             (0.969985 0.0503319 0)
        0.966             (0.969879 -0.0508020 0)             (0.969942 0.0505212 0)
       0.9664             (0.969836 -0.0509907 0)             (0.969899 0.0507097 0)
       0.9668             (0.969792 -0.0511787 0)             (0.969856 0.0508974 0)
       0.9672             (0.969749 -0.0513659 0)             (0.969813 0.0510845 0)
       0.9676             (0.969705 -0.0515523 0)             (0.969769 0.0512707 0)
        0.968             (0.969662 -0.0517380 0)             (0.969726 0.0514563 0)
       0.9684             (0.969619 -0.0519230 0)             (0.969683 0.0516410 0)
       0.9688             (0.969576 -0.0521072 0)             (0.969640 0.0518250 0)
       0.9692             (0.969532 -0.0522906 0)             (0.969597 0.0520083 0)
       0.9696             (0.969489 -0.0524732 0)             (0.969554 0.0521907 0)
         0.97             (0.969446 -0.0526550 0)             (0.969511 0.0523724 0)
       0.9704             (0.969403 -0.0528361 0)             (0.969469 0.0525533 0)
       0.9708             (0.969360 -0.0530163 0)             (0.969426 0.0527334 0)
       0.9712             (0.969317 -0.0531958 0)             (0.969383 0.0529127 0)
       0.9716             (0.969274 -0.0533744 0)             (0.969340 0.0530911 0)
        0.972             (0.969231 -0.0535523 0)             (0.969298 0.0532688 0)
       0.9724             (0.969189 -0.0537293 0)             (0.969255 0.0534457 0)
       0.9728             (0.969146 -0.0539055 0)             (0.969213 0.0536217 0)
       0.9732             (0.969103 -0.0540808 0)             (0.969170 0.0537969 0)
       0.9736             (0.969060 -0.0542553 0)             (0.969128 0.0539713 0)
        0.974             (0.969018 -0.0544290 0)             (0.969085 0.0541448 0)
       0.9744             (0.968975 -0.0546018 0)             (0.969043 0.0543175 0)
       0.9748             (0.968933 -0.0547738 0)             (0.969000 0.0544893 0)
       0.9752             (0.968890 -0.0549449 0)             (0.968958 0.0546603 0)
       0.9756             (0.968848 -0.0551151 0)             (0.968916 0.0548304 0)
        0.976             (0.968805 -0.0552844 0)             (0.968874 0.0549996 0)
       0.9764             (0.968763 -0.0554529 0)             (0.968832 0.0551680 0)
       0.9768             (0.968721 -0.0556205 0)             (0.968790 0.0553354 0)
       0.9772             (0.968678 -0.0557872 0)             (0.968747 0.0555020 0)
       0.9776             (0.968636 -0.0559530 0)             (0.968706 0.0556677 0)
        0.978             (0.968594 -0.0561179 0)             (0.968664 0.0558325 0)
       0.9784             (0.968552 -0.0562819 0)             (0.968622 0.0559964 0)
       0.9788             (0.968510 -0.0564450 0)             (0.968580 0.0561593 0)
       0.9792             (0.968468 -0.0566072 0)             (0.968538 0.0563214 0)
       0.9796             (0.968426 -0.0567684 0)             (0.968497 0.0564825 0)
         0.98             (0.968384 -0.0569287 0)             (0.968455 0.0566427 0)
       0.9804             (0.968343 -0.0570881 0)             (0.968413 0.0568020 0)
       0.9808             (0.968301 -0.0572465 0)             (0.968372 0.0569603 0)
       0.9812             (0.968259 -0.0574039 0)             (0.968331 0.0571176 0)
       0.9816             (0.968218 -0.0575605 0)             (0.968289 0.0572741 0)
        0.982             (0.968176 -0.0577160 0)             (0.968248 0.0574295 0)
       0.9824             (0.968135 -0.0578706 0)             (0.968207 0.0575840 0)
       0.9828             (0.968093 -0.0580242 0)             (0.968166 0.0577376 0)
       0.9832             (0.968052 -0.0581768 0)             (0.968124 0.0578901 0)
       0.9836             (0.968011 -0.0583285 0)             (0.968083 0.0580417 0)
        0.984             (0.967970 -0.0584791 0)             (0.968042 0.0581923 0)
       0.9844             (0.967929 -0.0586288 0)             (0.968002 0.0583419 0)
       0.9848             (0.967888 -0.0587775 0)             (0.967961 0.0584904 0)
       0.9852             (0.967847 -0.0589251 0)             (0.967920 0.0586380 0)
       0.9856             (0.967806 -0.0590718 0)             (0.967879 0.0587846 0)
        0.986             (0.967765 -0.0592174 0)             (0.967839 0.0589302 0)
       0.9864             (0.967724 -0.0593620 0)             (0.967798 0.0590747 0)
       0.9868             (0.967684 -0.0595056 0)             (0.967758 0.0592182 0)
       0.9872             (0.967643 -0.0596481 0)             (0.967717 0.0593607 0)
       0.9876             (0.967603 -0.0597896 0)             (0.967677 0.0595022 0)
        0.988             (0.967562 -0.0599301 0)             (0.967637 0.0596426 0)
       0.9884             (0.967522 -0.0600695 0)             (0.967597 0.0597819 0)
       0.9888             (0.967482 -0.0602078 0)             (0.967557 0.0599202 0)
       0.9892             (0.967441 -0.0603451 0)             (0.967517 0.0600575 0)
       0.9896             (0.967401 -0.0604813 0)             (0.967477 0.0601936 0)
         0.99             (0.967361 -0.0606164 0)             (0.967437 0.0603287 0)
       0.9904             (0.967321 -0.0607505 0)             (0.967397 0.0604628 0)
       0.9908             (0.967282 -0.0608834 0)             (0.967358 0.0605957 0)
       0.9912             (0.967242 -0.0610153 0)             (0.967318 0.0607276 0)
       0.9916             (0.967202 -0.0611461 0)             (0.967279 0.0608583 0)
        0.992             (0.967163 -0.0612758 0)             (0.967239 0.0609880 0)
       0.9924             (0.967123 -0.0614044 0)             (0.967200 0.0611165 0)
       0.9928             (0.967084 -0.0615318 0)             (0.967161 0.0612440 0)
       0.9932             (0.967045 -0.0616582 0)             (0.967122 0.0613703 0)
       0.9936             (0.967006 -0.0617834 0)             (0.967083 0.0614955 0)
        0.994             (0.966966 -0.0619075 0)             (0.967044 0.0616196 0)
       0.9944             (0.966928 -0.0620305 0)             (0.967005 0.0617426 0)
       0.9948             (0.966889 -0.0621523 0)             (0.966967 0.0618644 0)
       0.9952             (0.966850 -0.0622730 0)             (0.966928 0.0619851 0)
       0.9956             (0.966811 -0.0623925 0)             (0.966890 0.0621047 0)
        0.996             (0.966773 -0.0625109 0)             (0.966851 0.0622230 0)
       0.9964             (0.966734 -0.0626281 0)             (0.966813 0.0623403 0)
       0.9968             (0.966696 -0.0627442 0)             (0.966775 0.0624564 0)
       0.9972             (0.966658 -0.0628590 0)             (0.966737 0.0625713 0)
       0.9976             (0.966620 -0.0629728 0)             (0.966699 0.0626850 0)
        0.998             (0.966582 -0.0630853 0)             (0.966661 0.0627975 0)
       0.9984             (0.966544 -0.0631966 0)             (0.966623 0.0629089 0)
       0.9988             (0.966506 -0.0633068 0)             (0.966586 0.0630191 0)
       0.9992             (0.966468 -0.0634157 0)             (0.966548 0.0631281 0)
       0.9996             (0.966431 -0.0635235 0)             (0.966511 0.0632359 0)
            1             (0.966393 -0.0636301 0)             (0.966474 0.0633425 0)
       1.0004             (0.966356 -0.0637354 0)             (0.966437 0.0634479 0)
       1.0008             (0.966319 -0.0638395 0)             (0.966400 0.0635521 0)
       1.0012             (0.966282 -0.0639424 0)             (0.966363 0.0636550 0)
       1.0016             (0.966245 -0.0640441 0)             (0.966326 0.0637568 0)
        1.002             (0.966208 -0.0641446 0)             (0.966289 0.0638573 0)
       1.0024             (0.966171 -0.0642438 0)             (0.966253 0.0639566 0)
       1.0028             (0.966135 -0.0643418 0)             (0.966217 0.0640546 0)
       1.0032             (0.966098 -0.0644385 0)             (0.966180 0.0641514 0)
       1.0036             (0.966062 -0.0645340 0)             (0.966144 0.0642470 0)
        1.004             (0.966026 -0.0646282 0)             (0.966108 0.0643413 0)
       1.0044             (0.965990 -0.0647212 0)             (0.966073 0.0644343 0)
       1.0048             (0.965954 -0.0648129 0)             (0.966037 0.0645261 0)
       1.0052             (0.965918 -0.0649034 0)             (0.966001 0.0646167 0)
       1.0056             (0.965883 -0.0649926 0)             (0.965966 0.0647059 0)
        1.006             (0.965847 -0.0650805 0)             (0.965931 0.0647939 0)
       1.0064             (0.965812 -0.0651671 0)             (0.965895 0.0648806 0)
       1.0068             (0.965777 -0.0652524 0)             (0.965861 0.0649661 0)
       1.0072             (0.965742 -0.0653365 0)             (0.965826 0.0650502 0)
       1.0076             (0.965707 -0.0654192 0)             (0.965791 0.0651331 0)
        1.008             (0.965672 -0.0655007 0)             (0.965756 0.0652146 0)
       1.0084             (0.965638 -0.0655808 0)             (0.965722 0.0652949 0)
       1.0088             (0.965603 -0.0656596 0)             (0.965688 0.0653738 0)
       1.0092             (0.965569 -0.0657372 0)             (0.965654 0.0654515 0)
       1.0096             (0.965535 -0.0658134 0)             (0.965620 0.0655278 0)
         1.01             (0.965501 -0.0658883 0)             (0.965586 0.0656028 0)
       1.0104             (0.965467 -0.0659618 0)             (0.965553 0.0656765 0)
       1.0108             (0.965434 -0.0660341 0)             (0.965519 0.0657489 0)
       1.0112             (0.965400 -0.0661050 0)             (0.965486 0.0658199 0)
       1.0116             (0.965367 -0.0661745 0)             (0.965453 0.0658896 0)
        1.012             (0.965334 -0.0662428 0)             (0.965420 0.0659580 0)
       1.0124             (0.965301 -0.0663096 0)             (0.965387 0.0660250 0)
       1.0128             (0.965268 -0.0663752 0)             (0.965354 0.0660907 0)
       1.0132             (0.965236 -0.0664393 0)             (0.965322 0.0661550 0)
       1.0136             (0.965203 -0.0665022 0)             (0.965290 0.0662180 0)
        1.014             (0.965171 -0.0665636 0)             (0.965258 0.0662796 0)
       1.0144             (0.965139 -0.0666237 0)             (0.965226 0.0663399 0)
       1.0148             (0.965107 -0.0666824 0)             (0.965194 0.0663987 0)
       1.0152             (0.965075 -0.0667398 0)             (0.965162 0.0664563 0)
       1.0156             (0.965044 -0.0667958 0)             (0.965131 0.0665124 0)
        1.016             (0.965013 -0.0668504 0)             (0.965100 0.0665672 0)
       1.0164             (0.964981 -0.0669036 0)             (0.965069 0.0666206 0)
       1.0168             (0.964950 -0.0669554 0)             (0.965038 0.0666726 0)
       1.0172             (0.964920 -0.0670058 0)             (0.965008 0.0667232 0)
       1.0176             (0.964889 -0.0670549 0)             (0.964977 0.0667724 0)
        1.018             (0.964859 -0.0671025 0)             (0.964947 0.0668202 0)
       1.0184             (0.964829 -0.0671487 0)             (0.964917 0.0668667 0)
       1.0188             (0.964799 -0.0671936 0)             (0.964887 0.0669117 0)
       1.0192             (0.964769 -0.0672370 0)             (0.964858 0.0669553 0)
       1.0196             (0.964739 -0.0672790 0)             (0.964828 0.0669975 0)
         1.02             (0.964710 -0.0673196 0)             (0.964799 0.0670383 0)
       1.0204             (0.964681 -0.0673587 0)             (0.964770 0.0670777 0)
       1.0208             (0.964652 -0.0673965 0)             (0.964741 0.0671157 0)
       1.0212             (0.964623 -0.0674328 0)             (0.964712 0.0671522 0)
       1.0216             (0.964595 -0.0674677 0)             (0.964684 0.0671874 0)
        1.022             (0.964566 -0.0675012 0)             (0.964656 0.0672210 0)
       1.0224             (0.964538 -0.0675332 0)             (0.964628 0.0672533 0)
       1.0228             (0.964510 -0.0675638 0)             (0.964600 0.0672841 0)
       1.0232             (0.964483 -0.0675930 0)             (0.964573 0.0673135 0)
       1.0236             (0.964455 -0.0676207 0)             (0.964545 0.0673415 0)
        1.024             (0.964428 -0.0676469 0)             (0.964518 0.0673680 0)
       1.0244             (0.964401 -0.0676717 0)             (0.964492 0.0673930 0)
       1.0248             (0.964374 -0.0676951 0)             (0.964465 0.0674166 0)
       1.0252             (0.964348 -0.0677170 0)             (0.964438 0.0674388 0)
       1.0256             (0.964321 -0.0677374 0)             (0.964412 0.0674595 0)
        1.026             (0.964295 -0.0677564 0)             (0.964386 0.0674787 0)
       1.0264             (0.964270 -0.0677739 0)             (0.964361 0.0674965 0)
       1.0268             (0.964244 -0.0677900 0)             (0.964335 0.0675129 0)
       1.0272             (0.964219 -0.0678046 0)             (0.964310 0.0675277 0)
       1.0276             (0.964193 -0.0678177 0)             (0.964285 0.0675411 0)
        1.028             (0.964169 -0.0678293 0)             (0.964260 0.0675530 0)
       1.0284             (0.964144 -0.0678395 0)             (0.964236 0.0675635 0)
       1.0288             (0.964120 -0.0678482 0)             (0.964212 0.0675724 0)
       1.0292             (0.964095 -0.0678554 0)             (0.964188 0.0675799 0)
       1.0296             (0.964072 -0.0678611 0)             (0.964164 0.0675859 0)
         1.03             (0.964048 -0.0678653 0)             (0.964140 0.0675904 0)
       1.0304             (0.964025 -0.0678680 0)             (0.964117 0.0675935 0)
       1.0308             (0.964002 -0.0678693 0)             (0.964094 0.0675950 0)
       1.0312             (0.963979 -0.0678690 0)             (0.964071 0.0675951 0)
       1.0316             (0.963956 -0.0678673 0)             (0.964049 0.0675937 0)
        1.032             (0.963934 -0.0678641 0)             (0.964027 0.0675908 0)
       1.0324             (0.963912 -0.0678593 0)             (0.964005 0.0675863 0)
       1.0328             (0.963890 -0.0678531 0)             (0.963983 0.0675804 0)
       1.0332             (0.963868 -0.0678453 0)             (0.963962 0.0675730 0)
       1.0336             (0.963847 -0.0678361 0)             (0.963940 0.0675641 0)
        1.034             (0.963826 -0.0678253 0)             (0.963919 0.0675537 0)
       1.0344             (0.963805 -0.0678131 0)             (0.963899 0.0675418 0)
       1.0348             (0.963785 -0.0677993 0)             (0.963879 0.0675283 0)
       1.0352             (0.963765 -0.0677840 0)             (0.963858 0.0675134 0)
       1.0356             (0.963745 -0.0677672 0)             (0.963839 0.0674969 0)
        1.036             (0.963725 -0.0677489 0)             (0.963819 0.0674790 0)
       1.0364             (0.963706 -0.0677291 0)             (0.963800 0.0674595 0)
       1.0368             (0.963687 -0.0677077 0)             (0.963781 0.0674385 0)
       1.0372             (0.963668 -0.0676849 0)             (0.963762 0.0674160 0)
       1.0376             (0.963650 -0.0676605 0)             (0.963744 0.0673920 0)
        1.038             (0.963632 -0.0676346 0)             (0.963726 0.0673665 0)
       1.0384             (0.963614 -0.0676071 0)             (0.963708 0.0673394 0)
       1.0388             (0.963596 -0.0675782 0)             (0.963691 0.0673108 0)
       1.0392             (0.963579 -0.0675477 0)             (0.963674 0.0672807 0)
       1.0396             (0.963562 -0.0675157 0)             (0.963657 0.0672491 0)
         1.04             (0.963545 -0.0674821 0)             (0.963640 0.0672159 0)
       1.0404             (0.963529 -0.0674470 0)             (0.963624 0.0671812 0)
       1.0408             (0.963513 -0.0674104 0)             (0.963608 0.0671450 0)
       1.0412             (0.963497 -0.0673723 0)             (0.963592 0.0671073 0)
       1.0416             (0.963482 -0.0673326 0)             (0.963577 0.0670680 0)
        1.042             (0.963467 -0.0672914 0)             (0.963562 0.0670272 0)
       1.0424             (0.963452 -0.0672487 0)             (0.963547 0.0669849 0)
       1.0428             (0.963437 -0.0672044 0)             (0.963533 0.0669410 0)
       1.0432             (0.963423 -0.0671586 0)             (0.963519 0.0668956 0)
       1.0436             (0.963409 -0.0671112 0)             (0.963505 0.0668487 0)
        1.044             (0.963396 -0.0670623 0)             (0.963491 0.0668002 0)
       1.0444             (0.963383 -0.0670119 0)             (0.963478 0.0667503 0)
       1.0448             (0.963370 -0.0669600 0)             (0.963465 0.0666987 0)
       1.0452             (0.963357 -0.0669064 0)             (0.963453 0.0666457 0)
       1.0456             (0.963345 -0.0668514 0)             (0.963441 0.0665911 0)
        1.046             (0.963333 -0.0667948 0)             (0.963429 0.0665349 0)
       1.0464             (0.963322 -0.0667367 0)             (0.963417 0.0664772 0)
       1.0468             (0.963310 -0.0666770 0)             (0.963406 0.0664180 0)
       1.0472             (0.963299 -0.0666158 0)             (0.963395 0.0663573 0)
       1.0476             (0.963289 -0.0665531 0)             (0.963385 0.0662950 0)
        1.048             (0.963279 -0.0664888 0)             (0.963375 0.0662312 0)
       1.0484             (0.963269 -0.0664230 0)             (0.963365 0.0661658 0)
       1.0488             (0.963259 -0.0663556 0)             (0.963355 0.0660989 0)
       1.0492             (0.963250 -0.0662867 0)             (0.963346 0.0660305 0)
       1.0496             (0.963241 -0.0662163 0)             (0.963338 0.0659605 0)
         1.05             (0.963233 -0.0661443 0)             (0.963329 0.0658890 0)
       1.0504             (0.963225 -0.0660707 0)             (0.963321 0.0658160 0)
       1.0508             (0.963217 -0.0659957 0)             (0.963313 0.0657414 0)
       1.0512             (0.963209 -0.0659191 0)             (0.963306 0.0656653 0)
       1.0516             (0.963202 -0.0658409 0)             (0.963299 0.0655876 0)
        1.052             (0.963196 -0.0657612 0)             (0.963292 0.0655084 0)
       1.0524             (0.963189 -0.0656800 0)             (0.963286 0.0654277 0)
       1.0528             (0.963183 -0.0655972 0)             (0.963280 0.0653454 0)
       1.0532             (0.963178 -0.0655129 0)             (0.963274 0.0652616 0)
       1.0536             (0.963173 -0.0654271 0)             (0.963269 0.0651763 0)
        1.054             (0.963168 -0.0653397 0)             (0.963264 0.0650894 0)
       1.0544             (0.963163 -0.0652508 0)             (0.963260 0.0650011 0)
       1.0548             (0.963159 -0.0651603 0)             (0.963256 0.0649111 0)
       1.0552             (0.963155 -0.0650683 0)             (0.963252 0.0648197 0)
       1.0556             (0.963152 -0.0649748 0)             (0.963249 0.0647267 0)
        1.056             (0.963149 -0.0648798 0)             (0.963246 0.0646322 0)
       1.0564             (0.963146 -0.0647832 0)             (0.963243 0.0645361 0)
       1.0568             (0.963144 -0.0646851 0)             (0.963241 0.0644386 0)
       1.0572             (0.963142 -0.0645854 0)             (0.963239 0.0643395 0)
       1.0576             (0.963141 -0.0644843 0)             (0.963238 0.0642389 0)
        1.058             (0.963140 -0.0643816 0)             (0.963236 0.0641367 0)
       1.0584             (0.963139 -0.0642774 0)             (0.963236 0.0640331 0)
       1.0588             (0.963139 -0.0641716 0)             (0.963235 0.0639279 0)
       1.0592             (0.963139 -0.0640644 0)             (0.963235 0.0638212 0)
       1.0596             (0.963139 -0.0639556 0)             (0.963236 0.0637129 0)
         1.06             (0.963140 -0.0638453 0)             (0.963237 0.0636032 0)
       1.0604             (0.963141 -0.0637334 0)             (0.963238 0.0634920 0)
       1.0608             (0.963143 -0.0636201 0)             (0.963240 0.0633792 0)
       1.0612             (0.963145 -0.0635052 0)             (0.963242 0.0632649 0)
       1.0616             (0.963147 -0.0633888 0)             (0.963244 0.0631491 0)
        1.062             (0.963150 -0.0632710 0)             (0.963247 0.0630318 0)
       1.0624             (0.963154 -0.0631516 0)             (0.963250 0.0629130 0)
       1.0628             (0.963157 -0.0630307 0)             (0.963254 0.0627927 0)
       1.0632             (0.963161 -0.0629083 0)             (0.963258 0.0626709 0)
       1.0636             (0.963166 -0.0627843 0)             (0.963262 0.0625476 0)
        1.064             (0.963171 -0.0626589 0)             (0.963267 0.0624228 0)
       1.0644             (0.963176 -0.0625320 0)             (0.963273 0.0622965 0)
       1.0648             (0.963182 -0.0624036 0)             (0.963278 0.0621687 0)
       1.0652             (0.963188 -0.0622737 0)             (0.963284 0.0620394 0)
       1.0656             (0.963194 -0.0621423 0)             (0.963291 0.0619086 0)
        1.066             (0.963201 -0.0620094 0)             (0.963298 0.0617763 0)
       1.0664             (0.963209 -0.0618750 0)             (0.963305 0.0616426 0)
       1.0668             (0.963216 -0.0617391 0)             (0.963313 0.0615073 0)
       1.0672             (0.963225 -0.0616017 0)             (0.963321 0.0613706 0)
       1.0676             (0.963233 -0.0614629 0)             (0.963330 0.0612324 0)
        1.068             (0.963242 -0.0613226 0)             (0.963339 0.0610927 0)
       1.0684             (0.963252 -0.0611808 0)             (0.963348 0.0609516 0)
       1.0688             (0.963262 -0.0610375 0)             (0.963358 0.0608089 0)
       1.0692             (0.963272 -0.0608928 0)             (0.963368 0.0606648 0)
       1.0696             (0.963283 -0.0607466 0)             (0.963379 0.0605193 0)
         1.07             (0.963294 -0.0605989 0)             (0.963390 0.0603723 0)
       1.0704             (0.963306 -0.0604497 0)             (0.963402 0.0602238 0)
       1.0708             (0.963318 -0.0602991 0)             (0.963414 0.0600738 0)
       1.0712             (0.963330 -0.0601471 0)             (0.963426 0.0599224 0)
       1.0716             (0.963343 -0.0599935 0)             (0.963439 0.0597696 0)
        1.072             (0.963357 -0.0598386 0)             (0.963453 0.0596153 0)
       1.0724             (0.963371 -0.0596822 0)             (0.963466 0.0594596 0)
       1.0728             (0.963385 -0.0595243 0)             (0.963480 0.0593024 0)
       1.0732             (0.963400 -0.0593650 0)             (0.963495 0.0591438 0)
       1.0736             (0.963415 -0.0592043 0)             (0.963510 0.0589837 0)
        1.074             (0.963430 -0.0590421 0)             (0.963526 0.0588223 0)
       1.0744             (0.963446 -0.0588785 0)             (0.963542 0.0586593 0)
       1.0748             (0.963463 -0.0587134 0)             (0.963558 0.0584950 0)
       1.0752             (0.963480 -0.0585470 0)             (0.963575 0.0583292 0)
       1.0756             (0.963497 -0.0583791 0)             (0.963592 0.0581621 0)
        1.076             (0.963515 -0.0582098 0)             (0.963610 0.0579935 0)
       1.0764             (0.963533 -0.0580391 0)             (0.963628 0.0578235 0)
       1.0768             (0.963552 -0.0578670 0)             (0.963647 0.0576521 0)
       1.0772             (0.963571 -0.0576934 0)             (0.963666 0.0574793 0)
       1.0776             (0.963591 -0.0575185 0)             (0.963686 0.0573050 0)
        1.078             (0.963611 -0.0573422 0)             (0.963706 0.0571294 0)
       1.0784             (0.963632 -0.0571644 0)             (0.963726 0.0569524 0)
       1.0788             (0.963653 -0.0569853 0)             (0.963747 0.0567740 0)
       1.0792             (0.963674 -0.0568048 0)             (0.963768 0.0565943 0)
       1.0796             (0.963696 -0.0566229 0)             (0.963790 0.0564131 0)
         1.08             (0.963719 -0.0564396 0)             (0.963813 0.0562306 0)
       1.0804             (0.963742 -0.0562550 0)             (0.963835 0.0560467 0)
       1.0808             (0.963765 -0.0560690 0)             (0.963859 0.0558614 0)
       1.0812             (0.963789 -0.0558816 0)             (0.963882 0.0556748 0)
       1.0816             (0.963813 -0.0556928 0)             (0.963906 0.0554868 0)
        1.082             (0.963838 -0.0555027 0)             (0.963931 0.0552974 0)
       1.0824             (0.963863 -0.0553113 0)             (0.963956 0.0551067 0)
       1.0828             (0.963889 -0.0551185 0)             (0.963982 0.0549147 0)
       1.0832             (0.963915 -0.0549243 0)             (0.964008 0.0547213 0)
       1.0836             (0.963941 -0.0547288 0)             (0.964034 0.0545266 0)
        1.084             (0.963968 -0.0545320 0)             (0.964061 0.0543305 0)
       1.0844             (0.963996 -0.0543338 0)             (0.964088 0.0541331 0)
       1.0848             (0.964024 -0.0541343 0)             (0.964116 0.0539344 0)
       1.0852             (0.964052 -0.0539335 0)             (0.964145 0.0537344 0)
       1.0856             (0.964081 -0.0537314 0)             (0.964174 0.0535331 0)
        1.086             (0.964111 -0.0535280 0)             (0.964203 0.0533304 0)
       1.0864             (0.964141 -0.0533232 0)             (0.964233 0.0531265 0)
       1.0868             (0.964171 -0.0531172 0)             (0.964263 0.0529212 0)
       1.0872             (0.964202 -0.0529098 0)             (0.964293 0.0527147 0)
       1.0876             (0.964233 -0.0527012 0)             (0.964325 0.0525068 0)
        1.088             (0.964265 -0.0524913 0)             (0.964356 0.0522977 0)
       1.0884             (0.964297 -0.0522800 0)             (0.964388 0.0520873 0)
       1.0888             (0.964330 -0.0520676 0)             (0.964421 0.0518756 0)
       1.0892             (0.964363 -0.0518538 0)             (0.964454 0.0516627 0)
       1.0896             (0.964397 -0.0516388 0)             (0.964488 0.0514485 0)
         1.09             (0.964431 -0.0514225 0)             (0.964522 0.0512330 0)
       1.0904             (0.964466 -0.0512050 0)             (0.964556 0.0510163 0)
       1.0908             (0.964501 -0.0509862 0)             (0.964591 0.0507983 0)
       1.0912             (0.964537 -0.0507661 0)             (0.964627 0.0505791 0)
       1.0916             (0.964573 -0.0505449 0)             (0.964663 0.0503587 0)
        1.092             (0.964610 -0.0503224 0)             (0.964699 0.0501370 0)
       1.0924             (0.964647 -0.0500986 0)             (0.964736 0.0499141 0)
       1.0928             (0.964684 -0.0498737 0)             (0.964773 0.0496900 0)
       1.0932             (0.964722 -0.0496475 0)             (0.964811 0.0494646 0)
       1.0936             (0.964761 -0.0494201 0)             (0.964850 0.0492381 0)
        1.094             (0.964800 -0.0491915 0)             (0.964888 0.0490103 0)
       1.0944             (0.964839 -0.0489617 0)             (0.964928 0.0487814 0)
       1.0948             (0.964879 -0.0487307 0)             (0.964968 0.0485513 0)
       1.0952             (0.964920 -0.0484985 0)             (0.965008 0.0483199 0)
       1.0956             (0.964961 -0.0482652 0)             (0.965049 0.0480874 0)
        1.096             (0.965002 -0.0480306 0)             (0.965090 0.0478538 0)
       1.0964             (0.965044 -0.0477949 0)             (0.965132 0.0476189 0)
       1.0968             (0.965087 -0.0475581 0)             (0.965174 0.0473829 0)
       1.0972             (0.965130 -0.0473200 0)             (0.965216 0.0471458 0)
       1.0976             (0.965173 -0.0470809 0)             (0.965260 0.0469074 0)
        1.098             (0.965217 -0.0468405 0)             (0.965303 0.0466680 0)
       1.0984             (0.965261 -0.0465991 0)             (0.965347 0.0464274 0)
       1.0988             (0.965306 -0.0463565 0)             (0.965392 0.0461857 0)
       1.0992             (0.965351 -0.0461127 0)             (0.965437 0.0459428 0)
       1.0996             (0.965397 -0.0458679 0)             (0.965483 0.0456989 0)
          1.1             (0.965444 -0.0456219 0)             (0.965529 0.0454538 0)
       1.1004             (0.965490 -0.0453749 0)             (0.965575 0.0452076 0)
       1.1008             (0.965538 -0.0451267 0)             (0.965622 0.0449603 0)
       1.1012             (0.965585 -0.0448774 0)             (0.965670 0.0447120 0)
       1.1016             (0.965634 -0.0446271 0)             (0.965718 0.0444625 0)
        1.102             (0.965682 -0.0443756 0)             (0.965766 0.0442120 0)
       1.1024             (0.965732 -0.0441231 0)             (0.965815 0.0439604 0)
       1.1028             (0.965781 -0.0438695 0)             (0.965865 0.0437077 0)
       1.1032             (0.965831 -0.0436149 0)             (0.965915 0.0434540 0)
       1.1036             (0.965882 -0.0433592 0)             (0.965965 0.0431992 0)
        1.104             (0.965933 -0.0431025 0)             (0.966016 0.0429433 0)
       1.1044             (0.965985 -0.0428447 0)             (0.966068 0.0426865 0)
       1.1048             (0.966037 -0.0425859 0)             (0.966119 0.0424286 0)
       1.1052             (0.966090 -0.0423260 0)             (0.966172 0.0421696 0)
       1.1056             (0.966143 -0.0420651 0)             (0.966225 0.0419097 0)
        1.106             (0.966196 -0.0418033 0)             (0.966278 0.0416487 0)
       1.1064             (0.966250 -0.0415404 0)             (0.966332 0.0413868 0)
       1.1068             (0.966305 -0.0412765 0)             (0.966386 0.0411238 0)
       1.1072             (0.966360 -0.0410116 0)             (0.966441 0.0408599 0)
       1.1076             (0.966416 -0.0407457 0)             (0.966496 0.0405949 0)
        1.108             (0.966472 -0.0404789 0)             (0.966552 0.0403290 0)
       1.1084             (0.966528 -0.0402111 0)             (0.966608 0.0400621 0)
       1.1088             (0.966585 -0.0399423 0)             (0.966665 0.0397943 0)
       1.1092             (0.966642 -0.0396725 0)             (0.966722 0.0395255 0)
       1.1096             (0.966700 -0.0394019 0)             (0.966779 0.0392558 0)
         1.11             (0.966759 -0.0391302 0)             (0.966837 0.0389851 0)
       1.1104             (0.966818 -0.0388577 0)             (0.966896 0.0387135 0)
       1.1108             (0.966877 -0.0385842 0)             (0.966955 0.0384409 0)
       1.1112             (0.966937 -0.0383098 0)             (0.967015 0.0381675 0)
       1.1116             (0.966997 -0.0380344 0)             (0.967075 0.0378931 0)
        1.112             (0.967058 -0.0377582 0)             (0.967135 0.0376178 0)
       1.1124             (0.967119 -0.0374811 0)             (0.967196 0.0373416 0)
       1.1128             (0.967181 -0.0372031 0)             (0.967257 0.0370646 0)
       1.1132             (0.967243 -0.0369242 0)             (0.967319 0.0367867 0)
       1.1136             (0.967306 -0.0366444 0)             (0.967382 0.0365078 0)
        1.114             (0.967369 -0.0363637 0)             (0.967444 0.0362282 0)
       1.1144             (0.967432 -0.0360822 0)             (0.967508 0.0359476 0)
       1.1148             (0.967497 -0.0357999 0)             (0.967572 0.0356663 0)
       1.1152             (0.967561 -0.0355167 0)             (0.967636 0.0353840 0)
       1.1156             (0.967626 -0.0352326 0)             (0.967701 0.0351010 0)
        1.116             (0.967692 -0.0349478 0)             (0.967766 0.0348171 0)
       1.1164             (0.967758 -0.0346621 0)             (0.967831 0.0345324 0)
       1.1168             (0.967824 -0.0343756 0)             (0.967897 0.0342469 0)
       1.1172             (0.967891 -0.0340883 0)             (0.967964 0.0339605 0)
       1.1176             (0.967958 -0.0338002 0)             (0.968031 0.0336734 0)
        1.118             (0.968026 -0.0335113 0)             (0.968098 0.0333855 0)
       1.1184             (0.968094 -0.0332216 0)             (0.968166 0.0330968 0)
       1.1188             (0.968163 -0.0329312 0)             (0.968235 0.0328074 0)
       1.1192             (0.968232 -0.0326400 0)             (0.968304 0.0325172 0)
       1.1196             (0.968302 -0.0323480 0)             (0.968373 0.0322262 0)
         1.12             (0.968372 -0.0320553 0)             (0.968443 0.0319345 0)
       1.1204             (0.968443 -0.0317618 0)             (0.968513 0.0316420 0)
       1.1208             (0.968514 -0.0314677 0)             (0.968584 0.0313488 0)
       1.1212             (0.968585 -0.0311727 0)             (0.968655 0.0310549 0)
       1.1216             (0.968657 -0.0308771 0)             (0.968726 0.0307603 0)
        1.122             (0.968730 -0.0305808 0)             (0.968798 0.0304650 0)
       1.1224             (0.968802 -0.0302837 0)             (0.968871 0.0301689 0)
       1.1228             (0.968876 -0.0299860 0)             (0.968944 0.0298722 0)
       1.1232             (0.968949 -0.0296876 0)             (0.969017 0.0295748 0)
       1.1236             (0.969024 -0.0293885 0)             (0.969091 0.0292767 0)
        1.124             (0.969098 -0.0290887 0)             (0.969165 0.0289780 0)
       1.1244             (0.969173 -0.0287883 0)             (0.969240 0.0286786 0)
       1.1248             (0.969249 -0.0284872 0)             (0.969315 0.0283785 0)
       1.1252             (0.969325 -0.0281855 0)             (0.969391 0.0280778 0)
       1.1256             (0.969401 -0.0278832 0)             (0.969467 0.0277765 0)
        1.126             (0.969478 -0.0275802 0)             (0.969543 0.0274745 0)
       1.1264             (0.969555 -0.0272766 0)             (0.969620 0.0271720 0)
       1.1268             (0.969633 -0.0269724 0)             (0.969697 0.0268688 0)
       1.1272             (0.969711 -0.0266676 0)             (0.969775 0.0265650 0)
       1.1276             (0.969790 -0.0263622 0)             (0.969853 0.0262606 0)
        1.128             (0.969869 -0.0260563 0)             (0.969932 0.0259557 0)
       1.1284             (0.969948 -0.0257497 0)             (0.970011 0.0256502 0)
       1.1288             (0.970028 -0.0254426 0)             (0.970090 0.0253441 0)
       1.1292             (0.970108 -0.0251349 0)             (0.970170 0.0250374 0)
       1.1296             (0.970189 -0.0248267 0)             (0.970251 0.0247303 0)
         1.13             (0.970270 -0.0245179 0)             (0.970331 0.0244225 0)
       1.1304             (0.970352 -0.0242086 0)             (0.970412 0.0241143 0)
       1.1308             (0.970434 -0.0238988 0)             (0.970494 0.0238055 0)
       1.1312             (0.970516 -0.0235885 0)             (0.970576 0.0234962 0)
       1.1316             (0.970599 -0.0232776 0)             (0.970658 0.0231864 0)
        1.132             (0.970682 -0.0229663 0)             (0.970741 0.0228761 0)
       1.1324             (0.970766 -0.0226545 0)             (0.970824 0.0225653 0)
       1.1328             (0.970850 -0.0223422 0)             (0.970908 0.0222540 0)
       1.1332             (0.970934 -0.0220294 0)             (0.970992 0.0219423 0)
       1.1336             (0.971019 -0.0217162 0)             (0.971076 0.0216301 0)
        1.134             (0.971104 -0.0214025 0)             (0.971161 0.0213175 0)
       1.1344             (0.971190 -0.0210883 0)             (0.971247 0.0210044 0)
       1.1348             (0.971276 -0.0207737 0)             (0.971332 0.0206908 0)
       1.1352             (0.971362 -0.0204587 0)             (0.971418 0.0203769 0)
       1.1356             (0.971449 -0.0201433 0)             (0.971505 0.0200625 0)
        1.136             (0.971537 -0.0198275 0)             (0.971591 0.0197477 0)
       1.1364             (0.971624 -0.0195113 0)             (0.971679 0.0194326 0)
       1.1368             (0.971712 -0.0191946 0)             (0.971766 0.0191170 0)
       1.1372             (0.971801 -0.0188776 0)             (0.971854 0.0188010 0)
       1.1376             (0.971890 -0.0185602 0)             (0.971943 0.0184847 0)
        1.138             (0.971979 -0.0182425 0)             (0.972031 0.0181680 0)
       1.1384             (0.972068 -0.0179244 0)             (0.972120 0.0178509 0)
       1.1388             (0.972158 -0.0176059 0)             (0.972210 0.0175335 0)
       1.1392             (0.972249 -0.0172871 0)             (0.972300 0.0172158 0)
       1.1396             (0.972339 -0.0169680 0)             (0.972390 0.0168977 0)
         1.14             (0.972430 -0.0166485 0)             (0.972481 0.0165793 0)
       1.1404             (0.972522 -0.0163288 0)             (0.972572 0.0162606 0)
       1.1408             (0.972614 -0.0160087 0)             (0.972663 0.0159416 0)
       1.1412             (0.972706 -0.0156883 0)             (0.972755 0.0156223 0)
       1.1416             (0.972798 -0.0153677 0)             (0.972847 0.0153027 0)
        1.142             (0.972891 -0.0150467 0)             (0.972939 0.0149829 0)
       1.1424             (0.972985 -0.0147256 0)             (0.973032 0.0146627 0)
       1.1428             (0.973078 -0.0144041 0)             (0.973125 0.0143423 0)
       1.1432             (0.973172 -0.0140824 0)             (0.973219 0.0140217 0)
       1.1436             (0.973266 -0.0137604 0)             (0.973313 0.0137008 0)
        1.144             (0.973361 -0.0134383 0)             (0.973407 0.0133797 0)
       1.1444             (0.973456 -0.0131158 0)             (0.973501 0.0130584 0)
       1.1448             (0.973552 -0.0127932 0)             (0.973596 0.0127368 0)
       1.1452             (0.973647 -0.0124704 0)             (0.973692 0.0124151 0)
       1.1456             (0.973743 -0.0121474 0)             (0.973787 0.0120931 0)
        1.146             (0.973840 -0.0118242 0)             (0.973883 0.0117710 0)
       1.1464             (0.973936 -0.0115008 0)             (0.973979 0.0114486 0)
       1.1468             (0.974034 -0.0111772 0)             (0.974076 0.0111261 0)
       1.1472             (0.974131 -0.0108535 0)             (0.974173 0.0108035 0)
       1.1476             (0.974229 -0.0105296 0)             (0.974270 0.0104807 0)
        1.148             (0.974327 -0.0102056 0)             (0.974368 0.0101577 0)
       1.1484             (0.974425 -0.0098814 0)             (0.974465 0.0098347 0)
       1.1488             (0.974524 -0.0095571 0)             (0.974564 0.0095114 0)
       1.1492             (0.974623 -0.0092327 0)             (0.974662 0.0091881 0)
       1.1496             (0.974722 -0.0089082 0)             (0.974761 0.0088647 0)
         1.15             (0.974822 -0.0085836 0)             (0.974860 0.0085412 0)
       1.1504             (0.974922 -0.0082589 0)             (0.974959 0.0082175 0)
       1.1508             (0.975022 -0.0079342 0)             (0.975059 0.0078938 0)
       1.1512             (0.975122 -0.0076093 0)             (0.975159 0.0075701 0)
       1.1516             (0.975223 -0.0072844 0)             (0.975260 0.0072462 0)
        1.152             (0.975324 -0.0069594 0)             (0.975360 0.0069223 0)
       1.1524             (0.975426 -0.0066344 0)             (0.975461 0.0065984 0)
       1.1528             (0.975528 -0.0063094 0)             (0.975562 0.0062744 0)
       1.1532             (0.975630 -0.0059843 0)             (0.975664 0.0059504 0)
       1.1536             (0.975732 -0.0056592 0)             (0.975766 0.0056264 0)
        1.154             (0.975834 -0.0053341 0)             (0.975868 0.0053024 0)
       1.1544             (0.975937 -0.0050090 0)             (0.975970 0.0049783 0)
       1.1548             (0.976040 -0.0046839 0)             (0.976073 0.0046543 0)
       1.1552             (0.976144 -0.0043588 0)             (0.976176 0.0043303 0)
       1.1556             (0.976248 -0.0040337 0)             (0.976279 0.0040063 0)
        1.156             (0.976351 -0.0037087 0)             (0.976382 0.0036824 0)
       1.1564             (0.976456 -0.0033837 0)             (0.976486 0.0033585 0)
       1.1568             (0.976560 -0.0030588 0)             (0.976590 0.0030346 0)
       1.1572             (0.976665 -0.0027339 0)             (0.976694 0.0027108 0)
       1.1576             (0.976770 -0.0024091 0)             (0.976799 0.0023871 0)
        1.158             (0.976875 -0.0020844 0)             (0.976903 0.0020634 0)
       1.1584             (0.976981 -0.0017598 0)             (0.977008 0.0017399 0)
       1.1588             (0.977086 -0.0014352 0)             (0.977113 0.0014164 0)
       1.1592             (0.977192 -0.0011108 0)             (0.977219 0.0010931 0)
       1.1596             (0.977299 -0.0007865 0)             (0.977325 0.0007698 0)
         1.16             (0.977405 -0.0004623 0)             (0.977431 0.0004467 0)
       1.1604             (0.977512 -0.0001382 0)             (0.977537 0.0001237 0)
       1.1608             (0.977619 0.0001857 0)             (0.977643 -0.0001992 0)
       1.1612             (0.977726 0.0005095 0)             (0.977750 -0.0005219 0)
       1.1616             (0.977833 0.0008331 0)             (0.977857 -0.0008444 0)
        1.162             (0.977941 0.0011566 0)             (0.977964 -0.0011668 0)
       1.1624             (0.978049 0.0014799 0)             (0.978071 -0.0014890 0)
       1.1628             (0.978157 0.0018030 0)             (0.978178 -0.0018110 0)
       1.1632             (0.978265 0.0021259 0)             (0.978286 -0.0021329 0)
       1.1636             (0.978374 0.0024486 0)             (0.978394 -0.0024545 0)
        1.164             (0.978482 0.0027711 0)             (0.978502 -0.0027760 0)
       1.1644             (0.978591 0.0030934 0)             (0.978611 -0.0030972 0)
       1.1648             (0.978700 0.0034154 0)             (0.978719 -0.0034182 0)
       1.1652             (0.978809 0.0037373 0)             (0.978828 -0.0037389 0)
       1.1656             (0.978919 0.0040589 0)             (0.978937 -0.0040594 0)
        1.166             (0.979029 0.0043802 0)             (0.979046 -0.0043797 0)
       1.1664             (0.979138 0.0047013 0)             (0.979155 -0.0046997 0)
       1.1668             (0.979248 0.0050221 0)             (0.979265 -0.0050194 0)
       1.1672             (0.979359 0.0053426 0)             (0.979374 -0.0053389 0)
       1.1676             (0.979469 0.0056628 0)             (0.979484 -0.0056580 0)
        1.168             (0.979580 0.0059828 0)             (0.979594 -0.0059769 0)
       1.1684             (0.979690 0.0063024 0)             (0.979704 -0.0062955 0)
       1.1688             (0.979801 0.0066218 0)             (0.979815 -0.0066138 0)
       1.1692             (0.979912 0.0069408 0)             (0.979925 -0.0069317 0)
       1.1696             (0.980023 0.0072595 0)             (0.980036 -0.0072493 0)
         1.17             (0.980135 0.0075778 0)             (0.980147 -0.0075666 0)
       1.1704             (0.980246 0.0078958 0)             (0.980257 -0.0078836 0)
       1.1708             (0.980358 0.0082135 0)             (0.980369 -0.0082002 0)
       1.1712             (0.980470 0.0085308 0)             (0.980480 -0.0085164 0)
       1.1716             (0.980582 0.0088477 0)             (0.980591 -0.0088323 0)
        1.172             (0.980694 0.0091643 0)             (0.980703 -0.0091478 0)
       1.1724             (0.980806 0.0094804 0)             (0.980814 -0.0094629 0)
       1.1728             (0.980918 0.0097962 0)             (0.980926 -0.0097776 0)
       1.1732             (0.981031 0.0101116 0)             (0.981038 -0.0100919 0)
       1.1736             (0.981143 0.0104265 0)             (0.981150 -0.0104058 0)
        1.174             (0.981256 0.0107411 0)             (0.981262 -0.0107193 0)
       1.1744             (0.981369 0.0110552 0)             (0.981375 -0.0110324 0)
       1.1748             (0.981482 0.0113689 0)             (0.981487 -0.0113450 0)
       1.1752             (0.981595 0.0116821 0)             (0.981599 -0.0116572 0)
       1.1756             (0.981708 0.0119949 0)             (0.981712 -0.0119689 0)
        1.176             (0.981821 0.0123073 0)             (0.981825 -0.0122802 0)
       1.1764             (0.981935 0.0126192 0)             (0.981938 -0.0125910 0)
       1.1768             (0.982048 0.0129306 0)             (0.982050 -0.0129014 0)
       1.1772             (0.982162 0.0132415 0)             (0.982163 -0.0132113 0)
       1.1776             (0.982275 0.0135519 0)             (0.982277 -0.0135206 0)
        1.178             (0.982389 0.0138618 0)             (0.982390 -0.0138295 0)
       1.1784             (0.982503 0.0141713 0)             (0.982503 -0.0141379 0)
       1.1788             (0.982617 0.0144802 0)             (0.982616 -0.0144458 0)
       1.1792             (0.982731 0.0147886 0)             (0.982730 -0.0147531 0)
       1.1796             (0.982845 0.0150964 0)             (0.982843 -0.0150599 0)
         1.18             (0.982959 0.0154038 0)             (0.982957 -0.0153662 0)
       1.1804             (0.983073 0.0157106 0)             (0.983070 -0.0156720 0)
       1.1808             (0.983187 0.0160168 0)             (0.983184 -0.0159772 0)
       1.1812             (0.983302 0.0163225 0)             (0.983298 -0.0162818 0)
       1.1816             (0.983416 0.0166276 0)             (0.983411 -0.0165859 0)
        1.182             (0.983530 0.0169321 0)             (0.983525 -0.0168894 0)
       1.1824             (0.983645 0.0172361 0)             (0.983639 -0.0171923 0)
       1.1828             (0.983759 0.0175394 0)             (0.983753 -0.0174946 0)
       1.1832             (0.983874 0.0178422 0)             (0.983867 -0.0177964 0)
       1.1836             (0.983988 0.0181444 0)             (0.983981 -0.0180975 0)
        1.184             (0.984103 0.0184459 0)             (0.984095 -0.0183980 0)
       1.1844             (0.984217 0.0187469 0)             (0.984209 -0.0186979 0)
       1.1848             (0.984332 0.0190472 0)             (0.984323 -0.0189972 0)
       1.1852             (0.984446 0.0193469 0)             (0.984437 -0.0192959 0)
       1.1856             (0.984561 0.0196459 0)             (0.984551 -0.0195939 0)
        1.186             (0.984676 0.0199443 0)             (0.984665 -0.0198913 0)
       1.1864             (0.984790 0.0202420 0)             (0.984779 -0.0201880 0)
       1.1868             (0.984905 0.0205391 0)             (0.984893 -0.0204840 0)
       1.1872             (0.985020 0.0208355 0)             (0.985007 -0.0207794 0)
       1.1876             (0.985134 0.0211312 0)             (0.985121 -0.0210741 0)
        1.188             (0.985249 0.0214263 0)             (0.985235 -0.0213681 0)
       1.1884             (0.985364 0.0217206 0)             (0.985349 -0.0216615 0)
       1.1888             (0.985478 0.0220143 0)             (0.985463 -0.0219541 0)
       1.1892             (0.985593 0.0223072 0)             (0.985577 -0.0222461 0)
       1.1896             (0.985707 0.0225995 0)             (0.985691 -0.0225373 0)
         1.19             (0.985822 0.0228910 0)             (0.985805 -0.0228278 0)
       1.1904             (0.985936 0.0231818 0)             (0.985919 -0.0231176 0)
       1.1908             (0.986051 0.0234719 0)             (0.986033 -0.0234067 0)
       1.1912             (0.986165 0.0237612 0)             (0.986147 -0.0236950 0)
       1.1916             (0.986280 0.0240498 0)             (0.986261 -0.0239826 0)
        1.192             (0.986394 0.0243376 0)             (0.986375 -0.0242694 0)
       1.1924             (0.986508 0.0246247 0)             (0.986488 -0.0245555 0)
       1.1928             (0.986623 0.0249110 0)             (0.986602 -0.0248408 0)
       1.1932             (0.986737 0.0251965 0)             (0.986716 -0.0251253 0)
       1.1936             (0.986851 0.0254813 0)             (0.986829 -0.0254091 0)
        1.194             (0.986965 0.0257652 0)             (0.986943 -0.0256920 0)
       1.1944             (0.987079 0.0260484 0)             (0.987056 -0.0259742 0)
       1.1948             (0.987193 0.0263308 0)             (0.987169 -0.0262556 0)
       1.1952             (0.987307 0.0266124 0)             (0.987283 -0.0265362 0)
       1.1956             (0.987420 0.0268931 0)             (0.987396 -0.0268160 0)
        1.196             (0.987534 0.0271731 0)             (0.987509 -0.0270949 0)
       1.1964             (0.987648 0.0274522 0)             (0.987622 -0.0273731 0)
       1.1968             (0.987761 0.0277305 0)             (0.987735 -0.0276504 0)
       1.1972             (0.987875 0.0280080 0)             (0.987848 -0.0279269 0)
       1.1976             (0.987988 0.0282846 0)             (0.987960 -0.0282025 0)
        1.198             (0.988101 0.0285603 0)             (0.988073 -0.0284773 0)
       1.1984             (0.988214 0.0288353 0)             (0.988186 -0.0287512 0)
       1.1988             (0.988327 0.0291093 0)             (0.988298 -0.0290243 0)
       1.1992             (0.988440 0.0293825 0)             (0.988410 -0.0292965 0)
       1.1996             (0.988553 0.0296548 0)             (0.988522 -0.0295679 0)
          1.2             (0.988665 0.0299262 0)             (0.988634 -0.0298383 0)
       1.2004             (0.988778 0.0301968 0)             (0.988746 -0.0301079 0)
       1.2008             (0.988890 0.0304664 0)             (0.988858 -0.0303766 0)
       1.2012             (0.989002 0.0307352 0)             (0.988970 -0.0306444 0)
       1.2016             (0.989115 0.0310031 0)             (0.989081 -0.0309113 0)
        1.202             (0.989226 0.0312700 0)             (0.989193 -0.0311773 0)
       1.2024             (0.989338 0.0315361 0)             (0.989304 -0.0314424 0)
       1.2028             (0.989450 0.0318012 0)             (0.989415 -0.0317066 0)
       1.2032             (0.989561 0.0320654 0)             (0.989526 -0.0319698 0)
       1.2036             (0.989673 0.0323286 0)             (0.989637 -0.0322321 0)
        1.204             (0.989784 0.0325910 0)             (0.989748 -0.0324935 0)
       1.2044             (0.989895 0.0328524 0)             (0.989858 -0.0327539 0)
       1.2048             (0.990006 0.0331128 0)             (0.989968 -0.0330134 0)
       1.2052             (0.990117 0.0333723 0)             (0.990079 -0.0332720 0)
       1.2056             (0.990227 0.0336308 0)             (0.990189 -0.0335296 0)
        1.206             (0.990338 0.0338884 0)             (0.990298 -0.0337862 0)
       1.2064             (0.990448 0.0341450 0)             (0.990408 -0.0340419 0)
       1.2068             (0.990558 0.0344006 0)             (0.990517 -0.0342966 0)
       1.2072             (0.990667 0.0346553 0)             (0.990627 -0.0345503 0)
       1.2076             (0.990777 0.0349089 0)             (0.990736 -0.0348030 0)
        1.208             (0.990886 0.0351616 0)             (0.990845 -0.0350548 0)
       1.2084             (0.990996 0.0354133 0)             (0.990953 -0.0353056 0)
       1.2088             (0.991105 0.0356640 0)             (0.991062 -0.0355553 0)
       1.2092             (0.991213 0.0359137 0)             (0.991170 -0.0358041 0)
       1.2096             (0.991322 0.0361623 0)             (0.991278 -0.0360518 0)
         1.21             (0.991430 0.0364100 0)             (0.991386 -0.0362986 0)
       1.2104             (0.991539 0.0366566 0)             (0.991493 -0.0365443 0)
       1.2108             (0.991647 0.0369023 0)             (0.991601 -0.0367890 0)
       1.2112             (0.991754 0.0371469 0)             (0.991708 -0.0370327 0)
       1.2116             (0.991862 0.0373904 0)             (0.991815 -0.0372753 0)
        1.212             (0.991969 0.0376329 0)             (0.991922 -0.0375170 0)
       1.2124             (0.992076 0.0378744 0)             (0.992028 -0.0377575 0)
       1.2128             (0.992183 0.0381148 0)             (0.992134 -0.0379971 0)
       1.2132             (0.992289 0.0383542 0)             (0.992240 -0.0382356 0)
       1.2136             (0.992396 0.0385926 0)             (0.992346 -0.0384730 0)
        1.214             (0.992502 0.0388298 0)             (0.992452 -0.0387094 0)
       1.2144             (0.992607 0.0390660 0)             (0.992557 -0.0389447 0)
       1.2148             (0.992713 0.0393012 0)             (0.992662 -0.0391789 0)
       1.2152             (0.992818 0.0395352 0)             (0.992767 -0.0394121 0)
       1.2156             (0.992923 0.0397682 0)             (0.992871 -0.0396442 0)
        1.216             (0.993028 0.0400001 0)             (0.992975 -0.0398752 0)
       1.2164             (0.993132 0.0402309 0)             (0.993079 -0.0401051 0)
       1.2168             (0.993236 0.0404606 0)             (0.993183 -0.0403340 0)
       1.2172             (0.993340 0.0406893 0)             (0.993286 -0.0405617 0)
       1.2176             (0.993444 0.0409168 0)             (0.993389 -0.0407884 0)
        1.218             (0.993547 0.0411432 0)             (0.993492 -0.0410140 0)
       1.2184             (0.993650 0.0413686 0)             (0.993595 -0.0412384 0)
       1.2188             (0.993753 0.0415928 0)             (0.993697 -0.0414618 0)
       1.2192             (0.993856 0.0418159 0)             (0.993799 -0.0416840 0)
       1.2196             (0.993958 0.0420379 0)             (0.993900 -0.0419052 0)
         1.22             (0.994060 0.0422587 0)             (0.994002 -0.0421252 0)
       1.2204             (0.994161 0.0424785 0)             (0.994103 -0.0423441 0)
       1.2208             (0.994262 0.0426971 0)             (0.994204 -0.0425618 0)
       1.2212             (0.994363 0.0429146 0)             (0.994304 -0.0427784 0)
       1.2216             (0.994464 0.0431309 0)             (0.994404 -0.0429939 0)
        1.222             (0.994564 0.0433461 0)             (0.994504 -0.0432083 0)
       1.2224             (0.994664 0.0435602 0)             (0.994603 -0.0434215 0)
       1.2228             (0.994764 0.0437731 0)             (0.994703 -0.0436336 0)
       1.2232             (0.994863 0.0439849 0)             (0.994801 -0.0438445 0)
       1.2236             (0.994962 0.0441955 0)             (0.994900 -0.0440543 0)
        1.224             (0.995061 0.0444050 0)             (0.994998 -0.0442629 0)
       1.2244             (0.995159 0.0446133 0)             (0.995096 -0.0444704 0)
       1.2248             (0.995257 0.0448204 0)             (0.995193 -0.0446767 0)
       1.2252             (0.995355 0.0450264 0)             (0.995290 -0.0448819 0)
       1.2256             (0.995452 0.0452312 0)             (0.995387 -0.0450859 0)
        1.226             (0.995549 0.0454348 0)             (0.995484 -0.0452887 0)
       1.2264             (0.995645 0.0456373 0)             (0.995580 -0.0454903 0)
       1.2268             (0.995742 0.0458385 0)             (0.995676 -0.0456908 0)
       1.2272             (0.995838 0.0460386 0)             (0.995771 -0.0458901 0)
       1.2276             (0.995933 0.0462376 0)             (0.995866 -0.0460882 0)
        1.228             (0.996028 0.0464353 0)             (0.995961 -0.0462851 0)
       1.2284             (0.996123 0.0466318 0)             (0.996055 -0.0464809 0)
       1.2288             (0.996217 0.0468272 0)             (0.996149 -0.0466754 0)
       1.2292             (0.996311 0.0470213 0)             (0.996242 -0.0468688 0)
       1.2296             (0.996405 0.0472143 0)             (0.996335 -0.0470609 0)
         1.23             (0.996498 0.0474061 0)             (0.996428 -0.0472519 0)
       1.2304             (0.996591 0.0475966 0)             (0.996521 -0.0474417 0)
       1.2308             (0.996684 0.0477860 0)             (0.996613 -0.0476302 0)
       1.2312             (0.996776 0.0479741 0)             (0.996704 -0.0478176 0)
       1.2316             (0.996867 0.0481611 0)             (0.996795 -0.0480037 0)
        1.232             (0.996959 0.0483468 0)             (0.996886 -0.0481887 0)
       1.2324             (0.997049 0.0485313 0)             (0.996977 -0.0483724 0)
       1.2328             (0.997140 0.0487146 0)             (0.997067 -0.0485550 0)
       1.2332             (0.997230 0.0488967 0)             (0.997156 -0.0487363 0)
       1.2336             (0.997320 0.0490775 0)             (0.997246 -0.0489163 0)
        1.234             (0.997409 0.0492572 0)             (0.997334 -0.0490952 0)
       1.2344             (0.997498 0.0494356 0)             (0.997423 -0.0492729 0)
       1.2348             (0.997586 0.0496128 0)             (0.997511 -0.0494493 0)
       1.2352             (0.997674 0.0497887 0)             (0.997598 -0.0496245 0)
       1.2356             (0.997762 0.0499634 0)             (0.997686 -0.0497984 0)
        1.236             (0.997849 0.0501369 0)             (0.997772 -0.0499712 0)
       1.2364             (0.997936 0.0503092 0)             (0.997859 -0.0501427 0)
       1.2368             (0.998022 0.0504802 0)             (0.997944 -0.0503130 0)
       1.2372             (0.998108 0.0506500 0)             (0.998030 -0.0504820 0)
       1.2376             (0.998193 0.0508185 0)             (0.998115 -0.0506498 0)
        1.238             (0.998278 0.0509858 0)             (0.998199 -0.0508163 0)
       1.2384             (0.998363 0.0511519 0)             (0.998284 -0.0509817 0)
       1.2388             (0.998447 0.0513167 0)             (0.998367 -0.0511457 0)
       1.2392             (0.998531 0.0514802 0)             (0.998451 -0.0513086 0)
       1.2396             (0.998614 0.0516425 0)             (0.998533 -0.0514702 0)
         1.24             (0.998697 0.0518036 0)             (0.998616 -0.0516305 0)
       1.2404             (0.998779 0.0519634 0)             (0.998698 -0.0517896 0)
       1.2408             (0.998861 0.0521220 0)             (0.998779 -0.0519475 0)
       1.2412             (0.998942 0.0522793 0)             (0.998860 -0.0521040 0)
       1.2416             (0.999023 0.0524354 0)             (0.998941 -0.0522594 0)
        1.242             (0.999104 0.0525902 0)             (0.999021 -0.0524135 0)
       1.2424             (0.999184 0.0527437 0)             (0.999100 -0.0525663 0)
       1.2428             (0.999263 0.0528960 0)             (0.999179 -0.0527179 0)
       1.2432             (0.999342 0.0530470 0)             (0.999258 -0.0528682 0)
       1.2436             (0.999421 0.0531968 0)             (0.999336 -0.0530173 0)
        1.244             (0.999499 0.0533453 0)             (0.999414 -0.0531651 0)
       1.2444             (0.999576 0.0534925 0)             (0.999491 -0.0533117 0)
       1.2448             (0.999654 0.0536385 0)             (0.999568 -0.0534569 0)
       1.2452             (0.999730 0.0537832 0)             (0.999644 -0.0536010 0)
       1.2456             (0.999806 0.0539267 0)             (0.999720 -0.0537437 0)
        1.246             (0.999882 0.0540689 0)             (0.999795 -0.0538853 0)
       1.2464             (0.999957 0.0542098 0)             (0.999870 -0.0540255 0)
       1.2468             (1.000032 0.0543494 0)             (0.999944 -0.0541645 0)
       1.2472             (1.000106 0.0544878 0)             (1.000018 -0.0543022 0)
       1.2476             (1.000180 0.0546250 0)             (1.000092 -0.0544386 0)
        1.248             (1.000253 0.0547608 0)             (1.000164 -0.0545738 0)
       1.2484             (1.000326 0.0548954 0)             (1.000237 -0.0547077 0)
       1.2488             (1.000398 0.0550287 0)             (1.000309 -0.0548404 0)
       1.2492             (1.000470 0.0551607 0)             (1.000380 -0.0549718 0)
       1.2496             (1.000541 0.0552915 0)             (1.000451 -0.0551019 0)
         1.25             (1.000612 0.0554210 0)             (1.000521 -0.0552307 0)
       1.2504             (1.000682 0.0555492 0)             (1.000591 -0.0553583 0)
       1.2508             (1.000751 0.0556762 0)             (1.000660 -0.0554846 0)
       1.2512             (1.000821 0.0558019 0)             (1.000729 -0.0556097 0)
       1.2516             (1.000889 0.0559263 0)             (1.000797 -0.0557334 0)
        1.252             (1.000957 0.0560494 0)             (1.000865 -0.0558560 0)
       1.2524             (1.001025 0.0561713 0)             (1.000932 -0.0559772 0)
       1.2528             (1.001092 0.0562919 0)             (1.000999 -0.0560972 0)
       1.2532             (1.001159 0.0564112 0)             (1.001065 -0.0562159 0)
       1.2536             (1.001225 0.0565293 0)             (1.001131 -0.0563333 0)
        1.254             (1.001290 0.0566461 0)             (1.001196 -0.0564494 0)
       1.2544             (1.001355 0.0567616 0)             (1.001261 -0.0565643 0)
       1.2548             (1.001419 0.0568758 0)             (1.001325 -0.0566780 0)
       1.2552             (1.001483 0.0569888 0)             (1.001388 -0.0567903 0)
       1.2556             (1.001547 0.0571005 0)             (1.001451 -0.0569014 0)
        1.256             (1.001609 0.0572109 0)             (1.001514 -0.0570112 0)
       1.2564             (1.001672 0.0573201 0)             (1.001576 -0.0571198 0)
       1.2568             (1.001733 0.0574280 0)             (1.001637 -0.0572271 0)
       1.2572             (1.001795 0.0575346 0)             (1.001698 -0.0573331 0)
       1.2576             (1.001855 0.0576399 0)             (1.001758 -0.0574378 0)
        1.258             (1.001915 0.0577440 0)             (1.001818 -0.0575413 0)
       1.2584             (1.001975 0.0578468 0)             (1.001878 -0.0576435 0)
       1.2588             (1.002034 0.0579484 0)             (1.001936 -0.0577445 0)
       1.2592             (1.002092 0.0580486 0)             (1.001994 -0.0578442 0)
       1.2596             (1.002150 0.0581476 0)             (1.002052 -0.0579426 0)
         1.26             (1.002208 0.0582454 0)             (1.002109 -0.0580398 0)
       1.2604             (1.002264 0.0583419 0)             (1.002166 -0.0581357 0)
       1.2608             (1.002321 0.0584371 0)             (1.002222 -0.0582303 0)
       1.2612             (1.002376 0.0585310 0)             (1.002277 -0.0583237 0)
       1.2616             (1.002431 0.0586237 0)             (1.002332 -0.0584158 0)
        1.262             (1.002486 0.0587151 0)             (1.002386 -0.0585066 0)
       1.2624             (1.002540 0.0588053 0)             (1.002440 -0.0585962 0)
       1.2628             (1.002593 0.0588942 0)             (1.002493 -0.0586846 0)
       1.2632             (1.002646 0.0589818 0)             (1.002546 -0.0587717 0)
       1.2636             (1.002699 0.0590682 0)             (1.002598 -0.0588575 0)
        1.264             (1.002750 0.0591533 0)             (1.002649 -0.0589421 0)
       1.2644             (1.002801 0.0592372 0)             (1.002700 -0.0590254 0)
       1.2648             (1.002852 0.0593198 0)             (1.002750 -0.0591075 0)
       1.2652             (1.002902 0.0594012 0)             (1.002800 -0.0591883 0)
       1.2656             (1.002952 0.0594813 0)             (1.002849 -0.0592679 0)
        1.266             (1.003000 0.0595601 0)             (1.002898 -0.0593462 0)
       1.2664             (1.003049 0.0596378 0)             (1.002946 -0.0594233 0)
       1.2668             (1.003097 0.0597141 0)             (1.002994 -0.0594991 0)
       1.2672             (1.003144 0.0597892 0)             (1.003040 -0.0595737 0)
       1.2676             (1.003190 0.0598631 0)             (1.003087 -0.0596470 0)
        1.268             (1.003236 0.0599357 0)             (1.003133 -0.0597191 0)
       1.2684             (1.003282 0.0600071 0)             (1.003178 -0.0597900 0)
       1.2688             (1.003327 0.0600772 0)             (1.003222 -0.0598596 0)
       1.2692             (1.003371 0.0601461 0)             (1.003267 -0.0599280 0)
       1.2696             (1.003415 0.0602137 0)             (1.003310 -0.0599951 0)
         1.27             (1.003458 0.0602802 0)             (1.003353 -0.0600610 0)
       1.2704             (1.003500 0.0603453 0)             (1.003395 -0.0601257 0)
       1.2708             (1.003542 0.0604093 0)             (1.003437 -0.0601891 0)
       1.2712             (1.003584 0.0604720 0)             (1.003478 -0.0602513 0)
       1.2716             (1.003624 0.0605335 0)             (1.003519 -0.0603123 0)
        1.272             (1.003664 0.0605937 0)             (1.003559 -0.0603721 0)
       1.2724             (1.003704 0.0606527 0)             (1.003598 -0.0604306 0)
       1.2728             (1.003743 0.0607105 0)             (1.003637 -0.0604879 0)
       1.2732             (1.003782 0.0607671 0)             (1.003675 -0.0605440 0)
       1.2736             (1.003819 0.0608225 0)             (1.003713 -0.0605989 0)
        1.274             (1.003857 0.0608766 0)             (1.003750 -0.0606525 0)
       1.2744             (1.003893 0.0609295 0)             (1.003786 -0.0607050 0)
       1.2748             (1.003929 0.0609812 0)             (1.003822 -0.0607562 0)
       1.2752             (1.003965 0.0610317 0)             (1.003858 -0.0608062 0)
       1.2756             (1.004000 0.0610809 0)             (1.003892 -0.0608550 0)
        1.276             (1.004034 0.0611290 0)             (1.003926 -0.0609026 0)
       1.2764             (1.004068 0.0611758 0)             (1.003960 -0.0609490 0)
       1.2768             (1.004101 0.0612215 0)             (1.003993 -0.0609942 0)
       1.2772             (1.004133 0.0612659 0)             (1.004025 -0.0610382 0)
       1.2776             (1.004165 0.0613091 0)             (1.004057 -0.0610809 0)
        1.278             (1.004197 0.0613512 0)             (1.004088 -0.0611225 0)
       1.2784             (1.004227 0.0613920 0)             (1.004119 -0.0611629 0)
       1.2788             (1.004258 0.0614317 0)             (1.004149 -0.0612021 0)
       1.2792             (1.004287 0.0614701 0)             (1.004178 -0.0612401 0)
       1.2796             (1.004316 0.0615073 0)             (1.004207 -0.0612769 0)
         1.28             (1.004345 0.0615434 0)             (1.004235 -0.0613126 0)
       1.2804             (1.004372 0.0615783 0)             (1.004263 -0.0613470 0)
       1.2808             (1.004400 0.0616120 0)             (1.004290 -0.0613803 0)
       1.2812             (1.004426 0.0616445 0)             (1.004316 -0.0614124 0)
       1.2816             (1.004452 0.0616758 0)             (1.004342 -0.0614433 0)
        1.282             (1.004478 0.0617060 0)             (1.004368 -0.0614730 0)
       1.2824             (1.004502 0.0617350 0)             (1.004392 -0.0615016 0)
       1.2828             (1.004527 0.0617628 0)             (1.004416 -0.0615290 0)
       1.2832             (1.004550 0.0617894 0)             (1.004440 -0.0615552 0)
       1.2836             (1.004573 0.0618149 0)             (1.004463 -0.0615803 0)
        1.284             (1.004596 0.0618392 0)             (1.004485 -0.0616042 0)
       1.2844             (1.004617 0.0618623 0)             (1.004507 -0.0616269 0)
       1.2848             (1.004639 0.0618843 0)             (1.004528 -0.0616485 0)
       1.2852             (1.004659 0.0619051 0)             (1.004548 -0.0616689 0)
       1.2856             (1.004679 0.0619248 0)             (1.004568 -0.0616882 0)
        1.286             (1.004699 0.0619433 0)             (1.004588 -0.0617063 0)
       1.2864             (1.004718 0.0619607 0)             (1.004607 -0.0617233 0)
       1.2868             (1.004736 0.0619769 0)             (1.004625 -0.0617391 0)
       1.2872             (1.004754 0.0619920 0)             (1.004642 -0.0617538 0)
       1.2876             (1.004771 0.0620059 0)             (1.004659 -0.0617674 0)
        1.288             (1.004787 0.0620187 0)             (1.004676 -0.0617798 0)
       1.2884             (1.004803 0.0620304 0)             (1.004691 -0.0617911 0)
       1.2888             (1.004818 0.0620409 0)             (1.004707 -0.0618013 0)
       1.2892             (1.004833 0.0620503 0)             (1.004721 -0.0618103 0)
       1.2896             (1.004847 0.0620586 0)             (1.004735 -0.0618182 0)
         1.29             (1.004861 0.0620658 0)             (1.004749 -0.0618250 0)
       1.2904             (1.004874 0.0620718 0)             (1.004762 -0.0618307 0)
       1.2908             (1.004886 0.0620767 0)             (1.004774 -0.0618352 0)
       1.2912             (1.004898 0.0620805 0)             (1.004786 -0.0618387 0)
       1.2916             (1.004909 0.0620832 0)             (1.004797 -0.0618410 0)
        1.292             (1.004919 0.0620848 0)             (1.004807 -0.0618422 0)
       1.2924             (1.004929 0.0620852 0)             (1.004817 -0.0618424 0)
       1.2928             (1.004939 0.0620846 0)             (1.004827 -0.0618414 0)
       1.2932             (1.004948 0.0620829 0)             (1.004835 -0.0618393 0)
       1.2936             (1.004956 0.0620800 0)             (1.004844 -0.0618361 0)
        1.294             (1.004963 0.0620761 0)             (1.004851 -0.0618319 0)
       1.2944             (1.004970 0.0620711 0)             (1.004858 -0.0618265 0)
       1.2948             (1.004977 0.0620650 0)             (1.004865 -0.0618201 0)
       1.2952             (1.004983 0.0620578 0)             (1.004870 -0.0618126 0)
       1.2956             (1.004988 0.0620495 0)             (1.004876 -0.0618040 0)
        1.296             (1.004993 0.0620402 0)             (1.004880 -0.0617943 0)
       1.2964             (1.004997 0.0620297 0)             (1.004884 -0.0617835 0)
       1.2968             (1.005001 0.0620182 0)             (1.004888 -0.0617717 0)
       1.2972             (1.005003 0.0620057 0)             (1.004891 -0.0617588 0)
       1.2976             (1.005006 0.0619920 0)             (1.004893 -0.0617449 0)
        1.298             (1.005008 0.0619773 0)             (1.004895 -0.0617299 0)
       1.2984             (1.005009 0.0619616 0)             (1.004896 -0.0617138 0)
       1.2988             (1.005010 0.0619447 0)             (1.004897 -0.0616967 0)
       1.2992             (1.005010 0.0619269 0)             (1.004897 -0.0616785 0)
       1.2996             (1.005009 0.0619079 0)             (1.004897 -0.0616593 0)
          1.3             (1.005008 0.0618880 0)             (1.004896 -0.0616390 0)
       1.3004             (1.005006 0.0618670 0)             (1.004894 -0.0616177 0)
       1.3008             (1.005004 0.0618449 0)             (1.004892 -0.0615954 0)
       1.3012             (1.005001 0.0618218 0)             (1.004889 -0.0615720 0)
       1.3016             (1.004998 0.0617977 0)             (1.004886 -0.0615476 0)
        1.302             (1.004994 0.0617725 0)             (1.004882 -0.0615222 0)
       1.3024             (1.004990 0.0617464 0)             (1.004877 -0.0614957 0)
       1.3028             (1.004985 0.0617192 0)             (1.004872 -0.0614682 0)
       1.3032             (1.004979 0.0616909 0)             (1.004867 -0.0614397 0)
       1.3036             (1.004973 0.0616617 0)             (1.004861 -0.0614102 0)
        1.304             (1.004966 0.0616314 0)             (1.004854 -0.0613797 0)
       1.3044             (1.004959 0.0616002 0)             (1.004847 -0.0613482 0)
       1.3048             (1.004951 0.0615679 0)             (1.004839 -0.0613156 0)
       1.3052             (1.004943 0.0615346 0)             (1.004830 -0.0612821 0)
       1.3056             (1.004934 0.0615003 0)             (1.004821 -0.0612476 0)
        1.306             (1.004924 0.0614651 0)             (1.004812 -0.0612121 0)
       1.3064             (1.004914 0.0614288 0)             (1.004802 -0.0611755 0)
       1.3068             (1.004903 0.0613916 0)             (1.004791 -0.0611380 0)
       1.3072             (1.004892 0.0613533 0)             (1.004780 -0.0610995 0)
       1.3076             (1.004880 0.0613141 0)             (1.004769 -0.0610601 0)
        1.308             (1.004868 0.0612739 0)             (1.004756 -0.0610196 0)
       1.3084             (1.004855 0.0612327 0)             (1.004744 -0.0609782 0)
       1.3088             (1.004842 0.0611906 0)             (1.004730 -0.0609358 0)
       1.3092             (1.004828 0.0611474 0)             (1.004716 -0.0608925 0)
       1.3096             (1.004814 0.0611034 0)             (1.004702 -0.0608482 0)
         1.31             (1.004799 0.0610583 0)             (1.004687 -0.0608029 0)
       1.3104             (1.004783 0.0610123 0)             (1.004672 -0.0607566 0)
       1.3108             (1.004767 0.0609653 0)             (1.004656 -0.0607095 0)
       1.3112             (1.004750 0.0609174 0)             (1.004639 -0.0606613 0)
       1.3116             (1.004733 0.0608686 0)             (1.004622 -0.0606122 0)
        1.312             (1.004715 0.0608188 0)             (1.004604 -0.0605622 0)
       1.3124             (1.004697 0.0607680 0)             (1.004586 -0.0605113 0)
       1.3128             (1.004678 0.0607163 0)             (1.004568 -0.0604594 0)
       1.3132             (1.004659 0.0606637 0)             (1.004548 -0.0604066 0)
       1.3136             (1.004639 0.0606102 0)             (1.004529 -0.0603528 0)
        1.314             (1.004619 0.0605557 0)             (1.004508 -0.0602981 0)
       1.3144             (1.004598 0.0605003 0)             (1.004488 -0.0602425 0)
       1.3148             (1.004577 0.0604440 0)             (1.004466 -0.0601860 0)
       1.3152             (1.004555 0.0603868 0)             (1.004445 -0.0601286 0)
       1.3156             (1.004532 0.0603286 0)             (1.004422 -0.0600703 0)
        1.316             (1.004509 0.0602696 0)             (1.004399 -0.0600110 0)
       1.3164             (1.004486 0.0602096 0)             (1.004376 -0.0599509 0)
       1.3168             (1.004462 0.0601488 0)             (1.004352 -0.0598898 0)
       1.3172             (1.004438 0.0600870 0)             (1.004328 -0.0598279 0)
       1.3176             (1.004413 0.0600244 0)             (1.004303 -0.0597651 0)
        1.318             (1.004387 0.0599609 0)             (1.004278 -0.0597014 0)
       1.3184             (1.004361 0.0598964 0)             (1.004252 -0.0596368 0)
       1.3188             (1.004335 0.0598311 0)             (1.004225 -0.0595713 0)
       1.3192             (1.004308 0.0597649 0)             (1.004198 -0.0595049 0)
       1.3196             (1.004280 0.0596979 0)             (1.004171 -0.0594377 0)
         1.32             (1.004252 0.0596299 0)             (1.004143 -0.0593696 0)
       1.3204             (1.004224 0.0595611 0)             (1.004115 -0.0593006 0)
       1.3208             (1.004195 0.0594914 0)             (1.004086 -0.0592308 0)
       1.3212             (1.004165 0.0594209 0)             (1.004057 -0.0591601 0)
       1.3216             (1.004135 0.0593495 0)             (1.004027 -0.0590885 0)
        1.322             (1.004105 0.0592773 0)             (1.003997 -0.0590161 0)
       1.3224             (1.004074 0.0592042 0)             (1.003966 -0.0589428 0)
       1.3228             (1.004042 0.0591302 0)             (1.003935 -0.0588688 0)
       1.3232             (1.004010 0.0590554 0)             (1.003903 -0.0587938 0)
       1.3236             (1.003978 0.0589798 0)             (1.003871 -0.0587180 0)
        1.324             (1.003945 0.0589033 0)             (1.003838 -0.0586414 0)
       1.3244             (1.003912 0.0588260 0)             (1.003805 -0.0585640 0)
       1.3248             (1.003878 0.0587479 0)             (1.003771 -0.0584857 0)
       1.3252             (1.003844 0.0586689 0)             (1.003737 -0.0584066 0)
       1.3256             (1.003809 0.0585891 0)             (1.003702 -0.0583267 0)
        1.326             (1.003774 0.0585085 0)             (1.003667 -0.0582459 0)
       1.3264             (1.003738 0.0584271 0)             (1.003632 -0.0581644 0)
       1.3268             (1.003702 0.0583449 0)             (1.003596 -0.0580820 0)
       1.3272             (1.003665 0.0582619 0)             (1.003559 -0.0579989 0)
       1.3276             (1.003628 0.0581780 0)             (1.003523 -0.0579149 0)
        1.328             (1.003591 0.0580934 0)             (1.003485 -0.0578301 0)
       1.3284             (1.003553 0.0580079 0)             (1.003447 -0.0577446 0)
       1.3288             (1.003514 0.0579217 0)             (1.003409 -0.0576582 0)
       1.3292             (1.003475 0.0578347 0)             (1.003371 -0.0575711 0)
       1.3296             (1.003436 0.0577468 0)             (1.003331 -0.0574832 0)
         1.33             (1.003396 0.0576582 0)             (1.003292 -0.0573944 0)
       1.3304             (1.003356 0.0575689 0)             (1.003252 -0.0573050 0)
       1.3308             (1.003316 0.0574787 0)             (1.003211 -0.0572147 0)
       1.3312             (1.003274 0.0573878 0)             (1.003171 -0.0571237 0)
       1.3316             (1.003233 0.0572961 0)             (1.003129 -0.0570319 0)
        1.332             (1.003191 0.0572036 0)             (1.003088 -0.0569393 0)
       1.3324             (1.003149 0.0571104 0)             (1.003045 -0.0568460 0)
       1.3328             (1.003106 0.0570164 0)             (1.003003 -0.0567519 0)
       1.3332             (1.003063 0.0569216 0)             (1.002960 -0.0566570 0)
       1.3336             (1.003019 0.0568261 0)             (1.002916 -0.0565614 0)
        1.334             (1.002975 0.0567299 0)             (1.002873 -0.0564651 0)
       1.3344             (1.002931 0.0566329 0)             (1.002828 -0.0563680 0)
       1.3348             (1.002886 0.0565351 0)             (1.002784 -0.0562702 0)
       1.3352             (1.002840 0.0564367 0)             (1.002739 -0.0561716 0)
       1.3356             (1.002795 0.0563375 0)             (1.002693 -0.0560724 0)
        1.336             (1.002749 0.0562375 0)             (1.002647 -0.0559723 0)
       1.3364             (1.002702 0.0561368 0)             (1.002601 -0.0558716 0)
       1.3368             (1.002655 0.0560354 0)             (1.002554 -0.0557701 0)
       1.3372             (1.002608 0.0559333 0)             (1.002507 -0.0556679 0)
       1.3376             (1.002560 0.0558305 0)             (1.002460 -0.0555650 0)
        1.338             (1.002512 0.0557269 0)             (1.002412 -0.0554614 0)
       1.3384             (1.002463 0.0556227 0)             (1.002364 -0.0553571 0)
       1.3388             (1.002415 0.0555177 0)             (1.002315 -0.0552520 0)
       1.3392             (1.002365 0.0554120 0)             (1.002266 -0.0551463 0)
       1.3396             (1.002316 0.0553056 0)             (1.002217 -0.0550398 0)
         1.34             (1.002266 0.0551985 0)             (1.002167 -0.0549327 0)
       1.3404             (1.002215 0.0550907 0)             (1.002117 -0.0548249 0)
       1.3408             (1.002164 0.0549823 0)             (1.002066 -0.0547163 0)
       1.3412             (1.002113 0.0548731 0)             (1.002015 -0.0546071 0)
       1.3416             (1.002062 0.0547633 0)             (1.001964 -0.0544972 0)
        1.342             (1.002010 0.0546527 0)             (1.001912 -0.0543867 0)
       1.3424             (1.001958 0.0545415 0)             (1.001860 -0.0542754 0)
       1.3428             (1.001905 0.0544297 0)             (1.001808 -0.0541635 0)
       1.3432             (1.001852 0.0543171 0)             (1.001755 -0.0540509 0)
       1.3436             (1.001799 0.0542039 0)             (1.001702 -0.0539376 0)
        1.344             (1.001745 0.0540900 0)             (1.001649 -0.0538237 0)
       1.3444             (1.001691 0.0539754 0)             (1.001595 -0.0537091 0)
       1.3448             (1.001636 0.0538602 0)             (1.001541 -0.0535939 0)
       1.3452             (1.001582 0.0537443 0)             (1.001486 -0.0534780 0)
       1.3456             (1.001527 0.0536278 0)             (1.001431 -0.0533614 0)
        1.346             (1.001471 0.0535106 0)             (1.001376 -0.0532442 0)
       1.3464             (1.001415 0.0533928 0)             (1.001321 -0.0531264 0)
       1.3468             (1.001359 0.0532743 0)             (1.001265 -0.0530079 0)
       1.3472             (1.001303 0.0531552 0)             (1.001209 -0.0528887 0)
       1.3476             (1.001246 0.0530355 0)             (1.001152 -0.0527690 0)
        1.348             (1.001189 0.0529151 0)             (1.001095 -0.0526486 0)
       1.3484             (1.001131 0.0527941 0)             (1.001038 -0.0525275 0)
       1.3488             (1.001074 0.0526724 0)             (1.000981 -0.0524059 0)
       1.3492             (1.001016 0.0525502 0)             (1.000923 -0.0522836 0)
       1.3496             (1.000957 0.0524273 0)             (1.000865 -0.0521607 0)
         1.35             (1.000899 0.0523038 0)             (1.000807 -0.0520372 0)
       1.3504             (1.000840 0.0521796 0)             (1.000748 -0.0519131 0)
       1.3508             (1.000780 0.0520549 0)             (1.000689 -0.0517883 0)
       1.3512             (1.000721 0.0519295 0)             (1.000629 -0.0516630 0)
       1.3516             (1.000661 0.0518036 0)             (1.000570 -0.0515370 0)
        1.352             (1.000600 0.0516770 0)             (1.000510 -0.0514104 0)
       1.3524             (1.000540 0.0515498 0)             (1.000450 -0.0512833 0)
       1.3528             (1.000479 0.0514220 0)             (1.000389 -0.0511555 0)
       1.3532             (1.000418 0.0512937 0)             (1.000328 -0.0510272 0)
       1.3536             (1.000357 0.0511647 0)             (1.000267 -0.0508982 0)
        1.354             (1.000295 0.0510352 0)             (1.000206 -0.0507687 0)
       1.3544             (1.000233 0.0509050 0)             (1.000144 -0.0506385 0)
       1.3548             (1.000171 0.0507743 0)             (1.000082 -0.0505078 0)
       1.3552             (1.000108 0.0506430 0)             (1.000020 -0.0503765 0)
       1.3556             (1.000045 0.0505111 0)             (0.999958 -0.0502447 0)
        1.356             (0.999982 0.0503786 0)             (0.999895 -0.0501122 0)
       1.3564             (0.999919 0.0502456 0)             (0.999832 -0.0499792 0)
       1.3568             (0.999855 0.0501120 0)             (0.999769 -0.0498457 0)
       1.3572             (0.999791 0.0499778 0)             (0.999705 -0.0497115 0)
       1.3576             (0.999727 0.0498431 0)             (0.999641 -0.0495768 0)
        1.358             (0.999663 0.0497078 0)             (0.999577 -0.0494415 0)
       1.3584             (0.999598 0.0495719 0)             (0.999513 -0.0493057 0)
       1.3588             (0.999533 0.0494355 0)             (0.999448 -0.0491693 0)
       1.3592             (0.999468 0.0492985 0)             (0.999383 -0.0490324 0)
       1.3596             (0.999403 0.0491610 0)             (0.999318 -0.0488949 0)
         1.36             (0.999337 0.0490229 0)             (0.999253 -0.0487568 0)
       1.3604             (0.999271 0.0488843 0)             (0.999187 -0.0486183 0)
       1.3608             (0.999205 0.0487451 0)             (0.999122 -0.0484791 0)
       1.3612             (0.999139 0.0486054 0)             (0.999056 -0.0483395 0)
       1.3616             (0.999072 0.0484651 0)             (0.998989 -0.0481993 0)
        1.362             (0.999005 0.0483243 0)             (0.998923 -0.0480585 0)
       1.3624             (0.998938 0.0481830 0)             (0.998856 -0.0479173 0)
       1.3628             (0.998871 0.0480411 0)             (0.998789 -0.0477755 0)
       1.3632             (0.998804 0.0478988 0)             (0.998722 -0.0476331 0)
       1.3636             (0.998736 0.0477558 0)             (0.998655 -0.0474903 0)
        1.364             (0.998668 0.0476124 0)             (0.998587 -0.0473469 0)
       1.3644             (0.998600 0.0474685 0)             (0.998519 -0.0472030 0)
       1.3648             (0.998531 0.0473240 0)             (0.998451 -0.0470586 0)
       1.3652             (0.998463 0.0471790 0)             (0.998383 -0.0469137 0)
       1.3656             (0.998394 0.0470335 0)             (0.998315 -0.0467682 0)
        1.366             (0.998325 0.0468874 0)             (0.998246 -0.0466223 0)
       1.3664             (0.998256 0.0467409 0)             (0.998177 -0.0464758 0)
       1.3668             (0.998187 0.0465939 0)             (0.998108 -0.0463289 0)
       1.3672             (0.998117 0.0464463 0)             (0.998039 -0.0461814 0)
       1.3676             (0.998047 0.0462983 0)             (0.997970 -0.0460334 0)
        1.368             (0.997977 0.0461497 0)             (0.997900 -0.0458850 0)
       1.3684             (0.997907 0.0460007 0)             (0.997830 -0.0457360 0)
       1.3688             (0.997837 0.0458512 0)             (0.997760 -0.0455865 0)
       1.3692             (0.997766 0.0457011 0)             (0.997690 -0.0454366 0)
       1.3696             (0.997696 0.0455506 0)             (0.997620 -0.0452861 0)
         1.37             (0.997625 0.0453996 0)             (0.997549 -0.0451352 0)
       1.3704             (0.997554 0.0452481 0)             (0.997479 -0.0449838 0)
       1.3708             (0.997483 0.0450961 0)             (0.997408 -0.0448319 0)
       1.3712             (0.997411 0.0449436 0)             (0.997337 -0.0446795 0)
       1.3716             (0.997340 0.0447907 0)             (0.997266 -0.0445267 0)
        1.372             (0.997268 0.0446372 0)             (0.997194 -0.0443734 0)
       1.3724             (0.997196 0.0444833 0)             (0.997123 -0.0442196 0)
       1.3728             (0.997124 0.0443290 0)             (0.997051 -0.0440653 0)
       1.3732             (0.997052 0.0441741 0)             (0.996979 -0.0439105 0)
       1.3736             (0.996980 0.0440188 0)             (0.996908 -0.0437553 0)
        1.374             (0.996908 0.0438630 0)             (0.996835 -0.0435996 0)
       1.3744             (0.996835 0.0437068 0)             (0.996763 -0.0434435 0)
       1.3748             (0.996762 0.0435500 0)             (0.996691 -0.0432869 0)
       1.3752             (0.996689 0.0433929 0)             (0.996618 -0.0431298 0)
       1.3756             (0.996616 0.0432352 0)             (0.996546 -0.0429723 0)
        1.376             (0.996543 0.0430771 0)             (0.996473 -0.0428143 0)
       1.3764             (0.996470 0.0429186 0)             (0.996400 -0.0426559 0)
       1.3768             (0.996397 0.0427596 0)             (0.996327 -0.0424970 0)
       1.3772             (0.996323 0.0426001 0)             (0.996254 -0.0423377 0)
       1.3776             (0.996249 0.0424402 0)             (0.996181 -0.0421779 0)
        1.378             (0.996176 0.0422799 0)             (0.996107 -0.0420176 0)
       1.3784             (0.996102 0.0421191 0)             (0.996034 -0.0418570 0)
       1.3788             (0.996028 0.0419578 0)             (0.995960 -0.0416958 0)
       1.3792             (0.995954 0.0417961 0)             (0.995886 -0.0415343 0)
       1.3796             (0.995879 0.0416340 0)             (0.995812 -0.0413723 0)
         1.38             (0.995805 0.0414714 0)             (0.995739 -0.0412098 0)
       1.3804             (0.995731 0.0413084 0)             (0.995664 -0.0410470 0)
       1.3808             (0.995656 0.0411450 0)             (0.995590 -0.0408837 0)
       1.3812             (0.995581 0.0409811 0)             (0.995516 -0.0407199 0)
       1.3816             (0.995507 0.0408168 0)             (0.995442 -0.0405558 0)
        1.382             (0.995432 0.0406521 0)             (0.995367 -0.0403912 0)
       1.3824             (0.995357 0.0404869 0)             (0.995293 -0.0402262 0)
       1.3828             (0.995282 0.0403213 0)             (0.995218 -0.0400607 0)
       1.3832             (0.995207 0.0401553 0)             (0.995143 -0.0398948 0)
       1.3836             (0.995132 0.0399889 0)             (0.995068 -0.0397286 0)
        1.384             (0.995056 0.0398220 0)             (0.994994 -0.0395618 0)
       1.3844             (0.994981 0.0396547 0)             (0.994919 -0.0393947 0)
       1.3848             (0.994906 0.0394870 0)             (0.994844 -0.0392272 0)
       1.3852             (0.994830 0.0393189 0)             (0.994768 -0.0390592 0)
       1.3856             (0.994755 0.0391504 0)             (0.994693 -0.0388908 0)
        1.386             (0.994679 0.0389815 0)             (0.994618 -0.0387221 0)
       1.3864             (0.994603 0.0388121 0)             (0.994543 -0.0385529 0)
       1.3868             (0.994527 0.0386423 0)             (0.994467 -0.0383833 0)
       1.3872             (0.994452 0.0384722 0)             (0.994392 -0.0382133 0)
       1.3876             (0.994376 0.0383016 0)             (0.994316 -0.0380428 0)
        1.388             (0.994300 0.0381306 0)             (0.994241 -0.0378720 0)
       1.3884             (0.994224 0.0379592 0)             (0.994165 -0.0377008 0)
       1.3888             (0.994148 0.0377874 0)             (0.994089 -0.0375292 0)
       1.3892             (0.994071 0.0376152 0)             (0.994014 -0.0373572 0)
       1.3896             (0.993995 0.0374426 0)             (0.993938 -0.0371847 0)
         1.39             (0.993919 0.0372697 0)             (0.993862 -0.0370119 0)
       1.3904             (0.993843 0.0370963 0)             (0.993786 -0.0368387 0)
       1.3908             (0.993767 0.0369225 0)             (0.993710 -0.0366651 0)
       1.3912             (0.993690 0.0367483 0)             (0.993634 -0.0364911 0)
       1.3916             (0.993614 0.0365737 0)             (0.993558 -0.0363167 0)
        1.392             (0.993537 0.0363988 0)             (0.993482 -0.0361420 0)
       1.3924             (0.993461 0.0362234 0)             (0.993406 -0.0359668 0)
       1.3928             (0.993385 0.0360477 0)             (0.993330 -0.0357912 0)
       1.3932             (0.993308 0.0358716 0)             (0.993254 -0.0356153 0)
       1.3936             (0.993232 0.0356951 0)             (0.993178 -0.0354390 0)
        1.394             (0.993155 0.0355182 0)             (0.993102 -0.0352623 0)
       1.3944             (0.993078 0.0353409 0)             (0.993025 -0.0350852 0)
       1.3948             (0.993002 0.0351632 0)             (0.992949 -0.0349077 0)
       1.3952             (0.992925 0.0349852 0)             (0.992873 -0.0347299 0)
       1.3956             (0.992849 0.0348068 0)             (0.992797 -0.0345516 0)
        1.396             (0.992772 0.0346280 0)             (0.992721 -0.0343730 0)
       1.3964             (0.992695 0.0344488 0)             (0.992644 -0.0341941 0)
       1.3968             (0.992619 0.0342693 0)             (0.992568 -0.0340147 0)
       1.3972             (0.992542 0.0340893 0)             (0.992492 -0.0338350 0)
       1.3976             (0.992465 0.0339090 0)             (0.992415 -0.0336549 0)
        1.398             (0.992389 0.0337284 0)             (0.992339 -0.0334744 0)
       1.3984             (0.992312 0.0335473 0)             (0.992263 -0.0332936 0)
       1.3988             (0.992235 0.0333659 0)             (0.992187 -0.0331124 0)
       1.3992             (0.992159 0.0331841 0)             (0.992110 -0.0329308 0)
       1.3996             (0.992082 0.0330020 0)             (0.992034 -0.0327489 0)
          1.4             (0.992005 0.0328195 0)             (0.991958 -0.0325666 0)
       1.4004             (0.991929 0.0326366 0)             (0.991882 -0.0323839 0)
       1.4008             (0.991852 0.0324533 0)             (0.991805 -0.0322009 0)
       1.4012             (0.991776 0.0322697 0)             (0.991729 -0.0320175 0)
       1.4016             (0.991699 0.0320858 0)             (0.991653 -0.0318338 0)
        1.402             (0.991622 0.0319014 0)             (0.991577 -0.0316497 0)
       1.4024             (0.991546 0.0317168 0)             (0.991501 -0.0314652 0)
       1.4028             (0.991469 0.0315317 0)             (0.991424 -0.0312804 0)
       1.4032             (0.991393 0.0313463 0)             (0.991348 -0.0310952 0)
       1.4036             (0.991316 0.0311606 0)             (0.991272 -0.0309097 0)
        1.404             (0.991240 0.0309744 0)             (0.991196 -0.0307238 0)
       1.4044             (0.991163 0.0307880 0)             (0.991120 -0.0305376 0)
       1.4048             (0.991087 0.0306011 0)             (0.991044 -0.0303510 0)
       1.4052             (0.991011 0.0304140 0)             (0.990968 -0.0301640 0)
       1.4056             (0.990934 0.0302264 0)             (0.990892 -0.0299767 0)
        1.406             (0.990858 0.0300386 0)             (0.990816 -0.0297891 0)
       1.4064             (0.990782 0.0298503 0)             (0.990741 -0.0296011 0)
       1.4068             (0.990706 0.0296618 0)             (0.990665 -0.0294128 0)
       1.4072             (0.990630 0.0294728 0)             (0.990589 -0.0292241 0)
       1.4076             (0.990553 0.0292836 0)             (0.990513 -0.0290351 0)
        1.408             (0.990477 0.0290940 0)             (0.990438 -0.0288457 0)
       1.4084             (0.990401 0.0289040 0)             (0.990362 -0.0286560 0)
       1.4088             (0.990325 0.0287137 0)             (0.990286 -0.0284659 0)
       1.4092             (0.990250 0.0285230 0)             (0.990211 -0.0282755 0)
       1.4096             (0.990174 0.0283321 0)             (0.990135 -0.0280848 0)
         1.41             (0.990098 0.0281407 0)             (0.990060 -0.0278937 0)
       1.4104             (0.990022 0.0279491 0)             (0.989984 -0.0277023 0)
       1.4108             (0.989946 0.0277571 0)             (0.989909 -0.0275106 0)
       1.4112             (0.989871 0.0275647 0)             (0.989834 -0.0273185 0)
       1.4116             (0.989795 0.0273720 0)             (0.989759 -0.0271261 0)
        1.412             (0.989720 0.0271790 0)             (0.989684 -0.0269333 0)
       1.4124             (0.989644 0.0269856 0)             (0.989609 -0.0267402 0)
       1.4128             (0.989569 0.0267920 0)             (0.989534 -0.0265468 0)
       1.4132             (0.989494 0.0265979 0)             (0.989459 -0.0263530 0)
       1.4136             (0.989418 0.0264036 0)             (0.989384 -0.0261589 0)
        1.414             (0.989343 0.0262089 0)             (0.989309 -0.0259645 0)
       1.4144             (0.989268 0.0260139 0)             (0.989234 -0.0257697 0)
       1.4148             (0.989193 0.0258185 0)             (0.989160 -0.0255747 0)
       1.4152             (0.989118 0.0256228 0)             (0.989085 -0.0253793 0)
       1.4156             (0.989043 0.0254268 0)             (0.989010 -0.0251835 0)
        1.416             (0.988968 0.0252305 0)             (0.988936 -0.0249875 0)
       1.4164             (0.988894 0.0250338 0)             (0.988862 -0.0247911 0)
       1.4168             (0.988819 0.0248368 0)             (0.988787 -0.0245944 0)
       1.4172             (0.988744 0.0246395 0)             (0.988713 -0.0243973 0)
       1.4176             (0.988670 0.0244419 0)             (0.988639 -0.0242000 0)
        1.418             (0.988596 0.0242439 0)             (0.988565 -0.0240023 0)
       1.4184             (0.988521 0.0240456 0)             (0.988491 -0.0238043 0)
       1.4188             (0.988447 0.0238470 0)             (0.988417 -0.0236059 0)
       1.4192             (0.988373 0.0236480 0)             (0.988344 -0.0234073 0)
       1.4196             (0.988299 0.0234488 0)             (0.988270 -0.0232083 0)
         1.42             (0.988225 0.0232492 0)             (0.988196 -0.0230091 0)
       1.4204             (0.988151 0.0230493 0)             (0.988123 -0.0228095 0)
       1.4208             (0.988077 0.0228491 0)             (0.988050 -0.0226095 0)
       1.4212             (0.988004 0.0226486 0)             (0.987976 -0.0224093 0)
       1.4216             (0.987930 0.0224477 0)             (0.987903 -0.0222088 0)
        1.422             (0.987857 0.0222466 0)             (0.987830 -0.0220079 0)
       1.4224             (0.987783 0.0220451 0)             (0.987757 -0.0218067 0)
       1.4228             (0.987710 0.0218433 0)             (0.987684 -0.0216052 0)
       1.4232             (0.987637 0.0216412 0)             (0.987611 -0.0214034 0)
       1.4236             (0.987564 0.0214388 0)             (0.987539 -0.0212013 0)
        1.424             (0.987491 0.0212360 0)             (0.987466 -0.0209989 0)
       1.4244             (0.987418 0.0210330 0)             (0.987393 -0.0207961 0)
       1.4248             (0.987345 0.0208296 0)             (0.987321 -0.0205931 0)
       1.4252             (0.987273 0.0206260 0)             (0.987249 -0.0203897 0)
       1.4256             (0.987200 0.0204220 0)             (0.987177 -0.0201861 0)
        1.426             (0.987128 0.0202177 0)             (0.987105 -0.0199821 0)
       1.4264             (0.987055 0.0200131 0)             (0.987033 -0.0197778 0)
       1.4268             (0.986983 0.0198082 0)             (0.986961 -0.0195733 0)
       1.4272             (0.986911 0.0196030 0)             (0.986889 -0.0193684 0)
       1.4276             (0.986839 0.0193975 0)             (0.986817 -0.0191632 0)
        1.428             (0.986767 0.0191917 0)             (0.986746 -0.0189577 0)
       1.4284             (0.986696 0.0189856 0)             (0.986675 -0.0187519 0)
       1.4288             (0.986624 0.0187792 0)             (0.986603 -0.0185458 0)
       1.4292             (0.986552 0.0185725 0)             (0.986532 -0.0183394 0)
       1.4296             (0.986481 0.0183655 0)             (0.986461 -0.0181327 0)
         1.43             (0.986410 0.0181581 0)             (0.986390 -0.0179258 0)
       1.4304             (0.986338 0.0179505 0)             (0.986319 -0.0177185 0)
       1.4308             (0.986267 0.0177426 0)             (0.986249 -0.0175109 0)
       1.4312             (0.986197 0.0175344 0)             (0.986178 -0.0173030 0)
       1.4316             (0.986126 0.0173259 0)             (0.986108 -0.0170948 0)
        1.432             (0.986055 0.0171171 0)             (0.986037 -0.0168863 0)
       1.4324             (0.985984 0.0169080 0)             (0.985967 -0.0166776 0)
       1.4328             (0.985914 0.0166985 0)             (0.985897 -0.0164685 0)
       1.4332             (0.985844 0.0164889 0)             (0.985827 -0.0162592 0)
       1.4336             (0.985774 0.0162789 0)             (0.985757 -0.0160495 0)
        1.434             (0.985703 0.0160686 0)             (0.985687 -0.0158396 0)
       1.4344             (0.985634 0.0158580 0)             (0.985618 -0.0156294 0)
       1.4348             (0.985564 0.0156472 0)             (0.985548 -0.0154189 0)
       1.4352             (0.985494 0.0154360 0)             (0.985479 -0.0152081 0)
       1.4356             (0.985424 0.0152246 0)             (0.985410 -0.0149970 0)
        1.436             (0.985355 0.0150128 0)             (0.985341 -0.0147856 0)
       1.4364             (0.985286 0.0148008 0)             (0.985272 -0.0145739 0)
       1.4368             (0.985217 0.0145885 0)             (0.985203 -0.0143620 0)
       1.4372             (0.985148 0.0143759 0)             (0.985134 -0.0141497 0)
       1.4376             (0.985079 0.0141631 0)             (0.985066 -0.0139372 0)
        1.438             (0.985010 0.0139499 0)             (0.984997 -0.0137244 0)
       1.4384             (0.984941 0.0137365 0)             (0.984929 -0.0135114 0)
       1.4388             (0.984873 0.0135228 0)             (0.984861 -0.0132980 0)
       1.4392             (0.984804 0.0133088 0)             (0.984793 -0.0130844 0)
       1.4396             (0.984736 0.0130945 0)             (0.984725 -0.0128705 0)
         1.44             (0.984668 0.0128799 0)             (0.984657 -0.0126563 0)
       1.4404             (0.984600 0.0126651 0)             (0.984590 -0.0124418 0)
       1.4408             (0.984532 0.0124500 0)             (0.984522 -0.0122271 0)
       1.4412             (0.984465 0.0122346 0)             (0.984455 -0.0120120 0)
       1.4416             (0.984397 0.0120189 0)             (0.984388 -0.0117967 0)
        1.442             (0.984330 0.0118030 0)             (0.984320 -0.0115812 0)
       1.4424             (0.984262 0.0115868 0)             (0.984254 -0.0113653 0)
       1.4428             (0.984195 0.0113703 0)             (0.984187 -0.0111492 0)
       1.4432             (0.984128 0.0111535 0)             (0.984120 -0.0109329 0)
       1.4436             (0.984061 0.0109365 0)             (0.984053 -0.0107162 0)
        1.444             (0.983995 0.0107192 0)             (0.983987 -0.0104993 0)
       1.4444             (0.983928 0.0105016 0)             (0.983921 -0.0102821 0)
       1.4448             (0.983862 0.0102838 0)             (0.983855 -0.0100647 0)
       1.4452             (0.983795 0.0100657 0)             (0.983789 -0.0098470 0)
       1.4456             (0.983729 0.0098474 0)             (0.983723 -0.0096290 0)
        1.446             (0.983663 0.0096287 0)             (0.983657 -0.0094108 0)
       1.4464             (0.983597 0.0094099 0)             (0.983592 -0.0091923 0)
       1.4468             (0.983531 0.0091907 0)             (0.983526 -0.0089735 0)
       1.4472             (0.983466 0.0089713 0)             (0.983461 -0.0087545 0)
       1.4476             (0.983400 0.0087516 0)             (0.983396 -0.0085352 0)
        1.448             (0.983335 0.0085317 0)             (0.983331 -0.0083157 0)
       1.4484             (0.983270 0.0083115 0)             (0.983266 -0.0080959 0)
       1.4488             (0.983205 0.0080911 0)             (0.983201 -0.0078758 0)
       1.4492             (0.983140 0.0078704 0)             (0.983137 -0.0076556 0)
       1.4496             (0.983075 0.0076494 0)             (0.983072 -0.0074350 0)
         1.45             (0.983010 0.0074282 0)             (0.983008 -0.0072142 0)
       1.4504             (0.982946 0.0072068 0)             (0.982944 -0.0069932 0)
       1.4508             (0.982882 0.0069851 0)             (0.982880 -0.0067719 0)
       1.4512             (0.982817 0.0067631 0)             (0.982816 -0.0065503 0)
       1.4516             (0.982753 0.0065409 0)             (0.982752 -0.0063285 0)
        1.452             (0.982689 0.0063185 0)             (0.982688 -0.0061065 0)
       1.4524             (0.982626 0.0060958 0)             (0.982625 -0.0058842 0)
       1.4528             (0.982562 0.0058728 0)             (0.982562 -0.0056617 0)
       1.4532             (0.982498 0.0056497 0)             (0.982498 -0.0054389 0)
       1.4536             (0.982435 0.0054262 0)             (0.982435 -0.0052159 0)
        1.454             (0.982372 0.0052026 0)             (0.982373 -0.0049927 0)
       1.4544             (0.982309 0.0049787 0)             (0.982310 -0.0047692 0)
       1.4548             (0.982246 0.0047545 0)             (0.982247 -0.0045455 0)
       1.4552             (0.982183 0.0045302 0)             (0.982185 -0.0043215 0)
       1.4556             (0.982121 0.0043056 0)             (0.982122 -0.0040973 0)
        1.456             (0.982058 0.0040807 0)             (0.982060 -0.0038729 0)
       1.4564             (0.981996 0.0038557 0)             (0.981998 -0.0036483 0)
       1.4568             (0.981933 0.0036304 0)             (0.981936 -0.0034234 0)
       1.4572             (0.981871 0.0034048 0)             (0.981874 -0.0031983 0)
       1.4576             (0.981809 0.0031791 0)             (0.981813 -0.0029730 0)
        1.458             (0.981748 0.0029531 0)             (0.981751 -0.0027474 0)
       1.4584             (0.981686 0.0027269 0)             (0.981690 -0.0025216 0)
       1.4588             (0.981624 0.0025004 0)             (0.981629 -0.0022956 0)
       1.4592             (0.981563 0.0022738 0)             (0.981568 -0.0020694 0)
       1.4596             (0.981502 0.0020469 0)             (0.981507 -0.0018430 0)
         1.46             (0.981441 0.0018198 0)             (0.981446 -0.0016163 0)
       1.4604             (0.981380 0.0015925 0)             (0.981385 -0.0013895 0)
       1.4608             (0.981319 0.0013650 0)             (0.981325 -0.0011624 0)
       1.4612             (0.981258 0.0011373 0)             (0.981265 -0.0009351 0)
       1.4616             (0.981198 0.0009093 0)             (0.981204 -0.0007076 0)
        1.462             (0.981137 0.0006812 0)             (0.981144 -0.0004799 0)
       1.4624             (0.981077 0.0004528 0)             (0.981084 -0.0002520 0)
       1.4628             (0.981017 0.0002242 0)             (0.981024 -0.0000238 0)
       1.4632             (0.980957 -0.0000045 0)             (0.980965 0.0002045 0)
       1.4636             (0.980897 -0.0002335 0)             (0.980905 0.0004330 0)
        1.464             (0.980837 -0.0004627 0)             (0.980846 0.0006617 0)
       1.4644             (0.980778 -0.0006921 0)             (0.980787 0.0008907 0)
       1.4648             (0.980718 -0.0009217 0)             (0.980727 0.0011198 0)
       1.4652             (0.980659 -0.0011514 0)             (0.980668 0.0013491 0)
       1.4656             (0.980600 -0.0013814 0)             (0.980610 0.0015786 0)
        1.466             (0.980541 -0.0016116 0)             (0.980551 0.0018083 0)
       1.4664             (0.980482 -0.0018419 0)             (0.980492 0.0020382 0)
       1.4668             (0.980423 -0.0020725 0)             (0.980434 0.0022683 0)
       1.4672             (0.980365 -0.0023032 0)             (0.980375 0.0024986 0)
       1.4676             (0.980306 -0.0025341 0)             (0.980317 0.0027290 0)
        1.468             (0.980248 -0.0027652 0)             (0.980259 0.0029597 0)
       1.4684             (0.980190 -0.0029965 0)             (0.980201 0.0031905 0)
       1.4688             (0.980132 -0.0032279 0)             (0.980143 0.0034215 0)
       1.4692             (0.980074 -0.0034596 0)             (0.980086 0.0036526 0)
       1.4696             (0.980016 -0.0036914 0)             (0.980028 0.0038840 0)
         1.47             (0.979958 -0.0039234 0)             (0.979971 0.0041155 0)
       1.4704             (0.979901 -0.0041555 0)             (0.979914 0.0043472 0)
       1.4708             (0.979843 -0.0043878 0)             (0.979856 0.0045790 0)
       1.4712             (0.979786 -0.0046203 0)             (0.979799 0.0048110 0)
       1.4716             (0.979729 -0.0048530 0)             (0.979743 0.0050432 0)
        1.472             (0.979672 -0.0050858 0)             (0.979686 0.0052755 0)
       1.4724             (0.979615 -0.0053188 0)             (0.979629 0.0055080 0)
       1.4728             (0.979558 -0.0055519 0)             (0.979573 0.0057407 0)
       1.4732             (0.979501 -0.0057852 0)             (0.979516 0.0059735 0)
       1.4736             (0.979445 -0.0060186 0)             (0.979460 0.0062065 0)
        1.474             (0.979388 -0.0062522 0)             (0.979404 0.0064396 0)
       1.4744             (0.979332 -0.0064860 0)             (0.979348 0.0066728 0)
       1.4748             (0.979276 -0.0067199 0)             (0.979292 0.0069063 0)
       1.4752             (0.979220 -0.0069539 0)             (0.979236 0.0071398 0)
       1.4756             (0.979164 -0.0071881 0)             (0.979181 0.0073735 0)
        1.476             (0.979108 -0.0074224 0)             (0.979125 0.0076073 0)
       1.4764             (0.979052 -0.0076568 0)             (0.979070 0.0078413 0)
       1.4768             (0.978997 -0.0078914 0)             (0.979014 0.0080754 0)
       1.4772             (0.978942 -0.0081262 0)             (0.978959 0.0083096 0)
       1.4776             (0.978886 -0.0083610 0)             (0.978904 0.0085440 0)
        1.478             (0.978831 -0.0085960 0)             (0.978849 0.0087785 0)
       1.4784             (0.978776 -0.0088311 0)             (0.978795 0.0090131 0)
       1.4788             (0.978721 -0.0090663 0)             (0.978740 0.0092478 0)
       1.4792             (0.978666 -0.0093017 0)             (0.978685 0.0094827 0)
       1.4796             (0.978612 -0.0095371 0)             (0.978631 0.0097176 0)
         1.48             (0.978557 -0.0097727 0)             (0.978577 0.0099527 0)
       1.4804             (0.978502 -0.0100084 0)             (0.978522 0.0101879 0)
       1.4808             (0.978448 -0.0102442 0)             (0.978468 0.0104232 0)
       1.4812             (0.978394 -0.0104801 0)             (0.978414 0.0106586 0)
       1.4816             (0.978340 -0.0107161 0)             (0.978361 0.0108941 0)
        1.482             (0.978286 -0.0109523 0)             (0.978307 0.0111297 0)
       1.4824             (0.978232 -0.0111885 0)             (0.978253 0.0113654 0)
       1.4828             (0.978178 -0.0114248 0)             (0.978200 0.0116012 0)
       1.4832             (0.978124 -0.0116612 0)             (0.978146 0.0118371 0)
       1.4836             (0.978071 -0.0118977 0)             (0.978093 0.0120731 0)
        1.484             (0.978017 -0.0121343 0)             (0.978040 0.0123092 0)
       1.4844             (0.977964 -0.0123709 0)             (0.977987 0.0125453 0)
       1.4848             (0.977911 -0.0126077 0)             (0.977934 0.0127816 0)
       1.4852             (0.977858 -0.0128445 0)             (0.977881 0.0130179 0)
       1.4856             (0.977805 -0.0130814 0)             (0.977828 0.0132543 0)
        1.486             (0.977752 -0.0133184 0)             (0.977775 0.0134907 0)
       1.4864             (0.977699 -0.0135554 0)             (0.977723 0.0137273 0)
       1.4868             (0.977646 -0.0137926 0)             (0.977670 0.0139639 0)
       1.4872             (0.977594 -0.0140297 0)             (0.977618 0.0142005 0)
       1.4876             (0.977541 -0.0142670 0)             (0.977566 0.0144373 0)
        1.488             (0.977489 -0.0145043 0)             (0.977514 0.0146740 0)
       1.4884             (0.977436 -0.0147416 0)             (0.977462 0.0149109 0)
       1.4888             (0.977384 -0.0149790 0)             (0.977410 0.0151477 0)
       1.4892             (0.977332 -0.0152165 0)             (0.977358 0.0153847 0)
       1.4896             (0.977280 -0.0154540 0)             (0.977306 0.0156216 0)
         1.49             (0.977228 -0.0156915 0)             (0.977255 0.0158587 0)
       1.4904             (0.977177 -0.0159291 0)             (0.977203 0.0160957 0)
       1.4908             (0.977125 -0.0161667 0)             (0.977152 0.0163328 0)
       1.4912             (0.977073 -0.0164044 0)             (0.977100 0.0165699 0)
       1.4916             (0.977022 -0.0166421 0)             (0.977049 0.0168071 0)
        1.492             (0.976970 -0.0168798 0)             (0.976998 0.0170442 0)
       1.4924             (0.976919 -0.0171175 0)             (0.976947 0.0172814 0)
       1.4928             (0.976868 -0.0173552 0)             (0.976896 0.0175186 0)
       1.4932             (0.976817 -0.0175930 0)             (0.976845 0.0177559 0)
       1.4936             (0.976766 -0.0178308 0)             (0.976794 0.0179931 0)
        1.494             (0.976715 -0.0180686 0)             (0.976744 0.0182304 0)
       1.4944             (0.976664 -0.0183063 0)             (0.976693 0.0184676 0)
       1.4948             (0.976613 -0.0185441 0)             (0.976643 0.0187049 0)
       1.4952             (0.976563 -0.0187819 0)             (0.976592 0.0189421 0)
       1.4956             (0.976512 -0.0190197 0)             (0.976542 0.0191794 0)
        1.496             (0.976461 -0.0192575 0)             (0.976492 0.0194166 0)
       1.4964             (0.976411 -0.0194952 0)             (0.976442 0.0196538 0)
       1.4968             (0.976361 -0.0197330 0)             (0.976391 0.0198910 0)
       1.4972             (0.976311 -0.0199707 0)             (0.976342 0.0201282 0)
       1.4976             (0.976260 -0.0202084 0)             (0.976292 0.0203654 0)
        1.498             (0.976210 -0.0204461 0)             (0.976242 0.0206025 0)
       1.4984             (0.976160 -0.0206838 0)             (0.976192 0.0208396 0)
       1.4988             (0.976111 -0.0209214 0)             (0.976142 0.0210767 0)
       1.4992             (0.976061 -0.0211589 0)             (0.976093 0.0213137 0)
       1.4996             (0.976011 -0.0213965 0)             (0.976043 0.0215507 0)
          1.5             (0.975961 -0.0216340 0)             (0.975994 0.0217876 0)
       1.5004             (0.975912 -0.0218714 0)             (0.975945 0.0220245 0)
       1.5008             (0.975862 -0.0221088 0)             (0.975896 0.0222613 0)
       1.5012             (0.975813 -0.0223461 0)             (0.975846 0.0224981 0)
       1.5016             (0.975764 -0.0225834 0)             (0.975797 0.0227348 0)
        1.502             (0.975714 -0.0228206 0)             (0.975748 0.0229715 0)
       1.5024             (0.975665 -0.0230577 0)             (0.975699 0.0232080 0)
       1.5028             (0.975616 -0.0232948 0)             (0.975650 0.0234445 0)
       1.5032             (0.975567 -0.0235317 0)             (0.975602 0.0236810 0)
       1.5036             (0.975518 -0.0237686 0)             (0.975553 0.0239173 0)
        1.504             (0.975469 -0.0240055 0)             (0.975504 0.0241536 0)
       1.5044             (0.975420 -0.0242422 0)             (0.975456 0.0243897 0)
       1.5048             (0.975372 -0.0244788 0)             (0.975407 0.0246258 0)
       1.5052             (0.975323 -0.0247154 0)             (0.975359 0.0248618 0)
       1.5056             (0.975274 -0.0249518 0)             (0.975311 0.0250977 0)
        1.506             (0.975226 -0.0251881 0)             (0.975262 0.0253334 0)
       1.5064             (0.975177 -0.0254243 0)             (0.975214 0.0255691 0)
       1.5068             (0.975129 -0.0256604 0)             (0.975166 0.0258046 0)
       1.5072             (0.975081 -0.0258964 0)             (0.975118 0.0260400 0)
       1.5076             (0.975033 -0.0261323 0)             (0.975070 0.0262753 0)
        1.508             (0.974984 -0.0263680 0)             (0.975022 0.0265105 0)
       1.5084             (0.974936 -0.0266036 0)             (0.974974 0.0267456 0)
       1.5088             (0.974888 -0.0268391 0)             (0.974926 0.0269805 0)
       1.5092             (0.974840 -0.0270744 0)             (0.974878 0.0272152 0)
       1.5096             (0.974792 -0.0273096 0)             (0.974831 0.0274498 0)
         1.51             (0.974744 -0.0275446 0)             (0.974783 0.0276843 0)
       1.5104             (0.974697 -0.0277795 0)             (0.974736 0.0279186 0)
       1.5108             (0.974649 -0.0280142 0)             (0.974688 0.0281528 0)
       1.5112             (0.974601 -0.0282488 0)             (0.974641 0.0283867 0)
       1.5116             (0.974554 -0.0284832 0)             (0.974593 0.0286206 0)
        1.512             (0.974506 -0.0287174 0)             (0.974546 0.0288542 0)
       1.5124             (0.974458 -0.0289514 0)             (0.974499 0.0290877 0)
       1.5128             (0.974411 -0.0291853 0)             (0.974451 0.0293210 0)
       1.5132             (0.974364 -0.0294190 0)             (0.974404 0.0295541 0)
       1.5136             (0.974316 -0.0296525 0)             (0.974357 0.0297870 0)
        1.514             (0.974269 -0.0298858 0)             (0.974310 0.0300197 0)
       1.5144             (0.974222 -0.0301189 0)             (0.974263 0.0302523 0)
       1.5148             (0.974175 -0.0303518 0)             (0.974216 0.0304846 0)
       1.5152             (0.974128 -0.0305844 0)             (0.974169 0.0307167 0)
       1.5156             (0.974080 -0.0308169 0)             (0.974123 0.0309486 0)
        1.516             (0.974033 -0.0310492 0)             (0.974076 0.0311803 0)
       1.5164             (0.973987 -0.0312812 0)             (0.974029 0.0314117 0)
       1.5168             (0.973940 -0.0315130 0)             (0.973982 0.0316429 0)
       1.5172             (0.973893 -0.0317446 0)             (0.973936 0.0318739 0)
       1.5176             (0.973846 -0.0319759 0)             (0.973889 0.0321047 0)
        1.518             (0.973799 -0.0322070 0)             (0.973843 0.0323352 0)
       1.5184             (0.973753 -0.0324378 0)             (0.973796 0.0325655 0)
       1.5188             (0.973706 -0.0326684 0)             (0.973750 0.0327955 0)
       1.5192             (0.973659 -0.0328988 0)             (0.973703 0.0330252 0)
       1.5196             (0.973613 -0.0331288 0)             (0.973657 0.0332547 0)
         1.52             (0.973566 -0.0333586 0)             (0.973611 0.0334840 0)
       1.5204             (0.973520 -0.0335882 0)             (0.973565 0.0337129 0)
       1.5208             (0.973473 -0.0338174 0)             (0.973518 0.0339416 0)
       1.5212             (0.973427 -0.0340464 0)             (0.973472 0.0341700 0)
       1.5216             (0.973381 -0.0342751 0)             (0.973426 0.0343981 0)
        1.522             (0.973334 -0.0345035 0)             (0.973380 0.0346259 0)
       1.5224             (0.973288 -0.0347316 0)             (0.973334 0.0348535 0)
       1.5228             (0.973242 -0.0349594 0)             (0.973288 0.0350807 0)
       1.5232             (0.973196 -0.0351869 0)             (0.973242 0.0353076 0)
       1.5236             (0.973150 -0.0354141 0)             (0.973196 0.0355342 0)
        1.524             (0.973104 -0.0356409 0)             (0.973151 0.0357605 0)
       1.5244             (0.973058 -0.0358675 0)             (0.973105 0.0359864 0)
       1.5248             (0.973012 -0.0360937 0)             (0.973059 0.0362121 0)
       1.5252             (0.972966 -0.0363196 0)             (0.973013 0.0364374 0)
       1.5256             (0.972920 -0.0365451 0)             (0.972968 0.0366623 0)
        1.526             (0.972874 -0.0367703 0)             (0.972922 0.0368869 0)
       1.5264             (0.972828 -0.0369952 0)             (0.972876 0.0371112 0)
       1.5268             (0.972782 -0.0372197 0)             (0.972831 0.0373351 0)
       1.5272             (0.972737 -0.0374438 0)             (0.972785 0.0375587 0)
       1.5276             (0.972691 -0.0376676 0)             (0.972740 0.0377818 0)
        1.528             (0.972645 -0.0378910 0)             (0.972695 0.0380047 0)
       1.5284             (0.972600 -0.0381140 0)             (0.972649 0.0382271 0)
       1.5288             (0.972554 -0.0383366 0)             (0.972604 0.0384492 0)
       1.5292             (0.972509 -0.0385589 0)             (0.972558 0.0386709 0)
       1.5296             (0.972463 -0.0387808 0)             (0.972513 0.0388921 0)
         1.53             (0.972418 -0.0390022 0)             (0.972468 0.0391130 0)
       1.5304             (0.972372 -0.0392233 0)             (0.972423 0.0393335 0)
       1.5308             (0.972327 -0.0394440 0)             (0.972378 0.0395536 0)
       1.5312             (0.972281 -0.0396642 0)             (0.972332 0.0397733 0)
       1.5316             (0.972236 -0.0398841 0)             (0.972287 0.0399925 0)
        1.532             (0.972191 -0.0401035 0)             (0.972242 0.0402113 0)
       1.5324             (0.972145 -0.0403224 0)             (0.972197 0.0404297 0)
       1.5328             (0.972100 -0.0405410 0)             (0.972152 0.0406477 0)
       1.5332             (0.972055 -0.0407591 0)             (0.972107 0.0408652 0)
       1.5336             (0.972010 -0.0409767 0)             (0.972062 0.0410823 0)
        1.534             (0.971965 -0.0411939 0)             (0.972017 0.0412989 0)
       1.5344             (0.971920 -0.0414107 0)             (0.971973 0.0415150 0)
       1.5348             (0.971875 -0.0416270 0)             (0.971928 0.0417307 0)
       1.5352             (0.971830 -0.0418428 0)             (0.971883 0.0419460 0)
       1.5356             (0.971785 -0.0420581 0)             (0.971838 0.0421607 0)
        1.536             (0.971740 -0.0422730 0)             (0.971794 0.0423750 0)
       1.5364             (0.971695 -0.0424874 0)             (0.971749 0.0425888 0)
       1.5368             (0.971650 -0.0427012 0)             (0.971704 0.0428021 0)
       1.5372             (0.971605 -0.0429146 0)             (0.971660 0.0430149 0)
       1.5376             (0.971560 -0.0431275 0)             (0.971615 0.0432272 0)
        1.538             (0.971516 -0.0433399 0)             (0.971570 0.0434390 0)
       1.5384             (0.971471 -0.0435518 0)             (0.971526 0.0436503 0)
       1.5388             (0.971426 -0.0437631 0)             (0.971481 0.0438610 0)
       1.5392             (0.971381 -0.0439739 0)             (0.971437 0.0440713 0)
       1.5396             (0.971337 -0.0441842 0)             (0.971393 0.0442810 0)
         1.54             (0.971292 -0.0443940 0)             (0.971348 0.0444901 0)
       1.5404             (0.971248 -0.0446032 0)             (0.971304 0.0446988 0)
       1.5408             (0.971203 -0.0448118 0)             (0.971259 0.0449068 0)
       1.5412             (0.971158 -0.0450199 0)             (0.971215 0.0451144 0)
       1.5416             (0.971114 -0.0452275 0)             (0.971171 0.0453213 0)
        1.542             (0.971070 -0.0454345 0)             (0.971127 0.0455277 0)
       1.5424             (0.971025 -0.0456409 0)             (0.971082 0.0457336 0)
       1.5428             (0.970981 -0.0458467 0)             (0.971038 0.0459388 0)
       1.5432             (0.970936 -0.0460519 0)             (0.970994 0.0461435 0)
       1.5436             (0.970892 -0.0462566 0)             (0.970950 0.0463476 0)
        1.544             (0.970848 -0.0464607 0)             (0.970906 0.0465510 0)
       1.5444             (0.970803 -0.0466641 0)             (0.970862 0.0467539 0)
       1.5448             (0.970759 -0.0468670 0)             (0.970818 0.0469562 0)
       1.5452             (0.970715 -0.0470692 0)             (0.970774 0.0471579 0)
       1.5456             (0.970671 -0.0472709 0)             (0.970730 0.0473589 0)
        1.546             (0.970627 -0.0474719 0)             (0.970686 0.0475594 0)
       1.5464             (0.970583 -0.0476722 0)             (0.970642 0.0477591 0)
       1.5468             (0.970539 -0.0478720 0)             (0.970598 0.0479583 0)
       1.5472             (0.970495 -0.0480711 0)             (0.970555 0.0481568 0)
       1.5476             (0.970451 -0.0482695 0)             (0.970511 0.0483547 0)
        1.548             (0.970407 -0.0484673 0)             (0.970467 0.0485519 0)
       1.5484             (0.970363 -0.0486644 0)             (0.970424 0.0487485 0)
       1.5488             (0.970319 -0.0488609 0)             (0.970380 0.0489444 0)
       1.5492             (0.970275 -0.0490567 0)             (0.970336 0.0491396 0)
       1.5496             (0.970231 -0.0492518 0)             (0.970293 0.0493342 0)
         1.55             (0.970188 -0.0494463 0)             (0.970249 0.0495280 0)
       1.5504             (0.970144 -0.0496400 0)             (0.970206 0.0497212 0)
       1.5508             (0.970100 -0.0498331 0)             (0.970162 0.0499137 0)
       1.5512             (0.970056 -0.0500254 0)             (0.970119 0.0501055 0)
       1.5516             (0.970013 -0.0502171 0)             (0.970075 0.0502965 0)
        1.552             (0.969969 -0.0504080 0)             (0.970032 0.0504869 0)
       1.5524             (0.969926 -0.0505982 0)             (0.969989 0.0506766 0)
       1.5528             (0.969882 -0.0507877 0)             (0.969945 0.0508655 0)
       1.5532             (0.969839 -0.0509765 0)             (0.969902 0.0510537 0)
       1.5536             (0.969795 -0.0511645 0)             (0.969859 0.0512411 0)
        1.554             (0.969752 -0.0513518 0)             (0.969816 0.0514278 0)
       1.5544             (0.969709 -0.0515383 0)             (0.969772 0.0516138 0)
       1.5548             (0.969665 -0.0517241 0)             (0.969729 0.0517990 0)
       1.5552             (0.969622 -0.0519091 0)             (0.969686 0.0519835 0)
       1.5556             (0.969579 -0.0520934 0)             (0.969643 0.0521672 0)
        1.556             (0.969536 -0.0522768 0)             (0.969600 0.0523501 0)
       1.5564             (0.969492 -0.0524595 0)             (0.969557 0.0525322 0)
       1.5568             (0.969449 -0.0526415 0)             (0.969515 0.0527136 0)
       1.5572             (0.969406 -0.0528226 0)             (0.969472 0.0528941 0)
       1.5576             (0.969363 -0.0530029 0)             (0.969429 0.0530739 0)
        1.558             (0.969320 -0.0531825 0)             (0.969386 0.0532529 0)
       1.5584             (0.969277 -0.0533612 0)             (0.969343 0.0534311 0)
       1.5588             (0.969234 -0.0535391 0)             (0.969301 0.0536084 0)
       1.5592             (0.969192 -0.0537162 0)             (0.969258 0.0537849 0)
       1.5596             (0.969149 -0.0538924 0)             (0.969216 0.0539606 0)
         1.56             (0.969106 -0.0540679 0)             (0.969173 0.0541355 0)
       1.5604             (0.969063 -0.0542425 0)             (0.969131 0.0543096 0)
       1.5608             (0.969021 -0.0544162 0)             (0.969088 0.0544828 0)
       1.5612             (0.968978 -0.0545891 0)             (0.969046 0.0546551 0)
       1.5616             (0.968936 -0.0547612 0)             (0.969003 0.0548266 0)
        1.562             (0.968893 -0.0549323 0)             (0.968961 0.0549972 0)
       1.5624             (0.968851 -0.0551027 0)             (0.968919 0.0551670 0)
       1.5628             (0.968808 -0.0552721 0)             (0.968877 0.0553359 0)
       1.5632             (0.968766 -0.0554407 0)             (0.968835 0.0555039 0)
       1.5636             (0.968724 -0.0556084 0)             (0.968793 0.0556711 0)
        1.564             (0.968682 -0.0557751 0)             (0.968751 0.0558373 0)
       1.5644             (0.968639 -0.0559410 0)             (0.968709 0.0560027 0)
       1.5648             (0.968597 -0.0561060 0)             (0.968667 0.0561671 0)
       1.5652             (0.968555 -0.0562701 0)             (0.968625 0.0563306 0)
       1.5656             (0.968513 -0.0564333 0)             (0.968583 0.0564933 0)
        1.566             (0.968471 -0.0565955 0)             (0.968541 0.0566550 0)
       1.5664             (0.968429 -0.0567569 0)             (0.968500 0.0568158 0)
       1.5668             (0.968388 -0.0569172 0)             (0.968458 0.0569756 0)
       1.5672             (0.968346 -0.0570767 0)             (0.968417 0.0571345 0)
       1.5676             (0.968304 -0.0572352 0)             (0.968375 0.0572925 0)
        1.568             (0.968262 -0.0573928 0)             (0.968334 0.0574495 0)
       1.5684             (0.968221 -0.0575494 0)             (0.968292 0.0576056 0)
       1.5688             (0.968179 -0.0577050 0)             (0.968251 0.0577607 0)
       1.5692             (0.968138 -0.0578597 0)             (0.968210 0.0579149 0)
       1.5696             (0.968097 -0.0580134 0)             (0.968169 0.0580681 0)
         1.57             (0.968055 -0.0581662 0)             (0.968128 0.0582203 0)
       1.5704             (0.968014 -0.0583179 0)             (0.968086 0.0583715 0)
       1.5708             (0.967973 -0.0584687 0)             (0.968046 0.0585217 0)
       1.5712             (0.967932 -0.0586184 0)             (0.968005 0.0586710 0)
       1.5716             (0.967891 -0.0587672 0)             (0.967964 0.0588192 0)
        1.572             (0.967850 -0.0589150 0)             (0.967923 0.0589664 0)
       1.5724             (0.967809 -0.0590617 0)             (0.967882 0.0591127 0)
       1.5728             (0.967768 -0.0592074 0)             (0.967842 0.0592579 0)
       1.5732             (0.967727 -0.0593521 0)             (0.967801 0.0594020 0)
       1.5736             (0.967687 -0.0594958 0)             (0.967761 0.0595452 0)
        1.574             (0.967646 -0.0596384 0)             (0.967720 0.0596873 0)
       1.5744             (0.967606 -0.0597801 0)             (0.967680 0.0598284 0)
       1.5748             (0.967565 -0.0599206 0)             (0.967640 0.0599685 0)
       1.5752             (0.967525 -0.0600601 0)             (0.967600 0.0601074 0)
       1.5756             (0.967485 -0.0601986 0)             (0.967560 0.0602454 0)
        1.576             (0.967445 -0.0603359 0)             (0.967520 0.0603823 0)
       1.5764             (0.967404 -0.0604723 0)             (0.967480 0.0605181 0)
       1.5768             (0.967364 -0.0606075 0)             (0.967440 0.0606528 0)
       1.5772             (0.967325 -0.0607417 0)             (0.967400 0.0607865 0)
       1.5776             (0.967285 -0.0608748 0)             (0.967361 0.0609190 0)
        1.578             (0.967245 -0.0610067 0)             (0.967321 0.0610505 0)
       1.5784             (0.967205 -0.0611376 0)             (0.967282 0.0611809 0)
       1.5788             (0.967166 -0.0612674 0)             (0.967243 0.0613102 0)
       1.5792             (0.967126 -0.0613961 0)             (0.967203 0.0614384 0)
       1.5796             (0.967087 -0.0615237 0)             (0.967164 0.0615655 0)
         1.58             (0.967048 -0.0616502 0)             (0.967125 0.0616915 0)
       1.5804             (0.967009 -0.0617755 0)             (0.967086 0.0618163 0)
       1.5808             (0.966970 -0.0618997 0)             (0.967047 0.0619400 0)
       1.5812             (0.966931 -0.0620228 0)             (0.967008 0.0620626 0)
       1.5816             (0.966892 -0.0621448 0)             (0.966970 0.0621841 0)
        1.582             (0.966853 -0.0622656 0)             (0.966931 0.0623044 0)
       1.5824             (0.966814 -0.0623852 0)             (0.966893 0.0624236 0)
       1.5828             (0.966776 -0.0625037 0)             (0.966854 0.0625416 0)
       1.5832             (0.966737 -0.0626210 0)             (0.966816 0.0626584 0)
       1.5836             (0.966699 -0.0627372 0)             (0.966778 0.0627741 0)
        1.584             (0.966661 -0.0628522 0)             (0.966740 0.0628886 0)
       1.5844             (0.966623 -0.0629661 0)             (0.966702 0.0630020 0)
       1.5848             (0.966585 -0.0630787 0)             (0.966664 0.0631142 0)
       1.5852             (0.966547 -0.0631902 0)             (0.966626 0.0632252 0)
       1.5856             (0.966509 -0.0633005 0)             (0.966589 0.0633350 0)
        1.586             (0.966471 -0.0634095 0)             (0.966551 0.0634436 0)
       1.5864             (0.966434 -0.0635174 0)             (0.966514 0.0635510 0)
       1.5868             (0.966396 -0.0636241 0)             (0.966477 0.0636572 0)
       1.5872             (0.966359 -0.0637296 0)             (0.966440 0.0637622 0)
       1.5876             (0.966322 -0.0638338 0)             (0.966403 0.0638660 0)
        1.588             (0.966285 -0.0639369 0)             (0.966366 0.0639686 0)
       1.5884             (0.966248 -0.0640387 0)             (0.966329 0.0640699 0)
       1.5888             (0.966211 -0.0641393 0)             (0.966292 0.0641700 0)
       1.5892             (0.966174 -0.0642386 0)             (0.966256 0.0642689 0)
       1.5896             (0.966138 -0.0643367 0)             (0.966219 0.0643666 0)
         1.59             (0.966101 -0.0644336 0)             (0.966183 0.0644630 0)
       1.5904             (0.966065 -0.0645292 0)             (0.966147 0.0645582 0)
       1.5908             (0.966029 -0.0646236 0)             (0.966111 0.0646521 0)
       1.5912             (0.965993 -0.0647167 0)             (0.966075 0.0647448 0)
       1.5916             (0.965957 -0.0648086 0)             (0.966040 0.0648362 0)
        1.592             (0.965921 -0.0648991 0)             (0.966004 0.0649263 0)
       1.5924             (0.965886 -0.0649884 0)             (0.965969 0.0650152 0)
       1.5928             (0.965850 -0.0650765 0)             (0.965933 0.0651028 0)
       1.5932             (0.965815 -0.0651632 0)             (0.965898 0.0651891 0)
       1.5936             (0.965780 -0.0652487 0)             (0.965863 0.0652741 0)
        1.594             (0.965745 -0.0653329 0)             (0.965828 0.0653578 0)
       1.5944             (0.965710 -0.0654158 0)             (0.965794 0.0654403 0)
       1.5948             (0.965675 -0.0654974 0)             (0.965759 0.0655215 0)
       1.5952             (0.965640 -0.0655776 0)             (0.965725 0.0656013 0)
       1.5956             (0.965606 -0.0656566 0)             (0.965691 0.0656799 0)
        1.596             (0.965572 -0.0657343 0)             (0.965656 0.0657571 0)
       1.5964             (0.965538 -0.0658106 0)             (0.965623 0.0658330 0)
       1.5968             (0.965504 -0.0658857 0)             (0.965589 0.0659076 0)
       1.5972             (0.965470 -0.0659594 0)             (0.965555 0.0659809 0)
       1.5976             (0.965436 -0.0660318 0)             (0.965522 0.0660529 0)
        1.598             (0.965403 -0.0661028 0)             (0.965488 0.0661235 0)
       1.5984             (0.965370 -0.0661725 0)             (0.965455 0.0661928 0)
       1.5988             (0.965337 -0.0662409 0)             (0.965422 0.0662608 0)
       1.5992             (0.965304 -0.0663079 0)             (0.965390 0.0663274 0)
       1.5996             (0.965271 -0.0663736 0)             (0.965357 0.0663926 0)
          1.6             (0.965238 -0.0664379 0)             (0.965325 0.0664565 0)
       1.6004             (0.965206 -0.0665009 0)             (0.965292 0.0665191 0)
       1.6008             (0.965174 -0.0665625 0)             (0.965260 0.0665803 0)
       1.6012             (0.965141 -0.0666227 0)             (0.965228 0.0666402 0)
       1.6016             (0.965110 -0.0666816 0)             (0.965197 0.0666986 0)
        1.602             (0.965078 -0.0667391 0)             (0.965165 0.0667557 0)
       1.6024             (0.965046 -0.0667952 0)             (0.965134 0.0668115 0)
       1.6028             (0.965015 -0.0668500 0)             (0.965102 0.0668658 0)
       1.6032             (0.964984 -0.0669033 0)             (0.965071 0.0669188 0)
       1.6036             (0.964953 -0.0669553 0)             (0.965041 0.0669704 0)
        1.604             (0.964922 -0.0670059 0)             (0.965010 0.0670206 0)
       1.6044             (0.964892 -0.0670551 0)             (0.964980 0.0670694 0)
       1.6048             (0.964861 -0.0671029 0)             (0.964949 0.0671168 0)
       1.6052             (0.964831 -0.0671493 0)             (0.964919 0.0671628 0)
       1.6056             (0.964801 -0.0671942 0)             (0.964889 0.0672074 0)
        1.606             (0.964771 -0.0672378 0)             (0.964860 0.0672506 0)
       1.6064             (0.964742 -0.0672800 0)             (0.964830 0.0672924 0)
       1.6068             (0.964712 -0.0673207 0)             (0.964801 0.0673327 0)
       1.6072             (0.964683 -0.0673601 0)             (0.964772 0.0673717 0)
       1.6076             (0.964654 -0.0673980 0)             (0.964743 0.0674092 0)
        1.608             (0.964625 -0.0674345 0)             (0.964715 0.0674454 0)
       1.6084             (0.964597 -0.0674695 0)             (0.964686 0.0674801 0)
       1.6088             (0.964568 -0.0675031 0)             (0.964658 0.0675133 0)
       1.6092             (0.964540 -0.0675353 0)             (0.964630 0.0675452 0)
       1.6096             (0.964512 -0.0675661 0)             (0.964602 0.0675755 0)
         1.61             (0.964485 -0.0675954 0)             (0.964575 0.0676045 0)
       1.6104             (0.964457 -0.0676233 0)             (0.964547 0.0676320 0)
       1.6108             (0.964430 -0.0676497 0)             (0.964520 0.0676581 0)
       1.6112             (0.964403 -0.0676746 0)             (0.964494 0.0676827 0)
       1.6116             (0.964376 -0.0676982 0)             (0.964467 0.0677059 0)
        1.612             (0.964350 -0.0677202 0)             (0.964440 0.0677276 0)
       1.6124             (0.964323 -0.0677408 0)             (0.964414 0.0677479 0)
       1.6128             (0.964297 -0.0677600 0)             (0.964388 0.0677667 0)
       1.6132             (0.964271 -0.0677777 0)             (0.964363 0.0677840 0)
       1.6136             (0.964246 -0.0677939 0)             (0.964337 0.0677999 0)
        1.614             (0.964220 -0.0678086 0)             (0.964312 0.0678143 0)
       1.6144             (0.964195 -0.0678219 0)             (0.964287 0.0678273 0)
       1.6148             (0.964170 -0.0678337 0)             (0.964262 0.0678387 0)
       1.6152             (0.964146 -0.0678440 0)             (0.964238 0.0678487 0)
       1.6156             (0.964121 -0.0678529 0)             (0.964213 0.0678573 0)
        1.616             (0.964097 -0.0678602 0)             (0.964189 0.0678643 0)
       1.6164             (0.964073 -0.0678661 0)             (0.964165 0.0678699 0)
       1.6168             (0.964050 -0.0678705 0)             (0.964142 0.0678739 0)
       1.6172             (0.964026 -0.0678734 0)             (0.964119 0.0678765 0)
       1.6176             (0.964003 -0.0678748 0)             (0.964096 0.0678776 0)
        1.618             (0.963980 -0.0678748 0)             (0.964073 0.0678773 0)
       1.6184             (0.963958 -0.0678732 0)             (0.964050 0.0678754 0)
       1.6188             (0.963935 -0.0678701 0)             (0.964028 0.0678720 0)
       1.6192             (0.963913 -0.0678656 0)             (0.964006 0.0678671 0)
       1.6196             (0.963891 -0.0678595 0)             (0.963984 0.0678608 0)
         1.62             (0.963870 -0.0678519 0)             (0.963963 0.0678529 0)
       1.6204             (0.963848 -0.0678428 0)             (0.963942 0.0678435 0)
       1.6208             (0.963827 -0.0678323 0)             (0.963921 0.0678327 0)
       1.6212             (0.963807 -0.0678202 0)             (0.963900 0.0678203 0)
       1.6216             (0.963786 -0.0678066 0)             (0.963880 0.0678064 0)
        1.622             (0.963766 -0.0677915 0)             (0.963860 0.0677910 0)
       1.6224             (0.963746 -0.0677748 0)             (0.963840 0.0677741 0)
       1.6228             (0.963727 -0.0677567 0)             (0.963820 0.0677557 0)
       1.6232             (0.963707 -0.0677370 0)             (0.963801 0.0677357 0)
       1.6236             (0.963688 -0.0677159 0)             (0.963782 0.0677143 0)
        1.624             (0.963669 -0.0676932 0)             (0.963764 0.0676913 0)
       1.6244             (0.963651 -0.0676689 0)             (0.963745 0.0676668 0)
       1.6248             (0.963633 -0.0676432 0)             (0.963727 0.0676408 0)
       1.6252             (0.963615 -0.0676159 0)             (0.963709 0.0676133 0)
       1.6256             (0.963597 -0.0675872 0)             (0.963692 0.0675842 0)
        1.626             (0.963580 -0.0675568 0)             (0.963675 0.0675537 0)
       1.6264             (0.963563 -0.0675250 0)             (0.963658 0.0675216 0)
       1.6268             (0.963546 -0.0674916 0)             (0.963641 0.0674879 0)
       1.6272             (0.963530 -0.0674567 0)             (0.963625 0.0674528 0)
       1.6276             (0.963514 -0.0674203 0)             (0.963609 0.0674161 0)
        1.628             (0.963498 -0.0673823 0)             (0.963593 0.0673779 0)
       1.6284             (0.963483 -0.0673428 0)             (0.963578 0.0673381 0)
       1.6288             (0.963467 -0.0673018 0)             (0.963563 0.0672969 0)
       1.6292             (0.963453 -0.0672592 0)             (0.963548 0.0672541 0)
       1.6296             (0.963438 -0.0672151 0)             (0.963533 0.0672097 0)
         1.63             (0.963424 -0.0671695 0)             (0.963519 0.0671639 0)
       1.6304             (0.963410 -0.0671223 0)             (0.963505 0.0671165 0)
       1.6308             (0.963396 -0.0670736 0)             (0.963492 0.0670675 0)
       1.6312             (0.963383 -0.0670234 0)             (0.963479 0.0670170 0)
       1.6316             (0.963370 -0.0669716 0)             (0.963466 0.0669650 0)
        1.632             (0.963358 -0.0669183 0)             (0.963453 0.0669115 0)
       1.6324             (0.963345 -0.0668634 0)             (0.963441 0.0668564 0)
       1.6328             (0.963333 -0.0668070 0)             (0.963429 0.0667998 0)
       1.6332             (0.963322 -0.0667491 0)             (0.963418 0.0667416 0)
       1.6336             (0.963311 -0.0666896 0)             (0.963407 0.0666819 0)
        1.634             (0.963300 -0.0666286 0)             (0.963396 0.0666207 0)
       1.6344             (0.963289 -0.0665660 0)             (0.963385 0.0665579 0)
       1.6348             (0.963279 -0.0665019 0)             (0.963375 0.0664936 0)
       1.6352             (0.963269 -0.0664362 0)             (0.963365 0.0664277 0)
       1.6356             (0.963259 -0.0663691 0)             (0.963356 0.0663604 0)
        1.636             (0.963250 -0.0663003 0)             (0.963346 0.0662914 0)
       1.6364             (0.963241 -0.0662301 0)             (0.963338 0.0662210 0)
       1.6368             (0.963233 -0.0661582 0)             (0.963329 0.0661490 0)
       1.6372             (0.963225 -0.0660849 0)             (0.963321 0.0660754 0)
       1.6376             (0.963217 -0.0660100 0)             (0.963313 0.0660003 0)
        1.638             (0.963209 -0.0659336 0)             (0.963306 0.0659237 0)
       1.6384             (0.963202 -0.0658556 0)             (0.963299 0.0658456 0)
       1.6388             (0.963195 -0.0657761 0)             (0.963292 0.0657659 0)
       1.6392             (0.963189 -0.0656950 0)             (0.963286 0.0656846 0)
       1.6396             (0.963183 -0.0656125 0)             (0.963280 0.0656019 0)
         1.64             (0.963177 -0.0655283 0)             (0.963274 0.0655176 0)
       1.6404             (0.963172 -0.0654427 0)             (0.963269 0.0654318 0)
       1.6408             (0.963167 -0.0653555 0)             (0.963264 0.0653444 0)
       1.6412             (0.963163 -0.0652667 0)             (0.963259 0.0652555 0)
       1.6416             (0.963158 -0.0651765 0)             (0.963255 0.0651651 0)
        1.642             (0.963155 -0.0650847 0)             (0.963251 0.0650731 0)
       1.6424             (0.963151 -0.0649913 0)             (0.963248 0.0649796 0)
       1.6428             (0.963148 -0.0648965 0)             (0.963245 0.0648846 0)
       1.6432             (0.963146 -0.0648001 0)             (0.963242 0.0647880 0)
       1.6436             (0.963143 -0.0647021 0)             (0.963240 0.0646899 0)
        1.644             (0.963141 -0.0646027 0)             (0.963238 0.0645903 0)
       1.6444             (0.963140 -0.0645017 0)             (0.963237 0.0644892 0)
       1.6448             (0.963139 -0.0643992 0)             (0.963235 0.0643865 0)
       1.6452             (0.963138 -0.0642951 0)             (0.963235 0.0642824 0)
       1.6456             (0.963138 -0.0641896 0)             (0.963234 0.0641767 0)
        1.646             (0.963138 -0.0640825 0)             (0.963234 0.0640694 0)
       1.6464             (0.963138 -0.0639739 0)             (0.963235 0.0639607 0)
       1.6468             (0.963139 -0.0638637 0)             (0.963236 0.0638504 0)
       1.6472             (0.963140 -0.0637521 0)             (0.963237 0.0637387 0)
       1.6476             (0.963142 -0.0636389 0)             (0.963238 0.0636254 0)
        1.648             (0.963144 -0.0635243 0)             (0.963240 0.0635106 0)
       1.6484             (0.963146 -0.0634081 0)             (0.963243 0.0633942 0)
       1.6488             (0.963149 -0.0632904 0)             (0.963246 0.0632764 0)
       1.6492             (0.963152 -0.0631711 0)             (0.963249 0.0631571 0)
       1.6496             (0.963156 -0.0630504 0)             (0.963252 0.0630362 0)
         1.65             (0.963160 -0.0629282 0)             (0.963256 0.0629139 0)
       1.6504             (0.963164 -0.0628044 0)             (0.963261 0.0627901 0)
       1.6508             (0.963169 -0.0626792 0)             (0.963266 0.0626647 0)
       1.6512             (0.963174 -0.0625525 0)             (0.963271 0.0625379 0)
       1.6516             (0.963180 -0.0624242 0)             (0.963276 0.0624095 0)
        1.652             (0.963186 -0.0622945 0)             (0.963283 0.0622797 0)
       1.6524             (0.963192 -0.0621633 0)             (0.963289 0.0621484 0)
       1.6528             (0.963199 -0.0620305 0)             (0.963296 0.0620156 0)
       1.6532             (0.963207 -0.0618963 0)             (0.963303 0.0618813 0)
       1.6536             (0.963214 -0.0617606 0)             (0.963311 0.0617455 0)
        1.654             (0.963223 -0.0616235 0)             (0.963319 0.0616082 0)
       1.6544             (0.963231 -0.0614848 0)             (0.963328 0.0614695 0)
       1.6548             (0.963240 -0.0613446 0)             (0.963337 0.0613292 0)
       1.6552             (0.963250 -0.0612030 0)             (0.963346 0.0611875 0)
       1.6556             (0.963260 -0.0610599 0)             (0.963356 0.0610444 0)
        1.656             (0.963270 -0.0609154 0)             (0.963366 0.0608997 0)
       1.6564             (0.963281 -0.0607693 0)             (0.963377 0.0607536 0)
       1.6568             (0.963292 -0.0606218 0)             (0.963388 0.0606060 0)
       1.6572             (0.963303 -0.0604729 0)             (0.963399 0.0604570 0)
       1.6576             (0.963315 -0.0603224 0)             (0.963411 0.0603065 0)
        1.658             (0.963328 -0.0601705 0)             (0.963424 0.0601546 0)
       1.6584             (0.963341 -0.0600172 0)             (0.963437 0.0600012 0)
       1.6588             (0.963354 -0.0598624 0)             (0.963450 0.0598463 0)
       1.6592             (0.963368 -0.0597062 0)             (0.963464 0.0596900 0)
       1.6596             (0.963382 -0.0595485 0)             (0.963478 0.0595323 0)
         1.66             (0.963397 -0.0593893 0)             (0.963492 0.0593731 0)
       1.6604             (0.963412 -0.0592288 0)             (0.963507 0.0592125 0)
       1.6608             (0.963427 -0.0590668 0)             (0.963523 0.0590505 0)
       1.6612             (0.963443 -0.0589033 0)             (0.963539 0.0588870 0)
       1.6616             (0.963460 -0.0587385 0)             (0.963555 0.0587221 0)
        1.662             (0.963477 -0.0585722 0)             (0.963572 0.0585557 0)
       1.6624             (0.963494 -0.0584045 0)             (0.963589 0.0583880 0)
       1.6628             (0.963512 -0.0582353 0)             (0.963607 0.0582188 0)
       1.6632             (0.963530 -0.0580648 0)             (0.963625 0.0580483 0)
       1.6636             (0.963549 -0.0578928 0)             (0.963644 0.0578763 0)
        1.664             (0.963568 -0.0577195 0)             (0.963663 0.0577029 0)
       1.6644             (0.963588 -0.0575447 0)             (0.963682 0.0575281 0)
       1.6648             (0.963608 -0.0573686 0)             (0.963702 0.0573519 0)
       1.6652             (0.963628 -0.0571910 0)             (0.963723 0.0571743 0)
       1.6656             (0.963649 -0.0570120 0)             (0.963743 0.0569954 0)
        1.666             (0.963671 -0.0568317 0)             (0.963765 0.0568150 0)
       1.6664             (0.963693 -0.0566500 0)             (0.963787 0.0566333 0)
       1.6668             (0.963715 -0.0564669 0)             (0.963809 0.0564502 0)
       1.6672             (0.963738 -0.0562824 0)             (0.963832 0.0562657 0)
       1.6676             (0.963761 -0.0560965 0)             (0.963855 0.0560798 0)
        1.668             (0.963785 -0.0559093 0)             (0.963878 0.0558926 0)
       1.6684             (0.963809 -0.0557207 0)             (0.963902 0.0557040 0)
       1.6688             (0.963834 -0.0555308 0)             (0.963927 0.0555141 0)
       1.6692             (0.963859 -0.0553395 0)             (0.963952 0.0553228 0)
       1.6696             (0.963884 -0.0551468 0)             (0.963977 0.0551301 0)
         1.67             (0.963910 -0.0549529 0)             (0.964003 0.0549362 0)
       1.6704             (0.963937 -0.0547575 0)             (0.964030 0.0547408 0)
       1.6708             (0.963964 -0.0545609 0)             (0.964057 0.0545442 0)
       1.6712             (0.963991 -0.0543629 0)             (0.964084 0.0543462 0)
       1.6716             (0.964019 -0.0541635 0)             (0.964112 0.0541469 0)
        1.672             (0.964048 -0.0539629 0)             (0.964140 0.0539463 0)
       1.6724             (0.964077 -0.0537609 0)             (0.964169 0.0537443 0)
       1.6728             (0.964106 -0.0535576 0)             (0.964198 0.0535411 0)
       1.6732             (0.964136 -0.0533530 0)             (0.964228 0.0533365 0)
       1.6736             (0.964166 -0.0531472 0)             (0.964258 0.0531306 0)
        1.674             (0.964197 -0.0529400 0)             (0.964289 0.0529235 0)
       1.6744             (0.964228 -0.0527315 0)             (0.964320 0.0527150 0)
       1.6748             (0.964260 -0.0525217 0)             (0.964351 0.0525053 0)
       1.6752             (0.964292 -0.0523107 0)             (0.964383 0.0522943 0)
       1.6756             (0.964325 -0.0520983 0)             (0.964416 0.0520820 0)
        1.676             (0.964358 -0.0518847 0)             (0.964449 0.0518684 0)
       1.6764             (0.964392 -0.0516699 0)             (0.964483 0.0516536 0)
       1.6768             (0.964426 -0.0514537 0)             (0.964516 0.0514375 0)
       1.6772             (0.964461 -0.0512364 0)             (0.964551 0.0512202 0)
       1.6776             (0.964496 -0.0510177 0)             (0.964586 0.0510016 0)
        1.678             (0.964531 -0.0507978 0)             (0.964621 0.0507818 0)
       1.6784             (0.964567 -0.0505767 0)             (0.964657 0.0505607 0)
       1.6788             (0.964604 -0.0503544 0)             (0.964694 0.0503384 0)
       1.6792             (0.964641 -0.0501308 0)             (0.964730 0.0501149 0)
       1.6796             (0.964679 -0.0499060 0)             (0.964768 0.0498901 0)
         1.68             (0.964717 -0.0496799 0)             (0.964806 0.0496642 0)
       1.6804             (0.964755 -0.0494527 0)             (0.964844 0.0494370 0)
       1.6808             (0.964794 -0.0492242 0)             (0.964883 0.0492086 0)
       1.6812             (0.964833 -0.0489946 0)             (0.964922 0.0489790 0)
       1.6816             (0.964873 -0.0487637 0)             (0.964962 0.0487483 0)
        1.682             (0.964914 -0.0485317 0)             (0.965002 0.0485163 0)
       1.6824             (0.964955 -0.0482985 0)             (0.965042 0.0482832 0)
       1.6828             (0.964996 -0.0480641 0)             (0.965084 0.0480489 0)
       1.6832             (0.965038 -0.0478285 0)             (0.965125 0.0478134 0)
       1.6836             (0.965080 -0.0475918 0)             (0.965167 0.0475767 0)
        1.684             (0.965123 -0.0473539 0)             (0.965210 0.0473389 0)
       1.6844             (0.965167 -0.0471149 0)             (0.965253 0.0471000 0)
       1.6848             (0.965210 -0.0468747 0)             (0.965297 0.0468599 0)
       1.6852             (0.965255 -0.0466334 0)             (0.965341 0.0466186 0)
       1.6856             (0.965299 -0.0463909 0)             (0.965385 0.0463763 0)
        1.686             (0.965345 -0.0461473 0)             (0.965430 0.0461328 0)
       1.6864             (0.965390 -0.0459026 0)             (0.965476 0.0458881 0)
       1.6868             (0.965437 -0.0456568 0)             (0.965522 0.0456424 0)
       1.6872             (0.965483 -0.0454099 0)             (0.965569 0.0453956 0)
       1.6876             (0.965531 -0.0451618 0)             (0.965616 0.0451476 0)
        1.688             (0.965578 -0.0449127 0)             (0.965663 0.0448986 0)
       1.6884             (0.965627 -0.0446625 0)             (0.965711 0.0446485 0)
       1.6888             (0.965675 -0.0444112 0)             (0.965759 0.0443973 0)
       1.6892             (0.965724 -0.0441588 0)             (0.965808 0.0441450 0)
       1.6896             (0.965774 -0.0439053 0)             (0.965858 0.0438917 0)
         1.69             (0.965824 -0.0436508 0)             (0.965908 0.0436373 0)
       1.6904             (0.965875 -0.0433953 0)             (0.965958 0.0433818 0)
       1.6908             (0.965926 -0.0431386 0)             (0.966009 0.0431253 0)
       1.6912             (0.965977 -0.0428810 0)             (0.966060 0.0428678 0)
       1.6916             (0.966030 -0.0426223 0)             (0.966112 0.0426092 0)
        1.692             (0.966082 -0.0423626 0)             (0.966164 0.0423496 0)
       1.6924             (0.966135 -0.0421018 0)             (0.966217 0.0420890 0)
       1.6928             (0.966189 -0.0418401 0)             (0.966270 0.0418274 0)
       1.6932             (0.966243 -0.0415773 0)             (0.966324 0.0415647 0)
       1.6936             (0.966297 -0.0413135 0)             (0.966378 0.0413011 0)
        1.694             (0.966352 -0.0410488 0)             (0.966433 0.0410364 0)
       1.6944             (0.966408 -0.0407830 0)             (0.966488 0.0407708 0)
       1.6948             (0.966463 -0.0405163 0)             (0.966544 0.0405042 0)
       1.6952             (0.966520 -0.0402486 0)             (0.966600 0.0402367 0)
       1.6956             (0.966577 -0.0399799 0)             (0.966656 0.0399681 0)
        1.696             (0.966634 -0.0397103 0)             (0.966713 0.0396987 0)
       1.6964             (0.966692 -0.0394397 0)             (0.966771 0.0394282 0)
       1.6968             (0.966750 -0.0391682 0)             (0.966829 0.0391568 0)
       1.6972             (0.966809 -0.0388958 0)             (0.966888 0.0388845 0)
       1.6976             (0.966868 -0.0386224 0)             (0.966947 0.0386113 0)
        1.698             (0.966928 -0.0383481 0)             (0.967006 0.0383371 0)
       1.6984             (0.966988 -0.0380729 0)             (0.967066 0.0380621 0)
       1.6988             (0.967049 -0.0377968 0)             (0.967126 0.0377861 0)
       1.6992             (0.967110 -0.0375197 0)             (0.967187 0.0375092 0)
       1.6996             (0.967172 -0.0372418 0)             (0.967249 0.0372315 0)
          1.7             (0.967234 -0.0369630 0)             (0.967310 0.0369528 0)
       1.7004             (0.967297 -0.0366834 0)             (0.967373 0.0366733 0)
       1.7008             (0.967360 -0.0364028 0)             (0.967436 0.0363929 0)
       1.7012             (0.967423 -0.0361214 0)             (0.967499 0.0361117 0)
       1.7016             (0.967487 -0.0358392 0)             (0.967563 0.0358296 0)
        1.702             (0.967552 -0.0355561 0)             (0.967627 0.0355467 0)
       1.7024             (0.967617 -0.0352722 0)             (0.967691 0.0352629 0)
       1.7028             (0.967682 -0.0349874 0)             (0.967756 0.0349783 0)
       1.7032             (0.967748 -0.0347018 0)             (0.967822 0.0346929 0)
       1.7036             (0.967815 -0.0344154 0)             (0.967888 0.0344066 0)
        1.704             (0.967881 -0.0341282 0)             (0.967955 0.0341196 0)
       1.7044             (0.967949 -0.0338402 0)             (0.968022 0.0338318 0)
       1.7048             (0.968017 -0.0335514 0)             (0.968089 0.0335431 0)
       1.7052             (0.968085 -0.0332618 0)             (0.968157 0.0332537 0)
       1.7056             (0.968153 -0.0329715 0)             (0.968225 0.0329636 0)
        1.706             (0.968223 -0.0326804 0)             (0.968294 0.0326726 0)
       1.7064             (0.968292 -0.0323885 0)             (0.968363 0.0323809 0)
       1.7068             (0.968362 -0.0320959 0)             (0.968433 0.0320885 0)
       1.7072             (0.968433 -0.0318025 0)             (0.968503 0.0317953 0)
       1.7076             (0.968504 -0.0315084 0)             (0.968574 0.0315013 0)
        1.708             (0.968575 -0.0312136 0)             (0.968645 0.0312067 0)
       1.7084             (0.968647 -0.0309180 0)             (0.968716 0.0309113 0)
       1.7088             (0.968719 -0.0306218 0)             (0.968788 0.0306153 0)
       1.7092             (0.968792 -0.0303248 0)             (0.968861 0.0303185 0)
       1.7096             (0.968865 -0.0300272 0)             (0.968934 0.0300210 0)
         1.71             (0.968939 -0.0297288 0)             (0.969007 0.0297229 0)
       1.7104             (0.969013 -0.0294298 0)             (0.969081 0.0294240 0)
       1.7108             (0.969088 -0.0291302 0)             (0.969155 0.0291245 0)
       1.7112             (0.969163 -0.0288298 0)             (0.969229 0.0288244 0)
       1.7116             (0.969238 -0.0285288 0)             (0.969305 0.0285236 0)
        1.712             (0.969314 -0.0282272 0)             (0.969380 0.0282221 0)
       1.7124             (0.969390 -0.0279249 0)             (0.969456 0.0279201 0)
       1.7128             (0.969467 -0.0276220 0)             (0.969532 0.0276174 0)
       1.7132             (0.969544 -0.0273185 0)             (0.969609 0.0273140 0)
       1.7136             (0.969622 -0.0270144 0)             (0.969687 0.0270101 0)
        1.714             (0.969700 -0.0267097 0)             (0.969764 0.0267056 0)
       1.7144             (0.969779 -0.0264043 0)             (0.969842 0.0264005 0)
       1.7148             (0.969858 -0.0260984 0)             (0.969921 0.0260947 0)
       1.7152             (0.969937 -0.0257920 0)             (0.970000 0.0257885 0)
       1.7156             (0.970017 -0.0254849 0)             (0.970079 0.0254816 0)
        1.716             (0.970097 -0.0251773 0)             (0.970159 0.0251742 0)
       1.7164             (0.970178 -0.0248691 0)             (0.970239 0.0248663 0)
       1.7168             (0.970259 -0.0245604 0)             (0.970320 0.0245578 0)
       1.7172             (0.970340 -0.0242512 0)             (0.970401 0.0242487 0)
       1.7176             (0.970422 -0.0239415 0)             (0.970483 0.0239392 0)
        1.718             (0.970505 -0.0236312 0)             (0.970565 0.0236291 0)
       1.7184             (0.970587 -0.0233204 0)             (0.970647 0.0233185 0)
       1.7188             (0.970671 -0.0230091 0)             (0.970730 0.0230075 0)
       1.7192             (0.970754 -0.0226974 0)             (0.970813 0.0226959 0)
       1.7196             (0.970838 -0.0223851 0)             (0.970896 0.0223839 0)
         1.72             (0.970922 -0.0220724 0)             (0.970980 0.0220713 0)
       1.7204             (0.971007 -0.0217592 0)             (0.971065 0.0217584 0)
       1.7208             (0.971092 -0.0214456 0)             (0.971150 0.0214449 0)
       1.7212             (0.971178 -0.0211315 0)             (0.971235 0.0211310 0)
       1.7216             (0.971264 -0.0208170 0)             (0.971320 0.0208167 0)
        1.722             (0.971351 -0.0205020 0)             (0.971406 0.0205020 0)
       1.7224             (0.971437 -0.0201866 0)             (0.971493 0.0201868 0)
       1.7228             (0.971525 -0.0198708 0)             (0.971579 0.0198713 0)
       1.7232             (0.971612 -0.0195547 0)             (0.971667 0.0195553 0)
       1.7236             (0.971700 -0.0192381 0)             (0.971754 0.0192389 0)
        1.724             (0.971788 -0.0189211 0)             (0.971842 0.0189222 0)
       1.7244             (0.971877 -0.0186038 0)             (0.971930 0.0186050 0)
       1.7248             (0.971966 -0.0182860 0)             (0.972019 0.0182875 0)
       1.7252             (0.972056 -0.0179680 0)             (0.972108 0.0179697 0)
       1.7256             (0.972146 -0.0176496 0)             (0.972198 0.0176515 0)
        1.726             (0.972236 -0.0173308 0)             (0.972287 0.0173329 0)
       1.7264             (0.972327 -0.0170117 0)             (0.972378 0.0170141 0)
       1.7268             (0.972418 -0.0166923 0)             (0.972468 0.0166949 0)
       1.7272             (0.972509 -0.0163726 0)             (0.972559 0.0163754 0)
       1.7276             (0.972601 -0.0160525 0)             (0.972650 0.0160555 0)
        1.728             (0.972693 -0.0157322 0)             (0.972742 0.0157354 0)
       1.7284             (0.972786 -0.0154116 0)             (0.972834 0.0154150 0)
       1.7288             (0.972878 -0.0150907 0)             (0.972927 0.0150943 0)
       1.7292             (0.972972 -0.0147695 0)             (0.973019 0.0147734 0)
       1.7296             (0.973065 -0.0144481 0)             (0.973112 0.0144522 0)
         1.73             (0.973159 -0.0141264 0)             (0.973206 0.0141307 0)
       1.7304             (0.973253 -0.0138045 0)             (0.973300 0.0138090 0)
       1.7308             (0.973348 -0.0134823 0)             (0.973394 0.0134871 0)
       1.7312             (0.973443 -0.0131599 0)             (0.973488 0.0131649 0)
       1.7316             (0.973538 -0.0128374 0)             (0.973583 0.0128426 0)
        1.732             (0.973634 -0.0125145 0)             (0.973678 0.0125200 0)
       1.7324             (0.973730 -0.0121915 0)             (0.973774 0.0121972 0)
       1.7328             (0.973826 -0.0118683 0)             (0.973870 0.0118742 0)
       1.7332             (0.973923 -0.0115450 0)             (0.973966 0.0115511 0)
       1.7336             (0.974020 -0.0112214 0)             (0.974063 0.0112278 0)
        1.734             (0.974118 -0.0108977 0)             (0.974159 0.0109043 0)
       1.7344             (0.974215 -0.0105739 0)             (0.974257 0.0105806 0)
       1.7348             (0.974313 -0.0102498 0)             (0.974354 0.0102568 0)
       1.7352             (0.974412 -0.0099257 0)             (0.974452 0.0099329 0)
       1.7356             (0.974510 -0.0096014 0)             (0.974550 0.0096089 0)
        1.736             (0.974609 -0.0092770 0)             (0.974649 0.0092847 0)
       1.7364             (0.974708 -0.0089525 0)             (0.974747 0.0089604 0)
       1.7368             (0.974808 -0.0086279 0)             (0.974846 0.0086361 0)
       1.7372             (0.974908 -0.0083033 0)             (0.974946 0.0083116 0)
       1.7376             (0.975008 -0.0079785 0)             (0.975046 0.0079871 0)
        1.738             (0.975109 -0.0076536 0)             (0.975146 0.0076624 0)
       1.7384             (0.975209 -0.0073287 0)             (0.975246 0.0073377 0)
       1.7388             (0.975310 -0.0070038 0)             (0.975346 0.0070130 0)
       1.7392             (0.975412 -0.0066788 0)             (0.975447 0.0066882 0)
       1.7396             (0.975514 -0.0063537 0)             (0.975548 0.0063634 0)
         1.74             (0.975616 -0.0060286 0)             (0.975650 0.0060385 0)
       1.7404             (0.975718 -0.0057035 0)             (0.975752 0.0057137 0)
       1.7408             (0.975820 -0.0053784 0)             (0.975854 0.0053888 0)
       1.7412             (0.975923 -0.0050533 0)             (0.975956 0.0050639 0)
       1.7416             (0.976026 -0.0047282 0)             (0.976059 0.0047390 0)
        1.742             (0.976130 -0.0044031 0)             (0.976161 0.0044141 0)
       1.7424             (0.976233 -0.0040780 0)             (0.976265 0.0040893 0)
       1.7428             (0.976337 -0.0037530 0)             (0.976368 0.0037645 0)
       1.7432             (0.976441 -0.0034280 0)             (0.976472 0.0034397 0)
       1.7436             (0.976546 -0.0031031 0)             (0.976576 0.0031150 0)
        1.744             (0.976651 -0.0027782 0)             (0.976680 0.0027903 0)
       1.7444             (0.976756 -0.0024534 0)             (0.976784 0.0024657 0)
       1.7448             (0.976861 -0.0021286 0)             (0.976889 0.0021412 0)
       1.7452             (0.976966 -0.0018040 0)             (0.976994 0.0018168 0)
       1.7456             (0.977072 -0.0014794 0)             (0.977099 0.0014925 0)
        1.746             (0.977178 -0.0011550 0)             (0.977204 0.0011682 0)
       1.7464             (0.977284 -0.0008306 0)             (0.977310 0.0008441 0)
       1.7468             (0.977391 -0.0005064 0)             (0.977416 0.0005201 0)
       1.7472             (0.977497 -0.0001823 0)             (0.977522 0.0001963 0)
       1.7476             (0.977604 0.0001416 0)             (0.977629 -0.0001275 0)
        1.748             (0.977711 0.0004654 0)             (0.977735 -0.0004511 0)
       1.7484             (0.977819 0.0007891 0)             (0.977842 -0.0007745 0)
       1.7488             (0.977926 0.0011126 0)             (0.977949 -0.0010978 0)
       1.7492             (0.978034 0.0014359 0)             (0.978056 -0.0014209 0)
       1.7496             (0.978142 0.0017590 0)             (0.978164 -0.0017438 0)
         1.75             (0.978250 0.0020820 0)             (0.978271 -0.0020665 0)
       1.7504             (0.978359 0.0024047 0)             (0.978379 -0.0023890 0)
       1.7508             (0.978467 0.0027272 0)             (0.978487 -0.0027113 0)
       1.7512             (0.978576 0.0030496 0)             (0.978596 -0.0030334 0)
       1.7516             (0.978685 0.0033716 0)             (0.978704 -0.0033553 0)
        1.752             (0.978794 0.0036935 0)             (0.978813 -0.0036770 0)
       1.7524             (0.978904 0.0040151 0)             (0.978922 -0.0039984 0)
       1.7528             (0.979014 0.0043365 0)             (0.979031 -0.0043195 0)
       1.7532             (0.979123 0.0046576 0)             (0.979140 -0.0046404 0)
       1.7536             (0.979233 0.0049784 0)             (0.979250 -0.0049610 0)
        1.754             (0.979344 0.0052990 0)             (0.979359 -0.0052814 0)
       1.7544             (0.979454 0.0056193 0)             (0.979469 -0.0056015 0)
       1.7548             (0.979564 0.0059393 0)             (0.979579 -0.0059212 0)
       1.7552             (0.979675 0.0062590 0)             (0.979689 -0.0062407 0)
       1.7556             (0.979786 0.0065784 0)             (0.979800 -0.0065599 0)
        1.756             (0.979897 0.0068974 0)             (0.979910 -0.0068787 0)
       1.7564             (0.980008 0.0072162 0)             (0.980021 -0.0071973 0)
       1.7568             (0.980120 0.0075346 0)             (0.980131 -0.0075155 0)
       1.7572             (0.980231 0.0078526 0)             (0.980242 -0.0078333 0)
       1.7576             (0.980343 0.0081703 0)             (0.980353 -0.0081508 0)
        1.758             (0.980454 0.0084877 0)             (0.980465 -0.0084680 0)
       1.7584             (0.980566 0.0088047 0)             (0.980576 -0.0087847 0)
       1.7588             (0.980678 0.0091213 0)             (0.980688 -0.0091011 0)
       1.7592             (0.980791 0.0094375 0)             (0.980799 -0.0094172 0)
       1.7596             (0.980903 0.0097533 0)             (0.980911 -0.0097328 0)
         1.76             (0.981015 0.0100688 0)             (0.981023 -0.0100480 0)
       1.7604             (0.981128 0.0103838 0)             (0.981135 -0.0103628 0)
       1.7608             (0.981241 0.0106984 0)             (0.981247 -0.0106772 0)
       1.7612             (0.981354 0.0110126 0)             (0.981359 -0.0109912 0)
       1.7616             (0.981466 0.0113263 0)             (0.981472 -0.0113048 0)
        1.762             (0.981580 0.0116396 0)             (0.981584 -0.0116179 0)
       1.7624             (0.981693 0.0119525 0)             (0.981697 -0.0119305 0)
       1.7628             (0.981806 0.0122649 0)             (0.981809 -0.0122428 0)
       1.7632             (0.981919 0.0125768 0)             (0.981922 -0.0125545 0)
       1.7636             (0.982033 0.0128883 0)             (0.982035 -0.0128658 0)
        1.764             (0.982146 0.0131993 0)             (0.982148 -0.0131766 0)
       1.7644             (0.982260 0.0135098 0)             (0.982261 -0.0134869 0)
       1.7648             (0.982374 0.0138198 0)             (0.982374 -0.0137967 0)
       1.7652             (0.982487 0.0141293 0)             (0.982488 -0.0141060 0)
       1.7656             (0.982601 0.0144383 0)             (0.982601 -0.0144148 0)
        1.766             (0.982715 0.0147467 0)             (0.982714 -0.0147231 0)
       1.7664             (0.982829 0.0150547 0)             (0.982828 -0.0150308 0)
       1.7668             (0.982943 0.0153621 0)             (0.982941 -0.0153380 0)
       1.7672             (0.983058 0.0156690 0)             (0.983055 -0.0156447 0)
       1.7676             (0.983172 0.0159753 0)             (0.983168 -0.0159508 0)
        1.768             (0.983286 0.0162810 0)             (0.983282 -0.0162564 0)
       1.7684             (0.983400 0.0165862 0)             (0.983396 -0.0165614 0)
       1.7688             (0.983515 0.0168908 0)             (0.983510 -0.0168659 0)
       1.7692             (0.983629 0.0171949 0)             (0.983623 -0.0171697 0)
       1.7696             (0.983744 0.0174983 0)             (0.983737 -0.0174730 0)
         1.77             (0.983858 0.0178012 0)             (0.983851 -0.0177757 0)
       1.7704             (0.983973 0.0181034 0)             (0.983965 -0.0180777 0)
       1.7708             (0.984087 0.0184051 0)             (0.984079 -0.0183792 0)
       1.7712             (0.984202 0.0187061 0)             (0.984193 -0.0186801 0)
       1.7716             (0.984316 0.0190065 0)             (0.984307 -0.0189803 0)
        1.772             (0.984431 0.0193063 0)             (0.984421 -0.0192799 0)
       1.7724             (0.984545 0.0196054 0)             (0.984535 -0.0195788 0)
       1.7728             (0.984660 0.0199039 0)             (0.984649 -0.0198771 0)
       1.7732             (0.984775 0.0202017 0)             (0.984763 -0.0201748 0)
       1.7736             (0.984889 0.0204988 0)             (0.984877 -0.0204718 0)
        1.774             (0.985004 0.0207953 0)             (0.984992 -0.0207681 0)
       1.7744             (0.985119 0.0210912 0)             (0.985106 -0.0210638 0)
       1.7748             (0.985233 0.0213863 0)             (0.985220 -0.0213588 0)
       1.7752             (0.985348 0.0216808 0)             (0.985334 -0.0216531 0)
       1.7756             (0.985463 0.0219745 0)             (0.985448 -0.0219466 0)
        1.776             (0.985577 0.0222676 0)             (0.985562 -0.0222395 0)
       1.7764             (0.985692 0.0225599 0)             (0.985676 -0.0225317 0)
       1.7768             (0.985806 0.0228515 0)             (0.985790 -0.0228232 0)
       1.7772             (0.985921 0.0231424 0)             (0.985904 -0.0231139 0)
       1.7776             (0.986035 0.0234326 0)             (0.986018 -0.0234039 0)
        1.778             (0.986150 0.0237220 0)             (0.986131 -0.0236932 0)
       1.7784             (0.986264 0.0240107 0)             (0.986245 -0.0239817 0)
       1.7788             (0.986378 0.0242986 0)             (0.986359 -0.0242695 0)
       1.7792             (0.986493 0.0245858 0)             (0.986473 -0.0245566 0)
       1.7796             (0.986607 0.0248722 0)             (0.986586 -0.0248428 0)
         1.78             (0.986721 0.0251579 0)             (0.986700 -0.0251283 0)
       1.7804             (0.986835 0.0254427 0)             (0.986814 -0.0254130 0)
       1.7808             (0.986949 0.0257268 0)             (0.986927 -0.0256970 0)
       1.7812             (0.987063 0.0260101 0)             (0.987041 -0.0259801 0)
       1.7816             (0.987177 0.0262926 0)             (0.987154 -0.0262625 0)
        1.782             (0.987291 0.0265743 0)             (0.987267 -0.0265440 0)
       1.7824             (0.987405 0.0268551 0)             (0.987380 -0.0268248 0)
       1.7828             (0.987519 0.0271352 0)             (0.987494 -0.0271047 0)
       1.7832             (0.987632 0.0274144 0)             (0.987607 -0.0273838 0)
       1.7836             (0.987746 0.0276928 0)             (0.987719 -0.0276621 0)
        1.784             (0.987859 0.0279704 0)             (0.987832 -0.0279395 0)
       1.7844             (0.987972 0.0282471 0)             (0.987945 -0.0282161 0)
       1.7848             (0.988086 0.0285230 0)             (0.988058 -0.0284919 0)
       1.7852             (0.988199 0.0287981 0)             (0.988170 -0.0287668 0)
       1.7856             (0.988312 0.0290722 0)             (0.988283 -0.0290408 0)
        1.786             (0.988425 0.0293455 0)             (0.988395 -0.0293140 0)
       1.7864             (0.988537 0.0296180 0)             (0.988507 -0.0295863 0)
       1.7868             (0.988650 0.0298895 0)             (0.988619 -0.0298577 0)
       1.7872             (0.988763 0.0301602 0)             (0.988731 -0.0301283 0)
       1.7876             (0.988875 0.0304300 0)             (0.988843 -0.0303979 0)
        1.788             (0.988987 0.0306988 0)             (0.988955 -0.0306667 0)
       1.7884             (0.989099 0.0309668 0)             (0.989066 -0.0309346 0)
       1.7888             (0.989211 0.0312339 0)             (0.989178 -0.0312016 0)
       1.7892             (0.989323 0.0315001 0)             (0.989289 -0.0314676 0)
       1.7896             (0.989435 0.0317653 0)             (0.989400 -0.0317328 0)
         1.79             (0.989546 0.0320296 0)             (0.989511 -0.0319970 0)
       1.7904             (0.989658 0.0322930 0)             (0.989622 -0.0322603 0)
       1.7908             (0.989769 0.0325555 0)             (0.989733 -0.0325226 0)
       1.7912             (0.989880 0.0328170 0)             (0.989843 -0.0327840 0)
       1.7916             (0.989991 0.0330776 0)             (0.989953 -0.0330445 0)
        1.792             (0.990102 0.0333372 0)             (0.990064 -0.0333040 0)
       1.7924             (0.990212 0.0335959 0)             (0.990174 -0.0335626 0)
       1.7928             (0.990323 0.0338536 0)             (0.990283 -0.0338202 0)
       1.7932             (0.990433 0.0341103 0)             (0.990393 -0.0340769 0)
       1.7936             (0.990543 0.0343661 0)             (0.990503 -0.0343325 0)
        1.794             (0.990653 0.0346209 0)             (0.990612 -0.0345872 0)
       1.7944             (0.990762 0.0348747 0)             (0.990721 -0.0348409 0)
       1.7948             (0.990872 0.0351275 0)             (0.990830 -0.0350937 0)
       1.7952             (0.990981 0.0353793 0)             (0.990938 -0.0353454 0)
       1.7956             (0.991090 0.0356301 0)             (0.991047 -0.0355961 0)
        1.796             (0.991199 0.0358799 0)             (0.991155 -0.0358459 0)
       1.7964             (0.991307 0.0361287 0)             (0.991263 -0.0360946 0)
       1.7968             (0.991416 0.0363765 0)             (0.991371 -0.0363423 0)
       1.7972             (0.991524 0.0366233 0)             (0.991479 -0.0365890 0)
       1.7976             (0.991632 0.0368691 0)             (0.991586 -0.0368347 0)
        1.798             (0.991740 0.0371138 0)             (0.991693 -0.0370794 0)
       1.7984             (0.991847 0.0373575 0)             (0.991800 -0.0373230 0)
       1.7988             (0.991954 0.0376002 0)             (0.991907 -0.0375656 0)
       1.7992             (0.992061 0.0378418 0)             (0.992014 -0.0378072 0)
       1.7996             (0.992168 0.0380824 0)             (0.992120 -0.0380477 0)
          1.8             (0.992275 0.0383219 0)             (0.992226 -0.0382872 0)
       1.8004             (0.992381 0.0385604 0)             (0.992332 -0.0385256 0)
       1.8008             (0.992487 0.0387978 0)             (0.992437 -0.0387629 0)
       1.8012             (0.992593 0.0390341 0)             (0.992543 -0.0389992 0)
       1.8016             (0.992699 0.0392694 0)             (0.992648 -0.0392344 0)
        1.802             (0.992804 0.0395036 0)             (0.992752 -0.0394686 0)
       1.8024             (0.992909 0.0397367 0)             (0.992857 -0.0397017 0)
       1.8028             (0.993014 0.0399688 0)             (0.992961 -0.0399337 0)
       1.8032             (0.993118 0.0401997 0)             (0.993065 -0.0401646 0)
       1.8036             (0.993222 0.0404296 0)             (0.993169 -0.0403944 0)
        1.804             (0.993326 0.0406584 0)             (0.993272 -0.0406232 0)
       1.8044             (0.993430 0.0408861 0)             (0.993375 -0.0408508 0)
       1.8048             (0.993533 0.0411127 0)             (0.993478 -0.0410774 0)
       1.8052             (0.993636 0.0413381 0)             (0.993581 -0.0413028 0)
       1.8056             (0.993739 0.0415625 0)             (0.993683 -0.0415271 0)
        1.806             (0.993842 0.0417858 0)             (0.993785 -0.0417504 0)
       1.8064             (0.993944 0.0420079 0)             (0.993887 -0.0419725 0)
       1.8068             (0.994046 0.0422289 0)             (0.993988 -0.0421935 0)
       1.8072             (0.994147 0.0424488 0)             (0.994089 -0.0424133 0)
       1.8076             (0.994249 0.0426676 0)             (0.994190 -0.0426321 0)
        1.808             (0.994350 0.0428852 0)             (0.994290 -0.0428497 0)
       1.8084             (0.994450 0.0431017 0)             (0.994391 -0.0430662 0)
       1.8088             (0.994551 0.0433171 0)             (0.994490 -0.0432815 0)
       1.8092             (0.994651 0.0435313 0)             (0.994590 -0.0434957 0)
       1.8096             (0.994750 0.0437444 0)             (0.994689 -0.0437088 0)
         1.81             (0.994850 0.0439563 0)             (0.994788 -0.0439207 0)
       1.8104             (0.994949 0.0441671 0)             (0.994886 -0.0441315 0)
       1.8108             (0.995047 0.0443767 0)             (0.994985 -0.0443411 0)
       1.8112             (0.995146 0.0445852 0)             (0.995083 -0.0445495 0)
       1.8116             (0.995244 0.0447924 0)             (0.995180 -0.0447568 0)
        1.812             (0.995341 0.0449986 0)             (0.995277 -0.0449630 0)
       1.8124             (0.995439 0.0452035 0)             (0.995374 -0.0451679 0)
       1.8128             (0.995536 0.0454073 0)             (0.995471 -0.0453717 0)
       1.8132             (0.995632 0.0456100 0)             (0.995567 -0.0455744 0)
       1.8136             (0.995729 0.0458114 0)             (0.995663 -0.0457758 0)
        1.814             (0.995825 0.0460117 0)             (0.995758 -0.0459761 0)
       1.8144             (0.995920 0.0462107 0)             (0.995853 -0.0461752 0)
       1.8148             (0.996015 0.0464086 0)             (0.995948 -0.0463731 0)
       1.8152             (0.996110 0.0466053 0)             (0.996042 -0.0465698 0)
       1.8156             (0.996205 0.0468009 0)             (0.996136 -0.0467653 0)
        1.816             (0.996299 0.0469952 0)             (0.996230 -0.0469597 0)
       1.8164             (0.996392 0.0471883 0)             (0.996323 -0.0471528 0)
       1.8168             (0.996486 0.0473802 0)             (0.996416 -0.0473448 0)
       1.8172             (0.996579 0.0475709 0)             (0.996508 -0.0475355 0)
       1.8176             (0.996671 0.0477605 0)             (0.996600 -0.0477251 0)
        1.818             (0.996763 0.0479488 0)             (0.996692 -0.0479134 0)
       1.8184             (0.996855 0.0481359 0)             (0.996783 -0.0481005 0)
       1.8188             (0.996946 0.0483218 0)             (0.996874 -0.0482865 0)
       1.8192             (0.997037 0.0485064 0)             (0.996965 -0.0484712 0)
       1.8196             (0.997128 0.0486899 0)             (0.997055 -0.0486547 0)
         1.82             (0.997218 0.0488721 0)             (0.997144 -0.0488370 0)
       1.8204             (0.997308 0.0490532 0)             (0.997234 -0.0490180 0)
       1.8208             (0.997397 0.0492330 0)             (0.997322 -0.0491979 0)
       1.8212             (0.997486 0.0494115 0)             (0.997411 -0.0493765 0)
       1.8216             (0.997574 0.0495889 0)             (0.997499 -0.0495539 0)
        1.822             (0.997662 0.0497650 0)             (0.997587 -0.0497301 0)
       1.8224             (0.997750 0.0499399 0)             (0.997674 -0.0499050 0)
       1.8228             (0.997837 0.0501135 0)             (0.997761 -0.0500787 0)
       1.8232             (0.997924 0.0502860 0)             (0.997847 -0.0502512 0)
       1.8236             (0.998010 0.0504571 0)             (0.997933 -0.0504225 0)
        1.824             (0.998096 0.0506271 0)             (0.998018 -0.0505925 0)
       1.8244             (0.998182 0.0507958 0)             (0.998103 -0.0507612 0)
       1.8248             (0.998267 0.0509633 0)             (0.998188 -0.0509288 0)
       1.8252             (0.998351 0.0511295 0)             (0.998272 -0.0510951 0)
       1.8256             (0.998436 0.0512945 0)             (0.998356 -0.0512601 0)
        1.826             (0.998519 0.0514582 0)             (0.998439 -0.0514239 0)
       1.8264             (0.998603 0.0516207 0)             (0.998522 -0.0515865 0)
       1.8268             (0.998685 0.0517819 0)             (0.998605 -0.0517478 0)
       1.8272             (0.998768 0.0519419 0)             (0.998687 -0.0519079 0)
       1.8276             (0.998850 0.0521006 0)             (0.998768 -0.0520667 0)
        1.828             (0.998931 0.0522581 0)             (0.998849 -0.0522243 0)
       1.8284             (0.999012 0.0524144 0)             (0.998930 -0.0523806 0)
       1.8288             (0.999093 0.0525693 0)             (0.999010 -0.0525356 0)
       1.8292             (0.999173 0.0527230 0)             (0.999089 -0.0526894 0)
       1.8296             (0.999252 0.0528755 0)             (0.999169 -0.0528420 0)
         1.83             (0.999331 0.0530267 0)             (0.999247 -0.0529933 0)
       1.8304             (0.999410 0.0531766 0)             (0.999326 -0.0531433 0)
       1.8308             (0.999488 0.0533253 0)             (0.999403 -0.0532921 0)
       1.8312             (0.999566 0.0534727 0)             (0.999481 -0.0534396 0)
       1.8316             (0.999643 0.0536189 0)             (0.999557 -0.0535859 0)
        1.832             (0.999720 0.0537638 0)             (0.999634 -0.0537309 0)
       1.8324             (0.999796 0.0539074 0)             (0.999710 -0.0538746 0)
       1.8328             (0.999872 0.0540498 0)             (0.999785 -0.0540171 0)
       1.8332             (0.999947 0.0541908 0)             (0.999860 -0.0541583 0)
       1.8336             (1.000022 0.0543307 0)             (0.999934 -0.0542982 0)
        1.834             (1.000096 0.0544692 0)             (1.000008 -0.0544369 0)
       1.8344             (1.000170 0.0546065 0)             (1.000082 -0.0545743 0)
       1.8348             (1.000243 0.0547425 0)             (1.000155 -0.0547105 0)
       1.8352             (1.000316 0.0548773 0)             (1.000227 -0.0548453 0)
       1.8356             (1.000388 0.0550108 0)             (1.000299 -0.0549790 0)
        1.836             (1.000460 0.0551430 0)             (1.000370 -0.0551113 0)
       1.8364             (1.000531 0.0552739 0)             (1.000441 -0.0552424 0)
       1.8368             (1.000602 0.0554036 0)             (1.000512 -0.0553722 0)
       1.8372             (1.000672 0.0555320 0)             (1.000581 -0.0555007 0)
       1.8376             (1.000742 0.0556591 0)             (1.000651 -0.0556280 0)
        1.838             (1.000811 0.0557850 0)             (1.000720 -0.0557540 0)
       1.8384             (1.000880 0.0559096 0)             (1.000788 -0.0558787 0)
       1.8388             (1.000948 0.0560329 0)             (1.000856 -0.0560022 0)
       1.8392             (1.001016 0.0561549 0)             (1.000923 -0.0561244 0)
       1.8396             (1.001083 0.0562757 0)             (1.000990 -0.0562453 0)
         1.84             (1.001150 0.0563952 0)             (1.001056 -0.0563649 0)
       1.8404             (1.001216 0.0565134 0)             (1.001122 -0.0564833 0)
       1.8408             (1.001281 0.0566304 0)             (1.001187 -0.0566004 0)
       1.8412             (1.001346 0.0567461 0)             (1.001252 -0.0567163 0)
       1.8416             (1.001411 0.0568605 0)             (1.001316 -0.0568308 0)
        1.842             (1.001475 0.0569736 0)             (1.001380 -0.0569441 0)
       1.8424             (1.001538 0.0570855 0)             (1.001443 -0.0570562 0)
       1.8428             (1.001601 0.0571961 0)             (1.001505 -0.0571669 0)
       1.8432             (1.001663 0.0573054 0)             (1.001567 -0.0572764 0)
       1.8436             (1.001725 0.0574135 0)             (1.001629 -0.0573847 0)
        1.844             (1.001786 0.0575203 0)             (1.001690 -0.0574916 0)
       1.8444             (1.001847 0.0576258 0)             (1.001750 -0.0575973 0)
       1.8448             (1.001907 0.0577301 0)             (1.001810 -0.0577018 0)
       1.8452             (1.001967 0.0578330 0)             (1.001870 -0.0578049 0)
       1.8456             (1.002026 0.0579347 0)             (1.001928 -0.0579068 0)
        1.846             (1.002084 0.0580352 0)             (1.001987 -0.0580074 0)
       1.8464             (1.002142 0.0581344 0)             (1.002044 -0.0581068 0)
       1.8468             (1.002200 0.0582323 0)             (1.002101 -0.0582049 0)
       1.8472             (1.002257 0.0583289 0)             (1.002158 -0.0583017 0)
       1.8476             (1.002313 0.0584243 0)             (1.002214 -0.0583973 0)
        1.848             (1.002369 0.0585184 0)             (1.002269 -0.0584916 0)
       1.8484             (1.002424 0.0586113 0)             (1.002324 -0.0585847 0)
       1.8488             (1.002479 0.0587029 0)             (1.002379 -0.0586765 0)
       1.8492             (1.002533 0.0587932 0)             (1.002433 -0.0587670 0)
       1.8496             (1.002586 0.0588823 0)             (1.002486 -0.0588563 0)
         1.85             (1.002639 0.0589701 0)             (1.002538 -0.0589443 0)
       1.8504             (1.002692 0.0590567 0)             (1.002591 -0.0590311 0)
       1.8508             (1.002743 0.0591420 0)             (1.002642 -0.0591166 0)
       1.8512             (1.002795 0.0592260 0)             (1.002693 -0.0592008 0)
       1.8516             (1.002845 0.0593088 0)             (1.002744 -0.0592838 0)
        1.852             (1.002895 0.0593903 0)             (1.002793 -0.0593656 0)
       1.8524             (1.002945 0.0594706 0)             (1.002843 -0.0594461 0)
       1.8528             (1.002994 0.0595496 0)             (1.002891 -0.0595253 0)
       1.8532             (1.003042 0.0596274 0)             (1.002940 -0.0596033 0)
       1.8536             (1.003090 0.0597039 0)             (1.002987 -0.0596801 0)
        1.854             (1.003137 0.0597792 0)             (1.003034 -0.0597556 0)
       1.8544             (1.003184 0.0598532 0)             (1.003081 -0.0598298 0)
       1.8548             (1.003230 0.0599260 0)             (1.003126 -0.0599028 0)
       1.8552             (1.003276 0.0599976 0)             (1.003172 -0.0599746 0)
       1.8556             (1.003321 0.0600679 0)             (1.003216 -0.0600451 0)
        1.856             (1.003365 0.0601369 0)             (1.003261 -0.0601144 0)
       1.8564             (1.003409 0.0602047 0)             (1.003304 -0.0601825 0)
       1.8568             (1.003452 0.0602713 0)             (1.003347 -0.0602493 0)
       1.8572             (1.003494 0.0603367 0)             (1.003390 -0.0603149 0)
       1.8576             (1.003537 0.0604008 0)             (1.003431 -0.0603793 0)
        1.858             (1.003578 0.0604636 0)             (1.003473 -0.0604424 0)
       1.8584             (1.003619 0.0605253 0)             (1.003513 -0.0605043 0)
       1.8588             (1.003659 0.0605857 0)             (1.003553 -0.0605649 0)
       1.8592             (1.003699 0.0606449 0)             (1.003593 -0.0606244 0)
       1.8596             (1.003738 0.0607029 0)             (1.003632 -0.0606826 0)
         1.86             (1.003776 0.0607596 0)             (1.003670 -0.0607396 0)
       1.8604             (1.003814 0.0608151 0)             (1.003708 -0.0607954 0)
       1.8608             (1.003852 0.0608694 0)             (1.003745 -0.0608499 0)
       1.8612             (1.003888 0.0609225 0)             (1.003781 -0.0609032 0)
       1.8616             (1.003925 0.0609743 0)             (1.003817 -0.0609554 0)
        1.862             (1.003960 0.0610250 0)             (1.003853 -0.0610063 0)
       1.8624             (1.003995 0.0610744 0)             (1.003888 -0.0610560 0)
       1.8628             (1.004029 0.0611226 0)             (1.003922 -0.0611045 0)
       1.8632             (1.004063 0.0611696 0)             (1.003955 -0.0611517 0)
       1.8636             (1.004096 0.0612154 0)             (1.003989 -0.0611978 0)
        1.864             (1.004129 0.0612600 0)             (1.004021 -0.0612427 0)
       1.8644             (1.004161 0.0613034 0)             (1.004053 -0.0612864 0)
       1.8648             (1.004193 0.0613456 0)             (1.004084 -0.0613288 0)
       1.8652             (1.004223 0.0613866 0)             (1.004115 -0.0613701 0)
       1.8656             (1.004254 0.0614264 0)             (1.004145 -0.0614102 0)
        1.866             (1.004283 0.0614650 0)             (1.004174 -0.0614491 0)
       1.8664             (1.004312 0.0615025 0)             (1.004203 -0.0614868 0)
       1.8668             (1.004341 0.0615387 0)             (1.004232 -0.0615233 0)
       1.8672             (1.004369 0.0615737 0)             (1.004259 -0.0615586 0)
       1.8676             (1.004396 0.0616076 0)             (1.004286 -0.0615928 0)
        1.868             (1.004423 0.0616402 0)             (1.004313 -0.0616258 0)
       1.8684             (1.004449 0.0616717 0)             (1.004339 -0.0616575 0)
       1.8688             (1.004474 0.0617021 0)             (1.004364 -0.0616882 0)
       1.8692             (1.004499 0.0617312 0)             (1.004389 -0.0617176 0)
       1.8696             (1.004523 0.0617592 0)             (1.004413 -0.0617459 0)
         1.87             (1.004547 0.0617860 0)             (1.004437 -0.0617730 0)
       1.8704             (1.004570 0.0618116 0)             (1.004460 -0.0617989 0)
       1.8708             (1.004593 0.0618360 0)             (1.004482 -0.0618237 0)
       1.8712             (1.004615 0.0618593 0)             (1.004504 -0.0618473 0)
       1.8716             (1.004636 0.0618815 0)             (1.004525 -0.0618697 0)
        1.872             (1.004657 0.0619025 0)             (1.004546 -0.0618910 0)
       1.8724             (1.004677 0.0619223 0)             (1.004566 -0.0619112 0)
       1.8728             (1.004696 0.0619410 0)             (1.004585 -0.0619302 0)
       1.8732             (1.004715 0.0619585 0)             (1.004604 -0.0619480 0)
       1.8736             (1.004733 0.0619749 0)             (1.004622 -0.0619647 0)
        1.874             (1.004751 0.0619901 0)             (1.004640 -0.0619803 0)
       1.8744             (1.004768 0.0620042 0)             (1.004657 -0.0619947 0)
       1.8748             (1.004785 0.0620172 0)             (1.004674 -0.0620080 0)
       1.8752             (1.004801 0.0620290 0)             (1.004689 -0.0620201 0)
       1.8756             (1.004816 0.0620397 0)             (1.004705 -0.0620311 0)
        1.876             (1.004831 0.0620492 0)             (1.004719 -0.0620410 0)
       1.8764             (1.004845 0.0620577 0)             (1.004734 -0.0620498 0)
       1.8768             (1.004859 0.0620650 0)             (1.004747 -0.0620574 0)
       1.8772             (1.004872 0.0620711 0)             (1.004760 -0.0620639 0)
       1.8776             (1.004884 0.0620762 0)             (1.004772 -0.0620693 0)
        1.878             (1.004896 0.0620802 0)             (1.004784 -0.0620736 0)
       1.8784             (1.004907 0.0620830 0)             (1.004795 -0.0620768 0)
       1.8788             (1.004918 0.0620847 0)             (1.004806 -0.0620788 0)
       1.8792             (1.004928 0.0620853 0)             (1.004816 -0.0620798 0)
       1.8796             (1.004938 0.0620848 0)             (1.004825 -0.0620797 0)
         1.88             (1.004946 0.0620833 0)             (1.004834 -0.0620784 0)
       1.8804             (1.004955 0.0620806 0)             (1.004842 -0.0620761 0)
       1.8808             (1.004962 0.0620768 0)             (1.004850 -0.0620727 0)
       1.8812             (1.004970 0.0620719 0)             (1.004857 -0.0620681 0)
       1.8816             (1.004976 0.0620660 0)             (1.004864 -0.0620625 0)
        1.882             (1.004982 0.0620589 0)             (1.004870 -0.0620558 0)
       1.8824             (1.004987 0.0620508 0)             (1.004875 -0.0620481 0)
       1.8828             (1.004992 0.0620416 0)             (1.004880 -0.0620392 0)
       1.8832             (1.004996 0.0620313 0)             (1.004884 -0.0620293 0)
       1.8836             (1.005000 0.0620199 0)             (1.004888 -0.0620183 0)
        1.884             (1.005003 0.0620075 0)             (1.004891 -0.0620062 0)
       1.8844             (1.005006 0.0619940 0)             (1.004893 -0.0619931 0)
       1.8848             (1.005008 0.0619795 0)             (1.004895 -0.0619789 0)
       1.8852             (1.005009 0.0619638 0)             (1.004896 -0.0619637 0)
       1.8856             (1.005010 0.0619472 0)             (1.004897 -0.0619474 0)
        1.886             (1.005010 0.0619294 0)             (1.004897 -0.0619300 0)
       1.8864             (1.005009 0.0619107 0)             (1.004897 -0.0619116 0)
       1.8868             (1.005008 0.0618908 0)             (1.004896 -0.0618922 0)
       1.8872             (1.005007 0.0618700 0)             (1.004894 -0.0618717 0)
       1.8876             (1.005005 0.0618481 0)             (1.004892 -0.0618501 0)
        1.888             (1.005002 0.0618251 0)             (1.004889 -0.0618276 0)
       1.8884             (1.004999 0.0618011 0)             (1.004886 -0.0618039 0)
       1.8888             (1.004995 0.0617761 0)             (1.004882 -0.0617793 0)
       1.8892             (1.004990 0.0617501 0)             (1.004878 -0.0617537 0)
       1.8896             (1.004985 0.0617230 0)             (1.004873 -0.0617270 0)
         1.89             (1.004980 0.0616949 0)             (1.004868 -0.0616993 0)
       1.8904             (1.004974 0.0616658 0)             (1.004861 -0.0616706 0)
       1.8908             (1.004967 0.0616357 0)             (1.004855 -0.0616408 0)
       1.8912             (1.004960 0.0616046 0)             (1.004848 -0.0616101 0)
       1.8916             (1.004952 0.0615724 0)             (1.004840 -0.0615783 0)
        1.892             (1.004944 0.0615393 0)             (1.004832 -0.0615456 0)
       1.8924             (1.004935 0.0615051 0)             (1.004823 -0.0615119 0)
       1.8928             (1.004925 0.0614700 0)             (1.004813 -0.0614771 0)
       1.8932             (1.004915 0.0614339 0)             (1.004803 -0.0614414 0)
       1.8936             (1.004905 0.0613968 0)             (1.004793 -0.0614047 0)
        1.894             (1.004894 0.0613586 0)             (1.004782 -0.0613670 0)
       1.8944             (1.004882 0.0613196 0)             (1.004770 -0.0613283 0)
       1.8948             (1.004870 0.0612795 0)             (1.004758 -0.0612886 0)
       1.8952             (1.004857 0.0612384 0)             (1.004745 -0.0612480 0)
       1.8956             (1.004844 0.0611964 0)             (1.004732 -0.0612063 0)
        1.896             (1.004830 0.0611534 0)             (1.004718 -0.0611638 0)
       1.8964             (1.004816 0.0611095 0)             (1.004704 -0.0611202 0)
       1.8968             (1.004801 0.0610646 0)             (1.004689 -0.0610757 0)
       1.8972             (1.004785 0.0610187 0)             (1.004674 -0.0610302 0)
       1.8976             (1.004769 0.0609719 0)             (1.004658 -0.0609838 0)
        1.898             (1.004753 0.0609241 0)             (1.004641 -0.0609365 0)
       1.8984             (1.004735 0.0608753 0)             (1.004624 -0.0608881 0)
       1.8988             (1.004718 0.0608257 0)             (1.004607 -0.0608389 0)
       1.8992             (1.004700 0.0607751 0)             (1.004589 -0.0607887 0)
       1.8996             (1.004681 0.0607235 0)             (1.004570 -0.0607375 0)
          1.9             (1.004662 0.0606710 0)             (1.004551 -0.0606855 0)
       1.9004             (1.004642 0.0606176 0)             (1.004531 -0.0606325 0)
       1.9008             (1.004622 0.0605633 0)             (1.004511 -0.0605786 0)
       1.9012             (1.004601 0.0605080 0)             (1.004490 -0.0605237 0)
       1.9016             (1.004580 0.0604518 0)             (1.004469 -0.0604680 0)
        1.902             (1.004558 0.0603947 0)             (1.004448 -0.0604113 0)
       1.9024             (1.004535 0.0603367 0)             (1.004425 -0.0603537 0)
       1.9028             (1.004513 0.0602778 0)             (1.004403 -0.0602952 0)
       1.9032             (1.004489 0.0602179 0)             (1.004379 -0.0602358 0)
       1.9036             (1.004465 0.0601572 0)             (1.004356 -0.0601755 0)
        1.904             (1.004441 0.0600956 0)             (1.004331 -0.0601143 0)
       1.9044             (1.004416 0.0600330 0)             (1.004306 -0.0600522 0)
       1.9048             (1.004391 0.0599696 0)             (1.004281 -0.0599892 0)
       1.9052             (1.004365 0.0599053 0)             (1.004255 -0.0599253 0)
       1.9056             (1.004338 0.0598401 0)             (1.004229 -0.0598606 0)
        1.906             (1.004311 0.0597741 0)             (1.004202 -0.0597950 0)
       1.9064             (1.004284 0.0597071 0)             (1.004175 -0.0597284 0)
       1.9068             (1.004256 0.0596393 0)             (1.004147 -0.0596611 0)
       1.9072             (1.004227 0.0595706 0)             (1.004119 -0.0595928 0)
       1.9076             (1.004199 0.0595010 0)             (1.004090 -0.0595237 0)
        1.908             (1.004169 0.0594306 0)             (1.004061 -0.0594537 0)
       1.9084             (1.004139 0.0593593 0)             (1.004031 -0.0593829 0)
       1.9088             (1.004109 0.0592872 0)             (1.004001 -0.0593112 0)
       1.9092             (1.004078 0.0592142 0)             (1.003970 -0.0592387 0)
       1.9096             (1.004047 0.0591404 0)             (1.003939 -0.0591653 0)
         1.91             (1.004015 0.0590657 0)             (1.003907 -0.0590911 0)
       1.9104             (1.003982 0.0589902 0)             (1.003875 -0.0590160 0)
       1.9108             (1.003950 0.0589138 0)             (1.003842 -0.0589401 0)
       1.9112             (1.003916 0.0588367 0)             (1.003809 -0.0588633 0)
       1.9116             (1.003883 0.0587586 0)             (1.003776 -0.0587858 0)
        1.912             (1.003848 0.0586798 0)             (1.003742 -0.0587074 0)
       1.9124             (1.003814 0.0586001 0)             (1.003707 -0.0586282 0)
       1.9128             (1.003779 0.0585196 0)             (1.003672 -0.0585481 0)
       1.9132             (1.003743 0.0584383 0)             (1.003637 -0.0584673 0)
       1.9136             (1.003707 0.0583562 0)             (1.003601 -0.0583856 0)
        1.914             (1.003670 0.0582733 0)             (1.003564 -0.0583031 0)
       1.9144             (1.003633 0.0581895 0)             (1.003528 -0.0582199 0)
       1.9148             (1.003596 0.0581050 0)             (1.003490 -0.0581358 0)
       1.9152             (1.003558 0.0580197 0)             (1.003453 -0.0580509 0)
       1.9156             (1.003520 0.0579335 0)             (1.003414 -0.0579652 0)
        1.916             (1.003481 0.0578466 0)             (1.003376 -0.0578788 0)
       1.9164             (1.003442 0.0577589 0)             (1.003337 -0.0577915 0)
       1.9168             (1.003402 0.0576704 0)             (1.003297 -0.0577035 0)
       1.9172             (1.003362 0.0575811 0)             (1.003257 -0.0576147 0)
       1.9176             (1.003321 0.0574911 0)             (1.003217 -0.0575251 0)
        1.918             (1.003280 0.0574002 0)             (1.003176 -0.0574347 0)
       1.9184             (1.003239 0.0573086 0)             (1.003135 -0.0573436 0)
       1.9188             (1.003197 0.0572163 0)             (1.003093 -0.0572517 0)
       1.9192             (1.003155 0.0571232 0)             (1.003051 -0.0571591 0)
       1.9196             (1.003112 0.0570293 0)             (1.003009 -0.0570656 0)
         1.92             (1.003069 0.0569346 0)             (1.002966 -0.0569715 0)
       1.9204             (1.003025 0.0568392 0)             (1.002922 -0.0568765 0)
       1.9208             (1.002981 0.0567431 0)             (1.002879 -0.0567809 0)
       1.9212             (1.002937 0.0566462 0)             (1.002834 -0.0566844 0)
       1.9216             (1.002892 0.0565485 0)             (1.002790 -0.0565873 0)
        1.922             (1.002847 0.0564502 0)             (1.002745 -0.0564894 0)
       1.9224             (1.002801 0.0563511 0)             (1.002699 -0.0563907 0)
       1.9228             (1.002755 0.0562512 0)             (1.002654 -0.0562914 0)
       1.9232             (1.002708 0.0561506 0)             (1.002607 -0.0561913 0)
       1.9236             (1.002662 0.0560493 0)             (1.002561 -0.0560905 0)
        1.924             (1.002614 0.0559473 0)             (1.002514 -0.0559889 0)
       1.9244             (1.002567 0.0558446 0)             (1.002466 -0.0558866 0)
       1.9248             (1.002519 0.0557411 0)             (1.002418 -0.0557837 0)
       1.9252             (1.002470 0.0556369 0)             (1.002370 -0.0556800 0)
       1.9256             (1.002421 0.0555321 0)             (1.002322 -0.0555756 0)
        1.926             (1.002372 0.0554265 0)             (1.002273 -0.0554705 0)
       1.9264             (1.002322 0.0553202 0)             (1.002223 -0.0553647 0)
       1.9268             (1.002272 0.0552132 0)             (1.002174 -0.0552582 0)
       1.9272             (1.002222 0.0551055 0)             (1.002123 -0.0551510 0)
       1.9276             (1.002171 0.0549971 0)             (1.002073 -0.0550431 0)
        1.928             (1.002120 0.0548881 0)             (1.002022 -0.0549345 0)
       1.9284             (1.002069 0.0547783 0)             (1.001971 -0.0548252 0)
       1.9288             (1.002017 0.0546679 0)             (1.001919 -0.0547153 0)
       1.9292             (1.001965 0.0545568 0)             (1.001867 -0.0546046 0)
       1.9296             (1.001912 0.0544450 0)             (1.001815 -0.0544933 0)
         1.93             (1.001859 0.0543325 0)             (1.001762 -0.0543814 0)
       1.9304             (1.001806 0.0542194 0)             (1.001709 -0.0542687 0)
       1.9308             (1.001752 0.0541056 0)             (1.001656 -0.0541554 0)
       1.9312             (1.001698 0.0539911 0)             (1.001602 -0.0540414 0)
       1.9316             (1.001644 0.0538760 0)             (1.001548 -0.0539268 0)
        1.932             (1.001589 0.0537602 0)             (1.001494 -0.0538115 0)
       1.9324             (1.001534 0.0536437 0)             (1.001439 -0.0536956 0)
       1.9328             (1.001479 0.0535267 0)             (1.001384 -0.0535790 0)
       1.9332             (1.001423 0.0534089 0)             (1.001328 -0.0534617 0)
       1.9336             (1.001367 0.0532905 0)             (1.001273 -0.0533438 0)
        1.934             (1.001310 0.0531715 0)             (1.001216 -0.0532253 0)
       1.9344             (1.001254 0.0530518 0)             (1.001160 -0.0531061 0)
       1.9348             (1.001197 0.0529316 0)             (1.001103 -0.0529863 0)
       1.9352             (1.001139 0.0528106 0)             (1.001046 -0.0528659 0)
       1.9356             (1.001082 0.0526891 0)             (1.000989 -0.0527448 0)
        1.936             (1.001024 0.0525669 0)             (1.000931 -0.0526232 0)
       1.9364             (1.000965 0.0524441 0)             (1.000873 -0.0525008 0)
       1.9368             (1.000907 0.0523206 0)             (1.000815 -0.0523779 0)
       1.9372             (1.000848 0.0521966 0)             (1.000756 -0.0522544 0)
       1.9376             (1.000788 0.0520719 0)             (1.000697 -0.0521302 0)
        1.938             (1.000729 0.0519467 0)             (1.000638 -0.0520054 0)
       1.9384             (1.000669 0.0518208 0)             (1.000578 -0.0518800 0)
       1.9388             (1.000609 0.0516943 0)             (1.000518 -0.0517541 0)
       1.9392             (1.000548 0.0515672 0)             (1.000458 -0.0516275 0)
       1.9396             (1.000487 0.0514395 0)             (1.000397 -0.0515003 0)
         1.94             (1.000426 0.0513112 0)             (1.000337 -0.0513725 0)
       1.9404             (1.000365 0.0511823 0)             (1.000276 -0.0512441 0)
       1.9408             (1.000303 0.0510529 0)             (1.000214 -0.0511152 0)
       1.9412             (1.000241 0.0509228 0)             (1.000153 -0.0509856 0)
       1.9416             (1.000179 0.0507922 0)             (1.000091 -0.0508555 0)
        1.942             (1.000117 0.0506609 0)             (1.000029 -0.0507247 0)
       1.9424             (1.000054 0.0505291 0)             (0.999966 -0.0505934 0)
       1.9428             (0.999991 0.0503967 0)             (0.999903 -0.0504615 0)
       1.9432             (0.999928 0.0502638 0)             (0.999840 -0.0503291 0)
       1.9436             (0.999864 0.0501302 0)             (0.999777 -0.0501961 0)
        1.944             (0.999800 0.0499961 0)             (0.999714 -0.0500625 0)
       1.9444             (0.999736 0.0498615 0)             (0.999650 -0.0499283 0)
       1.9448             (0.999672 0.0497262 0)             (0.999586 -0.0497936 0)
       1.9452             (0.999607 0.0495905 0)             (0.999522 -0.0496583 0)
       1.9456             (0.999542 0.0494541 0)             (0.999457 -0.0495225 0)
        1.946             (0.999477 0.0493172 0)             (0.999392 -0.0493861 0)
       1.9464             (0.999412 0.0491797 0)             (0.999327 -0.0492491 0)
       1.9468             (0.999346 0.0490417 0)             (0.999262 -0.0491116 0)
       1.9472             (0.999280 0.0489032 0)             (0.999196 -0.0489736 0)
       1.9476             (0.999214 0.0487641 0)             (0.999131 -0.0488350 0)
        1.948             (0.999148 0.0486244 0)             (0.999065 -0.0486959 0)
       1.9484             (0.999081 0.0484843 0)             (0.998998 -0.0485562 0)
       1.9488             (0.999015 0.0483435 0)             (0.998932 -0.0484160 0)
       1.9492             (0.998947 0.0482023 0)             (0.998865 -0.0482752 0)
       1.9496             (0.998880 0.0480605 0)             (0.998798 -0.0481340 0)
         1.95             (0.998813 0.0479182 0)             (0.998731 -0.0479922 0)
       1.9504             (0.998745 0.0477754 0)             (0.998664 -0.0478498 0)
       1.9508             (0.998677 0.0476320 0)             (0.998596 -0.0477070 0)
       1.9512             (0.998609 0.0474881 0)             (0.998529 -0.0475636 0)
       1.9516             (0.998541 0.0473437 0)             (0.998461 -0.0474197 0)
        1.952             (0.998472 0.0471988 0)             (0.998392 -0.0472753 0)
       1.9524             (0.998403 0.0470533 0)             (0.998324 -0.0471304 0)
       1.9528             (0.998335 0.0469074 0)             (0.998255 -0.0469849 0)
       1.9532             (0.998265 0.0467609 0)             (0.998187 -0.0468390 0)
       1.9536             (0.998196 0.0466139 0)             (0.998118 -0.0466925 0)
        1.954             (0.998127 0.0464665 0)             (0.998048 -0.0465456 0)
       1.9544             (0.998057 0.0463185 0)             (0.997979 -0.0463981 0)
       1.9548             (0.997987 0.0461700 0)             (0.997909 -0.0462501 0)
       1.9552             (0.997917 0.0460210 0)             (0.997840 -0.0461017 0)
       1.9556             (0.997846 0.0458716 0)             (0.997770 -0.0459527 0)
        1.956             (0.997776 0.0457216 0)             (0.997700 -0.0458033 0)
       1.9564             (0.997705 0.0455711 0)             (0.997629 -0.0456533 0)
       1.9568             (0.997635 0.0454202 0)             (0.997559 -0.0455029 0)
       1.9572             (0.997564 0.0452688 0)             (0.997488 -0.0453520 0)
       1.9576             (0.997492 0.0451168 0)             (0.997417 -0.0452006 0)
        1.958             (0.997421 0.0449644 0)             (0.997346 -0.0450487 0)
       1.9584             (0.997350 0.0448115 0)             (0.997275 -0.0448963 0)
       1.9588             (0.997278 0.0446582 0)             (0.997204 -0.0447435 0)
       1.9592             (0.997206 0.0445043 0)             (0.997133 -0.0445901 0)
       1.9596             (0.997134 0.0443500 0)             (0.997061 -0.0444363 0)
         1.96             (0.997062 0.0441952 0)             (0.996989 -0.0442821 0)
       1.9604             (0.996990 0.0440400 0)             (0.996917 -0.0441273 0)
       1.9608             (0.996917 0.0438843 0)             (0.996845 -0.0439721 0)
       1.9612             (0.996845 0.0437281 0)             (0.996773 -0.0438165 0)
       1.9616             (0.996772 0.0435714 0)             (0.996701 -0.0436603 0)
        1.962             (0.996699 0.0434143 0)             (0.996628 -0.0435037 0)
       1.9624             (0.996626 0.0432567 0)             (0.996556 -0.0433467 0)
       1.9628             (0.996553 0.0430987 0)             (0.996483 -0.0431891 0)
       1.9632             (0.996480 0.0429402 0)             (0.996410 -0.0430312 0)
       1.9636             (0.996407 0.0427813 0)             (0.996337 -0.0428727 0)
        1.964             (0.996333 0.0426219 0)             (0.996264 -0.0427139 0)
       1.9644             (0.996259 0.0424620 0)             (0.996191 -0.0425545 0)
       1.9648             (0.996186 0.0423017 0)             (0.996117 -0.0423948 0)
       1.9652             (0.996112 0.0421410 0)             (0.996044 -0.0422345 0)
       1.9656             (0.996038 0.0419798 0)             (0.995970 -0.0420739 0)
        1.966             (0.995964 0.0418182 0)             (0.995896 -0.0419128 0)
       1.9664             (0.995890 0.0416561 0)             (0.995823 -0.0417512 0)
       1.9668             (0.995815 0.0414936 0)             (0.995749 -0.0415892 0)
       1.9672             (0.995741 0.0413307 0)             (0.995675 -0.0414268 0)
       1.9676             (0.995666 0.0411673 0)             (0.995600 -0.0412639 0)
        1.968             (0.995592 0.0410035 0)             (0.995526 -0.0411006 0)
       1.9684             (0.995517 0.0408392 0)             (0.995452 -0.0409369 0)
       1.9688             (0.995442 0.0406745 0)             (0.995377 -0.0407728 0)
       1.9692             (0.995367 0.0405094 0)             (0.995303 -0.0406082 0)
       1.9696             (0.995292 0.0403439 0)             (0.995228 -0.0404432 0)
         1.97             (0.995217 0.0401779 0)             (0.995153 -0.0402777 0)
       1.9704             (0.995142 0.0400116 0)             (0.995079 -0.0401119 0)
       1.9708             (0.995067 0.0398448 0)             (0.995004 -0.0399456 0)
       1.9712             (0.994991 0.0396775 0)             (0.994929 -0.0397789 0)
       1.9716             (0.994916 0.0395099 0)             (0.994854 -0.0396117 0)
        1.972             (0.994840 0.0393419 0)             (0.994779 -0.0394442 0)
       1.9724             (0.994765 0.0391734 0)             (0.994704 -0.0392763 0)
       1.9728             (0.994689 0.0390045 0)             (0.994628 -0.0391079 0)
       1.9732             (0.994613 0.0388352 0)             (0.994553 -0.0389391 0)
       1.9736             (0.994538 0.0386655 0)             (0.994478 -0.0387699 0)
        1.974             (0.994462 0.0384954 0)             (0.994402 -0.0386003 0)
       1.9744             (0.994386 0.0383249 0)             (0.994327 -0.0384303 0)
       1.9748             (0.994310 0.0381539 0)             (0.994251 -0.0382599 0)
       1.9752             (0.994234 0.0379826 0)             (0.994175 -0.0380891 0)
       1.9756             (0.994158 0.0378109 0)             (0.994100 -0.0379179 0)
        1.976             (0.994082 0.0376387 0)             (0.994024 -0.0377463 0)
       1.9764             (0.994006 0.0374662 0)             (0.993948 -0.0375742 0)
       1.9768             (0.993929 0.0372932 0)             (0.993872 -0.0374018 0)
       1.9772             (0.993853 0.0371199 0)             (0.993796 -0.0372290 0)
       1.9776             (0.993777 0.0369462 0)             (0.993721 -0.0370558 0)
        1.978             (0.993701 0.0367721 0)             (0.993645 -0.0368822 0)
       1.9784             (0.993624 0.0365975 0)             (0.993569 -0.0367082 0)
       1.9788             (0.993548 0.0364226 0)             (0.993493 -0.0365338 0)
       1.9792             (0.993471 0.0362473 0)             (0.993417 -0.0363590 0)
       1.9796             (0.993395 0.0360717 0)             (0.993340 -0.0361839 0)
         1.98             (0.993318 0.0358956 0)             (0.993264 -0.0360083 0)
       1.9804             (0.993242 0.0357191 0)             (0.993188 -0.0358324 0)
       1.9808             (0.993165 0.0355423 0)             (0.993112 -0.0356560 0)
       1.9812             (0.993089 0.0353651 0)             (0.993036 -0.0354793 0)
       1.9816             (0.993012 0.0351875 0)             (0.992960 -0.0353023 0)
        1.982             (0.992936 0.0350095 0)             (0.992883 -0.0351248 0)
       1.9824             (0.992859 0.0348311 0)             (0.992807 -0.0349469 0)
       1.9828             (0.992782 0.0346524 0)             (0.992731 -0.0347687 0)
       1.9832             (0.992706 0.0344732 0)             (0.992655 -0.0345901 0)
       1.9836             (0.992629 0.0342937 0)             (0.992578 -0.0344111 0)
        1.984             (0.992552 0.0341139 0)             (0.992502 -0.0342318 0)
       1.9844             (0.992476 0.0339336 0)             (0.992426 -0.0340520 0)
       1.9848             (0.992399 0.0337530 0)             (0.992350 -0.0338719 0)
       1.9852             (0.992322 0.0335720 0)             (0.992273 -0.0336914 0)
       1.9856             (0.992246 0.0333906 0)             (0.992197 -0.0335106 0)
        1.986             (0.992169 0.0332089 0)             (0.992121 -0.0333294 0)
       1.9864             (0.992092 0.0330268 0)             (0.992045 -0.0331478 0)
       1.9868             (0.992016 0.0328443 0)             (0.991968 -0.0329659 0)
       1.9872             (0.991939 0.0326615 0)             (0.991892 -0.0327835 0)
       1.9876             (0.991863 0.0324783 0)             (0.991816 -0.0326009 0)
        1.988             (0.991786 0.0322948 0)             (0.991740 -0.0324178 0)
       1.9884             (0.991709 0.0321109 0)             (0.991663 -0.0322344 0)
       1.9888             (0.991633 0.0319266 0)             (0.991587 -0.0320507 0)
       1.9892             (0.991556 0.0317419 0)             (0.991511 -0.0318665 0)
       1.9896             (0.991480 0.0315569 0)             (0.991435 -0.0316821 0)
         1.99             (0.991403 0.0313716 0)             (0.991359 -0.0314972 0)
       1.9904             (0.991327 0.0311859 0)             (0.991283 -0.0313120 0)
       1.9908             (0.991250 0.0309998 0)             (0.991207 -0.0311265 0)
       1.9912             (0.991174 0.0308134 0)             (0.991131 -0.0309406 0)
       1.9916             (0.991098 0.0306266 0)             (0.991055 -0.0307543 0)
        1.992             (0.991021 0.0304395 0)             (0.990979 -0.0305677 0)
       1.9924             (0.990945 0.0302520 0)             (0.990903 -0.0303807 0)
       1.9928             (0.990869 0.0300642 0)             (0.990827 -0.0301934 0)
       1.9932             (0.990792 0.0298760 0)             (0.990751 -0.0300057 0)
       1.9936             (0.990716 0.0296875 0)             (0.990675 -0.0298177 0)
        1.994             (0.990640 0.0294986 0)             (0.990599 -0.0296294 0)
       1.9944             (0.990564 0.0293094 0)             (0.990524 -0.0294407 0)
       1.9948             (0.990488 0.0291198 0)             (0.990448 -0.0292516 0)
       1.9952             (0.990412 0.0289299 0)             (0.990372 -0.0290622 0)
       1.9956             (0.990336 0.0287396 0)             (0.990297 -0.0288725 0)
        1.996             (0.990260 0.0285490 0)             (0.990221 -0.0286824 0)
       1.9964             (0.990184 0.0283581 0)             (0.990146 -0.0284919 0)
       1.9968             (0.990108 0.0281668 0)             (0.990070 -0.0283012 0)
       1.9972             (0.990032 0.0279752 0)             (0.989995 -0.0281101 0)
       1.9976             (0.989957 0.0277832 0)             (0.989919 -0.0279186 0)
        1.998             (0.989881 0.0275909 0)             (0.989844 -0.0277268 0)
       1.9984             (0.989805 0.0273983 0)             (0.989769 -0.0275347 0)
       1.9988             (0.989730 0.0272053 0)             (0.989694 -0.0273422 0)
       1.9992             (0.989655 0.0270120 0)             (0.989619 -0.0271494 0)
       1.9996             (0.989579 0.0268184 0)             (0.989544 -0.0269563 0)
            2             (0.989504 0.0266244 0)             (0.989469 -0.0267628 0)
       2.0004             (0.989429 0.0264301 0)             (0.989394 -0.0265690 0)
       2.0008             (0.989353 0.0262354 0)             (0.989319 -0.0263749 0)
       2.0012             (0.989278 0.0260404 0)             (0.989244 -0.0261804 0)
       2.0016             (0.989203 0.0258451 0)             (0.989170 -0.0259856 0)
        2.002             (0.989128 0.0256495 0)             (0.989095 -0.0257905 0)
       2.0024             (0.989053 0.0254535 0)             (0.989021 -0.0255950 0)
       2.0028             (0.988979 0.0252572 0)             (0.988946 -0.0253993 0)
       2.0032             (0.988904 0.0250606 0)             (0.988872 -0.0252031 0)
       2.0036             (0.988829 0.0248637 0)             (0.988798 -0.0250067 0)
        2.004             (0.988755 0.0246664 0)             (0.988723 -0.0248099 0)
       2.0044             (0.988680 0.0244688 0)             (0.988649 -0.0246128 0)
       2.0048             (0.988606 0.0242709 0)             (0.988575 -0.0244154 0)
       2.0052             (0.988531 0.0240726 0)             (0.988501 -0.0242177 0)
       2.0056             (0.988457 0.0238740 0)             (0.988427 -0.0240196 0)
        2.006             (0.988383 0.0236752 0)             (0.988354 -0.0238212 0)
       2.0064             (0.988309 0.0234759 0)             (0.988280 -0.0236225 0)
       2.0068             (0.988235 0.0232764 0)             (0.988206 -0.0234235 0)
       2.0072             (0.988161 0.0230766 0)             (0.988133 -0.0232242 0)
       2.0076             (0.988087 0.0228764 0)             (0.988060 -0.0230245 0)
        2.008             (0.988014 0.0226759 0)             (0.987986 -0.0228245 0)
       2.0084             (0.987940 0.0224751 0)             (0.987913 -0.0226242 0)
       2.0088             (0.987867 0.0222740 0)             (0.987840 -0.0224236 0)
       2.0092             (0.987793 0.0220725 0)             (0.987767 -0.0222227 0)
       2.0096             (0.987720 0.0218708 0)             (0.987694 -0.0220214 0)
         2.01             (0.987647 0.0216687 0)             (0.987621 -0.0218199 0)
       2.0104             (0.987574 0.0214664 0)             (0.987548 -0.0216180 0)
       2.0108             (0.987501 0.0212637 0)             (0.987476 -0.0214158 0)
       2.0112             (0.987428 0.0210607 0)             (0.987403 -0.0212133 0)
       2.0116             (0.987355 0.0208574 0)             (0.987331 -0.0210105 0)
        2.012             (0.987283 0.0206537 0)             (0.987259 -0.0208074 0)
       2.0124             (0.987210 0.0204498 0)             (0.987186 -0.0206040 0)
       2.0128             (0.987138 0.0202456 0)             (0.987114 -0.0204002 0)
       2.0132             (0.987065 0.0200410 0)             (0.987042 -0.0201962 0)
       2.0136             (0.986993 0.0198362 0)             (0.986971 -0.0199918 0)
        2.014             (0.986921 0.0196310 0)             (0.986899 -0.0197872 0)
       2.0144             (0.986849 0.0194255 0)             (0.986827 -0.0195822 0)
       2.0148             (0.986777 0.0192198 0)             (0.986756 -0.0193769 0)
       2.0152             (0.986705 0.0190137 0)             (0.986684 -0.0191714 0)
       2.0156             (0.986634 0.0188073 0)             (0.986613 -0.0189655 0)
        2.016             (0.986562 0.0186006 0)             (0.986542 -0.0187593 0)
       2.0164             (0.986491 0.0183937 0)             (0.986471 -0.0185528 0)
       2.0168             (0.986419 0.0181864 0)             (0.986400 -0.0183461 0)
       2.0172             (0.986348 0.0179788 0)             (0.986329 -0.0181390 0)
       2.0176             (0.986277 0.0177709 0)             (0.986258 -0.0179316 0)
        2.018             (0.986206 0.0175627 0)             (0.986188 -0.0177239 0)
       2.0184             (0.986135 0.0173543 0)             (0.986117 -0.0175159 0)
       2.0188             (0.986065 0.0171455 0)             (0.986047 -0.0173077 0)
       2.0192             (0.985994 0.0169364 0)             (0.985977 -0.0170991 0)
       2.0196             (0.985924 0.0167271 0)             (0.985906 -0.0168902 0)
         2.02             (0.985853 0.0165174 0)             (0.985837 -0.0166811 0)
       2.0204             (0.985783 0.0163075 0)             (0.985767 -0.0164716 0)
       2.0208             (0.985713 0.0160972 0)             (0.985697 -0.0162619 0)
       2.0212             (0.985643 0.0158867 0)             (0.985627 -0.0160519 0)
       2.0216             (0.985573 0.0156759 0)             (0.985558 -0.0158415 0)
        2.022             (0.985504 0.0154648 0)             (0.985489 -0.0156309 0)
       2.0224             (0.985434 0.0152534 0)             (0.985419 -0.0154200 0)
       2.0228             (0.985365 0.0150417 0)             (0.985350 -0.0152088 0)
       2.0232             (0.985295 0.0148297 0)             (0.985281 -0.0149973 0)
       2.0236             (0.985226 0.0146174 0)             (0.985212 -0.0147856 0)
        2.024             (0.985157 0.0144049 0)             (0.985144 -0.0145735 0)
       2.0244             (0.985088 0.0141921 0)             (0.985075 -0.0143612 0)
       2.0248             (0.985019 0.0139790 0)             (0.985007 -0.0141486 0)
       2.0252             (0.984951 0.0137656 0)             (0.984938 -0.0139357 0)
       2.0256             (0.984882 0.0135519 0)             (0.984870 -0.0137225 0)
        2.026             (0.984814 0.0133379 0)             (0.984802 -0.0135090 0)
       2.0264             (0.984745 0.0131237 0)             (0.984734 -0.0132952 0)
       2.0268             (0.984677 0.0129092 0)             (0.984666 -0.0130812 0)
       2.0272             (0.984609 0.0126944 0)             (0.984599 -0.0128669 0)
       2.0276             (0.984542 0.0124793 0)             (0.984531 -0.0126523 0)
        2.028             (0.984474 0.0122639 0)             (0.984464 -0.0124375 0)
       2.0284             (0.984406 0.0120483 0)             (0.984397 -0.0122223 0)
       2.0288             (0.984339 0.0118324 0)             (0.984330 -0.0120069 0)
       2.0292             (0.984271 0.0116162 0)             (0.984263 -0.0117912 0)
       2.0296             (0.984204 0.0113998 0)             (0.984196 -0.0115753 0)
         2.03             (0.984137 0.0111831 0)             (0.984129 -0.0113590 0)
       2.0304             (0.984070 0.0109661 0)             (0.984063 -0.0111425 0)
       2.0308             (0.984004 0.0107488 0)             (0.983996 -0.0109258 0)
       2.0312             (0.983937 0.0105313 0)             (0.983930 -0.0107087 0)
       2.0316             (0.983871 0.0103135 0)             (0.983864 -0.0104914 0)
        2.032             (0.983804 0.0100954 0)             (0.983798 -0.0102739 0)
       2.0324             (0.983738 0.0098771 0)             (0.983732 -0.0100560 0)
       2.0328             (0.983672 0.0096585 0)             (0.983666 -0.0098379 0)
       2.0332             (0.983606 0.0094397 0)             (0.983601 -0.0096196 0)
       2.0336             (0.983540 0.0092206 0)             (0.983535 -0.0094009 0)
        2.034             (0.983475 0.0090012 0)             (0.983470 -0.0091820 0)
       2.0344             (0.983409 0.0087815 0)             (0.983405 -0.0089629 0)
       2.0348             (0.983344 0.0085617 0)             (0.983340 -0.0087435 0)
       2.0352             (0.983279 0.0083415 0)             (0.983275 -0.0085238 0)
       2.0356             (0.983214 0.0081211 0)             (0.983210 -0.0083039 0)
        2.036             (0.983149 0.0079004 0)             (0.983145 -0.0080837 0)
       2.0364             (0.983084 0.0076795 0)             (0.983081 -0.0078633 0)
       2.0368             (0.983019 0.0074584 0)             (0.983017 -0.0076426 0)
       2.0372             (0.982955 0.0072369 0)             (0.982952 -0.0074217 0)
       2.0376             (0.982890 0.0070153 0)             (0.982888 -0.0072005 0)
        2.038             (0.982826 0.0067933 0)             (0.982824 -0.0069790 0)
       2.0384             (0.982762 0.0065712 0)             (0.982761 -0.0067573 0)
       2.0388             (0.982698 0.0063488 0)             (0.982697 -0.0065354 0)
       2.0392             (0.982634 0.0061261 0)             (0.982634 -0.0063132 0)
       2.0396             (0.982571 0.0059032 0)             (0.982570 -0.0060908 0)
         2.04             (0.982507 0.0056801 0)             (0.982507 -0.0058681 0)
       2.0404             (0.982444 0.0054567 0)             (0.982444 -0.0056452 0)
       2.0408             (0.982381 0.0052330 0)             (0.982381 -0.0054221 0)
       2.0412             (0.982317 0.0050092 0)             (0.982318 -0.0051987 0)
       2.0416             (0.982254 0.0047851 0)             (0.982256 -0.0049751 0)
        2.042             (0.982192 0.0045607 0)             (0.982193 -0.0047512 0)
       2.0424             (0.982129 0.0043362 0)             (0.982131 -0.0045271 0)
       2.0428             (0.982067 0.0041114 0)             (0.982069 -0.0043028 0)
       2.0432             (0.982004 0.0038863 0)             (0.982007 -0.0040782 0)
       2.0436             (0.981942 0.0036610 0)             (0.981945 -0.0038534 0)
        2.044             (0.981880 0.0034355 0)             (0.981883 -0.0036284 0)
       2.0444             (0.981818 0.0032098 0)             (0.981821 -0.0034031 0)
       2.0448             (0.981756 0.0029839 0)             (0.981760 -0.0031777 0)
       2.0452             (0.981694 0.0027577 0)             (0.981698 -0.0029520 0)
       2.0456             (0.981633 0.0025313 0)             (0.981637 -0.0027260 0)
        2.046             (0.981571 0.0023047 0)             (0.981576 -0.0024999 0)
       2.0464             (0.981510 0.0020778 0)             (0.981515 -0.0022735 0)
       2.0468             (0.981449 0.0018508 0)             (0.981454 -0.0020469 0)
       2.0472             (0.981388 0.0016235 0)             (0.981394 -0.0018201 0)
       2.0476             (0.981327 0.0013960 0)             (0.981333 -0.0015931 0)
        2.048             (0.981267 0.0011683 0)             (0.981273 -0.0013659 0)
       2.0484             (0.981206 0.0009404 0)             (0.981212 -0.0011384 0)
       2.0488             (0.981146 0.0007122 0)             (0.981152 -0.0009107 0)
       2.0492             (0.981085 0.0004839 0)             (0.981092 -0.0006829 0)
       2.0496             (0.981025 0.0002554 0)             (0.981033 -0.0004548 0)
         2.05             (0.980965 0.0000266 0)             (0.980973 -0.0002265 0)
       2.0504             (0.980905 -0.0002023 0)             (0.980913 0.0000020 0)
       2.0508             (0.980846 -0.0004315 0)             (0.980854 0.0002307 0)
       2.0512             (0.980786 -0.0006608 0)             (0.980795 0.0004595 0)
       2.0516             (0.980727 -0.0008904 0)             (0.980735 0.0006886 0)
        2.052             (0.980667 -0.0011201 0)             (0.980676 0.0009179 0)
       2.0524             (0.980608 -0.0013501 0)             (0.980618 0.0011474 0)
       2.0528             (0.980549 -0.0015802 0)             (0.980559 0.0013771 0)
       2.0532             (0.980490 -0.0018105 0)             (0.980500 0.0016069 0)
       2.0536             (0.980431 -0.0020411 0)             (0.980442 0.0018370 0)
        2.054             (0.980373 -0.0022718 0)             (0.980383 0.0020672 0)
       2.0544             (0.980314 -0.0025027 0)             (0.980325 0.0022976 0)
       2.0548             (0.980256 -0.0027337 0)             (0.980267 0.0025283 0)
       2.0552             (0.980198 -0.0029650 0)             (0.980209 0.0027591 0)
       2.0556             (0.980139 -0.0031964 0)             (0.980151 0.0029900 0)
        2.056             (0.980082 -0.0034280 0)             (0.980094 0.0032212 0)
       2.0564             (0.980024 -0.0036598 0)             (0.980036 0.0034525 0)
       2.0568             (0.979966 -0.0038918 0)             (0.979979 0.0036840 0)
       2.0572             (0.979908 -0.0041239 0)             (0.979921 0.0039157 0)
       2.0576             (0.979851 -0.0043562 0)             (0.979864 0.0041475 0)
        2.058             (0.979794 -0.0045887 0)             (0.979807 0.0043795 0)
       2.0584             (0.979736 -0.0048213 0)             (0.979750 0.0046117 0)
       2.0588             (0.979679 -0.0050541 0)             (0.979693 0.0048440 0)
       2.0592             (0.979622 -0.0052870 0)             (0.979637 0.0050765 0)
       2.0596             (0.979566 -0.0055201 0)             (0.979580 0.0053092 0)
         2.06             (0.979509 -0.0057534 0)             (0.979524 0.0055420 0)
       2.0604             (0.979452 -0.0059868 0)             (0.979468 0.0057750 0)
       2.0608             (0.979396 -0.0062204 0)             (0.979412 0.0060081 0)
       2.0612             (0.979340 -0.0064541 0)             (0.979355 0.0062414 0)
       2.0616             (0.979284 -0.0066880 0)             (0.979300 0.0064748 0)
        2.062             (0.979227 -0.0069220 0)             (0.979244 0.0067084 0)
       2.0624             (0.979172 -0.0071562 0)             (0.979188 0.0069421 0)
       2.0628             (0.979116 -0.0073905 0)             (0.979133 0.0071759 0)
       2.0632             (0.979060 -0.0076249 0)             (0.979077 0.0074099 0)
       2.0636             (0.979004 -0.0078595 0)             (0.979022 0.0076440 0)
        2.064             (0.978949 -0.0080942 0)             (0.978967 0.0078783 0)
       2.0644             (0.978894 -0.0083290 0)             (0.978912 0.0081127 0)
       2.0648             (0.978839 -0.0085640 0)             (0.978857 0.0083472 0)
       2.0652             (0.978783 -0.0087991 0)             (0.978802 0.0085818 0)
       2.0656             (0.978729 -0.0090343 0)             (0.978747 0.0088166 0)
        2.066             (0.978674 -0.0092696 0)             (0.978693 0.0090515 0)
       2.0664             (0.978619 -0.0095051 0)             (0.978638 0.0092865 0)
       2.0668             (0.978564 -0.0097406 0)             (0.978584 0.0095216 0)
       2.0672             (0.978510 -0.0099763 0)             (0.978530 0.0097569 0)
       2.0676             (0.978455 -0.0102121 0)             (0.978476 0.0099922 0)
        2.068             (0.978401 -0.0104480 0)             (0.978422 0.0102277 0)
       2.0684             (0.978347 -0.0106840 0)             (0.978368 0.0104632 0)
       2.0688             (0.978293 -0.0109201 0)             (0.978314 0.0106989 0)
       2.0692             (0.978239 -0.0111563 0)             (0.978260 0.0109347 0)
       2.0696             (0.978185 -0.0113926 0)             (0.978207 0.0111705 0)
         2.07             (0.978132 -0.0116290 0)             (0.978154 0.0114065 0)
       2.0704             (0.978078 -0.0118655 0)             (0.978100 0.0116425 0)
       2.0708             (0.978025 -0.0121021 0)             (0.978047 0.0118787 0)
       2.0712             (0.977971 -0.0123387 0)             (0.977994 0.0121149 0)
       2.0716             (0.977918 -0.0125755 0)             (0.977941 0.0123512 0)
        2.072             (0.977865 -0.0128123 0)             (0.977888 0.0125876 0)
       2.0724             (0.977812 -0.0130492 0)             (0.977835 0.0128240 0)
       2.0728             (0.977759 -0.0132861 0)             (0.977783 0.0130606 0)
       2.0732             (0.977706 -0.0135232 0)             (0.977730 0.0132972 0)
       2.0736             (0.977653 -0.0137603 0)             (0.977678 0.0135339 0)
        2.074             (0.977601 -0.0139974 0)             (0.977625 0.0137706 0)
       2.0744             (0.977548 -0.0142347 0)             (0.977573 0.0140074 0)
       2.0748             (0.977496 -0.0144720 0)             (0.977521 0.0142443 0)
       2.0752             (0.977444 -0.0147093 0)             (0.977469 0.0144812 0)
       2.0756             (0.977391 -0.0149467 0)             (0.977417 0.0147182 0)
        2.076             (0.977339 -0.0151842 0)             (0.977365 0.0149552 0)
       2.0764             (0.977287 -0.0154217 0)             (0.977313 0.0151923 0)
       2.0768             (0.977235 -0.0156592 0)             (0.977262 0.0154294 0)
       2.0772             (0.977184 -0.0158968 0)             (0.977210 0.0156665 0)
       2.0776             (0.977132 -0.0161344 0)             (0.977159 0.0159037 0)
        2.078             (0.977080 -0.0163720 0)             (0.977107 0.0161409 0)
       2.0784             (0.977029 -0.0166097 0)             (0.977056 0.0163782 0)
       2.0788             (0.976977 -0.0168474 0)             (0.977005 0.0166155 0)
       2.0792             (0.976926 -0.0170851 0)             (0.976954 0.0168528 0)
       2.0796             (0.976875 -0.0173229 0)             (0.976903 0.0170901 0)
         2.08             (0.976824 -0.0175606 0)             (0.976852 0.0173274 0)
       2.0804             (0.976773 -0.0177984 0)             (0.976801 0.0175648 0)
       2.0808             (0.976722 -0.0180362 0)             (0.976751 0.0178022 0)
       2.0812             (0.976671 -0.0182740 0)             (0.976700 0.0180395 0)
       2.0816             (0.976620 -0.0185118 0)             (0.976650 0.0182769 0)
        2.082             (0.976569 -0.0187496 0)             (0.976599 0.0185143 0)
       2.0824             (0.976519 -0.0189873 0)             (0.976549 0.0187517 0)
       2.0828             (0.976468 -0.0192251 0)             (0.976499 0.0189890 0)
       2.0832             (0.976418 -0.0194629 0)             (0.976448 0.0192264 0)
       2.0836             (0.976368 -0.0197006 0)             (0.976398 0.0194637 0)
        2.084             (0.976317 -0.0199384 0)             (0.976348 0.0197011 0)
       2.0844             (0.976267 -0.0201761 0)             (0.976298 0.0199384 0)
       2.0848             (0.976217 -0.0204138 0)             (0.976249 0.0201756 0)
       2.0852             (0.976167 -0.0206514 0)             (0.976199 0.0204129 0)
       2.0856             (0.976117 -0.0208890 0)             (0.976149 0.0206501 0)
        2.086             (0.976068 -0.0211266 0)             (0.976100 0.0208873 0)
       2.0864             (0.976018 -0.0213641 0)             (0.976050 0.0211244 0)
       2.0868             (0.975968 -0.0216016 0)             (0.976001 0.0213615 0)
       2.0872             (0.975919 -0.0218391 0)             (0.975951 0.0215986 0)
       2.0876             (0.975869 -0.0220765 0)             (0.975902 0.0218355 0)
        2.088             (0.975820 -0.0223138 0)             (0.975853 0.0220725 0)
       2.0884             (0.975770 -0.0225511 0)             (0.975804 0.0223094 0)
       2.0888             (0.975721 -0.0227883 0)             (0.975755 0.0225462 0)
       2.0892             (0.975672 -0.0230254 0)             (0.975706 0.0227829 0)
       2.0896             (0.975623 -0.0232625 0)             (0.975657 0.0230196 0)
         2.09             (0.975574 -0.0234995 0)             (0.975608 0.0232562 0)
       2.0904             (0.975525 -0.0237364 0)             (0.975560 0.0234927 0)
       2.0908             (0.975476 -0.0239732 0)             (0.975511 0.0237292 0)
       2.0912             (0.975427 -0.0242100 0)             (0.975462 0.0239655 0)
       2.0916             (0.975378 -0.0244466 0)             (0.975414 0.0242018 0)
        2.092             (0.975330 -0.0246832 0)             (0.975366 0.0244379 0)
       2.0924             (0.975281 -0.0249196 0)             (0.975317 0.0246740 0)
       2.0928             (0.975233 -0.0251559 0)             (0.975269 0.0249099 0)
       2.0932             (0.975184 -0.0253922 0)             (0.975221 0.0251458 0)
       2.0936             (0.975136 -0.0256283 0)             (0.975172 0.0253815 0)
        2.094             (0.975087 -0.0258643 0)             (0.975124 0.0256171 0)
       2.0944             (0.975039 -0.0261002 0)             (0.975076 0.0258526 0)
       2.0948             (0.974991 -0.0263359 0)             (0.975028 0.0260880 0)
       2.0952             (0.974943 -0.0265715 0)             (0.974981 0.0263233 0)
       2.0956             (0.974895 -0.0268070 0)             (0.974933 0.0265584 0)
        2.096             (0.974847 -0.0270424 0)             (0.974885 0.0267933 0)
       2.0964             (0.974799 -0.0272776 0)             (0.974837 0.0270282 0)
       2.0968             (0.974751 -0.0275126 0)             (0.974790 0.0272628 0)
       2.0972             (0.974703 -0.0277475 0)             (0.974742 0.0274974 0)
       2.0976             (0.974655 -0.0279823 0)             (0.974695 0.0277317 0)
        2.098             (0.974608 -0.0282169 0)             (0.974647 0.0279660 0)
       2.0984             (0.974560 -0.0284513 0)             (0.974600 0.0282000 0)
       2.0988             (0.974512 -0.0286855 0)             (0.974552 0.0284339 0)
       2.0992             (0.974465 -0.0289196 0)             (0.974505 0.0286676 0)
       2.0996             (0.974417 -0.0291535 0)             (0.974458 0.0289011 0)
          2.1             (0.974370 -0.0293872 0)             (0.974411 0.0291344 0)
       2.1004             (0.974323 -0.0296207 0)             (0.974364 0.0293676 0)
       2.1008             (0.974275 -0.0298540 0)             (0.974317 0.0296006 0)
       2.1012             (0.974228 -0.0300871 0)             (0.974270 0.0298333 0)
       2.1016             (0.974181 -0.0303201 0)             (0.974223 0.0300659 0)
        2.102             (0.974134 -0.0305528 0)             (0.974176 0.0302982 0)
       2.1024             (0.974087 -0.0307853 0)             (0.974129 0.0305304 0)
       2.1028             (0.974040 -0.0310176 0)             (0.974082 0.0307623 0)
       2.1032             (0.973993 -0.0312496 0)             (0.974035 0.0309940 0)
       2.1036             (0.973946 -0.0314815 0)             (0.973989 0.0312255 0)
        2.104             (0.973899 -0.0317131 0)             (0.973942 0.0314568 0)
       2.1044             (0.973852 -0.0319444 0)             (0.973896 0.0316878 0)
       2.1048             (0.973806 -0.0321755 0)             (0.973849 0.0319185 0)
       2.1052             (0.973759 -0.0324064 0)             (0.973803 0.0321491 0)
       2.1056             (0.973712 -0.0326370 0)             (0.973756 0.0323794 0)
        2.106             (0.973666 -0.0328674 0)             (0.973710 0.0326094 0)
       2.1064             (0.973619 -0.0330975 0)             (0.973663 0.0328392 0)
       2.1068             (0.973573 -0.0333274 0)             (0.973617 0.0330687 0)
       2.1072             (0.973526 -0.0335569 0)             (0.973571 0.0332979 0)
       2.1076             (0.973480 -0.0337862 0)             (0.973525 0.0335268 0)
        2.108             (0.973433 -0.0340153 0)             (0.973479 0.0337555 0)
       2.1084             (0.973387 -0.0342440 0)             (0.973433 0.0339839 0)
       2.1088             (0.973341 -0.0344724 0)             (0.973386 0.0342120 0)
       2.1092             (0.973294 -0.0347006 0)             (0.973340 0.0344398 0)
       2.1096             (0.973248 -0.0349284 0)             (0.973294 0.0346673 0)
         2.11             (0.973202 -0.0351559 0)             (0.973249 0.0348946 0)
       2.1104             (0.973156 -0.0353832 0)             (0.973203 0.0351214 0)
       2.1108             (0.973110 -0.0356101 0)             (0.973157 0.0353480 0)
       2.1112             (0.973064 -0.0358367 0)             (0.973111 0.0355743 0)
       2.1116             (0.973018 -0.0360629 0)             (0.973065 0.0358002 0)
        2.112             (0.972972 -0.0362888 0)             (0.973020 0.0360258 0)
       2.1124             (0.972926 -0.0365144 0)             (0.972974 0.0362511 0)
       2.1128             (0.972880 -0.0367397 0)             (0.972928 0.0364760 0)
       2.1132             (0.972834 -0.0369646 0)             (0.972883 0.0367006 0)
       2.1136             (0.972789 -0.0371891 0)             (0.972837 0.0369248 0)
        2.114             (0.972743 -0.0374133 0)             (0.972792 0.0371487 0)
       2.1144             (0.972697 -0.0376371 0)             (0.972746 0.0373722 0)
       2.1148             (0.972651 -0.0378606 0)             (0.972701 0.0375954 0)
       2.1152             (0.972606 -0.0380837 0)             (0.972655 0.0378181 0)
       2.1156             (0.972560 -0.0383064 0)             (0.972610 0.0380405 0)
        2.116             (0.972515 -0.0385287 0)             (0.972565 0.0382625 0)
       2.1164             (0.972469 -0.0387506 0)             (0.972519 0.0384841 0)
       2.1168             (0.972424 -0.0389721 0)             (0.972474 0.0387054 0)
       2.1172             (0.972378 -0.0391932 0)             (0.972429 0.0389262 0)
       2.1176             (0.972333 -0.0394140 0)             (0.972384 0.0391466 0)
        2.118             (0.972288 -0.0396343 0)             (0.972339 0.0393666 0)
       2.1184             (0.972242 -0.0398542 0)             (0.972293 0.0395862 0)
       2.1188             (0.972197 -0.0400736 0)             (0.972248 0.0398054 0)
       2.1192             (0.972152 -0.0402927 0)             (0.972203 0.0400241 0)
       2.1196             (0.972106 -0.0405113 0)             (0.972158 0.0402424 0)
         2.12             (0.972061 -0.0407294 0)             (0.972113 0.0404603 0)
       2.1204             (0.972016 -0.0409471 0)             (0.972068 0.0406777 0)
       2.1208             (0.971971 -0.0411644 0)             (0.972024 0.0408947 0)
       2.1212             (0.971926 -0.0413812 0)             (0.971979 0.0411113 0)
       2.1216             (0.971881 -0.0415976 0)             (0.971934 0.0413273 0)
        2.122             (0.971836 -0.0418134 0)             (0.971889 0.0415429 0)
       2.1224             (0.971791 -0.0420288 0)             (0.971844 0.0417580 0)
       2.1228             (0.971746 -0.0422438 0)             (0.971800 0.0419727 0)
       2.1232             (0.971701 -0.0424582 0)             (0.971755 0.0421869 0)
       2.1236             (0.971656 -0.0426722 0)             (0.971710 0.0424005 0)
        2.124             (0.971611 -0.0428856 0)             (0.971666 0.0426137 0)
       2.1244             (0.971566 -0.0430986 0)             (0.971621 0.0428264 0)
       2.1248             (0.971522 -0.0433110 0)             (0.971576 0.0430386 0)
       2.1252             (0.971477 -0.0435229 0)             (0.971532 0.0432503 0)
       2.1256             (0.971432 -0.0437344 0)             (0.971487 0.0434614 0)
        2.126             (0.971387 -0.0439452 0)             (0.971443 0.0436720 0)
       2.1264             (0.971343 -0.0441556 0)             (0.971399 0.0438821 0)
       2.1268             (0.971298 -0.0443654 0)             (0.971354 0.0440917 0)
       2.1272             (0.971254 -0.0445747 0)             (0.971310 0.0443007 0)
       2.1276             (0.971209 -0.0447834 0)             (0.971265 0.0445092 0)
        2.128             (0.971165 -0.0449916 0)             (0.971221 0.0447171 0)
       2.1284             (0.971120 -0.0451992 0)             (0.971177 0.0449245 0)
       2.1288             (0.971076 -0.0454063 0)             (0.971133 0.0451313 0)
       2.1292             (0.971031 -0.0456128 0)             (0.971088 0.0453376 0)
       2.1296             (0.970987 -0.0458187 0)             (0.971044 0.0455432 0)
         2.13             (0.970942 -0.0460240 0)             (0.971000 0.0457483 0)
       2.1304             (0.970898 -0.0462288 0)             (0.970956 0.0459528 0)
       2.1308             (0.970854 -0.0464329 0)             (0.970912 0.0461567 0)
       2.1312             (0.970810 -0.0466365 0)             (0.970868 0.0463600 0)
       2.1316             (0.970765 -0.0468394 0)             (0.970824 0.0465627 0)
        2.132             (0.970721 -0.0470417 0)             (0.970780 0.0467648 0)
       2.1324             (0.970677 -0.0472434 0)             (0.970736 0.0469663 0)
       2.1328             (0.970633 -0.0474445 0)             (0.970692 0.0471672 0)
       2.1332             (0.970589 -0.0476450 0)             (0.970648 0.0473674 0)
       2.1336             (0.970545 -0.0478448 0)             (0.970604 0.0475670 0)
        2.134             (0.970501 -0.0480440 0)             (0.970561 0.0477660 0)
       2.1344             (0.970457 -0.0482425 0)             (0.970517 0.0479643 0)
       2.1348             (0.970413 -0.0484404 0)             (0.970473 0.0481620 0)
       2.1352             (0.970369 -0.0486376 0)             (0.970429 0.0483590 0)
       2.1356             (0.970325 -0.0488342 0)             (0.970386 0.0485553 0)
        2.136             (0.970281 -0.0490301 0)             (0.970342 0.0487510 0)
       2.1364             (0.970237 -0.0492253 0)             (0.970299 0.0489460 0)
       2.1368             (0.970193 -0.0494198 0)             (0.970255 0.0491403 0)
       2.1372             (0.970150 -0.0496137 0)             (0.970211 0.0493340 0)
       2.1376             (0.970106 -0.0498068 0)             (0.970168 0.0495269 0)
        2.138             (0.970062 -0.0499993 0)             (0.970125 0.0497192 0)
       2.1384             (0.970019 -0.0501910 0)             (0.970081 0.0499107 0)
       2.1388             (0.969975 -0.0503821 0)             (0.970038 0.0501016 0)
       2.1392             (0.969932 -0.0505724 0)             (0.969994 0.0502917 0)
       2.1396             (0.969888 -0.0507620 0)             (0.969951 0.0504811 0)
         2.14             (0.969845 -0.0509508 0)             (0.969908 0.0506697 0)
       2.1404             (0.969801 -0.0511389 0)             (0.969865 0.0508577 0)
       2.1408             (0.969758 -0.0513263 0)             (0.969821 0.0510449 0)
       2.1412             (0.969714 -0.0515130 0)             (0.969778 0.0512313 0)
       2.1416             (0.969671 -0.0516988 0)             (0.969735 0.0514170 0)
        2.142             (0.969628 -0.0518840 0)             (0.969692 0.0516020 0)
       2.1424             (0.969585 -0.0520683 0)             (0.969649 0.0517862 0)
       2.1428             (0.969541 -0.0522519 0)             (0.969606 0.0519696 0)
       2.1432             (0.969498 -0.0524347 0)             (0.969563 0.0521522 0)
       2.1436             (0.969455 -0.0526167 0)             (0.969520 0.0523341 0)
        2.144             (0.969412 -0.0527980 0)             (0.969478 0.0525152 0)
       2.1444             (0.969369 -0.0529784 0)             (0.969435 0.0526954 0)
       2.1448             (0.969326 -0.0531581 0)             (0.969392 0.0528749 0)
       2.1452             (0.969283 -0.0533369 0)             (0.969349 0.0530536 0)
       2.1456             (0.969240 -0.0535149 0)             (0.969307 0.0532315 0)
        2.146             (0.969197 -0.0536921 0)             (0.969264 0.0534085 0)
       2.1464             (0.969155 -0.0538685 0)             (0.969221 0.0535847 0)
       2.1468             (0.969112 -0.0540440 0)             (0.969179 0.0537601 0)
       2.1472             (0.969069 -0.0542187 0)             (0.969136 0.0539347 0)
       2.1476             (0.969027 -0.0543926 0)             (0.969094 0.0541084 0)
        2.148             (0.968984 -0.0545656 0)             (0.969052 0.0542813 0)
       2.1484             (0.968941 -0.0547378 0)             (0.969009 0.0544533 0)
       2.1488             (0.968899 -0.0549091 0)             (0.968967 0.0546245 0)
       2.1492             (0.968857 -0.0550795 0)             (0.968925 0.0547948 0)
       2.1496             (0.968814 -0.0552491 0)             (0.968883 0.0549642 0)
         2.15             (0.968772 -0.0554178 0)             (0.968840 0.0551328 0)
       2.1504             (0.968729 -0.0555856 0)             (0.968798 0.0553005 0)
       2.1508             (0.968687 -0.0557525 0)             (0.968756 0.0554672 0)
       2.1512             (0.968645 -0.0559185 0)             (0.968714 0.0556331 0)
       2.1516             (0.968603 -0.0560836 0)             (0.968672 0.0557981 0)
        2.152             (0.968561 -0.0562478 0)             (0.968631 0.0559622 0)
       2.1524             (0.968519 -0.0564111 0)             (0.968589 0.0561254 0)
       2.1528             (0.968477 -0.0565735 0)             (0.968547 0.0562877 0)
       2.1532             (0.968435 -0.0567349 0)             (0.968505 0.0564490 0)
       2.1536             (0.968393 -0.0568955 0)             (0.968464 0.0566094 0)
        2.154             (0.968351 -0.0570551 0)             (0.968422 0.0567689 0)
       2.1544             (0.968310 -0.0572137 0)             (0.968381 0.0569275 0)
       2.1548             (0.968268 -0.0573714 0)             (0.968339 0.0570851 0)
       2.1552             (0.968227 -0.0575281 0)             (0.968298 0.0572417 0)
       2.1556             (0.968185 -0.0576839 0)             (0.968257 0.0573974 0)
        2.156             (0.968144 -0.0578387 0)             (0.968215 0.0575521 0)
       2.1564             (0.968102 -0.0579926 0)             (0.968174 0.0577059 0)
       2.1568             (0.968061 -0.0581454 0)             (0.968133 0.0578587 0)
       2.1572             (0.968020 -0.0582973 0)             (0.968092 0.0580105 0)
       2.1576             (0.967978 -0.0584482 0)             (0.968051 0.0581613 0)
        2.158             (0.967937 -0.0585981 0)             (0.968010 0.0583111 0)
       2.1584             (0.967896 -0.0587470 0)             (0.967969 0.0584599 0)
       2.1588             (0.967855 -0.0588949 0)             (0.967929 0.0586078 0)
       2.1592             (0.967815 -0.0590418 0)             (0.967888 0.0587546 0)
       2.1596             (0.967774 -0.0591876 0)             (0.967847 0.0589004 0)
         2.16             (0.967733 -0.0593325 0)             (0.967807 0.0590452 0)
       2.1604             (0.967692 -0.0594763 0)             (0.967766 0.0591889 0)
       2.1608             (0.967652 -0.0596191 0)             (0.967726 0.0593317 0)
       2.1612             (0.967611 -0.0597608 0)             (0.967686 0.0594734 0)
       2.1616             (0.967571 -0.0599015 0)             (0.967645 0.0596140 0)
        2.162             (0.967530 -0.0600412 0)             (0.967605 0.0597536 0)
       2.1624             (0.967490 -0.0601798 0)             (0.967565 0.0598922 0)
       2.1628             (0.967450 -0.0603173 0)             (0.967525 0.0600296 0)
       2.1632             (0.967410 -0.0604538 0)             (0.967485 0.0601661 0)
       2.1636             (0.967370 -0.0605892 0)             (0.967446 0.0603014 0)
        2.164             (0.967330 -0.0607235 0)             (0.967406 0.0604357 0)
       2.1644             (0.967290 -0.0608567 0)             (0.967366 0.0605689 0)
       2.1648             (0.967250 -0.0609888 0)             (0.967327 0.0607010 0)
       2.1652             (0.967211 -0.0611199 0)             (0.967287 0.0608321 0)
       2.1656             (0.967171 -0.0612498 0)             (0.967248 0.0609620 0)
        2.166             (0.967132 -0.0613787 0)             (0.967209 0.0610908 0)
       2.1664             (0.967092 -0.0615064 0)             (0.967169 0.0612185 0)
       2.1668             (0.967053 -0.0616330 0)             (0.967130 0.0613451 0)
       2.1672             (0.967014 -0.0617585 0)             (0.967091 0.0614706 0)
       2.1676             (0.966975 -0.0618829 0)             (0.967052 0.0615950 0)
        2.168             (0.966936 -0.0620061 0)             (0.967014 0.0617182 0)
       2.1684             (0.966897 -0.0621282 0)             (0.966975 0.0618403 0)
       2.1688             (0.966858 -0.0622492 0)             (0.966936 0.0619613 0)
       2.1692             (0.966820 -0.0623690 0)             (0.966898 0.0620811 0)
       2.1696             (0.966781 -0.0624876 0)             (0.966860 0.0621998 0)
         2.17             (0.966742 -0.0626051 0)             (0.966821 0.0623173 0)
       2.1704             (0.966704 -0.0627215 0)             (0.966783 0.0624336 0)
       2.1708             (0.966666 -0.0628366 0)             (0.966745 0.0625488 0)
       2.1712             (0.966628 -0.0629506 0)             (0.966707 0.0626628 0)
       2.1716             (0.966590 -0.0630634 0)             (0.966669 0.0627757 0)
        2.172             (0.966552 -0.0631751 0)             (0.966632 0.0628873 0)
       2.1724             (0.966514 -0.0632855 0)             (0.966594 0.0629978 0)
       2.1728             (0.966476 -0.0633948 0)             (0.966556 0.0631071 0)
       2.1732             (0.966439 -0.0635028 0)             (0.966519 0.0632152 0)
       2.1736             (0.966401 -0.0636097 0)             (0.966482 0.0633220 0)
        2.174             (0.966364 -0.0637153 0)             (0.966445 0.0634277 0)
       2.1744             (0.966327 -0.0638197 0)             (0.966408 0.0635322 0)
       2.1748             (0.966290 -0.0639229 0)             (0.966371 0.0636355 0)
       2.1752             (0.966253 -0.0640249 0)             (0.966334 0.0637375 0)
       2.1756             (0.966216 -0.0641256 0)             (0.966297 0.0638383 0)
        2.176             (0.966179 -0.0642252 0)             (0.966261 0.0639379 0)
       2.1764             (0.966143 -0.0643234 0)             (0.966224 0.0640362 0)
       2.1768             (0.966106 -0.0644205 0)             (0.966188 0.0641333 0)
       2.1772             (0.966070 -0.0645163 0)             (0.966152 0.0642292 0)
       2.1776             (0.966034 -0.0646108 0)             (0.966116 0.0643238 0)
        2.178             (0.965998 -0.0647041 0)             (0.966080 0.0644172 0)
       2.1784             (0.965962 -0.0647961 0)             (0.966044 0.0645093 0)
       2.1788             (0.965926 -0.0648869 0)             (0.966009 0.0646001 0)
       2.1792             (0.965890 -0.0649764 0)             (0.965973 0.0646897 0)
       2.1796             (0.965855 -0.0650646 0)             (0.965938 0.0647780 0)
         2.18             (0.965820 -0.0651515 0)             (0.965903 0.0648650 0)
       2.1804             (0.965784 -0.0652371 0)             (0.965868 0.0649507 0)
       2.1808             (0.965749 -0.0653215 0)             (0.965833 0.0650352 0)
       2.1812             (0.965715 -0.0654046 0)             (0.965798 0.0651184 0)
       2.1816             (0.965680 -0.0654863 0)             (0.965764 0.0652002 0)
        2.182             (0.965645 -0.0655668 0)             (0.965729 0.0652808 0)
       2.1824             (0.965611 -0.0656460 0)             (0.965695 0.0653601 0)
       2.1828             (0.965576 -0.0657238 0)             (0.965661 0.0654380 0)
       2.1832             (0.965542 -0.0658003 0)             (0.965627 0.0655147 0)
       2.1836             (0.965508 -0.0658755 0)             (0.965593 0.0655900 0)
        2.184             (0.965475 -0.0659494 0)             (0.965560 0.0656640 0)
       2.1844             (0.965441 -0.0660220 0)             (0.965526 0.0657367 0)
       2.1848             (0.965407 -0.0660932 0)             (0.965493 0.0658081 0)
       2.1852             (0.965374 -0.0661631 0)             (0.965460 0.0658781 0)
       2.1856             (0.965341 -0.0662317 0)             (0.965427 0.0659468 0)
        2.186             (0.965308 -0.0662989 0)             (0.965394 0.0660142 0)
       2.1864             (0.965275 -0.0663647 0)             (0.965361 0.0660802 0)
       2.1868             (0.965243 -0.0664292 0)             (0.965329 0.0661448 0)
       2.1872             (0.965210 -0.0664924 0)             (0.965297 0.0662081 0)
       2.1876             (0.965178 -0.0665542 0)             (0.965265 0.0662701 0)
        2.188             (0.965146 -0.0666146 0)             (0.965233 0.0663307 0)
       2.1884             (0.965114 -0.0666737 0)             (0.965201 0.0663899 0)
       2.1888             (0.965082 -0.0667314 0)             (0.965169 0.0664478 0)
       2.1892             (0.965051 -0.0667877 0)             (0.965138 0.0665042 0)
       2.1896             (0.965019 -0.0668426 0)             (0.965107 0.0665593 0)
         2.19             (0.964988 -0.0668961 0)             (0.965076 0.0666131 0)
       2.1904             (0.964957 -0.0669483 0)             (0.965045 0.0666654 0)
       2.1908             (0.964926 -0.0669991 0)             (0.965014 0.0667164 0)
       2.1912             (0.964896 -0.0670485 0)             (0.964984 0.0667659 0)
       2.1916             (0.964865 -0.0670964 0)             (0.964953 0.0668141 0)
        2.192             (0.964835 -0.0671430 0)             (0.964923 0.0668609 0)
       2.1924             (0.964805 -0.0671882 0)             (0.964893 0.0669063 0)
       2.1928             (0.964775 -0.0672320 0)             (0.964864 0.0669502 0)
       2.1932             (0.964746 -0.0672743 0)             (0.964834 0.0669928 0)
       2.1936             (0.964716 -0.0673153 0)             (0.964805 0.0670339 0)
        2.194             (0.964687 -0.0673548 0)             (0.964776 0.0670737 0)
       2.1944             (0.964658 -0.0673929 0)             (0.964747 0.0671120 0)
       2.1948             (0.964629 -0.0674296 0)             (0.964719 0.0671489 0)
       2.1952             (0.964601 -0.0674648 0)             (0.964690 0.0671844 0)
       2.1956             (0.964572 -0.0674986 0)             (0.964662 0.0672184 0)
        2.196             (0.964544 -0.0675310 0)             (0.964634 0.0672510 0)
       2.1964             (0.964516 -0.0675620 0)             (0.964606 0.0672822 0)
       2.1968             (0.964488 -0.0675915 0)             (0.964579 0.0673120 0)
       2.1972             (0.964461 -0.0676195 0)             (0.964551 0.0673403 0)
       2.1976             (0.964434 -0.0676462 0)             (0.964524 0.0673671 0)
        2.198             (0.964407 -0.0676713 0)             (0.964497 0.0673925 0)
       2.1984             (0.964380 -0.0676951 0)             (0.964470 0.0674165 0)
       2.1988             (0.964353 -0.0677173 0)             (0.964444 0.0674390 0)
       2.1992             (0.964327 -0.0677381 0)             (0.964418 0.0674601 0)
       2.1996             (0.964301 -0.0677575 0)             (0.964392 0.0674797 0)
          2.2             (0.964275 -0.0677753 0)             (0.964366 0.0674978 0)
       2.2004             (0.964249 -0.0677918 0)             (0.964341 0.0675145 0)
       2.2008             (0.964224 -0.0678067 0)             (0.964315 0.0675297 0)
       2.2012             (0.964199 -0.0678202 0)             (0.964290 0.0675435 0)
       2.2016             (0.964174 -0.0678322 0)             (0.964265 0.0675558 0)
        2.202             (0.964149 -0.0678427 0)             (0.964241 0.0675666 0)
       2.2024             (0.964125 -0.0678518 0)             (0.964217 0.0675759 0)
       2.2028             (0.964100 -0.0678593 0)             (0.964192 0.0675838 0)
       2.2032             (0.964077 -0.0678654 0)             (0.964169 0.0675902 0)
       2.2036             (0.964053 -0.0678700 0)             (0.964145 0.0675951 0)
        2.204             (0.964029 -0.0678731 0)             (0.964122 0.0675985 0)
       2.2044             (0.964006 -0.0678747 0)             (0.964099 0.0676004 0)
       2.2048             (0.963983 -0.0678749 0)             (0.964076 0.0676008 0)
       2.2052             (0.963961 -0.0678735 0)             (0.964053 0.0675998 0)
       2.2056             (0.963938 -0.0678706 0)             (0.964031 0.0675972 0)
        2.206             (0.963916 -0.0678663 0)             (0.964009 0.0675932 0)
       2.2064             (0.963894 -0.0678604 0)             (0.963987 0.0675876 0)
       2.2068             (0.963873 -0.0678530 0)             (0.963966 0.0675806 0)
       2.2072             (0.963851 -0.0678442 0)             (0.963945 0.0675721 0)
       2.2076             (0.963830 -0.0678338 0)             (0.963924 0.0675620 0)
        2.208             (0.963810 -0.0678219 0)             (0.963903 0.0675505 0)
       2.2084             (0.963789 -0.0678085 0)             (0.963883 0.0675374 0)
       2.2088             (0.963769 -0.0677936 0)             (0.963862 0.0675229 0)
       2.2092             (0.963749 -0.0677772 0)             (0.963843 0.0675068 0)
       2.2096             (0.963729 -0.0677593 0)             (0.963823 0.0674892 0)
         2.21             (0.963710 -0.0677398 0)             (0.963804 0.0674701 0)
       2.2104             (0.963691 -0.0677188 0)             (0.963785 0.0674495 0)
       2.2108             (0.963672 -0.0676963 0)             (0.963766 0.0674274 0)
       2.2112             (0.963653 -0.0676723 0)             (0.963748 0.0674037 0)
       2.2116             (0.963635 -0.0676468 0)             (0.963730 0.0673786 0)
        2.212             (0.963617 -0.0676197 0)             (0.963712 0.0673519 0)
       2.2124             (0.963600 -0.0675912 0)             (0.963694 0.0673237 0)
       2.2128             (0.963582 -0.0675611 0)             (0.963677 0.0672940 0)
       2.2132             (0.963565 -0.0675294 0)             (0.963660 0.0672627 0)
       2.2136             (0.963549 -0.0674963 0)             (0.963643 0.0672299 0)
        2.214             (0.963532 -0.0674616 0)             (0.963627 0.0671956 0)
       2.2144             (0.963516 -0.0674253 0)             (0.963611 0.0671598 0)
       2.2148             (0.963500 -0.0673876 0)             (0.963595 0.0671225 0)
       2.2152             (0.963485 -0.0673483 0)             (0.963580 0.0670836 0)
       2.2156             (0.963469 -0.0673075 0)             (0.963565 0.0670432 0)
        2.216             (0.963455 -0.0672651 0)             (0.963550 0.0670012 0)
       2.2164             (0.963440 -0.0672212 0)             (0.963535 0.0669577 0)
       2.2168             (0.963426 -0.0671758 0)             (0.963521 0.0669127 0)
       2.2172             (0.963412 -0.0671289 0)             (0.963507 0.0668662 0)
       2.2176             (0.963398 -0.0670804 0)             (0.963494 0.0668181 0)
        2.218             (0.963385 -0.0670303 0)             (0.963480 0.0667685 0)
       2.2184             (0.963372 -0.0669787 0)             (0.963468 0.0667174 0)
       2.2188             (0.963359 -0.0669256 0)             (0.963455 0.0666647 0)
       2.2192             (0.963347 -0.0668710 0)             (0.963443 0.0666105 0)
       2.2196             (0.963335 -0.0668148 0)             (0.963431 0.0665547 0)
         2.22             (0.963323 -0.0667570 0)             (0.963419 0.0664974 0)
       2.2204             (0.963312 -0.0666978 0)             (0.963408 0.0664386 0)
       2.2208             (0.963301 -0.0666370 0)             (0.963397 0.0663783 0)
       2.2212             (0.963290 -0.0665746 0)             (0.963387 0.0663164 0)
       2.2216             (0.963280 -0.0665107 0)             (0.963376 0.0662529 0)
        2.222             (0.963270 -0.0664453 0)             (0.963366 0.0661880 0)
       2.2224             (0.963261 -0.0663783 0)             (0.963357 0.0661215 0)
       2.2228             (0.963251 -0.0663098 0)             (0.963348 0.0660534 0)
       2.2232             (0.963242 -0.0662397 0)             (0.963339 0.0659838 0)
       2.2236             (0.963234 -0.0661681 0)             (0.963330 0.0659127 0)
        2.224             (0.963226 -0.0660950 0)             (0.963322 0.0658401 0)
       2.2244             (0.963218 -0.0660203 0)             (0.963314 0.0657659 0)
       2.2248             (0.963210 -0.0659441 0)             (0.963307 0.0656901 0)
       2.2252             (0.963203 -0.0658663 0)             (0.963300 0.0656129 0)
       2.2256             (0.963196 -0.0657870 0)             (0.963293 0.0655341 0)
        2.226             (0.963190 -0.0657062 0)             (0.963286 0.0654537 0)
       2.2264             (0.963184 -0.0656238 0)             (0.963280 0.0653719 0)
       2.2268             (0.963178 -0.0655399 0)             (0.963275 0.0652884 0)
       2.2272             (0.963173 -0.0654544 0)             (0.963269 0.0652035 0)
       2.2276             (0.963168 -0.0653674 0)             (0.963265 0.0651170 0)
        2.228             (0.963163 -0.0652789 0)             (0.963260 0.0650290 0)
       2.2284             (0.963159 -0.0651889 0)             (0.963256 0.0649395 0)
       2.2288             (0.963155 -0.0650973 0)             (0.963252 0.0648484 0)
       2.2292             (0.963152 -0.0650041 0)             (0.963248 0.0647558 0)
       2.2296             (0.963149 -0.0649095 0)             (0.963245 0.0646617 0)
         2.23             (0.963146 -0.0648133 0)             (0.963243 0.0645661 0)
       2.2304             (0.963144 -0.0647156 0)             (0.963240 0.0644689 0)
       2.2308             (0.963142 -0.0646163 0)             (0.963238 0.0643702 0)
       2.2312             (0.963140 -0.0645155 0)             (0.963237 0.0642699 0)
       2.2316             (0.963139 -0.0644132 0)             (0.963236 0.0641682 0)
        2.232             (0.963138 -0.0643094 0)             (0.963235 0.0640649 0)
       2.2324             (0.963138 -0.0642040 0)             (0.963234 0.0639601 0)
       2.2328             (0.963138 -0.0640972 0)             (0.963234 0.0638538 0)
       2.2332             (0.963138 -0.0639888 0)             (0.963235 0.0637460 0)
       2.2336             (0.963139 -0.0638788 0)             (0.963235 0.0636366 0)
        2.234             (0.963140 -0.0637674 0)             (0.963237 0.0635257 0)
       2.2344             (0.963141 -0.0636544 0)             (0.963238 0.0634134 0)
       2.2348             (0.963143 -0.0635400 0)             (0.963240 0.0632995 0)
       2.2352             (0.963146 -0.0634240 0)             (0.963242 0.0631841 0)
       2.2356             (0.963148 -0.0633065 0)             (0.963245 0.0630672 0)
        2.236             (0.963152 -0.0631875 0)             (0.963248 0.0629487 0)
       2.2364             (0.963155 -0.0630669 0)             (0.963252 0.0628288 0)
       2.2368             (0.963159 -0.0629449 0)             (0.963256 0.0627074 0)
       2.2372             (0.963163 -0.0628214 0)             (0.963260 0.0625845 0)
       2.2376             (0.963168 -0.0626963 0)             (0.963265 0.0624600 0)
        2.238             (0.963173 -0.0625698 0)             (0.963270 0.0623341 0)
       2.2384             (0.963179 -0.0624418 0)             (0.963276 0.0622067 0)
       2.2388             (0.963185 -0.0623122 0)             (0.963282 0.0620778 0)
       2.2392             (0.963192 -0.0621812 0)             (0.963288 0.0619474 0)
       2.2396             (0.963198 -0.0620487 0)             (0.963295 0.0618155 0)
         2.24             (0.963206 -0.0619147 0)             (0.963302 0.0616821 0)
       2.2404             (0.963213 -0.0617792 0)             (0.963310 0.0615472 0)
       2.2408             (0.963221 -0.0616422 0)             (0.963318 0.0614109 0)
       2.2412             (0.963230 -0.0615038 0)             (0.963326 0.0612731 0)
       2.2416             (0.963239 -0.0613638 0)             (0.963335 0.0611338 0)
        2.242             (0.963248 -0.0612224 0)             (0.963345 0.0609930 0)
       2.2424             (0.963258 -0.0610795 0)             (0.963354 0.0608507 0)
       2.2428             (0.963268 -0.0609351 0)             (0.963365 0.0607070 0)
       2.2432             (0.963279 -0.0607893 0)             (0.963375 0.0605618 0)
       2.2436             (0.963290 -0.0606420 0)             (0.963386 0.0604152 0)
        2.244             (0.963302 -0.0604932 0)             (0.963398 0.0602671 0)
       2.2444             (0.963314 -0.0603430 0)             (0.963410 0.0601175 0)
       2.2448             (0.963326 -0.0601913 0)             (0.963422 0.0599665 0)
       2.2452             (0.963339 -0.0600382 0)             (0.963435 0.0598140 0)
       2.2456             (0.963352 -0.0598836 0)             (0.963448 0.0596601 0)
        2.246             (0.963366 -0.0597275 0)             (0.963462 0.0595047 0)
       2.2464             (0.963380 -0.0595700 0)             (0.963476 0.0593479 0)
       2.2468             (0.963395 -0.0594111 0)             (0.963490 0.0591897 0)
       2.2472             (0.963410 -0.0592507 0)             (0.963505 0.0590300 0)
       2.2476             (0.963425 -0.0590889 0)             (0.963521 0.0588689 0)
        2.248             (0.963441 -0.0589257 0)             (0.963537 0.0587063 0)
       2.2484             (0.963458 -0.0587610 0)             (0.963553 0.0585424 0)
       2.2488             (0.963474 -0.0585949 0)             (0.963570 0.0583770 0)
       2.2492             (0.963492 -0.0584274 0)             (0.963587 0.0582102 0)
       2.2496             (0.963509 -0.0582585 0)             (0.963604 0.0580419 0)
         2.25             (0.963528 -0.0580881 0)             (0.963623 0.0578723 0)
       2.2504             (0.963546 -0.0579163 0)             (0.963641 0.0577012 0)
       2.2508             (0.963565 -0.0577432 0)             (0.963660 0.0575288 0)
       2.2512             (0.963585 -0.0575686 0)             (0.963680 0.0573549 0)
       2.2516             (0.963605 -0.0573926 0)             (0.963699 0.0571797 0)
        2.252             (0.963625 -0.0572152 0)             (0.963720 0.0570030 0)
       2.2524             (0.963646 -0.0570365 0)             (0.963741 0.0568250 0)
       2.2528             (0.963668 -0.0568563 0)             (0.963762 0.0566456 0)
       2.2532             (0.963690 -0.0566748 0)             (0.963784 0.0564648 0)
       2.2536             (0.963712 -0.0564919 0)             (0.963806 0.0562826 0)
        2.254             (0.963735 -0.0563076 0)             (0.963828 0.0560991 0)
       2.2544             (0.963758 -0.0561219 0)             (0.963852 0.0559141 0)
       2.2548             (0.963781 -0.0559349 0)             (0.963875 0.0557279 0)
       2.2552             (0.963806 -0.0557465 0)             (0.963899 0.0555402 0)
       2.2556             (0.963830 -0.0555567 0)             (0.963924 0.0553512 0)
        2.256             (0.963855 -0.0553656 0)             (0.963949 0.0551609 0)
       2.2564             (0.963881 -0.0551732 0)             (0.963974 0.0549692 0)
       2.2568             (0.963907 -0.0549793 0)             (0.964000 0.0547761 0)
       2.2572             (0.963933 -0.0547842 0)             (0.964026 0.0545817 0)
       2.2576             (0.963960 -0.0545877 0)             (0.964053 0.0543860 0)
        2.258             (0.963988 -0.0543899 0)             (0.964080 0.0541890 0)
       2.2584             (0.964016 -0.0541907 0)             (0.964108 0.0539906 0)
       2.2588             (0.964044 -0.0539903 0)             (0.964136 0.0537909 0)
       2.2592             (0.964073 -0.0537885 0)             (0.964165 0.0535899 0)
       2.2596             (0.964102 -0.0535854 0)             (0.964194 0.0533876 0)
         2.26             (0.964132 -0.0533810 0)             (0.964224 0.0531840 0)
       2.2604             (0.964162 -0.0531753 0)             (0.964254 0.0529791 0)
       2.2608             (0.964193 -0.0529683 0)             (0.964284 0.0527729 0)
       2.2612             (0.964224 -0.0527600 0)             (0.964316 0.0525654 0)
       2.2616             (0.964256 -0.0525504 0)             (0.964347 0.0523566 0)
        2.262             (0.964288 -0.0523395 0)             (0.964379 0.0521465 0)
       2.2624             (0.964321 -0.0521273 0)             (0.964412 0.0519352 0)
       2.2628             (0.964354 -0.0519139 0)             (0.964444 0.0517225 0)
       2.2632             (0.964387 -0.0516992 0)             (0.964478 0.0515087 0)
       2.2636             (0.964421 -0.0514832 0)             (0.964512 0.0512935 0)
        2.264             (0.964456 -0.0512660 0)             (0.964546 0.0510771 0)
       2.2644             (0.964491 -0.0510476 0)             (0.964581 0.0508595 0)
       2.2648             (0.964527 -0.0508278 0)             (0.964616 0.0506406 0)
       2.2652             (0.964563 -0.0506069 0)             (0.964652 0.0504205 0)
       2.2656             (0.964599 -0.0503847 0)             (0.964689 0.0501991 0)
        2.266             (0.964636 -0.0501613 0)             (0.964725 0.0499765 0)
       2.2664             (0.964673 -0.0499366 0)             (0.964763 0.0497527 0)
       2.2668             (0.964711 -0.0497108 0)             (0.964800 0.0495277 0)
       2.2672             (0.964750 -0.0494837 0)             (0.964839 0.0493015 0)
       2.2676             (0.964789 -0.0492554 0)             (0.964877 0.0490740 0)
        2.268             (0.964828 -0.0490259 0)             (0.964916 0.0488454 0)
       2.2684             (0.964868 -0.0487952 0)             (0.964956 0.0486156 0)
       2.2688             (0.964908 -0.0485634 0)             (0.964996 0.0483845 0)
       2.2692             (0.964949 -0.0483303 0)             (0.965037 0.0481523 0)
       2.2696             (0.964990 -0.0480961 0)             (0.965078 0.0479190 0)
         2.27             (0.965032 -0.0478607 0)             (0.965120 0.0476844 0)
       2.2704             (0.965075 -0.0476241 0)             (0.965162 0.0474487 0)
       2.2708             (0.965117 -0.0473864 0)             (0.965204 0.0472119 0)
       2.2712             (0.965161 -0.0471475 0)             (0.965247 0.0469739 0)
       2.2716             (0.965204 -0.0469075 0)             (0.965291 0.0467347 0)
        2.272             (0.965249 -0.0466663 0)             (0.965335 0.0464944 0)
       2.2724             (0.965293 -0.0464240 0)             (0.965379 0.0462530 0)
       2.2728             (0.965339 -0.0461806 0)             (0.965424 0.0460104 0)
       2.2732             (0.965384 -0.0459360 0)             (0.965470 0.0457667 0)
       2.2736             (0.965430 -0.0456903 0)             (0.965516 0.0455220 0)
        2.274             (0.965477 -0.0454435 0)             (0.965562 0.0452761 0)
       2.2744             (0.965524 -0.0451957 0)             (0.965609 0.0450291 0)
       2.2748             (0.965572 -0.0449467 0)             (0.965656 0.0447810 0)
       2.2752             (0.965620 -0.0446966 0)             (0.965704 0.0445318 0)
       2.2756             (0.965669 -0.0444454 0)             (0.965753 0.0442815 0)
        2.276             (0.965718 -0.0441932 0)             (0.965802 0.0440302 0)
       2.2764             (0.965767 -0.0439399 0)             (0.965851 0.0437778 0)
       2.2768             (0.965817 -0.0436855 0)             (0.965901 0.0435244 0)
       2.2772             (0.965868 -0.0434301 0)             (0.965951 0.0432698 0)
       2.2776             (0.965919 -0.0431736 0)             (0.966002 0.0430143 0)
        2.278             (0.965970 -0.0429161 0)             (0.966053 0.0427577 0)
       2.2784             (0.966022 -0.0426576 0)             (0.966105 0.0425000 0)
       2.2788             (0.966075 -0.0423980 0)             (0.966157 0.0422414 0)
       2.2792             (0.966128 -0.0421374 0)             (0.966210 0.0419817 0)
       2.2796             (0.966181 -0.0418758 0)             (0.966263 0.0417210 0)
         2.28             (0.966235 -0.0416131 0)             (0.966317 0.0414593 0)
       2.2804             (0.966290 -0.0413495 0)             (0.966371 0.0411966 0)
       2.2808             (0.966345 -0.0410849 0)             (0.966425 0.0409329 0)
       2.2812             (0.966400 -0.0408193 0)             (0.966480 0.0406682 0)
       2.2816             (0.966456 -0.0405527 0)             (0.966536 0.0404025 0)
        2.282             (0.966512 -0.0402851 0)             (0.966592 0.0401359 0)
       2.2824             (0.966569 -0.0400166 0)             (0.966649 0.0398683 0)
       2.2828             (0.966626 -0.0397471 0)             (0.966706 0.0395998 0)
       2.2832             (0.966684 -0.0394766 0)             (0.966763 0.0393303 0)
       2.2836             (0.966742 -0.0392052 0)             (0.966821 0.0390598 0)
        2.284             (0.966801 -0.0389329 0)             (0.966880 0.0387885 0)
       2.2844             (0.966860 -0.0386597 0)             (0.966939 0.0385162 0)
       2.2848             (0.966920 -0.0383855 0)             (0.966998 0.0382429 0)
       2.2852             (0.966980 -0.0381104 0)             (0.967058 0.0379688 0)
       2.2856             (0.967041 -0.0378344 0)             (0.967118 0.0376938 0)
        2.286             (0.967102 -0.0375575 0)             (0.967179 0.0374178 0)
       2.2864             (0.967164 -0.0372797 0)             (0.967240 0.0371410 0)
       2.2868             (0.967226 -0.0370011 0)             (0.967302 0.0368633 0)
       2.2872             (0.967288 -0.0367215 0)             (0.967364 0.0365847 0)
       2.2876             (0.967351 -0.0364411 0)             (0.967427 0.0363052 0)
        2.288             (0.967415 -0.0361598 0)             (0.967490 0.0360249 0)
       2.2884             (0.967479 -0.0358777 0)             (0.967554 0.0357438 0)
       2.2888             (0.967543 -0.0355947 0)             (0.967618 0.0354618 0)
       2.2892             (0.967608 -0.0353109 0)             (0.967683 0.0351789 0)
       2.2896             (0.967673 -0.0350262 0)             (0.967748 0.0348952 0)
         2.29             (0.967739 -0.0347407 0)             (0.967813 0.0346108 0)
       2.2904             (0.967806 -0.0344545 0)             (0.967879 0.0343254 0)
       2.2908             (0.967872 -0.0341674 0)             (0.967945 0.0340393 0)
       2.2912             (0.967940 -0.0338795 0)             (0.968012 0.0337524 0)
       2.2916             (0.968007 -0.0335908 0)             (0.968080 0.0334647 0)
        2.292             (0.968075 -0.0333013 0)             (0.968148 0.0331762 0)
       2.2924             (0.968144 -0.0330111 0)             (0.968216 0.0328870 0)
       2.2928             (0.968213 -0.0327201 0)             (0.968285 0.0325970 0)
       2.2932             (0.968283 -0.0324283 0)             (0.968354 0.0323062 0)
       2.2936             (0.968353 -0.0321358 0)             (0.968423 0.0320147 0)
        2.294             (0.968423 -0.0318425 0)             (0.968494 0.0317224 0)
       2.2944             (0.968494 -0.0315485 0)             (0.968564 0.0314294 0)
       2.2948             (0.968565 -0.0312538 0)             (0.968635 0.0311357 0)
       2.2952             (0.968637 -0.0309583 0)             (0.968707 0.0308412 0)
       2.2956             (0.968709 -0.0306622 0)             (0.968778 0.0305461 0)
        2.296             (0.968782 -0.0303653 0)             (0.968851 0.0302502 0)
       2.2964             (0.968855 -0.0300677 0)             (0.968924 0.0299537 0)
       2.2968             (0.968929 -0.0297695 0)             (0.968997 0.0296564 0)
       2.2972             (0.969003 -0.0294706 0)             (0.969071 0.0293585 0)
       2.2976             (0.969078 -0.0291710 0)             (0.969145 0.0290599 0)
        2.298             (0.969153 -0.0288707 0)             (0.969219 0.0287607 0)
       2.2984             (0.969228 -0.0285698 0)             (0.969294 0.0284608 0)
       2.2988             (0.969304 -0.0282683 0)             (0.969370 0.0281603 0)
       2.2992             (0.969380 -0.0279661 0)             (0.969446 0.0278591 0)
       2.2996             (0.969457 -0.0276633 0)             (0.969522 0.0275573 0)
          2.3             (0.969534 -0.0273599 0)             (0.969599 0.0272549 0)
       2.3004             (0.969612 -0.0270558 0)             (0.969676 0.0269519 0)
       2.3008             (0.969690 -0.0267512 0)             (0.969754 0.0266483 0)
       2.3012             (0.969768 -0.0264459 0)             (0.969832 0.0263441 0)
       2.3016             (0.969847 -0.0261401 0)             (0.969910 0.0260393 0)
        2.302             (0.969926 -0.0258337 0)             (0.969989 0.0257339 0)
       2.3024             (0.970006 -0.0255267 0)             (0.970068 0.0254280 0)
       2.3028             (0.970086 -0.0252192 0)             (0.970148 0.0251215 0)
       2.3032             (0.970167 -0.0249111 0)             (0.970228 0.0248144 0)
       2.3036             (0.970248 -0.0246025 0)             (0.970309 0.0245068 0)
        2.304             (0.970329 -0.0242933 0)             (0.970390 0.0241987 0)
       2.3044             (0.970411 -0.0239837 0)             (0.970472 0.0238900 0)
       2.3048             (0.970493 -0.0236735 0)             (0.970553 0.0235809 0)
       2.3052             (0.970576 -0.0233628 0)             (0.970636 0.0232712 0)
       2.3056             (0.970659 -0.0230515 0)             (0.970718 0.0229610 0)
        2.306             (0.970743 -0.0227398 0)             (0.970801 0.0226504 0)
       2.3064             (0.970827 -0.0224277 0)             (0.970885 0.0223392 0)
       2.3068             (0.970911 -0.0221150 0)             (0.970969 0.0220276 0)
       2.3072             (0.970996 -0.0218019 0)             (0.971053 0.0217155 0)
       2.3076             (0.971081 -0.0214883 0)             (0.971138 0.0214030 0)
        2.308             (0.971166 -0.0211743 0)             (0.971223 0.0210900 0)
       2.3084             (0.971252 -0.0208598 0)             (0.971309 0.0207766 0)
       2.3088             (0.971339 -0.0205449 0)             (0.971395 0.0204628 0)
       2.3092             (0.971425 -0.0202296 0)             (0.971481 0.0201485 0)
       2.3096             (0.971513 -0.0199139 0)             (0.971568 0.0198338 0)
         2.31             (0.971600 -0.0195977 0)             (0.971655 0.0195187 0)
       2.3104             (0.971688 -0.0192812 0)             (0.971742 0.0192033 0)
       2.3108             (0.971776 -0.0189643 0)             (0.971830 0.0188874 0)
       2.3112             (0.971865 -0.0186470 0)             (0.971918 0.0185712 0)
       2.3116             (0.971954 -0.0183293 0)             (0.972007 0.0182546 0)
        2.312             (0.972044 -0.0180113 0)             (0.972096 0.0179376 0)
       2.3124             (0.972134 -0.0176929 0)             (0.972185 0.0176203 0)
       2.3128             (0.972224 -0.0173742 0)             (0.972275 0.0173026 0)
       2.3132             (0.972314 -0.0170552 0)             (0.972365 0.0169846 0)
       2.3136             (0.972405 -0.0167358 0)             (0.972456 0.0166663 0)
        2.314             (0.972497 -0.0164161 0)             (0.972547 0.0163477 0)
       2.3144             (0.972588 -0.0160961 0)             (0.972638 0.0160288 0)
       2.3148             (0.972681 -0.0157758 0)             (0.972730 0.0157095 0)
       2.3152             (0.972773 -0.0154553 0)             (0.972822 0.0153900 0)
       2.3156             (0.972866 -0.0151344 0)             (0.972914 0.0150702 0)
        2.316             (0.972959 -0.0148133 0)             (0.973007 0.0147502 0)
       2.3164             (0.973052 -0.0144919 0)             (0.973100 0.0144298 0)
       2.3168             (0.973146 -0.0141702 0)             (0.973193 0.0141092 0)
       2.3172             (0.973241 -0.0138483 0)             (0.973287 0.0137884 0)
       2.3176             (0.973335 -0.0135262 0)             (0.973381 0.0134674 0)
        2.318             (0.973430 -0.0132039 0)             (0.973475 0.0131461 0)
       2.3184             (0.973525 -0.0128813 0)             (0.973570 0.0128246 0)
       2.3188             (0.973621 -0.0125585 0)             (0.973665 0.0125029 0)
       2.3192             (0.973717 -0.0122355 0)             (0.973761 0.0121810 0)
       2.3196             (0.973813 -0.0119124 0)             (0.973857 0.0118589 0)
         2.32             (0.973910 -0.0115890 0)             (0.973953 0.0115366 0)
       2.3204             (0.974007 -0.0112655 0)             (0.974049 0.0112141 0)
       2.3208             (0.974104 -0.0109418 0)             (0.974146 0.0108915 0)
       2.3212             (0.974202 -0.0106180 0)             (0.974243 0.0105687 0)
       2.3216             (0.974300 -0.0102940 0)             (0.974341 0.0102458 0)
        2.322             (0.974398 -0.0099698 0)             (0.974439 0.0099228 0)
       2.3224             (0.974497 -0.0096456 0)             (0.974537 0.0095996 0)
       2.3228             (0.974596 -0.0093212 0)             (0.974635 0.0092763 0)
       2.3232             (0.974695 -0.0089967 0)             (0.974734 0.0089529 0)
       2.3236             (0.974794 -0.0086721 0)             (0.974833 0.0086294 0)
        2.324             (0.974894 -0.0083475 0)             (0.974932 0.0083058 0)
       2.3244             (0.974994 -0.0080227 0)             (0.975032 0.0079821 0)
       2.3248             (0.975095 -0.0076979 0)             (0.975132 0.0076583 0)
       2.3252             (0.975196 -0.0073730 0)             (0.975232 0.0073345 0)
       2.3256             (0.975297 -0.0070480 0)             (0.975333 0.0070106 0)
        2.326             (0.975398 -0.0067230 0)             (0.975434 0.0066867 0)
       2.3264             (0.975500 -0.0063980 0)             (0.975535 0.0063627 0)
       2.3268             (0.975602 -0.0060729 0)             (0.975636 0.0060387 0)
       2.3272             (0.975704 -0.0057478 0)             (0.975738 0.0057147 0)
       2.3276             (0.975806 -0.0054227 0)             (0.975840 0.0053907 0)
        2.328             (0.975909 -0.0050976 0)             (0.975942 0.0050666 0)
       2.3284             (0.976012 -0.0047725 0)             (0.976045 0.0047426 0)
       2.3288             (0.976116 -0.0044474 0)             (0.976147 0.0044186 0)
       2.3292             (0.976219 -0.0041223 0)             (0.976251 0.0040946 0)
       2.3296             (0.976323 -0.0037973 0)             (0.976354 0.0037706 0)
         2.33             (0.976427 -0.0034723 0)             (0.976458 0.0034467 0)
       2.3304             (0.976532 -0.0031473 0)             (0.976561 0.0031228 0)
       2.3308             (0.976636 -0.0028224 0)             (0.976666 0.0027990 0)
       2.3312             (0.976741 -0.0024976 0)             (0.976770 0.0024753 0)
       2.3316             (0.976846 -0.0021728 0)             (0.976875 0.0021516 0)
        2.332             (0.976952 -0.0018482 0)             (0.976980 0.0018280 0)
       2.3324             (0.977058 -0.0015236 0)             (0.977085 0.0015045 0)
       2.3328             (0.977163 -0.0011991 0)             (0.977190 0.0011811 0)
       2.3332             (0.977270 -0.0008748 0)             (0.977296 0.0008578 0)
       2.3336             (0.977376 -0.0005505 0)             (0.977402 0.0005347 0)
        2.334             (0.977483 -0.0002264 0)             (0.977508 0.0002116 0)
       2.3344             (0.977590 0.0000975 0)             (0.977614 -0.0001113 0)
       2.3348             (0.977697 0.0004214 0)             (0.977721 -0.0004340 0)
       2.3352             (0.977804 0.0007450 0)             (0.977827 -0.0007566 0)
       2.3356             (0.977912 0.0010685 0)             (0.977934 -0.0010790 0)
        2.336             (0.978019 0.0013919 0)             (0.978042 -0.0014013 0)
       2.3364             (0.978127 0.0017150 0)             (0.978149 -0.0017234 0)
       2.3368             (0.978235 0.0020380 0)             (0.978257 -0.0020453 0)
       2.3372             (0.978344 0.0023608 0)             (0.978365 -0.0023670 0)
       2.3376             (0.978453 0.0026833 0)             (0.978473 -0.0026885 0)
        2.338             (0.978561 0.0030057 0)             (0.978581 -0.0030098 0)
       2.3384             (0.978670 0.0033278 0)             (0.978690 -0.0033308 0)
       2.3388             (0.978780 0.0036497 0)             (0.978798 -0.0036516 0)
       2.3392             (0.978889 0.0039714 0)             (0.978907 -0.0039722 0)
       2.3396             (0.978999 0.0042928 0)             (0.979016 -0.0042925 0)
         2.34             (0.979108 0.0046139 0)             (0.979125 -0.0046126 0)
       2.3404             (0.979218 0.0049348 0)             (0.979235 -0.0049324 0)
       2.3408             (0.979329 0.0052554 0)             (0.979344 -0.0052520 0)
       2.3412             (0.979439 0.0055757 0)             (0.979454 -0.0055712 0)
       2.3416             (0.979549 0.0058957 0)             (0.979564 -0.0058902 0)
        2.342             (0.979660 0.0062155 0)             (0.979674 -0.0062088 0)
       2.3424             (0.979771 0.0065349 0)             (0.979785 -0.0065272 0)
       2.3428             (0.979882 0.0068540 0)             (0.979895 -0.0068452 0)
       2.3432             (0.979993 0.0071728 0)             (0.980006 -0.0071630 0)
       2.3436             (0.980104 0.0074912 0)             (0.980116 -0.0074803 0)
        2.344             (0.980216 0.0078093 0)             (0.980227 -0.0077974 0)
       2.3444             (0.980327 0.0081271 0)             (0.980338 -0.0081141 0)
       2.3448             (0.980439 0.0084445 0)             (0.980450 -0.0084304 0)
       2.3452             (0.980551 0.0087615 0)             (0.980561 -0.0087464 0)
       2.3456             (0.980663 0.0090782 0)             (0.980672 -0.0090620 0)
        2.346             (0.980775 0.0093945 0)             (0.980784 -0.0093772 0)
       2.3464             (0.980888 0.0097103 0)             (0.980896 -0.0096920 0)
       2.3468             (0.981000 0.0100258 0)             (0.981008 -0.0100064 0)
       2.3472             (0.981113 0.0103409 0)             (0.981120 -0.0103205 0)
       2.3476             (0.981225 0.0106556 0)             (0.981232 -0.0106341 0)
        2.348             (0.981338 0.0109698 0)             (0.981344 -0.0109473 0)
       2.3484             (0.981451 0.0112836 0)             (0.981456 -0.0112600 0)
       2.3488             (0.981564 0.0115970 0)             (0.981569 -0.0115723 0)
       2.3492             (0.981677 0.0119099 0)             (0.981681 -0.0118842 0)
       2.3496             (0.981791 0.0122224 0)             (0.981794 -0.0121956 0)
         2.35             (0.981904 0.0125344 0)             (0.981907 -0.0125066 0)
       2.3504             (0.982017 0.0128459 0)             (0.982020 -0.0128170 0)
       2.3508             (0.982131 0.0131570 0)             (0.982133 -0.0131270 0)
       2.3512             (0.982244 0.0134675 0)             (0.982246 -0.0134366 0)
       2.3516             (0.982358 0.0137776 0)             (0.982359 -0.0137456 0)
        2.352             (0.982472 0.0140872 0)             (0.982472 -0.0140541 0)
       2.3524             (0.982586 0.0143962 0)             (0.982585 -0.0143621 0)
       2.3528             (0.982700 0.0147048 0)             (0.982699 -0.0146696 0)
       2.3532             (0.982814 0.0150128 0)             (0.982812 -0.0149766 0)
       2.3536             (0.982928 0.0153203 0)             (0.982926 -0.0152830 0)
        2.354             (0.983042 0.0156272 0)             (0.983039 -0.0155889 0)
       2.3544             (0.983156 0.0159336 0)             (0.983153 -0.0158943 0)
       2.3548             (0.983270 0.0162394 0)             (0.983267 -0.0161990 0)
       2.3552             (0.983385 0.0165447 0)             (0.983380 -0.0165033 0)
       2.3556             (0.983499 0.0168494 0)             (0.983494 -0.0168069 0)
        2.356             (0.983613 0.0171535 0)             (0.983608 -0.0171100 0)
       2.3564             (0.983728 0.0174570 0)             (0.983722 -0.0174125 0)
       2.3568             (0.983842 0.0177600 0)             (0.983836 -0.0177144 0)
       2.3572             (0.983957 0.0180623 0)             (0.983950 -0.0180157 0)
       2.3576             (0.984071 0.0183640 0)             (0.984064 -0.0183164 0)
        2.358             (0.984186 0.0186651 0)             (0.984178 -0.0186165 0)
       2.3584             (0.984301 0.0189656 0)             (0.984292 -0.0189159 0)
       2.3588             (0.984415 0.0192655 0)             (0.984406 -0.0192148 0)
       2.3592             (0.984530 0.0195647 0)             (0.984520 -0.0195130 0)
       2.3596             (0.984645 0.0198633 0)             (0.984634 -0.0198105 0)
         2.36             (0.984759 0.0201612 0)             (0.984748 -0.0201074 0)
       2.3604             (0.984874 0.0204584 0)             (0.984862 -0.0204036 0)
       2.3608             (0.984988 0.0207550 0)             (0.984976 -0.0206992 0)
       2.3612             (0.985103 0.0210509 0)             (0.985090 -0.0209941 0)
       2.3616             (0.985218 0.0213462 0)             (0.985204 -0.0212883 0)
        2.362             (0.985332 0.0216407 0)             (0.985318 -0.0215818 0)
       2.3624             (0.985447 0.0219346 0)             (0.985432 -0.0218747 0)
       2.3628             (0.985562 0.0222277 0)             (0.985546 -0.0221668 0)
       2.3632             (0.985676 0.0225201 0)             (0.985660 -0.0224582 0)
       2.3636             (0.985791 0.0228119 0)             (0.985774 -0.0227489 0)
        2.364             (0.985905 0.0231029 0)             (0.985888 -0.0230389 0)
       2.3644             (0.986020 0.0233931 0)             (0.986002 -0.0233282 0)
       2.3648             (0.986134 0.0236827 0)             (0.986116 -0.0236167 0)
       2.3652             (0.986249 0.0239714 0)             (0.986230 -0.0239045 0)
       2.3656             (0.986363 0.0242595 0)             (0.986344 -0.0241915 0)
        2.366             (0.986477 0.0245468 0)             (0.986457 -0.0244778 0)
       2.3664             (0.986591 0.0248333 0)             (0.986571 -0.0247633 0)
       2.3668             (0.986706 0.0251190 0)             (0.986685 -0.0250481 0)
       2.3672             (0.986820 0.0254040 0)             (0.986798 -0.0253320 0)
       2.3676             (0.986934 0.0256882 0)             (0.986912 -0.0256152 0)
        2.368             (0.987048 0.0259716 0)             (0.987025 -0.0258976 0)
       2.3684             (0.987162 0.0262542 0)             (0.987138 -0.0261792 0)
       2.3688             (0.987276 0.0265360 0)             (0.987252 -0.0264600 0)
       2.3692             (0.987389 0.0268169 0)             (0.987365 -0.0267400 0)
       2.3696             (0.987503 0.0270971 0)             (0.987478 -0.0270192 0)
         2.37             (0.987617 0.0273765 0)             (0.987591 -0.0272976 0)
       2.3704             (0.987730 0.0276550 0)             (0.987704 -0.0275751 0)
       2.3708             (0.987844 0.0279327 0)             (0.987817 -0.0278518 0)
       2.3712             (0.987957 0.0282095 0)             (0.987930 -0.0281277 0)
       2.3716             (0.988070 0.0284855 0)             (0.988042 -0.0284027 0)
        2.372             (0.988183 0.0287607 0)             (0.988155 -0.0286769 0)
       2.3724             (0.988296 0.0290349 0)             (0.988267 -0.0289502 0)
       2.3728             (0.988409 0.0293084 0)             (0.988380 -0.0292227 0)
       2.3732             (0.988522 0.0295809 0)             (0.988492 -0.0294942 0)
       2.3736             (0.988635 0.0298526 0)             (0.988604 -0.0297649 0)
        2.374             (0.988747 0.0301234 0)             (0.988716 -0.0300348 0)
       2.3744             (0.988860 0.0303933 0)             (0.988828 -0.0303037 0)
       2.3748             (0.988972 0.0306623 0)             (0.988940 -0.0305718 0)
       2.3752             (0.989084 0.0309304 0)             (0.989051 -0.0308389 0)
       2.3756             (0.989196 0.0311976 0)             (0.989163 -0.0311051 0)
        2.376             (0.989308 0.0314639 0)             (0.989274 -0.0313705 0)
       2.3764             (0.989420 0.0317293 0)             (0.989385 -0.0316349 0)
       2.3768             (0.989531 0.0319937 0)             (0.989496 -0.0318984 0)
       2.3772             (0.989643 0.0322572 0)             (0.989607 -0.0321610 0)
       2.3776             (0.989754 0.0325198 0)             (0.989718 -0.0324226 0)
        2.378             (0.989865 0.0327815 0)             (0.989828 -0.0326833 0)
       2.3784             (0.989976 0.0330422 0)             (0.989938 -0.0329431 0)
       2.3788             (0.990087 0.0333019 0)             (0.990049 -0.0332019 0)
       2.3792             (0.990197 0.0335607 0)             (0.990159 -0.0334597 0)
       2.3796             (0.990308 0.0338185 0)             (0.990269 -0.0337166 0)
         2.38             (0.990418 0.0340754 0)             (0.990378 -0.0339726 0)
       2.3804             (0.990528 0.0343313 0)             (0.990488 -0.0342275 0)
       2.3808             (0.990638 0.0345862 0)             (0.990597 -0.0344815 0)
       2.3812             (0.990747 0.0348402 0)             (0.990706 -0.0347345 0)
       2.3816             (0.990857 0.0350931 0)             (0.990815 -0.0349865 0)
        2.382             (0.990966 0.0353451 0)             (0.990924 -0.0352376 0)
       2.3824             (0.991075 0.0355960 0)             (0.991032 -0.0354876 0)
       2.3828             (0.991184 0.0358460 0)             (0.991141 -0.0357366 0)
       2.3832             (0.991293 0.0360949 0)             (0.991249 -0.0359847 0)
       2.3836             (0.991401 0.0363429 0)             (0.991356 -0.0362317 0)
        2.384             (0.991509 0.0365898 0)             (0.991464 -0.0364777 0)
       2.3844             (0.991617 0.0368357 0)             (0.991572 -0.0367227 0)
       2.3848             (0.991725 0.0370805 0)             (0.991679 -0.0369666 0)
       2.3852             (0.991833 0.0373244 0)             (0.991786 -0.0372096 0)
       2.3856             (0.991940 0.0375672 0)             (0.991893 -0.0374515 0)
        2.386             (0.992047 0.0378090 0)             (0.991999 -0.0376923 0)
       2.3864             (0.992154 0.0380497 0)             (0.992105 -0.0379321 0)
       2.3868             (0.992260 0.0382893 0)             (0.992212 -0.0381709 0)
       2.3872             (0.992367 0.0385280 0)             (0.992317 -0.0384086 0)
       2.3876             (0.992473 0.0387655 0)             (0.992423 -0.0386453 0)
        2.388             (0.992579 0.0390020 0)             (0.992528 -0.0388809 0)
       2.3884             (0.992684 0.0392374 0)             (0.992633 -0.0391154 0)
       2.3888             (0.992790 0.0394718 0)             (0.992738 -0.0393489 0)
       2.3892             (0.992895 0.0397051 0)             (0.992843 -0.0395813 0)
       2.3896             (0.992999 0.0399372 0)             (0.992947 -0.0398126 0)
         2.39             (0.993104 0.0401684 0)             (0.993051 -0.0400428 0)
       2.3904             (0.993208 0.0403984 0)             (0.993155 -0.0402720 0)
       2.3908             (0.993312 0.0406273 0)             (0.993258 -0.0405000 0)
       2.3912             (0.993416 0.0408551 0)             (0.993361 -0.0407270 0)
       2.3916             (0.993519 0.0410819 0)             (0.993464 -0.0409529 0)
        2.392             (0.993622 0.0413075 0)             (0.993567 -0.0411776 0)
       2.3924             (0.993725 0.0415320 0)             (0.993669 -0.0414013 0)
       2.3928             (0.993828 0.0417554 0)             (0.993771 -0.0416238 0)
       2.3932             (0.993930 0.0419777 0)             (0.993873 -0.0418452 0)
       2.3936             (0.994032 0.0421989 0)             (0.993974 -0.0420656 0)
        2.394             (0.994134 0.0424189 0)             (0.994075 -0.0422847 0)
       2.3944             (0.994235 0.0426379 0)             (0.994176 -0.0425028 0)
       2.3948             (0.994336 0.0428557 0)             (0.994277 -0.0427198 0)
       2.3952             (0.994437 0.0430723 0)             (0.994377 -0.0429356 0)
       2.3956             (0.994537 0.0432878 0)             (0.994477 -0.0431502 0)
        2.396             (0.994637 0.0435022 0)             (0.994576 -0.0433638 0)
       2.3964             (0.994737 0.0437154 0)             (0.994676 -0.0435762 0)
       2.3968             (0.994836 0.0439275 0)             (0.994775 -0.0437874 0)
       2.3972             (0.994935 0.0441384 0)             (0.994873 -0.0439975 0)
       2.3976             (0.995034 0.0443482 0)             (0.994971 -0.0442064 0)
        2.398             (0.995132 0.0445568 0)             (0.995069 -0.0444142 0)
       2.3984             (0.995230 0.0447643 0)             (0.995167 -0.0446209 0)
       2.3988             (0.995328 0.0449706 0)             (0.995264 -0.0448263 0)
       2.3992             (0.995426 0.0451757 0)             (0.995361 -0.0450306 0)
       2.3996             (0.995523 0.0453797 0)             (0.995458 -0.0452338 0)
          2.4             (0.995619 0.0455824 0)             (0.995554 -0.0454357 0)
