# Probe 0 (5.5 -0.5 0)
# Probe 1 (5.5 0.5 0)
#       Probe             0             1
#        Time
       0.0004      -1.026204      -1.026258
       0.0008      -0.682659      -0.682715
       0.0012      -0.442380      -0.442436
       0.0016      -0.275564      -0.275622
        0.002      -0.160905      -0.160963
       0.0024      -0.083176      -0.083235
       0.0028      -0.031506      -0.031566
       0.0032      0.001861      0.001800
       0.0036      0.022449      0.022387
        0.004      0.034188      0.034126
       0.0044      0.039867      0.039804
       0.0048      0.041460      0.041396
       0.0052      0.040359      0.040294
       0.0056      0.037541      0.037475
        0.006      0.033688      0.033621
       0.0064      0.029271      0.029203
       0.0068      0.024611      0.024542
       0.0072      0.019926      0.019856
       0.0076      0.015358      0.015287
        0.008      0.010995      0.010923
       0.0084      0.006893      0.006820
       0.0088      0.003079      0.003005
       0.0092      -0.000435      -0.000510
       0.0096      -0.003650      -0.003726
         0.01      -0.006573      -0.006650
       0.0104      -0.009217      -0.009295
       0.0108      -0.011598      -0.011677
       0.0112      -0.013732      -0.013812
       0.0116      -0.015636      -0.015717
        0.012      -0.017327      -0.017410
       0.0124      -0.018824      -0.018907
       0.0128      -0.020140      -0.020225
       0.0132      -0.021292      -0.021378
       0.0136      -0.022295      -0.022381
        0.014      -0.023160      -0.023248
       0.0144      -0.023901      -0.023989
       0.0148      -0.024528      -0.024618
       0.0152      -0.025053      -0.025144
       0.0156      -0.025485      -0.025578
        0.016      -0.025833      -0.025927
       0.0164      -0.026105      -0.026200
       0.0168      -0.026309      -0.026404
       0.0172      -0.026450      -0.026547
       0.0176      -0.026536      -0.026634
        0.018      -0.026572      -0.026671
       0.0184      -0.026563      -0.026663
       0.0188      -0.026514      -0.026616
       0.0192      -0.026429      -0.026532
       0.0196      -0.026313      -0.026417
         0.02      -0.026168      -0.026273
       0.0204      -0.025998      -0.026105
       0.0208      -0.025806      -0.025914
       0.0212      -0.025594      -0.025704
       0.0216      -0.025366      -0.025477
        0.022      -0.025123      -0.025235
       0.0224      -0.024867      -0.024980
       0.0228      -0.024600      -0.024714
       0.0232      -0.024324      -0.024439
       0.0236      -0.024040      -0.024157
        0.024      -0.023749      -0.023867
       0.0244      -0.023453      -0.023573
       0.0248      -0.023153      -0.023274
       0.0252      -0.022850      -0.022973
       0.0256      -0.022545      -0.022669
        0.026      -0.022238      -0.022364
       0.0264      -0.021931      -0.022057
       0.0268      -0.021623      -0.021751
       0.0272      -0.021316      -0.021446
       0.0276      -0.021010      -0.021141
        0.028      -0.020706      -0.020838
       0.0284      -0.020403      -0.020537
       0.0288      -0.020103      -0.020238
       0.0292      -0.019805      -0.019942
       0.0296      -0.019510      -0.019648
         0.03      -0.019218      -0.019358
       0.0304      -0.018930      -0.019071
       0.0308      -0.018645      -0.018788
       0.0312      -0.018364      -0.018508
       0.0316      -0.018086      -0.018232
        0.032      -0.017813      -0.017960
       0.0324      -0.017543      -0.017692
       0.0328      -0.017278      -0.017428
       0.0332      -0.017017      -0.017169
       0.0336      -0.016760      -0.016913
        0.034      -0.016507      -0.016662
       0.0344      -0.016259      -0.016415
       0.0348      -0.016014      -0.016173
       0.0352      -0.015774      -0.015934
       0.0356      -0.015539      -0.015700
        0.036      -0.015308      -0.015471
       0.0364      -0.015080      -0.015245
       0.0368      -0.014858      -0.015024
       0.0372      -0.014639      -0.014807
       0.0376      -0.014425      -0.014594
        0.038      -0.014214      -0.014386
       0.0384      -0.014008      -0.014181
       0.0388      -0.013806      -0.013981
       0.0392      -0.013607      -0.013784
       0.0396      -0.013413      -0.013592
         0.04      -0.013223      -0.013403
       0.0404      -0.013036      -0.013218
       0.0408      -0.012853      -0.013037
       0.0412      -0.012674      -0.012860
       0.0416      -0.012499      -0.012686
        0.042      -0.012327      -0.012516
       0.0424      -0.012159      -0.012349
       0.0428      -0.011994      -0.012186
       0.0432      -0.011832      -0.012027
       0.0436      -0.011674      -0.011871
        0.044      -0.011519      -0.011718
       0.0444      -0.011368      -0.011568
       0.0448      -0.011220      -0.011422
       0.0452      -0.011074      -0.011278
       0.0456      -0.010932      -0.011138
        0.046      -0.010793      -0.011001
       0.0464      -0.010657      -0.010866
       0.0468      -0.010524      -0.010735
       0.0472      -0.010393      -0.010606
       0.0476      -0.010265      -0.010481
        0.048      -0.010140      -0.010358
       0.0484      -0.010018      -0.010237
       0.0488      -0.009898      -0.010119
       0.0492      -0.009781      -0.010004
       0.0496      -0.009666      -0.009892
         0.05      -0.009554      -0.009781
       0.0504      -0.009444      -0.009674
       0.0508      -0.009337      -0.009568
       0.0512      -0.009232      -0.009465
       0.0516      -0.009129      -0.009364
        0.052      -0.009028      -0.009266
       0.0524      -0.008930      -0.009169
       0.0528      -0.008833      -0.009075
       0.0532      -0.008739      -0.008983
       0.0536      -0.008647      -0.008892
        0.054      -0.008556      -0.008804
       0.0544      -0.008468      -0.008718
       0.0548      -0.008381      -0.008634
       0.0552      -0.008297      -0.008551
       0.0556      -0.008214      -0.008470
        0.056      -0.008133      -0.008392
       0.0564      -0.008054      -0.008315
       0.0568      -0.007976      -0.008239
       0.0572      -0.007900      -0.008165
       0.0576      -0.007826      -0.008093
        0.058      -0.007753      -0.008023
       0.0584      -0.007682      -0.007954
       0.0588      -0.007612      -0.007887
       0.0592      -0.007544      -0.007821
       0.0596      -0.007478      -0.007756
         0.06      -0.007413      -0.007694
       0.0604      -0.007349      -0.007632
       0.0608      -0.007286      -0.007572
       0.0612      -0.007225      -0.007513
       0.0616      -0.007165      -0.007456
        0.062      -0.007107      -0.007399
       0.0624      -0.007050      -0.007344
       0.0628      -0.006994      -0.007291
       0.0632      -0.006939      -0.007238
       0.0636      -0.006885      -0.007187
        0.064      -0.006833      -0.007137
       0.0644      -0.006781      -0.007088
       0.0648      -0.006731      -0.007040
       0.0652      -0.006682      -0.006993
       0.0656      -0.006633      -0.006947
        0.066      -0.006586      -0.006903
       0.0664      -0.006540      -0.006859
       0.0668      -0.006495      -0.006816
       0.0672      -0.006451      -0.006775
       0.0676      -0.006407      -0.006734
        0.068      -0.006365      -0.006694
       0.0684      -0.006324      -0.006655
       0.0688      -0.006283      -0.006617
       0.0692      -0.006243      -0.006580
       0.0696      -0.006204      -0.006543
         0.07      -0.006166      -0.006508
       0.0704      -0.006129      -0.006473
       0.0708      -0.006093      -0.006439
       0.0712      -0.006057      -0.006406
       0.0716      -0.006022      -0.006374
        0.072      -0.005988      -0.006342
       0.0724      -0.005954      -0.006311
       0.0728      -0.005921      -0.006281
       0.0732      -0.005889      -0.006251
       0.0736      -0.005858      -0.006223
        0.074      -0.005827      -0.006195
       0.0744      -0.005797      -0.006167
       0.0748      -0.005767      -0.006140
       0.0752      -0.005739      -0.006114
       0.0756      -0.005710      -0.006088
        0.076      -0.005683      -0.006063
       0.0764      -0.005655      -0.006039
       0.0768      -0.005629      -0.006015
       0.0772      -0.005603      -0.005992
       0.0776      -0.005577      -0.005969
        0.078      -0.005552      -0.005947
       0.0784      -0.005528      -0.005925
       0.0788      -0.005504      -0.005904
       0.0792      -0.005481      -0.005883
       0.0796      -0.005458      -0.005863
         0.08      -0.005435      -0.005843
       0.0804      -0.005413      -0.005824
       0.0808      -0.005391      -0.005805
       0.0812      -0.005370      -0.005787
       0.0816      -0.005350      -0.005769
        0.082      -0.005329      -0.005751
       0.0824      -0.005309      -0.005734
       0.0828      -0.005290      -0.005718
       0.0832      -0.005271      -0.005701
       0.0836      -0.005252      -0.005686
        0.084      -0.005234      -0.005670
       0.0844      -0.005216      -0.005655
       0.0848      -0.005198      -0.005640
       0.0852      -0.005181      -0.005626
       0.0856      -0.005164      -0.005612
        0.086      -0.005147      -0.005598
       0.0864      -0.005131      -0.005585
       0.0868      -0.005115      -0.005572
       0.0872      -0.005100      -0.005559
       0.0876      -0.005084      -0.005547
        0.088      -0.005069      -0.005535
       0.0884      -0.005055      -0.005523
       0.0888      -0.005040      -0.005512
       0.0892      -0.005026      -0.005500
       0.0896      -0.005012      -0.005489
         0.09      -0.004998      -0.005479
       0.0904      -0.004985      -0.005468
       0.0908      -0.004972      -0.005458
       0.0912      -0.004959      -0.005449
       0.0916      -0.004947      -0.005439
        0.092      -0.004934      -0.005430
       0.0924      -0.004922      -0.005421
       0.0928      -0.004910      -0.005412
       0.0932      -0.004899      -0.005403
       0.0936      -0.004887      -0.005395
        0.094      -0.004876      -0.005386
       0.0944      -0.004865      -0.005379
       0.0948      -0.004854      -0.005371
       0.0952      -0.004844      -0.005363
       0.0956      -0.004833      -0.005356
        0.096      -0.004823      -0.005349
       0.0964      -0.004813      -0.005342
       0.0968      -0.004803      -0.005335
       0.0972      -0.004793      -0.005328
       0.0976      -0.004784      -0.005322
        0.098      -0.004775      -0.005316
       0.0984      -0.004765      -0.005310
       0.0988      -0.004756      -0.005304
       0.0992      -0.004748      -0.005298
       0.0996      -0.004739      -0.005293
          0.1      -0.004730      -0.005287
       0.1004      -0.004722      -0.005282
       0.1008      -0.004714      -0.005277
       0.1012      -0.004706      -0.005272
       0.1016      -0.004698      -0.005267
        0.102      -0.004690      -0.005263
       0.1024      -0.004682      -0.005258
       0.1028      -0.004675      -0.005254
       0.1032      -0.004667      -0.005249
       0.1036      -0.004660      -0.005245
        0.104      -0.004653      -0.005241
       0.1044      -0.004646      -0.005237
       0.1048      -0.004639      -0.005234
       0.1052      -0.004632      -0.005230
       0.1056      -0.004626      -0.005227
        0.106      -0.004619      -0.005223
       0.1064      -0.004613      -0.005220
       0.1068      -0.004606      -0.005217
       0.1072      -0.004600      -0.005214
       0.1076      -0.004594      -0.005211
        0.108      -0.004588      -0.005208
       0.1084      -0.004582      -0.005205
       0.1088      -0.004576      -0.005202
       0.1092      -0.004570      -0.005200
       0.1096      -0.004565      -0.005197
         0.11      -0.004559      -0.005195
       0.1104      -0.004554      -0.005193
       0.1108      -0.004548      -0.005190
       0.1112      -0.004543      -0.005188
       0.1116      -0.004538      -0.005186
        0.112      -0.004532      -0.005184
       0.1124      -0.004527      -0.005182
       0.1128      -0.004522      -0.005180
       0.1132      -0.004517      -0.005179
       0.1136      -0.004513      -0.005177
        0.114      -0.004508      -0.005175
       0.1144      -0.004503      -0.005174
       0.1148      -0.004498      -0.005172
       0.1152      -0.004494      -0.005171
       0.1156      -0.004489      -0.005170
        0.116      -0.004485      -0.005168
       0.1164      -0.004481      -0.005167
       0.1168      -0.004476      -0.005166
       0.1172      -0.004472      -0.005165
       0.1176      -0.004468      -0.005164
        0.118      -0.004464      -0.005163
       0.1184      -0.004460      -0.005162
       0.1188      -0.004456      -0.005161
       0.1192      -0.004452      -0.005160
       0.1196      -0.004448      -0.005159
         0.12      -0.004444      -0.005159
       0.1204      -0.004440      -0.005158
       0.1208      -0.004436      -0.005157
       0.1212      -0.004433      -0.005157
       0.1216      -0.004429      -0.005156
        0.122      -0.004425      -0.005156
       0.1224      -0.004422      -0.005155
       0.1228      -0.004418      -0.005155
       0.1232      -0.004415      -0.005154
       0.1236      -0.004411      -0.005154
        0.124      -0.004408      -0.005154
       0.1244      -0.004405      -0.005154
       0.1248      -0.004401      -0.005153
       0.1252      -0.004398      -0.005153
       0.1256      -0.004395      -0.005153
        0.126      -0.004392      -0.005153
       0.1264      -0.004389      -0.005153
       0.1268      -0.004386      -0.005153
       0.1272      -0.004383      -0.005153
       0.1276      -0.004380      -0.005153
        0.128      -0.004377      -0.005153
       0.1284      -0.004374      -0.005153
       0.1288      -0.004371      -0.005153
       0.1292      -0.004368      -0.005153
       0.1296      -0.004365      -0.005153
         0.13      -0.004362      -0.005153
       0.1304      -0.004360      -0.005153
       0.1308      -0.004357      -0.005154
       0.1312      -0.004354      -0.005154
       0.1316      -0.004352      -0.005154
        0.132      -0.004349      -0.005154
       0.1324      -0.004346      -0.005155
       0.1328      -0.004344      -0.005155
       0.1332      -0.004341      -0.005155
       0.1336      -0.004339      -0.005156
        0.134      -0.004336      -0.005156
       0.1344      -0.004334      -0.005156
       0.1348      -0.004332      -0.005157
       0.1352      -0.004329      -0.005157
       0.1356      -0.004327      -0.005157
        0.136      -0.004325      -0.005158
       0.1364      -0.004322      -0.005158
       0.1368      -0.004320      -0.005159
       0.1372      -0.004318      -0.005159
       0.1376      -0.004316      -0.005160
        0.138      -0.004314      -0.005160
       0.1384      -0.004311      -0.005161
       0.1388      -0.004309      -0.005161
       0.1392      -0.004307      -0.005162
       0.1396      -0.004305      -0.005162
         0.14      -0.004303      -0.005163
       0.1404      -0.004301      -0.005163
       0.1408      -0.004299      -0.005164
       0.1412      -0.004297      -0.005164
       0.1416      -0.004295      -0.005165
        0.142      -0.004293      -0.005165
       0.1424      -0.004291      -0.005166
       0.1428      -0.004290      -0.005167
       0.1432      -0.004288      -0.005167
       0.1436      -0.004286      -0.005168
        0.144      -0.004284      -0.005168
       0.1444      -0.004282      -0.005169
       0.1448      -0.004281      -0.005169
       0.1452      -0.004279      -0.005170
       0.1456      -0.004277      -0.005171
        0.146      -0.004276      -0.005171
       0.1464      -0.004274      -0.005172
       0.1468      -0.004272      -0.005172
       0.1472      -0.004271      -0.005173
       0.1476      -0.004269      -0.005174
        0.148      -0.004268      -0.005174
       0.1484      -0.004266      -0.005175
       0.1488      -0.004265      -0.005175
       0.1492      -0.004263      -0.005176
       0.1496      -0.004262      -0.005176
         0.15      -0.004260      -0.005177
       0.1504      -0.004259      -0.005178
       0.1508      -0.004257      -0.005178
       0.1512      -0.004256      -0.005179
       0.1516      -0.004255      -0.005179
        0.152      -0.004253      -0.005180
       0.1524      -0.004252      -0.005180
       0.1528      -0.004251      -0.005181
       0.1532      -0.004250      -0.005181
       0.1536      -0.004248      -0.005182
        0.154      -0.004247      -0.005182
       0.1544      -0.004246      -0.005183
       0.1548      -0.004245      -0.005183
       0.1552      -0.004244      -0.005184
       0.1556      -0.004243      -0.005184
        0.156      -0.004242      -0.005185
       0.1564      -0.004241      -0.005185
       0.1568      -0.004239      -0.005186
       0.1572      -0.004238      -0.005186
       0.1576      -0.004238      -0.005186
        0.158      -0.004237      -0.005187
       0.1584      -0.004236      -0.005187
       0.1588      -0.004235      -0.005188
       0.1592      -0.004234      -0.005188
       0.1596      -0.004233      -0.005188
         0.16      -0.004232      -0.005189
       0.1604      -0.004231      -0.005189
       0.1608      -0.004231      -0.005189
       0.1612      -0.004230      -0.005190
       0.1616      -0.004229      -0.005190
        0.162      -0.004228      -0.005190
       0.1624      -0.004228      -0.005190
       0.1628      -0.004227      -0.005191
       0.1632      -0.004226      -0.005191
       0.1636      -0.004226      -0.005191
        0.164      -0.004225      -0.005191
       0.1644      -0.004225      -0.005191
       0.1648      -0.004224      -0.005192
       0.1652      -0.004224      -0.005192
       0.1656      -0.004223      -0.005192
        0.166      -0.004223      -0.005192
       0.1664      -0.004222      -0.005192
       0.1668      -0.004222      -0.005192
       0.1672      -0.004221      -0.005192
       0.1676      -0.004221      -0.005192
        0.168      -0.004221      -0.005192
       0.1684      -0.004220      -0.005192
       0.1688      -0.004220      -0.005192
       0.1692      -0.004220      -0.005192
       0.1696      -0.004220      -0.005192
         0.17      -0.004220      -0.005192
       0.1704      -0.004219      -0.005192
       0.1708      -0.004219      -0.005192
       0.1712      -0.004219      -0.005191
       0.1716      -0.004219      -0.005191
        0.172      -0.004219      -0.005191
       0.1724      -0.004219      -0.005191
       0.1728      -0.004219      -0.005190
       0.1732      -0.004219      -0.005190
       0.1736      -0.004219      -0.005190
        0.174      -0.004219      -0.005189
       0.1744      -0.004220      -0.005189
       0.1748      -0.004220      -0.005189
       0.1752      -0.004220      -0.005188
       0.1756      -0.004220      -0.005188
        0.176      -0.004220      -0.005187
       0.1764      -0.004221      -0.005187
       0.1768      -0.004221      -0.005186
       0.1772      -0.004221      -0.005186
       0.1776      -0.004222      -0.005185
        0.178      -0.004222      -0.005185
       0.1784      -0.004223      -0.005184
       0.1788      -0.004223      -0.005183
       0.1792      -0.004224      -0.005183
       0.1796      -0.004224      -0.005182
         0.18      -0.004225      -0.005181
       0.1804      -0.004226      -0.005180
       0.1808      -0.004226      -0.005180
       0.1812      -0.004227      -0.005179
       0.1816      -0.004228      -0.005178
        0.182      -0.004228      -0.005177
       0.1824      -0.004229      -0.005176
       0.1828      -0.004230      -0.005175
       0.1832      -0.004231      -0.005174
       0.1836      -0.004232      -0.005173
        0.184      -0.004233      -0.005172
       0.1844      -0.004234      -0.005171
       0.1848      -0.004235      -0.005170
       0.1852      -0.004236      -0.005168
       0.1856      -0.004237      -0.005167
        0.186      -0.004238      -0.005166
       0.1864      -0.004239      -0.005165
       0.1868      -0.004240      -0.005163
       0.1872      -0.004242      -0.005162
       0.1876      -0.004243      -0.005161
        0.188      -0.004244      -0.005159
       0.1884      -0.004246      -0.005158
       0.1888      -0.004247      -0.005156
       0.1892      -0.004248      -0.005155
       0.1896      -0.004250      -0.005153
         0.19      -0.004251      -0.005152
       0.1904      -0.004253      -0.005150
       0.1908      -0.004255      -0.005148
       0.1912      -0.004256      -0.005147
       0.1916      -0.004258      -0.005145
        0.192      -0.004260      -0.005143
       0.1924      -0.004261      -0.005141
       0.1928      -0.004263      -0.005139
       0.1932      -0.004265      -0.005137
       0.1936      -0.004267      -0.005135
        0.194      -0.004269      -0.005133
       0.1944      -0.004271      -0.005131
       0.1948      -0.004273      -0.005129
       0.1952      -0.004275      -0.005127
       0.1956      -0.004277      -0.005125
        0.196      -0.004279      -0.005123
       0.1964      -0.004282      -0.005120
       0.1968      -0.004284      -0.005118
       0.1972      -0.004286      -0.005116
       0.1976      -0.004288      -0.005113
        0.198      -0.004291      -0.005111
       0.1984      -0.004293      -0.005108
       0.1988      -0.004296      -0.005106
       0.1992      -0.004298      -0.005103
       0.1996      -0.004301      -0.005101
          0.2      -0.004303      -0.005098
       0.2004      -0.004306      -0.005095
       0.2008      -0.004309      -0.005093
       0.2012      -0.004312      -0.005090
       0.2016      -0.004314      -0.005087
        0.202      -0.004317      -0.005084
       0.2024      -0.004320      -0.005081
       0.2028      -0.004323      -0.005078
       0.2032      -0.004326      -0.005075
       0.2036      -0.004329      -0.005072
        0.204      -0.004333      -0.005069
       0.2044      -0.004336      -0.005065
       0.2048      -0.004339      -0.005062
       0.2052      -0.004342      -0.005059
       0.2056      -0.004346      -0.005055
        0.206      -0.004349      -0.005052
       0.2064      -0.004352      -0.005049
       0.2068      -0.004356      -0.005045
       0.2072      -0.004359      -0.005041
       0.2076      -0.004363      -0.005038
        0.208      -0.004367      -0.005034
       0.2084      -0.004370      -0.005030
       0.2088      -0.004374      -0.005027
       0.2092      -0.004378      -0.005023
       0.2096      -0.004382      -0.005019
         0.21      -0.004386      -0.005015
       0.2104      -0.004390      -0.005011
       0.2108      -0.004394      -0.005007
       0.2112      -0.004398      -0.005003
       0.2116      -0.004402      -0.004998
        0.212      -0.004407      -0.004994
       0.2124      -0.004411      -0.004990
       0.2128      -0.004415      -0.004985
       0.2132      -0.004420      -0.004981
       0.2136      -0.004424      -0.004977
        0.214      -0.004429      -0.004972
       0.2144      -0.004433      -0.004967
       0.2148      -0.004438      -0.004963
       0.2152      -0.004443      -0.004958
       0.2156      -0.004447      -0.004953
        0.216      -0.004452      -0.004948
       0.2164      -0.004457      -0.004943
       0.2168      -0.004462      -0.004938
       0.2172      -0.004467      -0.004933
       0.2176      -0.004472      -0.004928
        0.218      -0.004477      -0.004923
       0.2184      -0.004483      -0.004918
       0.2188      -0.004488      -0.004913
       0.2192      -0.004493      -0.004907
       0.2196      -0.004499      -0.004902
         0.22      -0.004504      -0.004896
       0.2204      -0.004510      -0.004891
       0.2208      -0.004515      -0.004885
       0.2212      -0.004521      -0.004879
       0.2216      -0.004527      -0.004874
        0.222      -0.004533      -0.004868
       0.2224      -0.004539      -0.004862
       0.2228      -0.004545      -0.004856
       0.2232      -0.004551      -0.004850
       0.2236      -0.004557      -0.004844
        0.224      -0.004563      -0.004838
       0.2244      -0.004569      -0.004831
       0.2248      -0.004575      -0.004825
       0.2252      -0.004582      -0.004819
       0.2256      -0.004588      -0.004812
        0.226      -0.004595      -0.004806
       0.2264      -0.004601      -0.004799
       0.2268      -0.004608      -0.004793
       0.2272      -0.004615      -0.004786
       0.2276      -0.004622      -0.004779
        0.228      -0.004629      -0.004772
       0.2284      -0.004636      -0.004765
       0.2288      -0.004643      -0.004758
       0.2292      -0.004650      -0.004751
       0.2296      -0.004657      -0.004744
         0.23      -0.004664      -0.004736
       0.2304      -0.004672      -0.004729
       0.2308      -0.004679      -0.004722
       0.2312      -0.004686      -0.004714
       0.2316      -0.004694      -0.004707
        0.232      -0.004702      -0.004699
       0.2324      -0.004709      -0.004691
       0.2328      -0.004717      -0.004683
       0.2332      -0.004725      -0.004676
       0.2336      -0.004733      -0.004668
        0.234      -0.004741      -0.004660
       0.2344      -0.004749      -0.004651
       0.2348      -0.004758      -0.004643
       0.2352      -0.004766      -0.004635
       0.2356      -0.004774      -0.004627
        0.236      -0.004783      -0.004618
       0.2364      -0.004791      -0.004610
       0.2368      -0.004800      -0.004601
       0.2372      -0.004809      -0.004592
       0.2376      -0.004817      -0.004583
        0.238      -0.004826      -0.004575
       0.2384      -0.004835      -0.004566
       0.2388      -0.004844      -0.004557
       0.2392      -0.004854      -0.004547
       0.2396      -0.004863      -0.004538
         0.24      -0.004872      -0.004529
       0.2404      -0.004881      -0.004520
       0.2408      -0.004891      -0.004510
       0.2412      -0.004901      -0.004501
       0.2416      -0.004910      -0.004491
        0.242      -0.004920      -0.004481
       0.2424      -0.004930      -0.004471
       0.2428      -0.004940      -0.004461
       0.2432      -0.004950      -0.004451
       0.2436      -0.004960      -0.004441
        0.244      -0.004970      -0.004431
       0.2444      -0.004980      -0.004421
       0.2448      -0.004991      -0.004411
       0.2452      -0.005001      -0.004400
       0.2456      -0.005012      -0.004390
        0.246      -0.005022      -0.004379
       0.2464      -0.005033      -0.004368
       0.2468      -0.005044      -0.004357
       0.2472      -0.005055      -0.004346
       0.2476      -0.005066      -0.004335
        0.248      -0.005077      -0.004324
       0.2484      -0.005088      -0.004313
       0.2488      -0.005100      -0.004302
       0.2492      -0.005111      -0.004290
       0.2496      -0.005123      -0.004279
         0.25      -0.005134      -0.004267
       0.2504      -0.005146      -0.004256
       0.2508      -0.005158      -0.004244
       0.2512      -0.005170      -0.004232
       0.2516      -0.005182      -0.004220
        0.252      -0.005194      -0.004208
       0.2524      -0.005206      -0.004196
       0.2528      -0.005218      -0.004183
       0.2532      -0.005231      -0.004171
       0.2536      -0.005243      -0.004159
        0.254      -0.005256      -0.004146
       0.2544      -0.005269      -0.004133
       0.2548      -0.005281      -0.004120
       0.2552      -0.005294      -0.004108
       0.2556      -0.005307      -0.004095
        0.256      -0.005321      -0.004082
       0.2564      -0.005334      -0.004068
       0.2568      -0.005347      -0.004055
       0.2572      -0.005361      -0.004042
       0.2576      -0.005374      -0.004028
        0.258      -0.005388      -0.004014
       0.2584      -0.005402      -0.004001
       0.2588      -0.005415      -0.003987
       0.2592      -0.005429      -0.003973
       0.2596      -0.005443      -0.003959
         0.26      -0.005458      -0.003945
       0.2604      -0.005472      -0.003931
       0.2608      -0.005486      -0.003916
       0.2612      -0.005501      -0.003902
       0.2616      -0.005515      -0.003887
        0.262      -0.005530      -0.003872
       0.2624      -0.005545      -0.003858
       0.2628      -0.005560      -0.003843
       0.2632      -0.005575      -0.003828
       0.2636      -0.005590      -0.003813
        0.264      -0.005605      -0.003797
       0.2644      -0.005621      -0.003782
       0.2648      -0.005636      -0.003766
       0.2652      -0.005652      -0.003751
       0.2656      -0.005668      -0.003735
        0.266      -0.005684      -0.003719
       0.2664      -0.005700      -0.003703
       0.2668      -0.005716      -0.003687
       0.2672      -0.005732      -0.003671
       0.2676      -0.005748      -0.003655
        0.268      -0.005765      -0.003639
       0.2684      -0.005781      -0.003622
       0.2688      -0.005798      -0.003606
       0.2692      -0.005815      -0.003589
       0.2696      -0.005831      -0.003572
         0.27      -0.005848      -0.003555
       0.2704      -0.005866      -0.003538
       0.2708      -0.005883      -0.003521
       0.2712      -0.005900      -0.003503
       0.2716      -0.005918      -0.003486
        0.272      -0.005935      -0.003468
       0.2724      -0.005953      -0.003451
       0.2728      -0.005971      -0.003433
       0.2732      -0.005989      -0.003415
       0.2736      -0.006007      -0.003397
        0.274      -0.006025      -0.003379
       0.2744      -0.006043      -0.003360
       0.2748      -0.006062      -0.003342
       0.2752      -0.006081      -0.003324
       0.2756      -0.006099      -0.003305
        0.276      -0.006118      -0.003286
       0.2764      -0.006137      -0.003267
       0.2768      -0.006156      -0.003248
       0.2772      -0.006175      -0.003229
       0.2776      -0.006195      -0.003210
        0.278      -0.006214      -0.003190
       0.2784      -0.006234      -0.003171
       0.2788      -0.006253      -0.003151
       0.2792      -0.006273      -0.003131
       0.2796      -0.006293      -0.003111
         0.28      -0.006313      -0.003091
       0.2804      -0.006333      -0.003071
       0.2808      -0.006354      -0.003051
       0.2812      -0.006374      -0.003031
       0.2816      -0.006395      -0.003010
        0.282      -0.006416      -0.002989
       0.2824      -0.006436      -0.002968
       0.2828      -0.006457      -0.002948
       0.2832      -0.006479      -0.002926
       0.2836      -0.006500      -0.002905
        0.284      -0.006521      -0.002884
       0.2844      -0.006543      -0.002863
       0.2848      -0.006564      -0.002841
       0.2852      -0.006586      -0.002819
       0.2856      -0.006608      -0.002797
        0.286      -0.006630      -0.002775
       0.2864      -0.006652      -0.002753
       0.2868      -0.006675      -0.002731
       0.2872      -0.006697      -0.002709
       0.2876      -0.006720      -0.002686
        0.288      -0.006742      -0.002663
       0.2884      -0.006765      -0.002641
       0.2888      -0.006788      -0.002618
       0.2892      -0.006811      -0.002595
       0.2896      -0.006835      -0.002571
         0.29      -0.006858      -0.002548
       0.2904      -0.006881      -0.002525
       0.2908      -0.006905      -0.002501
       0.2912      -0.006929      -0.002477
       0.2916      -0.006953      -0.002453
        0.292      -0.006977      -0.002429
       0.2924      -0.007001      -0.002405
       0.2928      -0.007026      -0.002381
       0.2932      -0.007050      -0.002357
       0.2936      -0.007075      -0.002332
        0.294      -0.007099      -0.002307
       0.2944      -0.007124      -0.002282
       0.2948      -0.007149      -0.002257
       0.2952      -0.007175      -0.002232
       0.2956      -0.007200      -0.002207
        0.296      -0.007225      -0.002182
       0.2964      -0.007251      -0.002156
       0.2968      -0.007277      -0.002130
       0.2972      -0.007303      -0.002105
       0.2976      -0.007329      -0.002079
        0.298      -0.007355      -0.002053
       0.2984      -0.007381      -0.002026
       0.2988      -0.007408      -0.002000
       0.2992      -0.007434      -0.001973
       0.2996      -0.007461      -0.001947
          0.3      -0.007488      -0.001920
       0.3004      -0.007515      -0.001893
       0.3008      -0.007542      -0.001866
       0.3012      -0.007569      -0.001839
       0.3016      -0.007597      -0.001811
        0.302      -0.007624      -0.001784
       0.3024      -0.007652      -0.001756
       0.3028      -0.007680      -0.001728
       0.3032      -0.007708      -0.001700
       0.3036      -0.007736      -0.001672
        0.304      -0.007765      -0.001644
       0.3044      -0.007793      -0.001615
       0.3048      -0.007822      -0.001587
       0.3052      -0.007851      -0.001558
       0.3056      -0.007879      -0.001529
        0.306      -0.007908      -0.001500
       0.3064      -0.007938      -0.001471
       0.3068      -0.007967      -0.001442
       0.3072      -0.007997      -0.001413
       0.3076      -0.008026      -0.001383
        0.308      -0.008056      -0.001353
       0.3084      -0.008086      -0.001324
       0.3088      -0.008116      -0.001294
       0.3092      -0.008146      -0.001263
       0.3096      -0.008177      -0.001233
         0.31      -0.008207      -0.001203
       0.3104      -0.008238      -0.001172
       0.3108      -0.008269      -0.001141
       0.3112      -0.008300      -0.001110
       0.3116      -0.008331      -0.001079
        0.312      -0.008362      -0.001048
       0.3124      -0.008393      -0.001017
       0.3128      -0.008425      -0.000985
       0.3132      -0.008457      -0.000954
       0.3136      -0.008488      -0.000922
        0.314      -0.008520      -0.000890
       0.3144      -0.008553      -0.000858
       0.3148      -0.008585      -0.000826
       0.3152      -0.008617      -0.000794
       0.3156      -0.008650      -0.000761
        0.316      -0.008683      -0.000728
       0.3164      -0.008716      -0.000696
       0.3168      -0.008749      -0.000663
       0.3172      -0.008782      -0.000630
       0.3176      -0.008815      -0.000596
        0.318      -0.008849      -0.000563
       0.3184      -0.008882      -0.000529
       0.3188      -0.008916      -0.000496
       0.3192      -0.008950      -0.000462
       0.3196      -0.008984      -0.000428
         0.32      -0.009018      -0.000394
       0.3204      -0.009053      -0.000360
       0.3208      -0.009087      -0.000325
       0.3212      -0.009122      -0.000291
       0.3216      -0.009157      -0.000256
        0.322      -0.009191      -0.000221
       0.3224      -0.009227      -0.000186
       0.3228      -0.009262      -0.000151
       0.3232      -0.009297      -0.000116
       0.3236      -0.009333      -0.000080
        0.324      -0.009368      -0.000045
       0.3244      -0.009404      -0.000009
       0.3248      -0.009440      0.000027
       0.3252      -0.009476      0.000063
       0.3256      -0.009513      0.000099
        0.326      -0.009549      0.000136
       0.3264      -0.009586      0.000172
       0.3268      -0.009622      0.000209
       0.3272      -0.009659      0.000245
       0.3276      -0.009696      0.000282
        0.328      -0.009733      0.000319
       0.3284      -0.009771      0.000357
       0.3288      -0.009808      0.000394
       0.3292      -0.009846      0.000431
       0.3296      -0.009883      0.000469
         0.33      -0.009921      0.000507
       0.3304      -0.009959      0.000545
       0.3308      -0.009997      0.000583
       0.3312      -0.010036      0.000621
       0.3316      -0.010074      0.000659
        0.332      -0.010113      0.000698
       0.3324      -0.010151      0.000736
       0.3328      -0.010190      0.000775
       0.3332      -0.010229      0.000814
       0.3336      -0.010269      0.000853
        0.334      -0.010308      0.000892
       0.3344      -0.010347      0.000932
       0.3348      -0.010387      0.000971
       0.3352      -0.010426      0.001011
       0.3356      -0.010466      0.001050
        0.336      -0.010506      0.001090
       0.3364      -0.010546      0.001130
       0.3368      -0.010587      0.001170
       0.3372      -0.010627      0.001211
       0.3376      -0.010668      0.001251
        0.338      -0.010708      0.001292
       0.3384      -0.010749      0.001332
       0.3388      -0.010790      0.001373
       0.3392      -0.010831      0.001414
       0.3396      -0.010872      0.001455
         0.34      -0.010914      0.001496
       0.3404      -0.010955      0.001538
       0.3408      -0.010997      0.001579
       0.3412      -0.011039      0.001621
       0.3416      -0.011080      0.001663
        0.342      -0.011122      0.001704
       0.3424      -0.011165      0.001747
       0.3428      -0.011207      0.001789
       0.3432      -0.011249      0.001831
       0.3436      -0.011292      0.001873
        0.344      -0.011334      0.001916
       0.3444      -0.011377      0.001958
       0.3448      -0.011420      0.002001
       0.3452      -0.011463      0.002044
       0.3456      -0.011506      0.002087
        0.346      -0.011549      0.002130
       0.3464      -0.011593      0.002174
       0.3468      -0.011636      0.002217
       0.3472      -0.011680      0.002261
       0.3476      -0.011724      0.002304
        0.348      -0.011768      0.002348
       0.3484      -0.011812      0.002392
       0.3488      -0.011856      0.002436
       0.3492      -0.011900      0.002480
       0.3496      -0.011944      0.002524
         0.35      -0.011989      0.002568
       0.3504      -0.012033      0.002613
       0.3508      -0.012078      0.002658
       0.3512      -0.012123      0.002702
       0.3516      -0.012168      0.002747
        0.352      -0.012213      0.002792
       0.3524      -0.012258      0.002837
       0.3528      -0.012303      0.002882
       0.3532      -0.012349      0.002927
       0.3536      -0.012394      0.002973
        0.354      -0.012440      0.003018
       0.3544      -0.012485      0.003064
       0.3548      -0.012531      0.003109
       0.3552      -0.012577      0.003155
       0.3556      -0.012623      0.003201
        0.356      -0.012669      0.003247
       0.3564      -0.012715      0.003293
       0.3568      -0.012762      0.003339
       0.3572      -0.012808      0.003385
       0.3576      -0.012855      0.003432
        0.358      -0.012901      0.003478
       0.3584      -0.012948      0.003525
       0.3588      -0.012995      0.003571
       0.3592      -0.013041      0.003618
       0.3596      -0.013088      0.003665
         0.36      -0.013135      0.003712
       0.3604      -0.013183      0.003759
       0.3608      -0.013230      0.003806
       0.3612      -0.013277      0.003853
       0.3616      -0.013325      0.003900
        0.362      -0.013372      0.003948
       0.3624      -0.013420      0.003995
       0.3628      -0.013467      0.004043
       0.3632      -0.013515      0.004090
       0.3636      -0.013563      0.004138
        0.364      -0.013611      0.004186
       0.3644      -0.013658      0.004233
       0.3648      -0.013707      0.004281
       0.3652      -0.013755      0.004329
       0.3656      -0.013803      0.004377
        0.366      -0.013851      0.004425
       0.3664      -0.013899      0.004473
       0.3668      -0.013948      0.004522
       0.3672      -0.013996      0.004570
       0.3676      -0.014045      0.004618
        0.368      -0.014093      0.004667
       0.3684      -0.014142      0.004715
       0.3688      -0.014190      0.004764
       0.3692      -0.014239      0.004812
       0.3696      -0.014288      0.004861
         0.37      -0.014337      0.004909
       0.3704      -0.014386      0.004958
       0.3708      -0.014434      0.005007
       0.3712      -0.014483      0.005056
       0.3716      -0.014532      0.005105
        0.372      -0.014581      0.005154
       0.3724      -0.014631      0.005203
       0.3728      -0.014680      0.005252
       0.3732      -0.014729      0.005301
       0.3736      -0.014778      0.005350
        0.374      -0.014827      0.005399
       0.3744      -0.014877      0.005448
       0.3748      -0.014926      0.005497
       0.3752      -0.014975      0.005546
       0.3756      -0.015025      0.005596
        0.376      -0.015074      0.005645
       0.3764      -0.015124      0.005694
       0.3768      -0.015173      0.005743
       0.3772      -0.015222      0.005793
       0.3776      -0.015272      0.005842
        0.378      -0.015321      0.005891
       0.3784      -0.015371      0.005941
       0.3788      -0.015420      0.005990
       0.3792      -0.015470      0.006040
       0.3796      -0.015520      0.006089
         0.38      -0.015569      0.006138
       0.3804      -0.015619      0.006188
       0.3808      -0.015668      0.006237
       0.3812      -0.015718      0.006287
       0.3816      -0.015767      0.006336
        0.382      -0.015817      0.006385
       0.3824      -0.015866      0.006435
       0.3828      -0.015916      0.006484
       0.3832      -0.015965      0.006533
       0.3836      -0.016015      0.006583
        0.384      -0.016064      0.006632
       0.3844      -0.016114      0.006681
       0.3848      -0.016163      0.006731
       0.3852      -0.016213      0.006780
       0.3856      -0.016262      0.006829
        0.386      -0.016311      0.006878
       0.3864      -0.016361      0.006928
       0.3868      -0.016410      0.006977
       0.3872      -0.016459      0.007026
       0.3876      -0.016508      0.007075
        0.388      -0.016558      0.007124
       0.3884      -0.016607      0.007173
       0.3888      -0.016656      0.007222
       0.3892      -0.016705      0.007271
       0.3896      -0.016754      0.007319
         0.39      -0.016803      0.007368
       0.3904      -0.016852      0.007417
       0.3908      -0.016900      0.007466
       0.3912      -0.016949      0.007514
       0.3916      -0.016998      0.007563
        0.392      -0.017046      0.007611
       0.3924      -0.017095      0.007660
       0.3928      -0.017143      0.007708
       0.3932      -0.017192      0.007756
       0.3936      -0.017240      0.007804
        0.394      -0.017288      0.007852
       0.3944      -0.017336      0.007900
       0.3948      -0.017385      0.007948
       0.3952      -0.017433      0.007996
       0.3956      -0.017480      0.008044
        0.396      -0.017528      0.008092
       0.3964      -0.017576      0.008139
       0.3968      -0.017623      0.008187
       0.3972      -0.017671      0.008234
       0.3976      -0.017718      0.008281
        0.398      -0.017766      0.008328
       0.3984      -0.017813      0.008375
       0.3988      -0.017860      0.008422
       0.3992      -0.017907      0.008469
       0.3996      -0.017954      0.008516
          0.4      -0.018000      0.008562
       0.4004      -0.018047      0.008609
       0.4008      -0.018093      0.008655
       0.4012      -0.018140      0.008701
       0.4016      -0.018186      0.008747
        0.402      -0.018232      0.008793
       0.4024      -0.018278      0.008839
       0.4028      -0.018323      0.008884
       0.4032      -0.018369      0.008930
       0.4036      -0.018414      0.008975
        0.404      -0.018460      0.009020
       0.4044      -0.018505      0.009065
       0.4048      -0.018550      0.009110
       0.4052      -0.018595      0.009155
       0.4056      -0.018639      0.009199
        0.406      -0.018684      0.009243
       0.4064      -0.018728      0.009288
       0.4068      -0.018772      0.009332
       0.4072      -0.018816      0.009375
       0.4076      -0.018860      0.009419
        0.408      -0.018903      0.009462
       0.4084      -0.018947      0.009506
       0.4088      -0.018990      0.009549
       0.4092      -0.019033      0.009592
       0.4096      -0.019076      0.009634
         0.41      -0.019118      0.009677
       0.4104      -0.019161      0.009719
       0.4108      -0.019203      0.009761
       0.4112      -0.019245      0.009803
       0.4116      -0.019287      0.009844
        0.412      -0.019328      0.009886
       0.4124      -0.019369      0.009927
       0.4128      -0.019411      0.009968
       0.4132      -0.019451      0.010009
       0.4136      -0.019492      0.010049
        0.414      -0.019532      0.010089
       0.4144      -0.019573      0.010129
       0.4148      -0.019612      0.010169
       0.4152      -0.019652      0.010209
       0.4156      -0.019691      0.010248
        0.416      -0.019731      0.010287
       0.4164      -0.019770      0.010326
       0.4168      -0.019808      0.010364
       0.4172      -0.019847      0.010402
       0.4176      -0.019885      0.010440
        0.418      -0.019923      0.010478
       0.4184      -0.019960      0.010516
       0.4188      -0.019997      0.010553
       0.4192      -0.020034      0.010590
       0.4196      -0.020071      0.010626
         0.42      -0.020108      0.010663
       0.4204      -0.020144      0.010699
       0.4208      -0.020180      0.010734
       0.4212      -0.020215      0.010770
       0.4216      -0.020250      0.010805
        0.422      -0.020285      0.010840
       0.4224      -0.020320      0.010874
       0.4228      -0.020354      0.010908
       0.4232      -0.020388      0.010942
       0.4236      -0.020422      0.010976
        0.424      -0.020455      0.011009
       0.4244      -0.020488      0.011042
       0.4248      -0.020521      0.011075
       0.4252      -0.020554      0.011107
       0.4256      -0.020586      0.011139
        0.426      -0.020617      0.011170
       0.4264      -0.020649      0.011202
       0.4268      -0.020680      0.011233
       0.4272      -0.020710      0.011263
       0.4276      -0.020741      0.011293
        0.428      -0.020771      0.011323
       0.4284      -0.020800      0.011353
       0.4288      -0.020829      0.011382
       0.4292      -0.020858      0.011411
       0.4296      -0.020887      0.011439
         0.43      -0.020915      0.011467
       0.4304      -0.020943      0.011495
       0.4308      -0.020970      0.011522
       0.4312      -0.020997      0.011549
       0.4316      -0.021023      0.011575
        0.432      -0.021050      0.011601
       0.4324      -0.021075      0.011627
       0.4328      -0.021101      0.011652
       0.4332      -0.021126      0.011677
       0.4336      -0.021150      0.011701
        0.434      -0.021174      0.011725
       0.4344      -0.021198      0.011749
       0.4348      -0.021222      0.011772
       0.4352      -0.021244      0.011795
       0.4356      -0.021267      0.011818
        0.436      -0.021289      0.011840
       0.4364      -0.021311      0.011861
       0.4368      -0.021332      0.011882
       0.4372      -0.021353      0.011903
       0.4376      -0.021373      0.011923
        0.438      -0.021393      0.011943
       0.4384      -0.021412      0.011962
       0.4388      -0.021431      0.011981
       0.4392      -0.021450      0.011999
       0.4396      -0.021468      0.012017
         0.44      -0.021485      0.012035
       0.4404      -0.021502      0.012052
       0.4408      -0.021519      0.012068
       0.4412      -0.021535      0.012085
       0.4416      -0.021551      0.012100
        0.442      -0.021566      0.012115
       0.4424      -0.021581      0.012130
       0.4428      -0.021595      0.012144
       0.4432      -0.021609      0.012158
       0.4436      -0.021622      0.012171
        0.444      -0.021635      0.012184
       0.4444      -0.021647      0.012196
       0.4448      -0.021659      0.012208
       0.4452      -0.021670      0.012219
       0.4456      -0.021681      0.012229
        0.446      -0.021691      0.012240
       0.4464      -0.021701      0.012249
       0.4468      -0.021710      0.012258
       0.4472      -0.021719      0.012267
       0.4476      -0.021727      0.012275
        0.448      -0.021735      0.012283
       0.4484      -0.021742      0.012290
       0.4488      -0.021748      0.012296
       0.4492      -0.021754      0.012302
       0.4496      -0.021760      0.012308
         0.45      -0.021765      0.012313
       0.4504      -0.021769      0.012317
       0.4508      -0.021773      0.012321
       0.4512      -0.021776      0.012324
       0.4516      -0.021779      0.012327
        0.452      -0.021781      0.012329
       0.4524      -0.021783      0.012330
       0.4528      -0.021784      0.012331
       0.4532      -0.021784      0.012332
       0.4536      -0.021784      0.012332
        0.454      -0.021784      0.012331
       0.4544      -0.021782      0.012330
       0.4548      -0.021781      0.012328
       0.4552      -0.021778      0.012325
       0.4556      -0.021775      0.012322
        0.456      -0.021772      0.012319
       0.4564      -0.021768      0.012315
       0.4568      -0.021763      0.012310
       0.4572      -0.021757      0.012305
       0.4576      -0.021752      0.012299
        0.458      -0.021745      0.012292
       0.4584      -0.021738      0.012285
       0.4588      -0.021730      0.012277
       0.4592      -0.021722      0.012269
       0.4596      -0.021713      0.012260
         0.46      -0.021703      0.012250
       0.4604      -0.021693      0.012240
       0.4608      -0.021682      0.012229
       0.4612      -0.021671      0.012218
       0.4616      -0.021659      0.012206
        0.462      -0.021646      0.012193
       0.4624      -0.021633      0.012179
       0.4628      -0.021619      0.012166
       0.4632      -0.021604      0.012151
       0.4636      -0.021589      0.012136
        0.464      -0.021573      0.012120
       0.4644      -0.021557      0.012103
       0.4648      -0.021539      0.012086
       0.4652      -0.021522      0.012068
       0.4656      -0.021503      0.012050
        0.466      -0.021484      0.012031
       0.4664      -0.021464      0.012011
       0.4668      -0.021444      0.011991
       0.4672      -0.021423      0.011970
       0.4676      -0.021401      0.011948
        0.468      -0.021379      0.011926
       0.4684      -0.021356      0.011903
       0.4688      -0.021332      0.011879
       0.4692      -0.021308      0.011855
       0.4696      -0.021283      0.011830
         0.47      -0.021257      0.011804
       0.4704      -0.021231      0.011778
       0.4708      -0.021204      0.011751
       0.4712      -0.021176      0.011723
       0.4716      -0.021147      0.011695
        0.472      -0.021118      0.011666
       0.4724      -0.021089      0.011636
       0.4728      -0.021058      0.011606
       0.4732      -0.021027      0.011574
       0.4736      -0.020995      0.011543
        0.474      -0.020963      0.011510
       0.4744      -0.020930      0.011477
       0.4748      -0.020896      0.011443
       0.4752      -0.020861      0.011409
       0.4756      -0.020826      0.011374
        0.476      -0.020790      0.011338
       0.4764      -0.020753      0.011301
       0.4768      -0.020716      0.011264
       0.4772      -0.020678      0.011226
       0.4776      -0.020639      0.011187
        0.478      -0.020600      0.011148
       0.4784      -0.020560      0.011108
       0.4788      -0.020519      0.011067
       0.4792      -0.020477      0.011026
       0.4796      -0.020435      0.010983
         0.48      -0.020392      0.010940
       0.4804      -0.020348      0.010897
       0.4808      -0.020304      0.010853
       0.4812      -0.020259      0.010808
       0.4816      -0.020213      0.010762
        0.482      -0.020167      0.010715
       0.4824      -0.020119      0.010668
       0.4828      -0.020072      0.010621
       0.4832      -0.020023      0.010572
       0.4836      -0.019974      0.010523
        0.484      -0.019923      0.010473
       0.4844      -0.019873      0.010422
       0.4848      -0.019821      0.010371
       0.4852      -0.019769      0.010319
       0.4856      -0.019716      0.010266
        0.486      -0.019662      0.010212
       0.4864      -0.019608      0.010158
       0.4868      -0.019553      0.010103
       0.4872      -0.019497      0.010047
       0.4876      -0.019441      0.009991
        0.488      -0.019383      0.009934
       0.4884      -0.019325      0.009876
       0.4888      -0.019267      0.009817
       0.4892      -0.019207      0.009758
       0.4896      -0.019147      0.009698
         0.49      -0.019086      0.009637
       0.4904      -0.019025      0.009576
       0.4908      -0.018962      0.009514
       0.4912      -0.018899      0.009451
       0.4916      -0.018836      0.009387
        0.492      -0.018771      0.009323
       0.4924      -0.018706      0.009258
       0.4928      -0.018640      0.009192
       0.4932      -0.018573      0.009126
       0.4936      -0.018506      0.009058
        0.494      -0.018438      0.008990
       0.4944      -0.018369      0.008922
       0.4948      -0.018300      0.008852
       0.4952      -0.018229      0.008782
       0.4956      -0.018158      0.008712
        0.496      -0.018087      0.008640
       0.4964      -0.018014      0.008568
       0.4968      -0.017941      0.008495
       0.4972      -0.017867      0.008421
       0.4976      -0.017793      0.008347
        0.498      -0.017718      0.008272
       0.4984      -0.017642      0.008196
       0.4988      -0.017565      0.008120
       0.4992      -0.017487      0.008042
       0.4996      -0.017409      0.007964
          0.5      -0.017330      0.007886
       0.5004      -0.017251      0.007806
       0.5008      -0.017171      0.007726
       0.5012      -0.017090      0.007646
       0.5016      -0.017008      0.007564
        0.502      -0.016926      0.007482
       0.5024      -0.016842      0.007399
       0.5028      -0.016759      0.007315
       0.5032      -0.016674      0.007231
       0.5036      -0.016589      0.007146
        0.504      -0.016503      0.007060
       0.5044      -0.016416      0.006974
       0.5048      -0.016329      0.006887
       0.5052      -0.016241      0.006799
       0.5056      -0.016152      0.006711
        0.506      -0.016063      0.006621
       0.5064      -0.015973      0.006532
       0.5068      -0.015882      0.006441
       0.5072      -0.015790      0.006350
       0.5076      -0.015698      0.006258
        0.508      -0.015605      0.006165
       0.5084      -0.015512      0.006072
       0.5088      -0.015417      0.005978
       0.5092      -0.015323      0.005883
       0.5096      -0.015227      0.005788
         0.51      -0.015131      0.005692
       0.5104      -0.015034      0.005595
       0.5108      -0.014936      0.005498
       0.5112      -0.014838      0.005400
       0.5116      -0.014739      0.005301
        0.512      -0.014639      0.005201
       0.5124      -0.014539      0.005101
       0.5128      -0.014438      0.005001
       0.5132      -0.014336      0.004899
       0.5136      -0.014234      0.004797
        0.514      -0.014131      0.004694
       0.5144      -0.014027      0.004591
       0.5148      -0.013923      0.004487
       0.5152      -0.013818      0.004382
       0.5156      -0.013712      0.004277
        0.516      -0.013606      0.004171
       0.5164      -0.013499      0.004064
       0.5168      -0.013391      0.003957
       0.5172      -0.013283      0.003849
       0.5176      -0.013174      0.003741
        0.518      -0.013065      0.003632
       0.5184      -0.012954      0.003522
       0.5188      -0.012844      0.003411
       0.5192      -0.012732      0.003300
       0.5196      -0.012620      0.003189
         0.52      -0.012508      0.003076
       0.5204      -0.012394      0.002963
       0.5208      -0.012280      0.002850
       0.5212      -0.012166      0.002736
       0.5216      -0.012051      0.002621
        0.522      -0.011935      0.002505
       0.5224      -0.011819      0.002389
       0.5228      -0.011702      0.002273
       0.5232      -0.011584      0.002156
       0.5236      -0.011466      0.002038
        0.524      -0.011347      0.001919
       0.5244      -0.011228      0.001801
       0.5248      -0.011108      0.001681
       0.5252      -0.010988      0.001561
       0.5256      -0.010866      0.001440
        0.526      -0.010745      0.001319
       0.5264      -0.010623      0.001197
       0.5268      -0.010500      0.001074
       0.5272      -0.010376      0.000951
       0.5276      -0.010252      0.000828
        0.528      -0.010128      0.000704
       0.5284      -0.010003      0.000579
       0.5288      -0.009877      0.000454
       0.5292      -0.009751      0.000328
       0.5296      -0.009624      0.000202
         0.53      -0.009497      0.000075
       0.5304      -0.009369      -0.000053
       0.5308      -0.009241      -0.000181
       0.5312      -0.009112      -0.000309
       0.5316      -0.008982      -0.000438
        0.532      -0.008852      -0.000568
       0.5324      -0.008722      -0.000698
       0.5328      -0.008591      -0.000828
       0.5332      -0.008459      -0.000960
       0.5336      -0.008327      -0.001091
        0.534      -0.008195      -0.001223
       0.5344      -0.008062      -0.001356
       0.5348      -0.007928      -0.001489
       0.5352      -0.007794      -0.001623
       0.5356      -0.007660      -0.001757
        0.536      -0.007524      -0.001891
       0.5364      -0.007389      -0.002027
       0.5368      -0.007253      -0.002162
       0.5372      -0.007116      -0.002298
       0.5376      -0.006979      -0.002435
        0.538      -0.006842      -0.002572
       0.5384      -0.006704      -0.002709
       0.5388      -0.006566      -0.002847
       0.5392      -0.006427      -0.002985
       0.5396      -0.006288      -0.003124
         0.54      -0.006148      -0.003263
       0.5404      -0.006008      -0.003403
       0.5408      -0.005867      -0.003543
       0.5412      -0.005726      -0.003684
       0.5416      -0.005585      -0.003825
        0.542      -0.005443      -0.003966
       0.5424      -0.005301      -0.004108
       0.5428      -0.005158      -0.004250
       0.5432      -0.005015      -0.004393
       0.5436      -0.004871      -0.004536
        0.544      -0.004727      -0.004679
       0.5444      -0.004583      -0.004823
       0.5448      -0.004438      -0.004968
       0.5452      -0.004293      -0.005112
       0.5456      -0.004148      -0.005257
        0.546      -0.004002      -0.005403
       0.5464      -0.003855      -0.005548
       0.5468      -0.003709      -0.005695
       0.5472      -0.003562      -0.005841
       0.5476      -0.003414      -0.005988
        0.548      -0.003267      -0.006135
       0.5484      -0.003119      -0.006283
       0.5488      -0.002970      -0.006431
       0.5492      -0.002821      -0.006579
       0.5496      -0.002672      -0.006728
         0.55      -0.002523      -0.006876
       0.5504      -0.002373      -0.007026
       0.5508      -0.002223      -0.007175
       0.5512      -0.002073      -0.007325
       0.5516      -0.001922      -0.007475
        0.552      -0.001771      -0.007626
       0.5524      -0.001620      -0.007777
       0.5528      -0.001468      -0.007928
       0.5532      -0.001316      -0.008079
       0.5536      -0.001164      -0.008231
        0.554      -0.001011      -0.008383
       0.5544      -0.000859      -0.008535
       0.5548      -0.000706      -0.008688
       0.5552      -0.000552      -0.008840
       0.5556      -0.000399      -0.008993
        0.556      -0.000245      -0.009147
       0.5564      -0.000091      -0.009300
       0.5568      0.000063      -0.009454
       0.5572      0.000218      -0.009608
       0.5576      0.000373      -0.009762
        0.558      0.000528      -0.009917
       0.5584      0.000683      -0.010071
       0.5588      0.000838      -0.010226
       0.5592      0.000994      -0.010381
       0.5596      0.001150      -0.010537
         0.56      0.001306      -0.010692
       0.5604      0.001462      -0.010848
       0.5608      0.001619      -0.011004
       0.5612      0.001775      -0.011160
       0.5616      0.001932      -0.011316
        0.562      0.002089      -0.011473
       0.5624      0.002247      -0.011630
       0.5628      0.002404      -0.011786
       0.5632      0.002561      -0.011943
       0.5636      0.002719      -0.012100
        0.564      0.002877      -0.012258
       0.5644      0.003035      -0.012415
       0.5648      0.003193      -0.012573
       0.5652      0.003351      -0.012730
       0.5656      0.003510      -0.012888
        0.566      0.003668      -0.013046
       0.5664      0.003827      -0.013204
       0.5668      0.003985      -0.013362
       0.5672      0.004144      -0.013520
       0.5676      0.004303      -0.013679
        0.568      0.004462      -0.013837
       0.5684      0.004621      -0.013996
       0.5688      0.004780      -0.014154
       0.5692      0.004940      -0.014313
       0.5696      0.005099      -0.014472
         0.57      0.005258      -0.014631
       0.5704      0.005418      -0.014790
       0.5708      0.005577      -0.014948
       0.5712      0.005737      -0.015107
       0.5716      0.005896      -0.015266
        0.572      0.006056      -0.015426
       0.5724      0.006216      -0.015585
       0.5728      0.006375      -0.015744
       0.5732      0.006535      -0.015903
       0.5736      0.006695      -0.016062
        0.574      0.006854      -0.016221
       0.5744      0.007014      -0.016380
       0.5748      0.007174      -0.016539
       0.5752      0.007334      -0.016699
       0.5756      0.007493      -0.016858
        0.576      0.007653      -0.017017
       0.5764      0.007813      -0.017176
       0.5768      0.007972      -0.017335
       0.5772      0.008132      -0.017494
       0.5776      0.008291      -0.017653
        0.578      0.008451      -0.017812
       0.5784      0.008610      -0.017971
       0.5788      0.008770      -0.018129
       0.5792      0.008929      -0.018288
       0.5796      0.009088      -0.018447
         0.58      0.009247      -0.018605
       0.5804      0.009406      -0.018764
       0.5808      0.009565      -0.018922
       0.5812      0.009724      -0.019081
       0.5816      0.009883      -0.019239
        0.582      0.010042      -0.019397
       0.5824      0.010200      -0.019555
       0.5828      0.010359      -0.019713
       0.5832      0.010517      -0.019871
       0.5836      0.010675      -0.020028
        0.584      0.010833      -0.020186
       0.5844      0.010991      -0.020343
       0.5848      0.011149      -0.020500
       0.5852      0.011307      -0.020657
       0.5856      0.011464      -0.020814
        0.586      0.011621      -0.020971
       0.5864      0.011779      -0.021127
       0.5868      0.011936      -0.021284
       0.5872      0.012092      -0.021440
       0.5876      0.012249      -0.021596
        0.588      0.012405      -0.021752
       0.5884      0.012561      -0.021907
       0.5888      0.012717      -0.022063
       0.5892      0.012873      -0.022218
       0.5896      0.013029      -0.022373
         0.59      0.013184      -0.022528
       0.5904      0.013339      -0.022682
       0.5908      0.013494      -0.022837
       0.5912      0.013649      -0.022991
       0.5916      0.013803      -0.023145
        0.592      0.013957      -0.023298
       0.5924      0.014111      -0.023451
       0.5928      0.014265      -0.023605
       0.5932      0.014418      -0.023757
       0.5936      0.014571      -0.023910
        0.594      0.014724      -0.024062
       0.5944      0.014876      -0.024214
       0.5948      0.015029      -0.024366
       0.5952      0.015181      -0.024517
       0.5956      0.015332      -0.024668
        0.596      0.015484      -0.024819
       0.5964      0.015635      -0.024969
       0.5968      0.015785      -0.025120
       0.5972      0.015936      -0.025269
       0.5976      0.016086      -0.025419
        0.598      0.016235      -0.025568
       0.5984      0.016385      -0.025717
       0.5988      0.016534      -0.025865
       0.5992      0.016682      -0.026013
       0.5996      0.016831      -0.026161
          0.6      0.016979      -0.026309
       0.6004      0.017126      -0.026456
       0.6008      0.017273      -0.026602
       0.6012      0.017420      -0.026749
       0.6016      0.017567      -0.026895
        0.602      0.017713      -0.027040
       0.6024      0.017859      -0.027185
       0.6028      0.018004      -0.027330
       0.6032      0.018149      -0.027474
       0.6036      0.018293      -0.027618
        0.604      0.018437      -0.027762
       0.6044      0.018581      -0.027905
       0.6048      0.018724      -0.028048
       0.6052      0.018867      -0.028190
       0.6056      0.019009      -0.028332
        0.606      0.019151      -0.028473
       0.6064      0.019292      -0.028614
       0.6068      0.019433      -0.028754
       0.6072      0.019574      -0.028894
       0.6076      0.019714      -0.029034
        0.608      0.019853      -0.029173
       0.6084      0.019993      -0.029312
       0.6088      0.020131      -0.029450
       0.6092      0.020269      -0.029587
       0.6096      0.020407      -0.029724
         0.61      0.020544      -0.029861
       0.6104      0.020681      -0.029997
       0.6108      0.020817      -0.030133
       0.6112      0.020953      -0.030268
       0.6116      0.021088      -0.030403
        0.612      0.021222      -0.030537
       0.6124      0.021357      -0.030671
       0.6128      0.021490      -0.030804
       0.6132      0.021623      -0.030936
       0.6136      0.021756      -0.031068
        0.614      0.021888      -0.031200
       0.6144      0.022019      -0.031331
       0.6148      0.022150      -0.031461
       0.6152      0.022280      -0.031591
       0.6156      0.022410      -0.031720
        0.616      0.022539      -0.031849
       0.6164      0.022668      -0.031977
       0.6168      0.022796      -0.032105
       0.6172      0.022923      -0.032232
       0.6176      0.023050      -0.032358
        0.618      0.023176      -0.032484
       0.6184      0.023302      -0.032609
       0.6188      0.023427      -0.032734
       0.6192      0.023551      -0.032858
       0.6196      0.023675      -0.032981
         0.62      0.023798      -0.033104
       0.6204      0.023921      -0.033226
       0.6208      0.024043      -0.033348
       0.6212      0.024164      -0.033468
       0.6216      0.024285      -0.033589
        0.622      0.024405      -0.033708
       0.6224      0.024525      -0.033828
       0.6228      0.024643      -0.033946
       0.6232      0.024762      -0.034064
       0.6236      0.024879      -0.034181
        0.624      0.024996      -0.034297
       0.6244      0.025112      -0.034413
       0.6248      0.025228      -0.034528
       0.6252      0.025343      -0.034643
       0.6256      0.025457      -0.034756
        0.626      0.025570      -0.034869
       0.6264      0.025683      -0.034982
       0.6268      0.025795      -0.035094
       0.6272      0.025907      -0.035205
       0.6276      0.026017      -0.035315
        0.628      0.026127      -0.035425
       0.6284      0.026237      -0.035534
       0.6288      0.026345      -0.035642
       0.6292      0.026453      -0.035749
       0.6296      0.026561      -0.035856
         0.63      0.026667      -0.035962
       0.6304      0.026773      -0.036068
       0.6308      0.026878      -0.036172
       0.6312      0.026982      -0.036276
       0.6316      0.027086      -0.036380
        0.632      0.027189      -0.036482
       0.6324      0.027291      -0.036584
       0.6328      0.027392      -0.036685
       0.6332      0.027493      -0.036785
       0.6336      0.027592      -0.036885
        0.634      0.027692      -0.036983
       0.6344      0.027790      -0.037081
       0.6348      0.027887      -0.037179
       0.6352      0.027984      -0.037275
       0.6356      0.028080      -0.037371
        0.636      0.028176      -0.037466
       0.6364      0.028270      -0.037560
       0.6368      0.028364      -0.037653
       0.6372      0.028457      -0.037746
       0.6376      0.028549      -0.037838
        0.638      0.028640      -0.037929
       0.6384      0.028731      -0.038019
       0.6388      0.028820      -0.038109
       0.6392      0.028909      -0.038197
       0.6396      0.028998      -0.038285
         0.64      0.029085      -0.038372
       0.6404      0.029171      -0.038459
       0.6408      0.029257      -0.038544
       0.6412      0.029342      -0.038629
       0.6416      0.029426      -0.038713
        0.642      0.029510      -0.038796
       0.6424      0.029592      -0.038878
       0.6428      0.029674      -0.038959
       0.6432      0.029754      -0.039040
       0.6436      0.029834      -0.039119
        0.644      0.029914      -0.039198
       0.6444      0.029992      -0.039276
       0.6448      0.030069      -0.039354
       0.6452      0.030146      -0.039430
       0.6456      0.030222      -0.039506
        0.646      0.030297      -0.039580
       0.6464      0.030371      -0.039654
       0.6468      0.030444      -0.039727
       0.6472      0.030516      -0.039799
       0.6476      0.030588      -0.039871
        0.648      0.030658      -0.039941
       0.6484      0.030728      -0.040011
       0.6488      0.030797      -0.040079
       0.6492      0.030865      -0.040147
       0.6496      0.030932      -0.040214
         0.65      0.030999      -0.040280
       0.6504      0.031064      -0.040346
       0.6508      0.031129      -0.040410
       0.6512      0.031192      -0.040474
       0.6516      0.031255      -0.040536
        0.652      0.031317      -0.040598
       0.6524      0.031378      -0.040659
       0.6528      0.031438      -0.040719
       0.6532      0.031498      -0.040778
       0.6536      0.031556      -0.040836
        0.654      0.031614      -0.040894
       0.6544      0.031670      -0.040950
       0.6548      0.031726      -0.041006
       0.6552      0.031781      -0.041060
       0.6556      0.031835      -0.041114
        0.656      0.031888      -0.041167
       0.6564      0.031940      -0.041219
       0.6568      0.031991      -0.041270
       0.6572      0.032041      -0.041320
       0.6576      0.032091      -0.041369
        0.658      0.032139      -0.041418
       0.6584      0.032187      -0.041465
       0.6588      0.032233      -0.041512
       0.6592      0.032279      -0.041557
       0.6596      0.032324      -0.041602
         0.66      0.032368      -0.041646
       0.6604      0.032411      -0.041689
       0.6608      0.032453      -0.041731
       0.6612      0.032494      -0.041772
       0.6616      0.032534      -0.041812
        0.662      0.032574      -0.041851
       0.6624      0.032612      -0.041890
       0.6628      0.032649      -0.041927
       0.6632      0.032686      -0.041963
       0.6636      0.032722      -0.041999
        0.664      0.032756      -0.042034
       0.6644      0.032790      -0.042067
       0.6648      0.032823      -0.042100
       0.6652      0.032855      -0.042132
       0.6656      0.032886      -0.042163
        0.666      0.032916      -0.042193
       0.6664      0.032945      -0.042222
       0.6668      0.032973      -0.042250
       0.6672      0.033000      -0.042277
       0.6676      0.033027      -0.042304
        0.668      0.033052      -0.042329
       0.6684      0.033076      -0.042353
       0.6688      0.033100      -0.042377
       0.6692      0.033123      -0.042400
       0.6696      0.033144      -0.042421
         0.67      0.033165      -0.042442
       0.6704      0.033185      -0.042462
       0.6708      0.033203      -0.042480
       0.6712      0.033221      -0.042498
       0.6716      0.033238      -0.042515
        0.672      0.033254      -0.042531
       0.6724      0.033269      -0.042546
       0.6728      0.033283      -0.042561
       0.6732      0.033297      -0.042574
       0.6736      0.033309      -0.042586
        0.674      0.033320      -0.042597
       0.6744      0.033331      -0.042608
       0.6748      0.033340      -0.042617
       0.6752      0.033349      -0.042626
       0.6756      0.033356      -0.042633
        0.676      0.033363      -0.042640
       0.6764      0.033368      -0.042646
       0.6768      0.033373      -0.042651
       0.6772      0.033377      -0.042655
       0.6776      0.033380      -0.042657
        0.678      0.033382      -0.042659
       0.6784      0.033383      -0.042661
       0.6788      0.033383      -0.042661
       0.6792      0.033382      -0.042660
       0.6796      0.033380      -0.042658
         0.68      0.033377      -0.042655
       0.6804      0.033373      -0.042652
       0.6808      0.033369      -0.042647
       0.6812      0.033363      -0.042642
       0.6816      0.033357      -0.042635
        0.682      0.033349      -0.042628
       0.6824      0.033341      -0.042620
       0.6828      0.033332      -0.042611
       0.6832      0.033321      -0.042601
       0.6836      0.033310      -0.042589
        0.684      0.033298      -0.042578
       0.6844      0.033285      -0.042565
       0.6848      0.033271      -0.042551
       0.6852      0.033256      -0.042536
       0.6856      0.033241      -0.042520
        0.686      0.033224      -0.042504
       0.6864      0.033206      -0.042486
       0.6868      0.033188      -0.042468
       0.6872      0.033168      -0.042449
       0.6876      0.033148      -0.042428
        0.688      0.033126      -0.042407
       0.6884      0.033104      -0.042385
       0.6888      0.033081      -0.042362
       0.6892      0.033057      -0.042338
       0.6896      0.033032      -0.042313
         0.69      0.033006      -0.042288
       0.6904      0.032979      -0.042261
       0.6908      0.032951      -0.042233
       0.6912      0.032923      -0.042205
       0.6916      0.032893      -0.042176
        0.692      0.032863      -0.042145
       0.6924      0.032832      -0.042114
       0.6928      0.032799      -0.042082
       0.6932      0.032766      -0.042049
       0.6936      0.032732      -0.042015
        0.694      0.032697      -0.041981
       0.6944      0.032661      -0.041945
       0.6948      0.032624      -0.041908
       0.6952      0.032587      -0.041871
       0.6956      0.032548      -0.041833
        0.696      0.032509      -0.041794
       0.6964      0.032469      -0.041753
       0.6968      0.032427      -0.041712
       0.6972      0.032385      -0.041671
       0.6976      0.032342      -0.041628
        0.698      0.032299      -0.041584
       0.6984      0.032254      -0.041540
       0.6988      0.032208      -0.041495
       0.6992      0.032162      -0.041448
       0.6996      0.032114      -0.041401
          0.7      0.032066      -0.041353
       0.7004      0.032017      -0.041304
       0.7008      0.031967      -0.041255
       0.7012      0.031917      -0.041204
       0.7016      0.031865      -0.041153
        0.702      0.031812      -0.041101
       0.7024      0.031759      -0.041048
       0.7028      0.031705      -0.040994
       0.7032      0.031650      -0.040939
       0.7036      0.031594      -0.040883
        0.704      0.031537      -0.040827
       0.7044      0.031479      -0.040769
       0.7048      0.031421      -0.040711
       0.7052      0.031362      -0.040652
       0.7056      0.031302      -0.040592
        0.706      0.031241      -0.040532
       0.7064      0.031179      -0.040470
       0.7068      0.031116      -0.040408
       0.7072      0.031053      -0.040345
       0.7076      0.030988      -0.040281
        0.708      0.030923      -0.040216
       0.7084      0.030857      -0.040150
       0.7088      0.030791      -0.040084
       0.7092      0.030723      -0.040017
       0.7096      0.030655      -0.039949
         0.71      0.030586      -0.039880
       0.7104      0.030516      -0.039810
       0.7108      0.030445      -0.039740
       0.7112      0.030373      -0.039668
       0.7116      0.030301      -0.039596
        0.712      0.030228      -0.039524
       0.7124      0.030154      -0.039450
       0.7128      0.030079      -0.039376
       0.7132      0.030004      -0.039300
       0.7136      0.029927      -0.039224
        0.714      0.029850      -0.039148
       0.7144      0.029773      -0.039070
       0.7148      0.029694      -0.038992
       0.7152      0.029615      -0.038913
       0.7156      0.029534      -0.038833
        0.716      0.029453      -0.038753
       0.7164      0.029372      -0.038671
       0.7168      0.029289      -0.038589
       0.7172      0.029206      -0.038506
       0.7176      0.029122      -0.038423
        0.718      0.029038      -0.038338
       0.7184      0.028952      -0.038253
       0.7188      0.028866      -0.038168
       0.7192      0.028779      -0.038081
       0.7196      0.028692      -0.037994
         0.72      0.028603      -0.037906
       0.7204      0.028514      -0.037817
       0.7208      0.028424      -0.037728
       0.7212      0.028334      -0.037638
       0.7216      0.028243      -0.037547
        0.722      0.028151      -0.037455
       0.7224      0.028058      -0.037363
       0.7228      0.027965      -0.037270
       0.7232      0.027871      -0.037176
       0.7236      0.027776      -0.037082
        0.724      0.027680      -0.036987
       0.7244      0.027584      -0.036891
       0.7248      0.027487      -0.036795
       0.7252      0.027390      -0.036698
       0.7256      0.027292      -0.036600
        0.726      0.027193      -0.036501
       0.7264      0.027093      -0.036402
       0.7268      0.026993      -0.036302
       0.7272      0.026892      -0.036202
       0.7276      0.026791      -0.036101
        0.728      0.026689      -0.035999
       0.7284      0.026586      -0.035897
       0.7288      0.026482      -0.035793
       0.7292      0.026378      -0.035690
       0.7296      0.026273      -0.035585
         0.73      0.026168      -0.035480
       0.7304      0.026062      -0.035375
       0.7308      0.025955      -0.035268
       0.7312      0.025848      -0.035161
       0.7316      0.025740      -0.035054
        0.732      0.025631      -0.034946
       0.7324      0.025522      -0.034837
       0.7328      0.025413      -0.034728
       0.7332      0.025302      -0.034618
       0.7336      0.025191      -0.034507
        0.734      0.025080      -0.034396
       0.7344      0.024967      -0.034284
       0.7348      0.024855      -0.034172
       0.7352      0.024741      -0.034059
       0.7356      0.024627      -0.033945
        0.736      0.024513      -0.033831
       0.7364      0.024398      -0.033717
       0.7368      0.024282      -0.033601
       0.7372      0.024166      -0.033486
       0.7376      0.024049      -0.033369
        0.738      0.023932      -0.033252
       0.7384      0.023814      -0.033135
       0.7388      0.023695      -0.033017
       0.7392      0.023576      -0.032898
       0.7396      0.023457      -0.032779
         0.74      0.023337      -0.032660
       0.7404      0.023216      -0.032539
       0.7408      0.023095      -0.032419
       0.7412      0.022973      -0.032297
       0.7416      0.022851      -0.032176
        0.742      0.022728      -0.032053
       0.7424      0.022605      -0.031931
       0.7428      0.022481      -0.031807
       0.7432      0.022357      -0.031684
       0.7436      0.022233      -0.031559
        0.744      0.022107      -0.031434
       0.7444      0.021982      -0.031309
       0.7448      0.021855      -0.031183
       0.7452      0.021729      -0.031057
       0.7456      0.021602      -0.030930
        0.746      0.021474      -0.030803
       0.7464      0.021346      -0.030676
       0.7468      0.021217      -0.030547
       0.7472      0.021088      -0.030419
       0.7476      0.020959      -0.030290
        0.748      0.020829      -0.030160
       0.7484      0.020698      -0.030030
       0.7488      0.020567      -0.029900
       0.7492      0.020436      -0.029769
       0.7496      0.020304      -0.029638
         0.75      0.020172      -0.029506
       0.7504      0.020040      -0.029374
       0.7508      0.019907      -0.029242
       0.7512      0.019773      -0.029109
       0.7516      0.019640      -0.028975
        0.752      0.019505      -0.028841
       0.7524      0.019371      -0.028707
       0.7528      0.019236      -0.028573
       0.7532      0.019100      -0.028438
       0.7536      0.018964      -0.028302
        0.754      0.018828      -0.028166
       0.7544      0.018691      -0.028030
       0.7548      0.018554      -0.027894
       0.7552      0.018417      -0.027757
       0.7556      0.018279      -0.027620
        0.756      0.018141      -0.027482
       0.7564      0.018003      -0.027344
       0.7568      0.017864      -0.027206
       0.7572      0.017725      -0.027067
       0.7576      0.017585      -0.026928
        0.758      0.017446      -0.026788
       0.7584      0.017305      -0.026649
       0.7588      0.017165      -0.026509
       0.7592      0.017024      -0.026368
       0.7596      0.016883      -0.026227
         0.76      0.016741      -0.026086
       0.7604      0.016599      -0.025945
       0.7608      0.016457      -0.025803
       0.7612      0.016315      -0.025661
       0.7616      0.016172      -0.025519
        0.762      0.016029      -0.025376
       0.7624      0.015886      -0.025233
       0.7628      0.015742      -0.025090
       0.7632      0.015598      -0.024947
       0.7636      0.015454      -0.024803
        0.764      0.015309      -0.024659
       0.7644      0.015165      -0.024515
       0.7648      0.015020      -0.024370
       0.7652      0.014874      -0.024225
       0.7656      0.014729      -0.024080
        0.766      0.014583      -0.023935
       0.7664      0.014437      -0.023789
       0.7668      0.014290      -0.023643
       0.7672      0.014144      -0.023497
       0.7676      0.013997      -0.023351
        0.768      0.013850      -0.023204
       0.7684      0.013703      -0.023057
       0.7688      0.013555      -0.022910
       0.7692      0.013408      -0.022763
       0.7696      0.013260      -0.022616
         0.77      0.013111      -0.022468
       0.7704      0.012963      -0.022320
       0.7708      0.012815      -0.022172
       0.7712      0.012666      -0.022024
       0.7716      0.012517      -0.021875
        0.772      0.012368      -0.021726
       0.7724      0.012218      -0.021577
       0.7728      0.012069      -0.021428
       0.7732      0.011919      -0.021279
       0.7736      0.011769      -0.021130
        0.774      0.011619      -0.020980
       0.7744      0.011469      -0.020830
       0.7748      0.011319      -0.020680
       0.7752      0.011168      -0.020530
       0.7756      0.011017      -0.020380
        0.776      0.010866      -0.020230
       0.7764      0.010715      -0.020079
       0.7768      0.010564      -0.019928
       0.7772      0.010413      -0.019777
       0.7776      0.010262      -0.019627
        0.778      0.010110      -0.019475
       0.7784      0.009958      -0.019324
       0.7788      0.009807      -0.019173
       0.7792      0.009655      -0.019021
       0.7796      0.009503      -0.018870
         0.78      0.009351      -0.018718
       0.7804      0.009198      -0.018566
       0.7808      0.009046      -0.018414
       0.7812      0.008894      -0.018262
       0.7816      0.008741      -0.018110
        0.782      0.008589      -0.017958
       0.7824      0.008436      -0.017806
       0.7828      0.008283      -0.017654
       0.7832      0.008130      -0.017501
       0.7836      0.007977      -0.017349
        0.784      0.007824      -0.017196
       0.7844      0.007671      -0.017044
       0.7848      0.007518      -0.016891
       0.7852      0.007365      -0.016738
       0.7856      0.007212      -0.016585
        0.786      0.007058      -0.016433
       0.7864      0.006905      -0.016280
       0.7868      0.006752      -0.016127
       0.7872      0.006598      -0.015974
       0.7876      0.006445      -0.015821
        0.788      0.006292      -0.015668
       0.7884      0.006138      -0.015515
       0.7888      0.005985      -0.015362
       0.7892      0.005831      -0.015208
       0.7896      0.005677      -0.015055
         0.79      0.005524      -0.014902
       0.7904      0.005370      -0.014749
       0.7908      0.005217      -0.014596
       0.7912      0.005063      -0.014443
       0.7916      0.004910      -0.014290
        0.792      0.004756      -0.014137
       0.7924      0.004603      -0.013983
       0.7928      0.004449      -0.013830
       0.7932      0.004296      -0.013677
       0.7936      0.004142      -0.013524
        0.794      0.003989      -0.013371
       0.7944      0.003835      -0.013218
       0.7948      0.003682      -0.013065
       0.7952      0.003528      -0.012912
       0.7956      0.003375      -0.012759
        0.796      0.003222      -0.012606
       0.7964      0.003069      -0.012454
       0.7968      0.002915      -0.012301
       0.7972      0.002762      -0.012148
       0.7976      0.002609      -0.011996
        0.798      0.002456      -0.011843
       0.7984      0.002303      -0.011690
       0.7988      0.002151      -0.011538
       0.7992      0.001998      -0.011386
       0.7996      0.001845      -0.011233
          0.8      0.001692      -0.011081
       0.8004      0.001540      -0.010929
       0.8008      0.001387      -0.010777
       0.8012      0.001235      -0.010625
       0.8016      0.001083      -0.010473
        0.802      0.000931      -0.010321
       0.8024      0.000778      -0.010170
       0.8028      0.000626      -0.010018
       0.8032      0.000475      -0.009866
       0.8036      0.000323      -0.009715
        0.804      0.000171      -0.009564
       0.8044      0.000020      -0.009413
       0.8048      -0.000132      -0.009262
       0.8052      -0.000283      -0.009111
       0.8056      -0.000434      -0.008960
        0.806      -0.000585      -0.008809
       0.8064      -0.000736      -0.008659
       0.8068      -0.000887      -0.008508
       0.8072      -0.001038      -0.008358
       0.8076      -0.001188      -0.008208
        0.808      -0.001339      -0.008058
       0.8084      -0.001489      -0.007908
       0.8088      -0.001639      -0.007758
       0.8092      -0.001789      -0.007609
       0.8096      -0.001939      -0.007460
         0.81      -0.002088      -0.007310
       0.8104      -0.002238      -0.007161
       0.8108      -0.002387      -0.007012
       0.8112      -0.002536      -0.006864
       0.8116      -0.002685      -0.006715
        0.812      -0.002834      -0.006567
       0.8124      -0.002983      -0.006418
       0.8128      -0.003131      -0.006270
       0.8132      -0.003279      -0.006122
       0.8136      -0.003427      -0.005975
        0.814      -0.003575      -0.005827
       0.8144      -0.003723      -0.005680
       0.8148      -0.003870      -0.005533
       0.8152      -0.004018      -0.005386
       0.8156      -0.004165      -0.005239
        0.816      -0.004312      -0.005093
       0.8164      -0.004458      -0.004946
       0.8168      -0.004605      -0.004800
       0.8172      -0.004751      -0.004654
       0.8176      -0.004897      -0.004508
        0.818      -0.005043      -0.004363
       0.8184      -0.005189      -0.004218
       0.8188      -0.005334      -0.004073
       0.8192      -0.005480      -0.003928
       0.8196      -0.005625      -0.003783
         0.82      -0.005769      -0.003639
       0.8204      -0.005914      -0.003495
       0.8208      -0.006058      -0.003351
       0.8212      -0.006202      -0.003207
       0.8216      -0.006346      -0.003063
        0.822      -0.006490      -0.002920
       0.8224      -0.006633      -0.002777
       0.8228      -0.006776      -0.002634
       0.8232      -0.006919      -0.002492
       0.8236      -0.007062      -0.002349
        0.824      -0.007204      -0.002207
       0.8244      -0.007346      -0.002066
       0.8248      -0.007488      -0.001924
       0.8252      -0.007630      -0.001783
       0.8256      -0.007771      -0.001642
        0.826      -0.007912      -0.001501
       0.8264      -0.008053      -0.001361
       0.8268      -0.008194      -0.001220
       0.8272      -0.008334      -0.001080
       0.8276      -0.008474      -0.000941
        0.828      -0.008614      -0.000801
       0.8284      -0.008754      -0.000662
       0.8288      -0.008893      -0.000523
       0.8292      -0.009032      -0.000384
       0.8296      -0.009170      -0.000246
         0.83      -0.009309      -0.000108
       0.8304      -0.009447      0.000030
       0.8308      -0.009585      0.000167
       0.8312      -0.009722      0.000305
       0.8316      -0.009860      0.000441
        0.832      -0.009997      0.000578
       0.8324      -0.010133      0.000714
       0.8328      -0.010270      0.000851
       0.8332      -0.010406      0.000986
       0.8336      -0.010542      0.001122
        0.834      -0.010677      0.001257
       0.8344      -0.010812      0.001392
       0.8348      -0.010947      0.001526
       0.8352      -0.011082      0.001661
       0.8356      -0.011216      0.001795
        0.836      -0.011350      0.001928
       0.8364      -0.011484      0.002062
       0.8368      -0.011617      0.002195
       0.8372      -0.011750      0.002327
       0.8376      -0.011883      0.002460
        0.838      -0.012016      0.002592
       0.8384      -0.012148      0.002724
       0.8388      -0.012280      0.002855
       0.8392      -0.012411      0.002986
       0.8396      -0.012542      0.003117
         0.84      -0.012673      0.003248
       0.8404      -0.012804      0.003378
       0.8408      -0.012934      0.003508
       0.8412      -0.013064      0.003637
       0.8416      -0.013193      0.003767
        0.842      -0.013322      0.003896
       0.8424      -0.013451      0.004024
       0.8428      -0.013580      0.004152
       0.8432      -0.013708      0.004280
       0.8436      -0.013836      0.004408
        0.844      -0.013964      0.004535
       0.8444      -0.014091      0.004662
       0.8448      -0.014218      0.004788
       0.8452      -0.014344      0.004915
       0.8456      -0.014470      0.005041
        0.846      -0.014596      0.005166
       0.8464      -0.014722      0.005291
       0.8468      -0.014847      0.005416
       0.8472      -0.014972      0.005541
       0.8476      -0.015096      0.005665
        0.848      -0.015220      0.005789
       0.8484      -0.015344      0.005912
       0.8488      -0.015467      0.006035
       0.8492      -0.015591      0.006158
       0.8496      -0.015713      0.006280
         0.85      -0.015836      0.006402
       0.8504      -0.015958      0.006524
       0.8508      -0.016079      0.006646
       0.8512      -0.016201      0.006767
       0.8516      -0.016322      0.006887
        0.852      -0.016442      0.007007
       0.8524      -0.016562      0.007127
       0.8528      -0.016682      0.007247
       0.8532      -0.016802      0.007366
       0.8536      -0.016921      0.007485
        0.854      -0.017040      0.007604
       0.8544      -0.017158      0.007722
       0.8548      -0.017276      0.007839
       0.8552      -0.017394      0.007957
       0.8556      -0.017511      0.008074
        0.856      -0.017628      0.008191
       0.8564      -0.017745      0.008307
       0.8568      -0.017861      0.008423
       0.8572      -0.017977      0.008538
       0.8576      -0.018092      0.008654
        0.858      -0.018208      0.008769
       0.8584      -0.018322      0.008883
       0.8588      -0.018437      0.008997
       0.8592      -0.018551      0.009111
       0.8596      -0.018664      0.009224
         0.86      -0.018778      0.009337
       0.8604      -0.018891      0.009450
       0.8608      -0.019003      0.009562
       0.8612      -0.019115      0.009674
       0.8616      -0.019227      0.009785
        0.862      -0.019338      0.009897
       0.8624      -0.019450      0.010007
       0.8628      -0.019560      0.010118
       0.8632      -0.019670      0.010228
       0.8636      -0.019780      0.010337
        0.864      -0.019890      0.010447
       0.8644      -0.019999      0.010555
       0.8648      -0.020108      0.010664
       0.8652      -0.020216      0.010772
       0.8656      -0.020324      0.010880
        0.866      -0.020432      0.010987
       0.8664      -0.020539      0.011094
       0.8668      -0.020646      0.011201
       0.8672      -0.020752      0.011307
       0.8676      -0.020859      0.011413
        0.868      -0.020964      0.011518
       0.8684      -0.021070      0.011623
       0.8688      -0.021175      0.011728
       0.8692      -0.021279      0.011832
       0.8696      -0.021383      0.011936
         0.87      -0.021487      0.012040
       0.8704      -0.021591      0.012143
       0.8708      -0.021694      0.012246
       0.8712      -0.021796      0.012348
       0.8716      -0.021899      0.012450
        0.872      -0.022001      0.012552
       0.8724      -0.022102      0.012653
       0.8728      -0.022203      0.012754
       0.8732      -0.022304      0.012855
       0.8736      -0.022404      0.012955
        0.874      -0.022504      0.013054
       0.8744      -0.022604      0.013154
       0.8748      -0.022703      0.013253
       0.8752      -0.022802      0.013351
       0.8756      -0.022901      0.013449
        0.876      -0.022999      0.013547
       0.8764      -0.023096      0.013645
       0.8768      -0.023194      0.013742
       0.8772      -0.023291      0.013838
       0.8776      -0.023387      0.013935
        0.878      -0.023483      0.014031
       0.8784      -0.023579      0.014126
       0.8788      -0.023674      0.014221
       0.8792      -0.023769      0.014316
       0.8796      -0.023864      0.014410
         0.88      -0.023958      0.014504
       0.8804      -0.024052      0.014598
       0.8808      -0.024145      0.014691
       0.8812      -0.024239      0.014784
       0.8816      -0.024331      0.014876
        0.882      -0.024424      0.014968
       0.8824      -0.024515      0.015060
       0.8828      -0.024607      0.015151
       0.8832      -0.024698      0.015242
       0.8836      -0.024789      0.015333
        0.884      -0.024879      0.015423
       0.8844      -0.024969      0.015513
       0.8848      -0.025059      0.015602
       0.8852      -0.025148      0.015691
       0.8856      -0.025237      0.015780
        0.886      -0.025325      0.015868
       0.8864      -0.025414      0.015956
       0.8868      -0.025501      0.016043
       0.8872      -0.025589      0.016130
       0.8876      -0.025676      0.016217
        0.888      -0.025762      0.016303
       0.8884      -0.025848      0.016389
       0.8888      -0.025934      0.016475
       0.8892      -0.026019      0.016560
       0.8896      -0.026104      0.016645
         0.89      -0.026189      0.016729
       0.8904      -0.026273      0.016813
       0.8908      -0.026357      0.016897
       0.8912      -0.026441      0.016980
       0.8916      -0.026524      0.017063
        0.892      -0.026607      0.017146
       0.8924      -0.026689      0.017228
       0.8928      -0.026771      0.017310
       0.8932      -0.026853      0.017391
       0.8936      -0.026934      0.017472
        0.894      -0.027015      0.017553
       0.8944      -0.027095      0.017633
       0.8948      -0.027175      0.017713
       0.8952      -0.027255      0.017792
       0.8956      -0.027334      0.017872
        0.896      -0.027413      0.017950
       0.8964      -0.027492      0.018029
       0.8968      -0.027570      0.018107
       0.8972      -0.027648      0.018184
       0.8976      -0.027726      0.018262
        0.898      -0.027803      0.018338
       0.8984      -0.027879      0.018415
       0.8988      -0.027956      0.018491
       0.8992      -0.028032      0.018567
       0.8996      -0.028107      0.018642
          0.9      -0.028182      0.018717
       0.9004      -0.028257      0.018792
       0.9008      -0.028332      0.018866
       0.9012      -0.028406      0.018940
       0.9016      -0.028480      0.019014
        0.902      -0.028553      0.019087
       0.9024      -0.028626      0.019160
       0.9028      -0.028699      0.019232
       0.9032      -0.028771      0.019304
       0.9036      -0.028843      0.019376
        0.904      -0.028914      0.019447
       0.9044      -0.028985      0.019518
       0.9048      -0.029056      0.019589
       0.9052      -0.029127      0.019659
       0.9056      -0.029197      0.019729
        0.906      -0.029266      0.019798
       0.9064      -0.029336      0.019867
       0.9068      -0.029405      0.019936
       0.9072      -0.029473      0.020004
       0.9076      -0.029541      0.020072
        0.908      -0.029609      0.020140
       0.9084      -0.029677      0.020207
       0.9088      -0.029744      0.020274
       0.9092      -0.029810      0.020341
       0.9096      -0.029877      0.020407
         0.91      -0.029943      0.020473
       0.9104      -0.030008      0.020538
       0.9108      -0.030074      0.020603
       0.9112      -0.030139      0.020668
       0.9116      -0.030203      0.020732
        0.912      -0.030267      0.020796
       0.9124      -0.030331      0.020860
       0.9128      -0.030395      0.020923
       0.9132      -0.030458      0.020986
       0.9136      -0.030521      0.021049
        0.914      -0.030583      0.021111
       0.9144      -0.030645      0.021173
       0.9148      -0.030707      0.021234
       0.9152      -0.030768      0.021296
       0.9156      -0.030829      0.021356
        0.916      -0.030890      0.021417
       0.9164      -0.030950      0.021477
       0.9168      -0.031010      0.021537
       0.9172      -0.031069      0.021596
       0.9176      -0.031128      0.021655
        0.918      -0.031187      0.021714
       0.9184      -0.031246      0.021772
       0.9188      -0.031304      0.021830
       0.9192      -0.031361      0.021887
       0.9196      -0.031419      0.021945
         0.92      -0.031476      0.022001
       0.9204      -0.031533      0.022058
       0.9208      -0.031589      0.022114
       0.9212      -0.031645      0.022170
       0.9216      -0.031700      0.022225
        0.922      -0.031756      0.022280
       0.9224      -0.031811      0.022335
       0.9228      -0.031865      0.022390
       0.9232      -0.031919      0.022444
       0.9236      -0.031973      0.022497
        0.924      -0.032027      0.022551
       0.9244      -0.032080      0.022604
       0.9248      -0.032133      0.022656
       0.9252      -0.032185      0.022709
       0.9256      -0.032237      0.022760
        0.926      -0.032289      0.022812
       0.9264      -0.032340      0.022863
       0.9268      -0.032391      0.022914
       0.9272      -0.032442      0.022965
       0.9276      -0.032492      0.023015
        0.928      -0.032542      0.023065
       0.9284      -0.032592      0.023114
       0.9288      -0.032641      0.023163
       0.9292      -0.032690      0.023212
       0.9296      -0.032739      0.023261
         0.93      -0.032787      0.023309
       0.9304      -0.032835      0.023356
       0.9308      -0.032883      0.023404
       0.9312      -0.032930      0.023451
       0.9316      -0.032977      0.023498
        0.932      -0.033023      0.023544
       0.9324      -0.033069      0.023590
       0.9328      -0.033115      0.023636
       0.9332      -0.033161      0.023681
       0.9336      -0.033206      0.023726
        0.934      -0.033250      0.023771
       0.9344      -0.033295      0.023815
       0.9348      -0.033339      0.023859
       0.9352      -0.033383      0.023903
       0.9356      -0.033426      0.023946
        0.936      -0.033469      0.023989
       0.9364      -0.033512      0.024031
       0.9368      -0.033554      0.024074
       0.9372      -0.033596      0.024115
       0.9376      -0.033638      0.024157
        0.938      -0.033679      0.024198
       0.9384      -0.033720      0.024239
       0.9388      -0.033761      0.024280
       0.9392      -0.033801      0.024320
       0.9396      -0.033841      0.024360
         0.94      -0.033881      0.024399
       0.9404      -0.033920      0.024438
       0.9408      -0.033959      0.024477
       0.9412      -0.033997      0.024515
       0.9416      -0.034036      0.024553
        0.942      -0.034073      0.024591
       0.9424      -0.034111      0.024629
       0.9428      -0.034148      0.024666
       0.9432      -0.034185      0.024702
       0.9436      -0.034222      0.024739
        0.944      -0.034258      0.024775
       0.9444      -0.034293      0.024811
       0.9448      -0.034329      0.024846
       0.9452      -0.034364      0.024881
       0.9456      -0.034399      0.024916
        0.946      -0.034433      0.024950
       0.9464      -0.034467      0.024984
       0.9468      -0.034501      0.025017
       0.9472      -0.034534      0.025051
       0.9476      -0.034568      0.025084
        0.948      -0.034600      0.025116
       0.9484      -0.034633      0.025148
       0.9488      -0.034665      0.025180
       0.9492      -0.034696      0.025212
       0.9496      -0.034728      0.025243
         0.95      -0.034759      0.025274
       0.9504      -0.034789      0.025305
       0.9508      -0.034819      0.025335
       0.9512      -0.034849      0.025365
       0.9516      -0.034879      0.025394
        0.952      -0.034908      0.025423
       0.9524      -0.034937      0.025452
       0.9528      -0.034966      0.025480
       0.9532      -0.034994      0.025509
       0.9536      -0.035022      0.025536
        0.954      -0.035049      0.025564
       0.9544      -0.035076      0.025591
       0.9548      -0.035103      0.025617
       0.9552      -0.035130      0.025644
       0.9556      -0.035156      0.025670
        0.956      -0.035181      0.025696
       0.9564      -0.035207      0.025721
       0.9568      -0.035232      0.025746
       0.9572      -0.035257      0.025770
       0.9576      -0.035281      0.025795
        0.958      -0.035305      0.025819
       0.9584      -0.035329      0.025842
       0.9588      -0.035352      0.025865
       0.9592      -0.035375      0.025888
       0.9596      -0.035397      0.025911
         0.96      -0.035420      0.025933
       0.9604      -0.035442      0.025955
       0.9608      -0.035463      0.025976
       0.9612      -0.035484      0.025997
       0.9616      -0.035505      0.026018
        0.962      -0.035526      0.026038
       0.9624      -0.035546      0.026059
       0.9628      -0.035565      0.026078
       0.9632      -0.035585      0.026098
       0.9636      -0.035604      0.026117
        0.964      -0.035623      0.026135
       0.9644      -0.035641      0.026153
       0.9648      -0.035659      0.026171
       0.9652      -0.035677      0.026189
       0.9656      -0.035694      0.026206
        0.966      -0.035711      0.026223
       0.9664      -0.035727      0.026239
       0.9668      -0.035743      0.026255
       0.9672      -0.035759      0.026271
       0.9676      -0.035775      0.026287
        0.968      -0.035790      0.026302
       0.9684      -0.035804      0.026316
       0.9688      -0.035819      0.026331
       0.9692      -0.035833      0.026345
       0.9696      -0.035846      0.026358
         0.97      -0.035860      0.026371
       0.9704      -0.035873      0.026384
       0.9708      -0.035885      0.026397
       0.9712      -0.035897      0.026409
       0.9716      -0.035909      0.026421
        0.972      -0.035921      0.026432
       0.9724      -0.035932      0.026443
       0.9728      -0.035942      0.026454
       0.9732      -0.035953      0.026464
       0.9736      -0.035963      0.026474
        0.974      -0.035972      0.026483
       0.9744      -0.035982      0.026493
       0.9748      -0.035990      0.026501
       0.9752      -0.035999      0.026510
       0.9756      -0.036007      0.026518
        0.976      -0.036015      0.026525
       0.9764      -0.036022      0.026533
       0.9768      -0.036029      0.026540
       0.9772      -0.036036      0.026546
       0.9776      -0.036042      0.026552
        0.978      -0.036048      0.026558
       0.9784      -0.036053      0.026564
       0.9788      -0.036058      0.026569
       0.9792      -0.036063      0.026573
       0.9796      -0.036067      0.026578
         0.98      -0.036071      0.026582
       0.9804      -0.036075      0.026585
       0.9808      -0.036078      0.026588
       0.9812      -0.036081      0.026591
       0.9816      -0.036083      0.026593
        0.982      -0.036085      0.026595
       0.9824      -0.036087      0.026597
       0.9828      -0.036088      0.026598
       0.9832      -0.036089      0.026599
       0.9836      -0.036089      0.026599
        0.984      -0.036089      0.026599
       0.9844      -0.036089      0.026599
       0.9848      -0.036088      0.026598
       0.9852      -0.036087      0.026597
       0.9856      -0.036085      0.026595
        0.986      -0.036084      0.026594
       0.9864      -0.036081      0.026591
       0.9868      -0.036079      0.026589
       0.9872      -0.036075      0.026585
       0.9876      -0.036072      0.026582
        0.988      -0.036068      0.026578
       0.9884      -0.036064      0.026574
       0.9888      -0.036059      0.026569
       0.9892      -0.036054      0.026564
       0.9896      -0.036048      0.026558
         0.99      -0.036042      0.026552
       0.9904      -0.036036      0.026546
       0.9908      -0.036029      0.026539
       0.9912      -0.036022      0.026532
       0.9916      -0.036015      0.026525
        0.992      -0.036007      0.026517
       0.9924      -0.035998      0.026508
       0.9928      -0.035990      0.026499
       0.9932      -0.035980      0.026490
       0.9936      -0.035971      0.026481
        0.994      -0.035961      0.026471
       0.9944      -0.035950      0.026460
       0.9948      -0.035940      0.026449
       0.9952      -0.035928      0.026438
       0.9956      -0.035917      0.026426
        0.996      -0.035905      0.026414
       0.9964      -0.035892      0.026402
       0.9968      -0.035879      0.026389
       0.9972      -0.035866      0.026375
       0.9976      -0.035852      0.026362
        0.998      -0.035838      0.026347
       0.9984      -0.035823      0.026333
       0.9988      -0.035808      0.026318
       0.9992      -0.035792      0.026302
       0.9996      -0.035777      0.026286
            1      -0.035760      0.026270
       1.0004      -0.035743      0.026253
       1.0008      -0.035726      0.026236
       1.0012      -0.035708      0.026218
       1.0016      -0.035690      0.026200
        1.002      -0.035672      0.026182
       1.0024      -0.035653      0.026163
       1.0028      -0.035633      0.026143
       1.0032      -0.035614      0.026124
       1.0036      -0.035593      0.026103
        1.004      -0.035573      0.026083
       1.0044      -0.035551      0.026062
       1.0048      -0.035530      0.026040
       1.0052      -0.035508      0.026018
       1.0056      -0.035485      0.025995
        1.006      -0.035462      0.025973
       1.0064      -0.035439      0.025949
       1.0068      -0.035415      0.025925
       1.0072      -0.035391      0.025901
       1.0076      -0.035366      0.025876
        1.008      -0.035341      0.025851
       1.0084      -0.035315      0.025826
       1.0088      -0.035289      0.025800
       1.0092      -0.035263      0.025773
       1.0096      -0.035236      0.025746
         1.01      -0.035208      0.025719
       1.0104      -0.035180      0.025691
       1.0108      -0.035152      0.025662
       1.0112      -0.035123      0.025634
       1.0116      -0.035094      0.025604
        1.012      -0.035064      0.025575
       1.0124      -0.035034      0.025544
       1.0128      -0.035003      0.025514
       1.0132      -0.034972      0.025483
       1.0136      -0.034940      0.025451
        1.014      -0.034908      0.025419
       1.0144      -0.034876      0.025386
       1.0148      -0.034843      0.025353
       1.0152      -0.034809      0.025320
       1.0156      -0.034775      0.025286
        1.016      -0.034741      0.025252
       1.0164      -0.034706      0.025217
       1.0168      -0.034670      0.025181
       1.0172      -0.034634      0.025146
       1.0176      -0.034598      0.025109
        1.018      -0.034561      0.025073
       1.0184      -0.034524      0.025035
       1.0188      -0.034486      0.024998
       1.0192      -0.034448      0.024959
       1.0196      -0.034409      0.024921
         1.02      -0.034370      0.024881
       1.0204      -0.034330      0.024842
       1.0208      -0.034290      0.024802
       1.0212      -0.034249      0.024761
       1.0216      -0.034208      0.024720
        1.022      -0.034166      0.024678
       1.0224      -0.034124      0.024636
       1.0228      -0.034081      0.024593
       1.0232      -0.034038      0.024550
       1.0236      -0.033995      0.024507
        1.024      -0.033950      0.024463
       1.0244      -0.033906      0.024418
       1.0248      -0.033861      0.024373
       1.0252      -0.033815      0.024328
       1.0256      -0.033769      0.024281
        1.026      -0.033722      0.024235
       1.0264      -0.033675      0.024188
       1.0268      -0.033627      0.024140
       1.0272      -0.033579      0.024092
       1.0276      -0.033531      0.024044
        1.028      -0.033481      0.023995
       1.0284      -0.033432      0.023945
       1.0288      -0.033382      0.023895
       1.0292      -0.033331      0.023844
       1.0296      -0.033280      0.023793
         1.03      -0.033228      0.023742
       1.0304      -0.033176      0.023690
       1.0308      -0.033123      0.023637
       1.0312      -0.033070      0.023584
       1.0316      -0.033016      0.023530
        1.032      -0.032962      0.023476
       1.0324      -0.032907      0.023422
       1.0328      -0.032852      0.023366
       1.0332      -0.032796      0.023311
       1.0336      -0.032740      0.023254
        1.034      -0.032683      0.023198
       1.0344      -0.032626      0.023141
       1.0348      -0.032568      0.023083
       1.0352      -0.032510      0.023025
       1.0356      -0.032451      0.022966
        1.036      -0.032391      0.022906
       1.0364      -0.032331      0.022847
       1.0368      -0.032271      0.022786
       1.0372      -0.032210      0.022725
       1.0376      -0.032148      0.022664
        1.038      -0.032086      0.022602
       1.0384      -0.032024      0.022540
       1.0388      -0.031961      0.022477
       1.0392      -0.031897      0.022413
       1.0396      -0.031833      0.022349
         1.04      -0.031768      0.022285
       1.0404      -0.031703      0.022220
       1.0408      -0.031637      0.022154
       1.0412      -0.031571      0.022088
       1.0416      -0.031504      0.022021
        1.042      -0.031437      0.021954
       1.0424      -0.031369      0.021886
       1.0428      -0.031301      0.021818
       1.0432      -0.031232      0.021749
       1.0436      -0.031162      0.021680
        1.044      -0.031092      0.021610
       1.0444      -0.031022      0.021540
       1.0448      -0.030951      0.021469
       1.0452      -0.030879      0.021398
       1.0456      -0.030807      0.021326
        1.046      -0.030735      0.021253
       1.0464      -0.030661      0.021180
       1.0468      -0.030588      0.021106
       1.0472      -0.030513      0.021032
       1.0476      -0.030438      0.020958
        1.048      -0.030363      0.020882
       1.0484      -0.030287      0.020807
       1.0488      -0.030211      0.020730
       1.0492      -0.030134      0.020654
       1.0496      -0.030056      0.020576
         1.05      -0.029978      0.020498
       1.0504      -0.029900      0.020420
       1.0508      -0.029821      0.020341
       1.0512      -0.029741      0.020262
       1.0516      -0.029661      0.020182
        1.052      -0.029580      0.020101
       1.0524      -0.029499      0.020020
       1.0528      -0.029417      0.019938
       1.0532      -0.029334      0.019856
       1.0536      -0.029251      0.019773
        1.054      -0.029168      0.019690
       1.0544      -0.029084      0.019606
       1.0548      -0.028999      0.019522
       1.0552      -0.028914      0.019437
       1.0556      -0.028829      0.019351
        1.056      -0.028742      0.019265
       1.0564      -0.028656      0.019179
       1.0568      -0.028568      0.019092
       1.0572      -0.028481      0.019004
       1.0576      -0.028392      0.018916
        1.058      -0.028303      0.018827
       1.0584      -0.028214      0.018738
       1.0588      -0.028124      0.018648
       1.0592      -0.028033      0.018558
       1.0596      -0.027942      0.018467
         1.06      -0.027851      0.018376
       1.0604      -0.027758      0.018284
       1.0608      -0.027666      0.018191
       1.0612      -0.027572      0.018098
       1.0616      -0.027479      0.018004
        1.062      -0.027384      0.017910
       1.0624      -0.027289      0.017816
       1.0628      -0.027194      0.017720
       1.0632      -0.027098      0.017625
       1.0636      -0.027001      0.017528
        1.064      -0.026904      0.017432
       1.0644      -0.026807      0.017334
       1.0648      -0.026709      0.017236
       1.0652      -0.026610      0.017138
       1.0656      -0.026511      0.017039
        1.066      -0.026411      0.016939
       1.0664      -0.026311      0.016839
       1.0668      -0.026210      0.016739
       1.0672      -0.026108      0.016638
       1.0676      -0.026007      0.016536
        1.068      -0.025904      0.016434
       1.0684      -0.025801      0.016331
       1.0688      -0.025698      0.016228
       1.0692      -0.025593      0.016124
       1.0696      -0.025489      0.016019
         1.07      -0.025384      0.015915
       1.0704      -0.025278      0.015809
       1.0708      -0.025172      0.015703
       1.0712      -0.025065      0.015597
       1.0716      -0.024958      0.015490
        1.072      -0.024850      0.015382
       1.0724      -0.024742      0.015274
       1.0728      -0.024633      0.015166
       1.0732      -0.024523      0.015056
       1.0736      -0.024413      0.014947
        1.074      -0.024303      0.014837
       1.0744      -0.024192      0.014726
       1.0748      -0.024080      0.014615
       1.0752      -0.023968      0.014503
       1.0756      -0.023856      0.014391
        1.076      -0.023743      0.014278
       1.0764      -0.023629      0.014164
       1.0768      -0.023515      0.014051
       1.0772      -0.023400      0.013936
       1.0776      -0.023285      0.013821
        1.078      -0.023169      0.013706
       1.0784      -0.023053      0.013590
       1.0788      -0.022936      0.013474
       1.0792      -0.022819      0.013357
       1.0796      -0.022701      0.013239
         1.08      -0.022583      0.013121
       1.0804      -0.022464      0.013003
       1.0808      -0.022345      0.012884
       1.0812      -0.022225      0.012764
       1.0816      -0.022105      0.012644
        1.082      -0.021984      0.012524
       1.0824      -0.021863      0.012403
       1.0828      -0.021741      0.012281
       1.0832      -0.021619      0.012159
       1.0836      -0.021496      0.012037
        1.084      -0.021372      0.011914
       1.0844      -0.021248      0.011790
       1.0848      -0.021124      0.011666
       1.0852      -0.020999      0.011542
       1.0856      -0.020874      0.011417
        1.086      -0.020748      0.011291
       1.0864      -0.020622      0.011165
       1.0868      -0.020495      0.011039
       1.0872      -0.020368      0.010912
       1.0876      -0.020240      0.010784
        1.088      -0.020111      0.010656
       1.0884      -0.019983      0.010528
       1.0888      -0.019853      0.010399
       1.0892      -0.019724      0.010270
       1.0896      -0.019593      0.010140
         1.09      -0.019463      0.010009
       1.0904      -0.019332      0.009878
       1.0908      -0.019200      0.009747
       1.0912      -0.019068      0.009615
       1.0916      -0.018935      0.009483
        1.092      -0.018802      0.009351
       1.0924      -0.018669      0.009217
       1.0928      -0.018535      0.009084
       1.0932      -0.018400      0.008950
       1.0936      -0.018265      0.008815
        1.094      -0.018130      0.008680
       1.0944      -0.017994      0.008545
       1.0948      -0.017858      0.008409
       1.0952      -0.017721      0.008272
       1.0956      -0.017584      0.008136
        1.096      -0.017446      0.007998
       1.0964      -0.017308      0.007861
       1.0968      -0.017169      0.007722
       1.0972      -0.017030      0.007584
       1.0976      -0.016891      0.007445
        1.098      -0.016751      0.007305
       1.0984      -0.016611      0.007165
       1.0988      -0.016470      0.007025
       1.0992      -0.016329      0.006884
       1.0996      -0.016187      0.006743
          1.1      -0.016045      0.006601
       1.1004      -0.015903      0.006459
       1.1008      -0.015760      0.006317
       1.1012      -0.015616      0.006174
       1.1016      -0.015473      0.006031
        1.102      -0.015329      0.005887
       1.1024      -0.015184      0.005743
       1.1028      -0.015039      0.005598
       1.1032      -0.014894      0.005453
       1.1036      -0.014748      0.005308
        1.104      -0.014602      0.005162
       1.1044      -0.014455      0.005016
       1.1048      -0.014308      0.004870
       1.1052      -0.014161      0.004723
       1.1056      -0.014013      0.004575
        1.106      -0.013865      0.004428
       1.1064      -0.013716      0.004280
       1.1068      -0.013567      0.004131
       1.1072      -0.013418      0.003982
       1.1076      -0.013268      0.003833
        1.108      -0.013118      0.003683
       1.1084      -0.012968      0.003533
       1.1088      -0.012817      0.003383
       1.1092      -0.012666      0.003232
       1.1096      -0.012514      0.003081
         1.11      -0.012362      0.002930
       1.1104      -0.012210      0.002778
       1.1108      -0.012057      0.002626
       1.1112      -0.011904      0.002473
       1.1116      -0.011751      0.002320
        1.112      -0.011597      0.002167
       1.1124      -0.011443      0.002013
       1.1128      -0.011289      0.001860
       1.1132      -0.011134      0.001705
       1.1136      -0.010979      0.001551
        1.114      -0.010824      0.001396
       1.1144      -0.010668      0.001241
       1.1148      -0.010512      0.001085
       1.1152      -0.010355      0.000929
       1.1156      -0.010199      0.000773
        1.116      -0.010042      0.000617
       1.1164      -0.009884      0.000460
       1.1168      -0.009727      0.000303
       1.1172      -0.009569      0.000145
       1.1176      -0.009411      -0.000013
        1.118      -0.009252      -0.000171
       1.1184      -0.009093      -0.000329
       1.1188      -0.008934      -0.000488
       1.1192      -0.008775      -0.000646
       1.1196      -0.008615      -0.000806
         1.12      -0.008455      -0.000965
       1.1204      -0.008295      -0.001125
       1.1208      -0.008134      -0.001285
       1.1212      -0.007973      -0.001445
       1.1216      -0.007812      -0.001606
        1.122      -0.007651      -0.001767
       1.1224      -0.007489      -0.001928
       1.1228      -0.007327      -0.002089
       1.1232      -0.007165      -0.002251
       1.1236      -0.007003      -0.002412
        1.124      -0.006840      -0.002574
       1.1244      -0.006677      -0.002737
       1.1248      -0.006514      -0.002899
       1.1252      -0.006351      -0.003062
       1.1256      -0.006187      -0.003225
        1.126      -0.006024      -0.003388
       1.1264      -0.005860      -0.003552
       1.1268      -0.005695      -0.003716
       1.1272      -0.005531      -0.003880
       1.1276      -0.005366      -0.004044
        1.128      -0.005201      -0.004208
       1.1284      -0.005036      -0.004373
       1.1288      -0.004871      -0.004537
       1.1292      -0.004706      -0.004702
       1.1296      -0.004540      -0.004867
         1.13      -0.004374      -0.005033
       1.1304      -0.004208      -0.005198
       1.1308      -0.004042      -0.005364
       1.1312      -0.003875      -0.005530
       1.1316      -0.003709      -0.005696
        1.132      -0.003542      -0.005862
       1.1324      -0.003375      -0.006028
       1.1328      -0.003208      -0.006195
       1.1332      -0.003041      -0.006362
       1.1336      -0.002873      -0.006528
        1.134      -0.002706      -0.006695
       1.1344      -0.002538      -0.006863
       1.1348      -0.002370      -0.007030
       1.1352      -0.002202      -0.007197
       1.1356      -0.002034      -0.007365
        1.136      -0.001866      -0.007532
       1.1364      -0.001697      -0.007700
       1.1368      -0.001529      -0.007868
       1.1372      -0.001360      -0.008036
       1.1376      -0.001192      -0.008204
        1.138      -0.001023      -0.008372
       1.1384      -0.000854      -0.008541
       1.1388      -0.000685      -0.008709
       1.1392      -0.000516      -0.008878
       1.1396      -0.000346      -0.009046
         1.14      -0.000177      -0.009215
       1.1404      -0.000008      -0.009384
       1.1408      0.000162      -0.009553
       1.1412      0.000331      -0.009722
       1.1416      0.000501      -0.009891
        1.142      0.000670      -0.010060
       1.1424      0.000840      -0.010229
       1.1428      0.001010      -0.010398
       1.1432      0.001180      -0.010567
       1.1436      0.001350      -0.010737
        1.144      0.001519      -0.010906
       1.1444      0.001689      -0.011075
       1.1448      0.001859      -0.011245
       1.1452      0.002029      -0.011414
       1.1456      0.002199      -0.011583
        1.146      0.002370      -0.011753
       1.1464      0.002540      -0.011922
       1.1468      0.002710      -0.012092
       1.1472      0.002880      -0.012261
       1.1476      0.003050      -0.012431
        1.148      0.003220      -0.012600
       1.1484      0.003390      -0.012770
       1.1488      0.003560      -0.012939
       1.1492      0.003730      -0.013109
       1.1496      0.003900      -0.013278
         1.15      0.004070      -0.013447
       1.1504      0.004240      -0.013617
       1.1508      0.004410      -0.013786
       1.1512      0.004580      -0.013955
       1.1516      0.004750      -0.014125
        1.152      0.004919      -0.014294
       1.1524      0.005089      -0.014463
       1.1528      0.005259      -0.014632
       1.1532      0.005428      -0.014801
       1.1536      0.005598      -0.014970
        1.154      0.005767      -0.015139
       1.1544      0.005937      -0.015308
       1.1548      0.006106      -0.015476
       1.1552      0.006275      -0.015645
       1.1556      0.006444      -0.015813
        1.156      0.006613      -0.015982
       1.1564      0.006782      -0.016150
       1.1568      0.006951      -0.016318
       1.1572      0.007120      -0.016486
       1.1576      0.007288      -0.016654
        1.158      0.007457      -0.016822
       1.1584      0.007625      -0.016990
       1.1588      0.007793      -0.017158
       1.1592      0.007962      -0.017325
       1.1596      0.008129      -0.017492
         1.16      0.008297      -0.017659
       1.1604      0.008465      -0.017826
       1.1608      0.008632      -0.017993
       1.1612      0.008800      -0.018160
       1.1616      0.008967      -0.018327
        1.162      0.009134      -0.018493
       1.1624      0.009301      -0.018659
       1.1628      0.009467      -0.018825
       1.1632      0.009634      -0.018991
       1.1636      0.009800      -0.019157
        1.164      0.009966      -0.019322
       1.1644      0.010132      -0.019487
       1.1648      0.010297      -0.019652
       1.1652      0.010463      -0.019817
       1.1656      0.010628      -0.019982
        1.166      0.010793      -0.020146
       1.1664      0.010958      -0.020310
       1.1668      0.011122      -0.020474
       1.1672      0.011287      -0.020638
       1.1676      0.011451      -0.020802
        1.168      0.011615      -0.020965
       1.1684      0.011778      -0.021128
       1.1688      0.011942      -0.021291
       1.1692      0.012105      -0.021453
       1.1696      0.012267      -0.021615
         1.17      0.012430      -0.021777
       1.1704      0.012592      -0.021939
       1.1708      0.012754      -0.022100
       1.1712      0.012916      -0.022261
       1.1716      0.013077      -0.022422
        1.172      0.013239      -0.022583
       1.1724      0.013399      -0.022743
       1.1728      0.013560      -0.022903
       1.1732      0.013720      -0.023063
       1.1736      0.013880      -0.023222
        1.174      0.014040      -0.023381
       1.1744      0.014199      -0.023540
       1.1748      0.014358      -0.023698
       1.1752      0.014517      -0.023856
       1.1756      0.014675      -0.024014
        1.176      0.014833      -0.024171
       1.1764      0.014991      -0.024328
       1.1768      0.015148      -0.024485
       1.1772      0.015305      -0.024641
       1.1776      0.015461      -0.024797
        1.178      0.015617      -0.024953
       1.1784      0.015773      -0.025108
       1.1788      0.015929      -0.025263
       1.1792      0.016084      -0.025418
       1.1796      0.016239      -0.025572
         1.18      0.016393      -0.025726
       1.1804      0.016547      -0.025879
       1.1808      0.016700      -0.026032
       1.1812      0.016853      -0.026184
       1.1816      0.017006      -0.026336
        1.182      0.017158      -0.026488
       1.1824      0.017310      -0.026640
       1.1828      0.017462      -0.026790
       1.1832      0.017613      -0.026941
       1.1836      0.017763      -0.027091
        1.184      0.017913      -0.027241
       1.1844      0.018063      -0.027390
       1.1848      0.018212      -0.027538
       1.1852      0.018361      -0.027687
       1.1856      0.018510      -0.027835
        1.186      0.018658      -0.027982
       1.1864      0.018805      -0.028129
       1.1868      0.018952      -0.028275
       1.1872      0.019098      -0.028421
       1.1876      0.019244      -0.028567
        1.188      0.019390      -0.028712
       1.1884      0.019535      -0.028856
       1.1888      0.019680      -0.029000
       1.1892      0.019824      -0.029144
       1.1896      0.019967      -0.029287
         1.19      0.020110      -0.029429
       1.1904      0.020253      -0.029572
       1.1908      0.020395      -0.029713
       1.1912      0.020537      -0.029854
       1.1916      0.020678      -0.029995
        1.192      0.020818      -0.030135
       1.1924      0.020958      -0.030274
       1.1928      0.021097      -0.030413
       1.1932      0.021236      -0.030551
       1.1936      0.021375      -0.030689
        1.194      0.021512      -0.030826
       1.1944      0.021650      -0.030963
       1.1948      0.021786      -0.031099
       1.1952      0.021923      -0.031235
       1.1956      0.022058      -0.031370
        1.196      0.022193      -0.031505
       1.1964      0.022327      -0.031639
       1.1968      0.022461      -0.031772
       1.1972      0.022595      -0.031905
       1.1976      0.022727      -0.032037
        1.198      0.022859      -0.032168
       1.1984      0.022991      -0.032299
       1.1988      0.023122      -0.032430
       1.1992      0.023252      -0.032560
       1.1996      0.023382      -0.032689
          1.2      0.023511      -0.032817
       1.2004      0.023639      -0.032945
       1.2008      0.023767      -0.033073
       1.2012      0.023894      -0.033199
       1.2016      0.024021      -0.033326
        1.202      0.024147      -0.033451
       1.2024      0.024272      -0.033576
       1.2028      0.024397      -0.033700
       1.2032      0.024521      -0.033824
       1.2036      0.024644      -0.033947
        1.204      0.024767      -0.034069
       1.2044      0.024889      -0.034191
       1.2048      0.025010      -0.034312
       1.2052      0.025131      -0.034432
       1.2056      0.025251      -0.034551
        1.206      0.025370      -0.034670
       1.2064      0.025489      -0.034789
       1.2068      0.025607      -0.034906
       1.2072      0.025724      -0.035023
       1.2076      0.025841      -0.035140
        1.208      0.025957      -0.035255
       1.2084      0.026072      -0.035370
       1.2088      0.026187      -0.035484
       1.2092      0.026301      -0.035598
       1.2096      0.026414      -0.035711
         1.21      0.026527      -0.035823
       1.2104      0.026638      -0.035934
       1.2108      0.026749      -0.036045
       1.2112      0.026860      -0.036155
       1.2116      0.026969      -0.036264
        1.212      0.027078      -0.036372
       1.2124      0.027186      -0.036480
       1.2128      0.027294      -0.036587
       1.2132      0.027400      -0.036693
       1.2136      0.027506      -0.036799
        1.214      0.027612      -0.036904
       1.2144      0.027716      -0.037008
       1.2148      0.027820      -0.037111
       1.2152      0.027923      -0.037214
       1.2156      0.028025      -0.037316
        1.216      0.028126      -0.037417
       1.2164      0.028227      -0.037517
       1.2168      0.028327      -0.037617
       1.2172      0.028426      -0.037716
       1.2176      0.028524      -0.037814
        1.218      0.028622      -0.037911
       1.2184      0.028719      -0.038007
       1.2188      0.028815      -0.038103
       1.2192      0.028910      -0.038198
       1.2196      0.029005      -0.038292
         1.22      0.029098      -0.038386
       1.2204      0.029191      -0.038478
       1.2208      0.029283      -0.038570
       1.2212      0.029374      -0.038661
       1.2216      0.029465      -0.038751
        1.222      0.029555      -0.038840
       1.2224      0.029644      -0.038929
       1.2228      0.029732      -0.039017
       1.2232      0.029819      -0.039104
       1.2236      0.029905      -0.039190
        1.224      0.029991      -0.039275
       1.2244      0.030076      -0.039360
       1.2248      0.030160      -0.039443
       1.2252      0.030243      -0.039526
       1.2256      0.030325      -0.039608
        1.226      0.030407      -0.039690
       1.2264      0.030487      -0.039770
       1.2268      0.030567      -0.039849
       1.2272      0.030646      -0.039928
       1.2276      0.030724      -0.040006
        1.228      0.030801      -0.040083
       1.2284      0.030878      -0.040159
       1.2288      0.030953      -0.040235
       1.2292      0.031028      -0.040309
       1.2296      0.031102      -0.040383
         1.23      0.031175      -0.040456
       1.2304      0.031247      -0.040528
       1.2308      0.031318      -0.040599
       1.2312      0.031389      -0.040669
       1.2316      0.031459      -0.040738
        1.232      0.031527      -0.040807
       1.2324      0.031595      -0.040875
       1.2328      0.031662      -0.040941
       1.2332      0.031728      -0.041007
       1.2336      0.031793      -0.041072
        1.234      0.031858      -0.041136
       1.2344      0.031921      -0.041200
       1.2348      0.031984      -0.041262
       1.2352      0.032046      -0.041324
       1.2356      0.032106      -0.041384
        1.236      0.032166      -0.041444
       1.2364      0.032225      -0.041503
       1.2368      0.032284      -0.041561
       1.2372      0.032341      -0.041618
       1.2376      0.032397      -0.041674
        1.238      0.032453      -0.041730
       1.2384      0.032507      -0.041784
       1.2388      0.032561      -0.041838
       1.2392      0.032614      -0.041890
       1.2396      0.032666      -0.041942
         1.24      0.032717      -0.041993
       1.2404      0.032767      -0.042043
       1.2408      0.032816      -0.042092
       1.2412      0.032864      -0.042140
       1.2416      0.032912      -0.042188
        1.242      0.032958      -0.042234
       1.2424      0.033004      -0.042280
       1.2428      0.033048      -0.042324
       1.2432      0.033092      -0.042368
       1.2436      0.033135      -0.042410
        1.244      0.033177      -0.042452
       1.2444      0.033218      -0.042493
       1.2448      0.033258      -0.042533
       1.2452      0.033297      -0.042572
       1.2456      0.033335      -0.042610
        1.246      0.033373      -0.042648
       1.2464      0.033409      -0.042684
       1.2468      0.033445      -0.042720
       1.2472      0.033479      -0.042754
       1.2476      0.033513      -0.042788
        1.248      0.033546      -0.042820
       1.2484      0.033577      -0.042852
       1.2488      0.033608      -0.042883
       1.2492      0.033638      -0.042913
       1.2496      0.033667      -0.042942
         1.25      0.033695      -0.042970
       1.2504      0.033723      -0.042997
       1.2508      0.033749      -0.043023
       1.2512      0.033774      -0.043048
       1.2516      0.033798      -0.043073
        1.252      0.033822      -0.043096
       1.2524      0.033844      -0.043119
       1.2528      0.033866      -0.043140
       1.2532      0.033887      -0.043161
       1.2536      0.033906      -0.043181
        1.254      0.033925      -0.043200
       1.2544      0.033943      -0.043217
       1.2548      0.033960      -0.043234
       1.2552      0.033976      -0.043250
       1.2556      0.033991      -0.043266
        1.256      0.034005      -0.043280
       1.2564      0.034018      -0.043293
       1.2568      0.034031      -0.043305
       1.2572      0.034042      -0.043317
       1.2576      0.034052      -0.043327
        1.258      0.034062      -0.043337
       1.2584      0.034071      -0.043345
       1.2588      0.034078      -0.043353
       1.2592      0.034085      -0.043360
       1.2596      0.034091      -0.043365
         1.26      0.034095      -0.043370
       1.2604      0.034099      -0.043374
       1.2608      0.034102      -0.043377
       1.2612      0.034104      -0.043379
       1.2616      0.034105      -0.043380
        1.262      0.034105      -0.043381
       1.2624      0.034105      -0.043380
       1.2628      0.034103      -0.043378
       1.2632      0.034100      -0.043376
       1.2636      0.034097      -0.043372
        1.264      0.034092      -0.043368
       1.2644      0.034087      -0.043363
       1.2648      0.034081      -0.043356
       1.2652      0.034073      -0.043349
       1.2656      0.034065      -0.043341
        1.266      0.034056      -0.043332
       1.2664      0.034046      -0.043322
       1.2668      0.034035      -0.043311
       1.2672      0.034023      -0.043300
       1.2676      0.034010      -0.043287
        1.268      0.033997      -0.043273
       1.2684      0.033982      -0.043259
       1.2688      0.033966      -0.043244
       1.2692      0.033950      -0.043227
       1.2696      0.033933      -0.043210
         1.27      0.033914      -0.043192
       1.2704      0.033895      -0.043173
       1.2708      0.033875      -0.043153
       1.2712      0.033854      -0.043132
       1.2716      0.033832      -0.043110
        1.272      0.033809      -0.043087
       1.2724      0.033785      -0.043064
       1.2728      0.033760      -0.043039
       1.2732      0.033735      -0.043014
       1.2736      0.033708      -0.042987
        1.274      0.033681      -0.042960
       1.2744      0.033653      -0.042932
       1.2748      0.033623      -0.042903
       1.2752      0.033593      -0.042873
       1.2756      0.033562      -0.042842
        1.276      0.033530      -0.042811
       1.2764      0.033498      -0.042778
       1.2768      0.033464      -0.042744
       1.2772      0.033429      -0.042710
       1.2776      0.033394      -0.042675
        1.278      0.033358      -0.042639
       1.2784      0.033320      -0.042602
       1.2788      0.033282      -0.042564
       1.2792      0.033243      -0.042525
       1.2796      0.033203      -0.042485
         1.28      0.033162      -0.042445
       1.2804      0.033121      -0.042403
       1.2808      0.033078      -0.042361
       1.2812      0.033035      -0.042318
       1.2816      0.032991      -0.042274
        1.282      0.032945      -0.042229
       1.2824      0.032899      -0.042183
       1.2828      0.032852      -0.042136
       1.2832      0.032805      -0.042089
       1.2836      0.032756      -0.042041
        1.284      0.032707      -0.041991
       1.2844      0.032656      -0.041941
       1.2848      0.032605      -0.041890
       1.2852      0.032553      -0.041839
       1.2856      0.032500      -0.041786
        1.286      0.032446      -0.041732
       1.2864      0.032392      -0.041678
       1.2868      0.032336      -0.041623
       1.2872      0.032280      -0.041567
       1.2876      0.032223      -0.041510
        1.288      0.032165      -0.041453
       1.2884      0.032106      -0.041394
       1.2888      0.032047      -0.041335
       1.2892      0.031986      -0.041275
       1.2896      0.031925      -0.041214
         1.29      0.031863      -0.041152
       1.2904      0.031800      -0.041089
       1.2908      0.031736      -0.041026
       1.2912      0.031672      -0.040961
       1.2916      0.031606      -0.040896
        1.292      0.031540      -0.040830
       1.2924      0.031473      -0.040764
       1.2928      0.031405      -0.040696
       1.2932      0.031337      -0.040628
       1.2936      0.031267      -0.040559
        1.294      0.031197      -0.040489
       1.2944      0.031126      -0.040418
       1.2948      0.031054      -0.040347
       1.2952      0.030982      -0.040274
       1.2956      0.030908      -0.040201
        1.296      0.030834      -0.040128
       1.2964      0.030759      -0.040053
       1.2968      0.030683      -0.039978
       1.2972      0.030607      -0.039901
       1.2976      0.030530      -0.039824
        1.298      0.030452      -0.039747
       1.2984      0.030373      -0.039668
       1.2988      0.030293      -0.039589
       1.2992      0.030213      -0.039509
       1.2996      0.030132      -0.039428
          1.3      0.030050      -0.039347
       1.3004      0.029967      -0.039265
       1.3008      0.029884      -0.039182
       1.3012      0.029800      -0.039098
       1.3016      0.029715      -0.039013
        1.302      0.029629      -0.038928
       1.3024      0.029543      -0.038842
       1.3028      0.029456      -0.038756
       1.3032      0.029368      -0.038668
       1.3036      0.029280      -0.038580
        1.304      0.029190      -0.038491
       1.3044      0.029101      -0.038402
       1.3048      0.029010      -0.038311
       1.3052      0.028919      -0.038220
       1.3056      0.028826      -0.038129
        1.306      0.028734      -0.038036
       1.3064      0.028640      -0.037943
       1.3068      0.028546      -0.037849
       1.3072      0.028451      -0.037755
       1.3076      0.028356      -0.037660
        1.308      0.028259      -0.037564
       1.3084      0.028162      -0.037467
       1.3088      0.028065      -0.037370
       1.3092      0.027966      -0.037272
       1.3096      0.027867      -0.037173
         1.31      0.027768      -0.037074
       1.3104      0.027667      -0.036974
       1.3108      0.027566      -0.036874
       1.3112      0.027465      -0.036772
       1.3116      0.027363      -0.036671
        1.312      0.027260      -0.036568
       1.3124      0.027156      -0.036465
       1.3128      0.027052      -0.036361
       1.3132      0.026947      -0.036256
       1.3136      0.026841      -0.036151
        1.314      0.026735      -0.036046
       1.3144      0.026628      -0.035939
       1.3148      0.026521      -0.035832
       1.3152      0.026413      -0.035725
       1.3156      0.026304      -0.035616
        1.316      0.026195      -0.035508
       1.3164      0.026085      -0.035398
       1.3168      0.025975      -0.035288
       1.3172      0.025864      -0.035177
       1.3176      0.025752      -0.035066
        1.318      0.025640      -0.034954
       1.3184      0.025527      -0.034842
       1.3188      0.025413      -0.034729
       1.3192      0.025299      -0.034615
       1.3196      0.025185      -0.034501
         1.32      0.025070      -0.034386
       1.3204      0.024954      -0.034271
       1.3208      0.024837      -0.034155
       1.3212      0.024721      -0.034039
       1.3216      0.024603      -0.033922
        1.322      0.024485      -0.033804
       1.3224      0.024367      -0.033686
       1.3228      0.024247      -0.033567
       1.3232      0.024128      -0.033448
       1.3236      0.024008      -0.033328
        1.324      0.023887      -0.033208
       1.3244      0.023766      -0.033087
       1.3248      0.023644      -0.032966
       1.3252      0.023522      -0.032844
       1.3256      0.023399      -0.032722
        1.326      0.023275      -0.032599
       1.3264      0.023152      -0.032475
       1.3268      0.023027      -0.032351
       1.3272      0.022902      -0.032227
       1.3276      0.022777      -0.032102
        1.328      0.022651      -0.031977
       1.3284      0.022525      -0.031851
       1.3288      0.022398      -0.031724
       1.3292      0.022271      -0.031598
       1.3296      0.022143      -0.031470
         1.33      0.022015      -0.031342
       1.3304      0.021886      -0.031214
       1.3308      0.021757      -0.031085
       1.3312      0.021627      -0.030956
       1.3316      0.021497      -0.030827
        1.332      0.021367      -0.030697
       1.3324      0.021236      -0.030566
       1.3328      0.021104      -0.030435
       1.3332      0.020972      -0.030304
       1.3336      0.020840      -0.030172
        1.334      0.020707      -0.030039
       1.3344      0.020574      -0.029907
       1.3348      0.020441      -0.029774
       1.3352      0.020307      -0.029640
       1.3356      0.020172      -0.029506
        1.336      0.020037      -0.029372
       1.3364      0.019902      -0.029237
       1.3368      0.019766      -0.029102
       1.3372      0.019630      -0.028966
       1.3376      0.019494      -0.028830
        1.338      0.019357      -0.028694
       1.3384      0.019220      -0.028557
       1.3388      0.019082      -0.028420
       1.3392      0.018945      -0.028283
       1.3396      0.018806      -0.028145
         1.34      0.018668      -0.028007
       1.3404      0.018529      -0.027868
       1.3408      0.018389      -0.027729
       1.3412      0.018249      -0.027590
       1.3416      0.018109      -0.027450
        1.342      0.017969      -0.027310
       1.3424      0.017828      -0.027170
       1.3428      0.017687      -0.027029
       1.3432      0.017546      -0.026888
       1.3436      0.017404      -0.026747
        1.344      0.017262      -0.026605
       1.3444      0.017119      -0.026463
       1.3448      0.016977      -0.026321
       1.3452      0.016834      -0.026178
       1.3456      0.016690      -0.026036
        1.346      0.016547      -0.025892
       1.3464      0.016403      -0.025749
       1.3468      0.016258      -0.025605
       1.3472      0.016114      -0.025461
       1.3476      0.015969      -0.025317
        1.348      0.015824      -0.025172
       1.3484      0.015679      -0.025027
       1.3488      0.015533      -0.024882
       1.3492      0.015387      -0.024737
       1.3496      0.015241      -0.024591
         1.35      0.015095      -0.024445
       1.3504      0.014948      -0.024299
       1.3508      0.014801      -0.024152
       1.3512      0.014654      -0.024006
       1.3516      0.014506      -0.023859
        1.352      0.014359      -0.023711
       1.3524      0.014211      -0.023564
       1.3528      0.014063      -0.023416
       1.3532      0.013915      -0.023269
       1.3536      0.013766      -0.023120
        1.354      0.013617      -0.022972
       1.3544      0.013468      -0.022824
       1.3548      0.013319      -0.022675
       1.3552      0.013170      -0.022526
       1.3556      0.013020      -0.022377
        1.356      0.012870      -0.022228
       1.3564      0.012720      -0.022078
       1.3568      0.012570      -0.021928
       1.3572      0.012420      -0.021779
       1.3576      0.012270      -0.021629
        1.358      0.012119      -0.021478
       1.3584      0.011968      -0.021328
       1.3588      0.011817      -0.021177
       1.3592      0.011666      -0.021027
       1.3596      0.011515      -0.020876
         1.36      0.011363      -0.020725
       1.3604      0.011211      -0.020574
       1.3608      0.011060      -0.020422
       1.3612      0.010908      -0.020271
       1.3616      0.010756      -0.020119
        1.362      0.010604      -0.019967
       1.3624      0.010451      -0.019816
       1.3628      0.010299      -0.019664
       1.3632      0.010146      -0.019512
       1.3636      0.009994      -0.019359
        1.364      0.009841      -0.019207
       1.3644      0.009688      -0.019055
       1.3648      0.009535      -0.018902
       1.3652      0.009382      -0.018749
       1.3656      0.009229      -0.018597
        1.366      0.009076      -0.018444
       1.3664      0.008922      -0.018291
       1.3668      0.008769      -0.018138
       1.3672      0.008615      -0.017985
       1.3676      0.008462      -0.017832
        1.368      0.008308      -0.017678
       1.3684      0.008154      -0.017525
       1.3688      0.008000      -0.017372
       1.3692      0.007847      -0.017218
       1.3696      0.007693      -0.017065
         1.37      0.007539      -0.016911
       1.3704      0.007385      -0.016758
       1.3708      0.007231      -0.016604
       1.3712      0.007077      -0.016451
       1.3716      0.006922      -0.016297
        1.372      0.006768      -0.016143
       1.3724      0.006614      -0.015989
       1.3728      0.006460      -0.015836
       1.3732      0.006306      -0.015682
       1.3736      0.006151      -0.015528
        1.374      0.005997      -0.015374
       1.3744      0.005843      -0.015220
       1.3748      0.005689      -0.015066
       1.3752      0.005534      -0.014913
       1.3756      0.005380      -0.014759
        1.376      0.005226      -0.014605
       1.3764      0.005071      -0.014451
       1.3768      0.004917      -0.014297
       1.3772      0.004763      -0.014143
       1.3776      0.004609      -0.013990
        1.378      0.004455      -0.013836
       1.3784      0.004300      -0.013682
       1.3788      0.004146      -0.013528
       1.3792      0.003992      -0.013375
       1.3796      0.003838      -0.013221
         1.38      0.003684      -0.013067
       1.3804      0.003530      -0.012914
       1.3808      0.003376      -0.012760
       1.3812      0.003222      -0.012607
       1.3816      0.003068      -0.012453
        1.382      0.002915      -0.012300
       1.3824      0.002761      -0.012147
       1.3828      0.002607      -0.011994
       1.3832      0.002454      -0.011840
       1.3836      0.002300      -0.011687
        1.384      0.002147      -0.011534
       1.3844      0.001993      -0.011381
       1.3848      0.001840      -0.011228
       1.3852      0.001687      -0.011076
       1.3856      0.001534      -0.010923
        1.386      0.001381      -0.010770
       1.3864      0.001228      -0.010618
       1.3868      0.001075      -0.010466
       1.3872      0.000922      -0.010313
       1.3876      0.000770      -0.010161
        1.388      0.000617      -0.010009
       1.3884      0.000465      -0.009857
       1.3888      0.000313      -0.009705
       1.3892      0.000161      -0.009553
       1.3896      0.000009      -0.009402
         1.39      -0.000143      -0.009250
       1.3904      -0.000295      -0.009099
       1.3908      -0.000447      -0.008948
       1.3912      -0.000598      -0.008797
       1.3916      -0.000750      -0.008646
        1.392      -0.000901      -0.008495
       1.3924      -0.001052      -0.008344
       1.3928      -0.001203      -0.008193
       1.3932      -0.001354      -0.008043
       1.3936      -0.001504      -0.007893
        1.394      -0.001655      -0.007743
       1.3944      -0.001805      -0.007593
       1.3948      -0.001955      -0.007443
       1.3952      -0.002105      -0.007293
       1.3956      -0.002255      -0.007144
        1.396      -0.002405      -0.006995
       1.3964      -0.002554      -0.006846
       1.3968      -0.002704      -0.006697
       1.3972      -0.002853      -0.006548
       1.3976      -0.003002      -0.006399
        1.398      -0.003151      -0.006251
       1.3984      -0.003299      -0.006103
       1.3988      -0.003448      -0.005955
       1.3992      -0.003596      -0.005807
       1.3996      -0.003744      -0.005659
          1.4      -0.003892      -0.005512
       1.4004      -0.004039      -0.005364
       1.4008      -0.004187      -0.005217
       1.4012      -0.004334      -0.005071
       1.4016      -0.004481      -0.004924
        1.402      -0.004628      -0.004777
       1.4024      -0.004774      -0.004631
       1.4028      -0.004921      -0.004485
       1.4032      -0.005067      -0.004339
       1.4036      -0.005213      -0.004194
        1.404      -0.005358      -0.004049
       1.4044      -0.005504      -0.003903
       1.4048      -0.005649      -0.003759
       1.4052      -0.005794      -0.003614
       1.4056      -0.005939      -0.003469
        1.406      -0.006084      -0.003325
       1.4064      -0.006228      -0.003181
       1.4068      -0.006372      -0.003038
       1.4072      -0.006516      -0.002894
       1.4076      -0.006660      -0.002751
        1.408      -0.006803      -0.002608
       1.4084      -0.006946      -0.002465
       1.4088      -0.007089      -0.002322
       1.4092      -0.007231      -0.002180
       1.4096      -0.007374      -0.002038
         1.41      -0.007516      -0.001896
       1.4104      -0.007658      -0.001755
       1.4108      -0.007799      -0.001614
       1.4112      -0.007941      -0.001473
       1.4116      -0.008082      -0.001332
        1.412      -0.008223      -0.001192
       1.4124      -0.008363      -0.001052
       1.4128      -0.008503      -0.000912
       1.4132      -0.008643      -0.000772
       1.4136      -0.008783      -0.000633
        1.414      -0.008922      -0.000494
       1.4144      -0.009061      -0.000355
       1.4148      -0.009200      -0.000216
       1.4152      -0.009339      -0.000078
       1.4156      -0.009477      0.000060
        1.416      -0.009615      0.000198
       1.4164      -0.009753      0.000335
       1.4168      -0.009890      0.000472
       1.4172      -0.010027      0.000609
       1.4176      -0.010164      0.000745
        1.418      -0.010301      0.000881
       1.4184      -0.010437      0.001017
       1.4188      -0.010573      0.001153
       1.4192      -0.010709      0.001288
       1.4196      -0.010844      0.001423
         1.42      -0.010979      0.001558
       1.4204      -0.011114      0.001692
       1.4208      -0.011248      0.001826
       1.4212      -0.011382      0.001960
       1.4216      -0.011516      0.002094
        1.422      -0.011650      0.002227
       1.4224      -0.011783      0.002360
       1.4228      -0.011916      0.002492
       1.4232      -0.012048      0.002624
       1.4236      -0.012180      0.002756
        1.424      -0.012312      0.002888
       1.4244      -0.012444      0.003019
       1.4248      -0.012575      0.003150
       1.4252      -0.012706      0.003281
       1.4256      -0.012837      0.003411
        1.426      -0.012967      0.003541
       1.4264      -0.013097      0.003670
       1.4268      -0.013226      0.003800
       1.4272      -0.013356      0.003929
       1.4276      -0.013485      0.004057
        1.428      -0.013613      0.004186
       1.4284      -0.013741      0.004314
       1.4288      -0.013869      0.004441
       1.4292      -0.013997      0.004568
       1.4296      -0.014124      0.004695
         1.43      -0.014251      0.004822
       1.4304      -0.014378      0.004948
       1.4308      -0.014504      0.005074
       1.4312      -0.014630      0.005200
       1.4316      -0.014755      0.005325
        1.432      -0.014881      0.005450
       1.4324      -0.015005      0.005574
       1.4328      -0.015130      0.005699
       1.4332      -0.015254      0.005822
       1.4336      -0.015378      0.005946
        1.434      -0.015501      0.006069
       1.4344      -0.015625      0.006192
       1.4348      -0.015747      0.006314
       1.4352      -0.015870      0.006436
       1.4356      -0.015992      0.006558
        1.436      -0.016113      0.006679
       1.4364      -0.016235      0.006801
       1.4368      -0.016356      0.006921
       1.4372      -0.016476      0.007041
       1.4376      -0.016596      0.007161
        1.438      -0.016716      0.007281
       1.4384      -0.016836      0.007400
       1.4388      -0.016955      0.007519
       1.4392      -0.017074      0.007638
       1.4396      -0.017192      0.007756
         1.44      -0.017310      0.007873
       1.4404      -0.017428      0.007991
       1.4408      -0.017545      0.008108
       1.4412      -0.017662      0.008225
       1.4416      -0.017779      0.008341
        1.442      -0.017895      0.008457
       1.4424      -0.018011      0.008572
       1.4428      -0.018126      0.008688
       1.4432      -0.018242      0.008802
       1.4436      -0.018356      0.008917
        1.444      -0.018471      0.009031
       1.4444      -0.018585      0.009145
       1.4448      -0.018698      0.009258
       1.4452      -0.018812      0.009371
       1.4456      -0.018924      0.009484
        1.446      -0.019037      0.009596
       1.4464      -0.019149      0.009708
       1.4468      -0.019261      0.009819
       1.4472      -0.019372      0.009930
       1.4476      -0.019483      0.010041
        1.448      -0.019594      0.010151
       1.4484      -0.019704      0.010261
       1.4488      -0.019814      0.010371
       1.4492      -0.019923      0.010480
       1.4496      -0.020032      0.010589
         1.45      -0.020141      0.010697
       1.4504      -0.020250      0.010805
       1.4508      -0.020358      0.010913
       1.4512      -0.020465      0.011020
       1.4516      -0.020572      0.011127
        1.452      -0.020679      0.011234
       1.4524      -0.020786      0.011340
       1.4528      -0.020892      0.011446
       1.4532      -0.020997      0.011551
       1.4536      -0.021103      0.011656
        1.454      -0.021208      0.011761
       1.4544      -0.021312      0.011865
       1.4548      -0.021416      0.011969
       1.4552      -0.021520      0.012072
       1.4556      -0.021623      0.012176
        1.456      -0.021726      0.012278
       1.4564      -0.021829      0.012381
       1.4568      -0.021931      0.012483
       1.4572      -0.022033      0.012584
       1.4576      -0.022135      0.012685
        1.458      -0.022236      0.012786
       1.4584      -0.022336      0.012887
       1.4588      -0.022437      0.012987
       1.4592      -0.022537      0.013086
       1.4596      -0.022636      0.013186
         1.46      -0.022735      0.013285
       1.4604      -0.022834      0.013383
       1.4608      -0.022932      0.013481
       1.4612      -0.023030      0.013579
       1.4616      -0.023128      0.013676
        1.462      -0.023225      0.013773
       1.4624      -0.023322      0.013870
       1.4628      -0.023418      0.013966
       1.4632      -0.023515      0.014062
       1.4636      -0.023610      0.014157
        1.464      -0.023706      0.014252
       1.4644      -0.023800      0.014347
       1.4648      -0.023895      0.014441
       1.4652      -0.023989      0.014535
       1.4656      -0.024083      0.014629
        1.466      -0.024176      0.014722
       1.4664      -0.024269      0.014815
       1.4668      -0.024362      0.014907
       1.4672      -0.024454      0.014999
       1.4676      -0.024546      0.015091
        1.468      -0.024637      0.015182
       1.4684      -0.024728      0.015273
       1.4688      -0.024819      0.015363
       1.4692      -0.024909      0.015453
       1.4696      -0.024999      0.015543
         1.47      -0.025089      0.015632
       1.4704      -0.025178      0.015721
       1.4708      -0.025267      0.015809
       1.4712      -0.025355      0.015898
       1.4716      -0.025443      0.015985
        1.472      -0.025531      0.016073
       1.4724      -0.025618      0.016160
       1.4728      -0.025705      0.016246
       1.4732      -0.025791      0.016333
       1.4736      -0.025877      0.016418
        1.474      -0.025963      0.016504
       1.4744      -0.026048      0.016589
       1.4748      -0.026133      0.016674
       1.4752      -0.026218      0.016758
       1.4756      -0.026302      0.016842
        1.476      -0.026386      0.016926
       1.4764      -0.026469      0.017009
       1.4768      -0.026552      0.017092
       1.4772      -0.026635      0.017174
       1.4776      -0.026717      0.017256
        1.478      -0.026799      0.017338
       1.4784      -0.026881      0.017419
       1.4788      -0.026962      0.017500
       1.4792      -0.027043      0.017580
       1.4796      -0.027123      0.017661
         1.48      -0.027203      0.017740
       1.4804      -0.027283      0.017820
       1.4808      -0.027362      0.017899
       1.4812      -0.027441      0.017978
       1.4816      -0.027519      0.018056
        1.482      -0.027597      0.018134
       1.4824      -0.027675      0.018211
       1.4828      -0.027752      0.018288
       1.4832      -0.027829      0.018365
       1.4836      -0.027906      0.018442
        1.484      -0.027982      0.018518
       1.4844      -0.028058      0.018593
       1.4848      -0.028134      0.018669
       1.4852      -0.028209      0.018744
       1.4856      -0.028284      0.018818
        1.486      -0.028358      0.018892
       1.4864      -0.028432      0.018966
       1.4868      -0.028506      0.019039
       1.4872      -0.028579      0.019113
       1.4876      -0.028652      0.019185
        1.488      -0.028724      0.019258
       1.4884      -0.028796      0.019329
       1.4888      -0.028868      0.019401
       1.4892      -0.028940      0.019472
       1.4896      -0.029011      0.019543
         1.49      -0.029081      0.019614
       1.4904      -0.029152      0.019684
       1.4908      -0.029221      0.019753
       1.4912      -0.029291      0.019823
       1.4916      -0.029360      0.019892
        1.492      -0.029429      0.019960
       1.4924      -0.029498      0.020029
       1.4928      -0.029566      0.020097
       1.4932      -0.029633      0.020164
       1.4936      -0.029701      0.020231
        1.494      -0.029768      0.020298
       1.4944      -0.029834      0.020365
       1.4948      -0.029901      0.020431
       1.4952      -0.029967      0.020496
       1.4956      -0.030032      0.020562
        1.496      -0.030097      0.020627
       1.4964      -0.030162      0.020691
       1.4968      -0.030227      0.020756
       1.4972      -0.030291      0.020820
       1.4976      -0.030354      0.020883
        1.498      -0.030418      0.020946
       1.4984      -0.030481      0.021009
       1.4988      -0.030543      0.021072
       1.4992      -0.030606      0.021134
       1.4996      -0.030668      0.021195
          1.5      -0.030729      0.021257
       1.5004      -0.030790      0.021318
       1.5008      -0.030851      0.021379
       1.5012      -0.030912      0.021439
       1.5016      -0.030972      0.021499
        1.502      -0.031032      0.021558
       1.5024      -0.031091      0.021618
       1.5028      -0.031150      0.021677
       1.5032      -0.031209      0.021735
       1.5036      -0.031267      0.021793
        1.504      -0.031325      0.021851
       1.5044      -0.031383      0.021909
       1.5048      -0.031440      0.021966
       1.5052      -0.031497      0.022022
       1.5056      -0.031554      0.022079
        1.506      -0.031610      0.022135
       1.5064      -0.031666      0.022191
       1.5068      -0.031721      0.022246
       1.5072      -0.031776      0.022301
       1.5076      -0.031831      0.022356
        1.508      -0.031886      0.022410
       1.5084      -0.031940      0.022464
       1.5088      -0.031993      0.022517
       1.5092      -0.032047      0.022571
       1.5096      -0.032100      0.022623
         1.51      -0.032153      0.022676
       1.5104      -0.032205      0.022728
       1.5108      -0.032257      0.022780
       1.5112      -0.032308      0.022832
       1.5116      -0.032360      0.022883
        1.512      -0.032411      0.022933
       1.5124      -0.032461      0.022984
       1.5128      -0.032512      0.023034
       1.5132      -0.032561      0.023084
       1.5136      -0.032611      0.023133
        1.514      -0.032660      0.023182
       1.5144      -0.032709      0.023231
       1.5148      -0.032757      0.023279
       1.5152      -0.032806      0.023327
       1.5156      -0.032853      0.023375
        1.516      -0.032901      0.023422
       1.5164      -0.032948      0.023469
       1.5168      -0.032995      0.023516
       1.5172      -0.033041      0.023562
       1.5176      -0.033087      0.023608
        1.518      -0.033133      0.023653
       1.5184      -0.033178      0.023699
       1.5188      -0.033223      0.023744
       1.5192      -0.033268      0.023788
       1.5196      -0.033312      0.023832
         1.52      -0.033356      0.023876
       1.5204      -0.033400      0.023920
       1.5208      -0.033443      0.023963
       1.5212      -0.033486      0.024006
       1.5216      -0.033529      0.024048
        1.522      -0.033571      0.024090
       1.5224      -0.033613      0.024132
       1.5228      -0.033654      0.024173
       1.5232      -0.033696      0.024215
       1.5236      -0.033737      0.024255
        1.524      -0.033777      0.024296
       1.5244      -0.033817      0.024336
       1.5248      -0.033857      0.024375
       1.5252      -0.033897      0.024415
       1.5256      -0.033936      0.024454
        1.526      -0.033975      0.024493
       1.5264      -0.034013      0.024531
       1.5268      -0.034051      0.024569
       1.5272      -0.034089      0.024607
       1.5276      -0.034126      0.024644
        1.528      -0.034163      0.024681
       1.5284      -0.034200      0.024717
       1.5288      -0.034237      0.024754
       1.5292      -0.034273      0.024790
       1.5296      -0.034308      0.024825
         1.53      -0.034344      0.024861
       1.5304      -0.034379      0.024895
       1.5308      -0.034413      0.024930
       1.5312      -0.034448      0.024964
       1.5316      -0.034482      0.024998
        1.532      -0.034515      0.025032
       1.5324      -0.034549      0.025065
       1.5328      -0.034582      0.025098
       1.5332      -0.034614      0.025130
       1.5336      -0.034646      0.025162
        1.534      -0.034678      0.025194
       1.5344      -0.034710      0.025226
       1.5348      -0.034741      0.025257
       1.5352      -0.034772      0.025287
       1.5356      -0.034802      0.025318
        1.536      -0.034833      0.025348
       1.5364      -0.034863      0.025378
       1.5368      -0.034892      0.025407
       1.5372      -0.034921      0.025436
       1.5376      -0.034950      0.025465
        1.538      -0.034978      0.025493
       1.5384      -0.035006      0.025521
       1.5388      -0.035034      0.025549
       1.5392      -0.035062      0.025576
       1.5396      -0.035089      0.025603
         1.54      -0.035115      0.025630
       1.5404      -0.035142      0.025656
       1.5408      -0.035168      0.025682
       1.5412      -0.035193      0.025707
       1.5416      -0.035219      0.025733
        1.542      -0.035244      0.025758
       1.5424      -0.035268      0.025782
       1.5428      -0.035293      0.025806
       1.5432      -0.035316      0.025830
       1.5436      -0.035340      0.025854
        1.544      -0.035363      0.025877
       1.5444      -0.035386      0.025899
       1.5448      -0.035409      0.025922
       1.5452      -0.035431      0.025944
       1.5456      -0.035452      0.025966
        1.546      -0.035474      0.025987
       1.5464      -0.035495      0.026008
       1.5468      -0.035516      0.026029
       1.5472      -0.035536      0.026049
       1.5476      -0.035556      0.026069
        1.548      -0.035576      0.026089
       1.5484      -0.035595      0.026108
       1.5488      -0.035614      0.026127
       1.5492      -0.035633      0.026145
       1.5496      -0.035651      0.026163
         1.55      -0.035669      0.026181
       1.5504      -0.035686      0.026199
       1.5508      -0.035703      0.026216
       1.5512      -0.035720      0.026232
       1.5516      -0.035737      0.026249
        1.552      -0.035753      0.026265
       1.5524      -0.035768      0.026280
       1.5528      -0.035784      0.026296
       1.5532      -0.035799      0.026311
       1.5536      -0.035813      0.026325
        1.554      -0.035828      0.026340
       1.5544      -0.035842      0.026353
       1.5548      -0.035855      0.026367
       1.5552      -0.035868      0.026380
       1.5556      -0.035881      0.026393
        1.556      -0.035894      0.026405
       1.5564      -0.035906      0.026417
       1.5568      -0.035917      0.026429
       1.5572      -0.035929      0.026440
       1.5576      -0.035940      0.026451
        1.558      -0.035950      0.026462
       1.5584      -0.035961      0.026472
       1.5588      -0.035970      0.026482
       1.5592      -0.035980      0.026491
       1.5596      -0.035989      0.026500
         1.56      -0.035998      0.026509
       1.5604      -0.036006      0.026517
       1.5608      -0.036014      0.026525
       1.5612      -0.036022      0.026533
       1.5616      -0.036029      0.026540
        1.562      -0.036036      0.026547
       1.5624      -0.036042      0.026553
       1.5628      -0.036049      0.026559
       1.5632      -0.036054      0.026565
       1.5636      -0.036060      0.026570
        1.564      -0.036065      0.026575
       1.5644      -0.036069      0.026580
       1.5648      -0.036073      0.026584
       1.5652      -0.036077      0.026588
       1.5656      -0.036081      0.026591
        1.566      -0.036084      0.026594
       1.5664      -0.036087      0.026597
       1.5668      -0.036089      0.026599
       1.5672      -0.036091      0.026601
       1.5676      -0.036092      0.026602
        1.568      -0.036093      0.026604
       1.5684      -0.036094      0.026604
       1.5688      -0.036094      0.026605
       1.5692      -0.036094      0.026605
       1.5696      -0.036094      0.026604
         1.57      -0.036093      0.026603
       1.5704      -0.036092      0.026602
       1.5708      -0.036090      0.026600
       1.5712      -0.036088      0.026598
       1.5716      -0.036086      0.026596
        1.572      -0.036083      0.026593
       1.5724      -0.036080      0.026590
       1.5728      -0.036076      0.026586
       1.5732      -0.036072      0.026582
       1.5736      -0.036068      0.026578
        1.574      -0.036063      0.026573
       1.5744      -0.036058      0.026568
       1.5748      -0.036052      0.026562
       1.5752      -0.036046      0.026556
       1.5756      -0.036040      0.026550
        1.576      -0.036033      0.026543
       1.5764      -0.036026      0.026536
       1.5768      -0.036018      0.026528
       1.5772      -0.036010      0.026520
       1.5776      -0.036002      0.026512
        1.578      -0.035993      0.026503
       1.5784      -0.035984      0.026493
       1.5788      -0.035974      0.026484
       1.5792      -0.035964      0.026474
       1.5796      -0.035953      0.026463
         1.58      -0.035942      0.026452
       1.5804      -0.035931      0.026441
       1.5808      -0.035919      0.026429
       1.5812      -0.035907      0.026417
       1.5816      -0.035894      0.026404
        1.582      -0.035881      0.026391
       1.5824      -0.035868      0.026378
       1.5828      -0.035854      0.026364
       1.5832      -0.035840      0.026349
       1.5836      -0.035825      0.026335
        1.584      -0.035810      0.026320
       1.5844      -0.035794      0.026304
       1.5848      -0.035778      0.026288
       1.5852      -0.035762      0.026272
       1.5856      -0.035745      0.026255
        1.586      -0.035727      0.026237
       1.5864      -0.035710      0.026220
       1.5868      -0.035692      0.026201
       1.5872      -0.035673      0.026183
       1.5876      -0.035654      0.026164
        1.588      -0.035634      0.026144
       1.5884      -0.035614      0.026124
       1.5888      -0.035594      0.026104
       1.5892      -0.035573      0.026083
       1.5896      -0.035552      0.026062
         1.59      -0.035530      0.026040
       1.5904      -0.035508      0.026018
       1.5908      -0.035486      0.025996
       1.5912      -0.035463      0.025973
       1.5916      -0.035439      0.025949
        1.592      -0.035415      0.025925
       1.5924      -0.035391      0.025901
       1.5928      -0.035366      0.025876
       1.5932      -0.035341      0.025851
       1.5936      -0.035315      0.025825
        1.594      -0.035289      0.025799
       1.5944      -0.035262      0.025772
       1.5948      -0.035235      0.025745
       1.5952      -0.035207      0.025718
       1.5956      -0.035179      0.025690
        1.596      -0.035151      0.025661
       1.5964      -0.035122      0.025632
       1.5968      -0.035093      0.025603
       1.5972      -0.035063      0.025573
       1.5976      -0.035032      0.025543
        1.598      -0.035002      0.025512
       1.5984      -0.034970      0.025481
       1.5988      -0.034939      0.025449
       1.5992      -0.034906      0.025417
       1.5996      -0.034874      0.025385
          1.6      -0.034841      0.025351
       1.6004      -0.034807      0.025318
       1.6008      -0.034773      0.025284
       1.6012      -0.034738      0.025249
       1.6016      -0.034703      0.025214
        1.602      -0.034668      0.025179
       1.6024      -0.034632      0.025143
       1.6028      -0.034595      0.025107
       1.6032      -0.034558      0.025070
       1.6036      -0.034521      0.025032
        1.604      -0.034483      0.024995
       1.6044      -0.034445      0.024956
       1.6048      -0.034406      0.024917
       1.6052      -0.034366      0.024878
       1.6056      -0.034327      0.024838
        1.606      -0.034286      0.024798
       1.6064      -0.034246      0.024757
       1.6068      -0.034204      0.024716
       1.6072      -0.034162      0.024674
       1.6076      -0.034120      0.024632
        1.608      -0.034077      0.024590
       1.6084      -0.034034      0.024546
       1.6088      -0.033990      0.024503
       1.6092      -0.033946      0.024458
       1.6096      -0.033901      0.024414
         1.61      -0.033856      0.024369
       1.6104      -0.033810      0.024323
       1.6108      -0.033764      0.024277
       1.6112      -0.033717      0.024230
       1.6116      -0.033670      0.024183
        1.612      -0.033622      0.024135
       1.6124      -0.033574      0.024087
       1.6128      -0.033525      0.024039
       1.6132      -0.033476      0.023989
       1.6136      -0.033426      0.023940
        1.614      -0.033376      0.023890
       1.6144      -0.033325      0.023839
       1.6148      -0.033274      0.023788
       1.6152      -0.033222      0.023736
       1.6156      -0.033170      0.023684
        1.616      -0.033117      0.023631
       1.6164      -0.033064      0.023578
       1.6168      -0.033010      0.023524
       1.6172      -0.032956      0.023470
       1.6176      -0.032901      0.023415
        1.618      -0.032846      0.023360
       1.6184      -0.032790      0.023304
       1.6188      -0.032733      0.023248
       1.6192      -0.032676      0.023191
       1.6196      -0.032619      0.023134
         1.62      -0.032561      0.023076
       1.6204      -0.032503      0.023018
       1.6208      -0.032444      0.022959
       1.6212      -0.032384      0.022899
       1.6216      -0.032324      0.022839
        1.622      -0.032263      0.022779
       1.6224      -0.032202      0.022718
       1.6228      -0.032141      0.022656
       1.6232      -0.032079      0.022594
       1.6236      -0.032016      0.022532
        1.624      -0.031953      0.022469
       1.6244      -0.031889      0.022405
       1.6248      -0.031825      0.022341
       1.6252      -0.031760      0.022277
       1.6256      -0.031695      0.022211
        1.626      -0.031629      0.022146
       1.6264      -0.031563      0.022079
       1.6268      -0.031496      0.022013
       1.6272      -0.031428      0.021945
       1.6276      -0.031360      0.021878
        1.628      -0.031292      0.021809
       1.6284      -0.031223      0.021740
       1.6288      -0.031153      0.021671
       1.6292      -0.031083      0.021601
       1.6296      -0.031013      0.021531
         1.63      -0.030941      0.021460
       1.6304      -0.030870      0.021388
       1.6308      -0.030798      0.021316
       1.6312      -0.030725      0.021243
       1.6316      -0.030652      0.021170
        1.632      -0.030578      0.021097
       1.6324      -0.030503      0.021022
       1.6328      -0.030428      0.020948
       1.6332      -0.030353      0.020872
       1.6336      -0.030277      0.020796
        1.634      -0.030200      0.020720
       1.6344      -0.030123      0.020643
       1.6348      -0.030046      0.020566
       1.6352      -0.029968      0.020488
       1.6356      -0.029889      0.020409
        1.636      -0.029810      0.020330
       1.6364      -0.029730      0.020251
       1.6368      -0.029650      0.020170
       1.6372      -0.029569      0.020090
       1.6376      -0.029487      0.020009
        1.638      -0.029405      0.019927
       1.6384      -0.029323      0.019845
       1.6388      -0.029240      0.019762
       1.6392      -0.029156      0.019678
       1.6396      -0.029072      0.019594
         1.64      -0.028988      0.019510
       1.6404      -0.028902      0.019425
       1.6408      -0.028817      0.019339
       1.6412      -0.028730      0.019253
       1.6416      -0.028643      0.019167
        1.642      -0.028556      0.019079
       1.6424      -0.028468      0.018992
       1.6428      -0.028380      0.018903
       1.6432      -0.028291      0.018815
       1.6436      -0.028201      0.018725
        1.644      -0.028111      0.018635
       1.6444      -0.028020      0.018545
       1.6448      -0.027929      0.018454
       1.6452      -0.027837      0.018362
       1.6456      -0.027745      0.018270
        1.646      -0.027652      0.018178
       1.6464      -0.027559      0.018085
       1.6468      -0.027465      0.017991
       1.6472      -0.027371      0.017897
       1.6476      -0.027276      0.017802
        1.648      -0.027180      0.017707
       1.6484      -0.027084      0.017611
       1.6488      -0.026987      0.017514
       1.6492      -0.026890      0.017418
       1.6496      -0.026793      0.017320
         1.65      -0.026694      0.017222
       1.6504      -0.026596      0.017124
       1.6508      -0.026496      0.017024
       1.6512      -0.026396      0.016925
       1.6516      -0.026296      0.016825
        1.652      -0.026195      0.016724
       1.6524      -0.026094      0.016623
       1.6528      -0.025992      0.016521
       1.6532      -0.025889      0.016419
       1.6536      -0.025786      0.016316
        1.654      -0.025682      0.016212
       1.6544      -0.025578      0.016109
       1.6548      -0.025473      0.016004
       1.6552      -0.025368      0.015899
       1.6556      -0.025262      0.015794
        1.656      -0.025156      0.015688
       1.6564      -0.025049      0.015581
       1.6568      -0.024942      0.015474
       1.6572      -0.024834      0.015366
       1.6576      -0.024726      0.015258
        1.658      -0.024617      0.015149
       1.6584      -0.024507      0.015040
       1.6588      -0.024397      0.014930
       1.6592      -0.024286      0.014820
       1.6596      -0.024175      0.014709
         1.66      -0.024064      0.014598
       1.6604      -0.023952      0.014486
       1.6608      -0.023839      0.014374
       1.6612      -0.023726      0.014261
       1.6616      -0.023612      0.014147
        1.662      -0.023498      0.014034
       1.6624      -0.023383      0.013919
       1.6628      -0.023268      0.013804
       1.6632      -0.023152      0.013689
       1.6636      -0.023036      0.013573
        1.664      -0.022919      0.013456
       1.6644      -0.022802      0.013339
       1.6648      -0.022684      0.013222
       1.6652      -0.022565      0.013103
       1.6656      -0.022446      0.012985
        1.666      -0.022327      0.012866
       1.6664      -0.022207      0.012746
       1.6668      -0.022087      0.012626
       1.6672      -0.021966      0.012506
       1.6676      -0.021844      0.012384
        1.668      -0.021722      0.012263
       1.6684      -0.021600      0.012141
       1.6688      -0.021477      0.012018
       1.6692      -0.021354      0.011895
       1.6696      -0.021230      0.011771
         1.67      -0.021105      0.011647
       1.6704      -0.020980      0.011523
       1.6708      -0.020855      0.011398
       1.6712      -0.020729      0.011272
       1.6716      -0.020602      0.011146
        1.672      -0.020476      0.011019
       1.6724      -0.020348      0.010892
       1.6728      -0.020220      0.010765
       1.6732      -0.020092      0.010637
       1.6736      -0.019963      0.010508
        1.674      -0.019834      0.010379
       1.6744      -0.019704      0.010250
       1.6748      -0.019574      0.010120
       1.6752      -0.019443      0.009989
       1.6756      -0.019312      0.009859
        1.676      -0.019180      0.009727
       1.6764      -0.019048      0.009595
       1.6768      -0.018915      0.009463
       1.6772      -0.018782      0.009330
       1.6776      -0.018648      0.009197
        1.678      -0.018514      0.009063
       1.6784      -0.018379      0.008929
       1.6788      -0.018244      0.008794
       1.6792      -0.018109      0.008659
       1.6796      -0.017973      0.008524
         1.68      -0.017837      0.008388
       1.6804      -0.017700      0.008251
       1.6808      -0.017563      0.008115
       1.6812      -0.017425      0.007977
       1.6816      -0.017287      0.007839
        1.682      -0.017148      0.007701
       1.6824      -0.017009      0.007562
       1.6828      -0.016869      0.007423
       1.6832      -0.016729      0.007284
       1.6836      -0.016589      0.007144
        1.684      -0.016448      0.007003
       1.6844      -0.016307      0.006863
       1.6848      -0.016165      0.006721
       1.6852      -0.016023      0.006580
       1.6856      -0.015881      0.006438
        1.686      -0.015738      0.006295
       1.6864      -0.015594      0.006152
       1.6868      -0.015450      0.006009
       1.6872      -0.015306      0.005865
       1.6876      -0.015162      0.005721
        1.688      -0.015017      0.005576
       1.6884      -0.014871      0.005431
       1.6888      -0.014725      0.005286
       1.6892      -0.014579      0.005140
       1.6896      -0.014432      0.004994
         1.69      -0.014285      0.004847
       1.6904      -0.014138      0.004700
       1.6908      -0.013990      0.004553
       1.6912      -0.013842      0.004405
       1.6916      -0.013693      0.004257
        1.692      -0.013544      0.004108
       1.6924      -0.013395      0.003959
       1.6928      -0.013245      0.003810
       1.6932      -0.013095      0.003660
       1.6936      -0.012944      0.003510
        1.694      -0.012793      0.003360
       1.6944      -0.012642      0.003209
       1.6948      -0.012490      0.003058
       1.6952      -0.012338      0.002906
       1.6956      -0.012186      0.002754
        1.696      -0.012033      0.002602
       1.6964      -0.011880      0.002449
       1.6968      -0.011727      0.002297
       1.6972      -0.011573      0.002143
       1.6976      -0.011419      0.001990
        1.698      -0.011265      0.001836
       1.6984      -0.011110      0.001681
       1.6988      -0.010955      0.001527
       1.6992      -0.010799      0.001372
       1.6996      -0.010644      0.001217
          1.7      -0.010487      0.001061
       1.7004      -0.010331      0.000905
       1.7008      -0.010174      0.000749
       1.7012      -0.010017      0.000592
       1.7016      -0.009860      0.000435
        1.702      -0.009702      0.000278
       1.7024      -0.009544      0.000121
       1.7028      -0.009386      -0.000037
       1.7032      -0.009227      -0.000195
       1.7036      -0.009068      -0.000354
        1.704      -0.008909      -0.000512
       1.7044      -0.008750      -0.000671
       1.7048      -0.008590      -0.000830
       1.7052      -0.008430      -0.000990
       1.7056      -0.008270      -0.001150
        1.706      -0.008109      -0.001310
       1.7064      -0.007948      -0.001470
       1.7068      -0.007787      -0.001631
       1.7072      -0.007626      -0.001792
       1.7076      -0.007464      -0.001953
        1.708      -0.007302      -0.002114
       1.7084      -0.007140      -0.002276
       1.7088      -0.006978      -0.002438
       1.7092      -0.006815      -0.002600
       1.7096      -0.006652      -0.002762
         1.71      -0.006489      -0.002925
       1.7104      -0.006326      -0.003088
       1.7108      -0.006162      -0.003251
       1.7112      -0.005998      -0.003414
       1.7116      -0.005834      -0.003577
        1.712      -0.005670      -0.003741
       1.7124      -0.005505      -0.003905
       1.7128      -0.005341      -0.004069
       1.7132      -0.005176      -0.004234
       1.7136      -0.005010      -0.004398
        1.714      -0.004845      -0.004563
       1.7144      -0.004680      -0.004728
       1.7148      -0.004514      -0.004893
       1.7152      -0.004348      -0.005059
       1.7156      -0.004182      -0.005224
        1.716      -0.004016      -0.005390
       1.7164      -0.003849      -0.005556
       1.7168      -0.003683      -0.005722
       1.7172      -0.003516      -0.005888
       1.7176      -0.003349      -0.006054
        1.718      -0.003182      -0.006221
       1.7184      -0.003014      -0.006388
       1.7188      -0.002847      -0.006554
       1.7192      -0.002679      -0.006722
       1.7196      -0.002512      -0.006889
         1.72      -0.002344      -0.007056
       1.7204      -0.002176      -0.007223
       1.7208      -0.002008      -0.007391
       1.7212      -0.001839      -0.007559
       1.7216      -0.001671      -0.007726
        1.722      -0.001503      -0.007894
       1.7224      -0.001334      -0.008062
       1.7228      -0.001165      -0.008231
       1.7232      -0.000996      -0.008399
       1.7236      -0.000827      -0.008567
        1.724      -0.000658      -0.008736
       1.7244      -0.000489      -0.008904
       1.7248      -0.000320      -0.009073
       1.7252      -0.000151      -0.009242
       1.7256      0.000019      -0.009410
        1.726      0.000188      -0.009579
       1.7264      0.000358      -0.009748
       1.7268      0.000527      -0.009917
       1.7272      0.000697      -0.010086
       1.7276      0.000867      -0.010255
        1.728      0.001037      -0.010425
       1.7284      0.001206      -0.010594
       1.7288      0.001376      -0.010763
       1.7292      0.001546      -0.010932
       1.7296      0.001716      -0.011102
         1.73      0.001886      -0.011271
       1.7304      0.002056      -0.011441
       1.7308      0.002226      -0.011610
       1.7312      0.002396      -0.011780
       1.7316      0.002566      -0.011949
        1.732      0.002736      -0.012118
       1.7324      0.002906      -0.012288
       1.7328      0.003076      -0.012457
       1.7332      0.003247      -0.012627
       1.7336      0.003417      -0.012796
        1.734      0.003587      -0.012966
       1.7344      0.003757      -0.013135
       1.7348      0.003927      -0.013305
       1.7352      0.004097      -0.013474
       1.7356      0.004267      -0.013643
        1.736      0.004437      -0.013813
       1.7364      0.004606      -0.013982
       1.7368      0.004776      -0.014151
       1.7372      0.004946      -0.014320
       1.7376      0.005116      -0.014489
        1.738      0.005285      -0.014659
       1.7384      0.005455      -0.014828
       1.7388      0.005625      -0.014996
       1.7392      0.005794      -0.015165
       1.7396      0.005963      -0.015334
         1.74      0.006133      -0.015503
       1.7404      0.006302      -0.015671
       1.7408      0.006471      -0.015840
       1.7412      0.006640      -0.016008
       1.7416      0.006809      -0.016177
        1.742      0.006978      -0.016345
       1.7424      0.007146      -0.016513
       1.7428      0.007315      -0.016681
       1.7432      0.007483      -0.016849
       1.7436      0.007652      -0.017016
        1.744      0.007820      -0.017184
       1.7444      0.007988      -0.017351
       1.7448      0.008156      -0.017519
       1.7452      0.008324      -0.017686
       1.7456      0.008491      -0.017853
        1.746      0.008659      -0.018020
       1.7464      0.008826      -0.018186
       1.7468      0.008993      -0.018353
       1.7472      0.009160      -0.018519
       1.7476      0.009327      -0.018685
        1.748      0.009493      -0.018851
       1.7484      0.009660      -0.019017
       1.7488      0.009826      -0.019183
       1.7492      0.009992      -0.019348
       1.7496      0.010158      -0.019513
         1.75      0.010323      -0.019678
       1.7504      0.010489      -0.019843
       1.7508      0.010654      -0.020008
       1.7512      0.010819      -0.020172
       1.7516      0.010984      -0.020336
        1.752      0.011148      -0.020500
       1.7524      0.011313      -0.020664
       1.7528      0.011477      -0.020827
       1.7532      0.011640      -0.020991
       1.7536      0.011804      -0.021153
        1.754      0.011967      -0.021316
       1.7544      0.012130      -0.021479
       1.7548      0.012293      -0.021641
       1.7552      0.012456      -0.021803
       1.7556      0.012618      -0.021964
        1.756      0.012780      -0.022126
       1.7564      0.012941      -0.022287
       1.7568      0.013103      -0.022448
       1.7572      0.013264      -0.022608
       1.7576      0.013425      -0.022768
        1.758      0.013585      -0.022928
       1.7584      0.013745      -0.023088
       1.7588      0.013905      -0.023247
       1.7592      0.014065      -0.023406
       1.7596      0.014224      -0.023565
         1.76      0.014383      -0.023723
       1.7604      0.014542      -0.023881
       1.7608      0.014700      -0.024039
       1.7612      0.014858      -0.024196
       1.7616      0.015015      -0.024353
        1.762      0.015173      -0.024510
       1.7624      0.015329      -0.024666
       1.7628      0.015486      -0.024822
       1.7632      0.015642      -0.024977
       1.7636      0.015798      -0.025133
        1.764      0.015953      -0.025287
       1.7644      0.016108      -0.025442
       1.7648      0.016263      -0.025596
       1.7652      0.016417      -0.025750
       1.7656      0.016571      -0.025903
        1.766      0.016724      -0.026056
       1.7664      0.016877      -0.026208
       1.7668      0.017030      -0.026360
       1.7672      0.017182      -0.026512
       1.7676      0.017334      -0.026663
        1.768      0.017485      -0.026814
       1.7684      0.017636      -0.026965
       1.7688      0.017787      -0.027114
       1.7692      0.017937      -0.027264
       1.7696      0.018087      -0.027413
         1.77      0.018236      -0.027562
       1.7704      0.018385      -0.027710
       1.7708      0.018533      -0.027858
       1.7712      0.018681      -0.028005
       1.7716      0.018828      -0.028152
        1.772      0.018975      -0.028298
       1.7724      0.019121      -0.028444
       1.7728      0.019267      -0.028590
       1.7732      0.019413      -0.028735
       1.7736      0.019558      -0.028879
        1.774      0.019702      -0.029023
       1.7744      0.019846      -0.029166
       1.7748      0.019990      -0.029309
       1.7752      0.020133      -0.029452
       1.7756      0.020275      -0.029594
        1.776      0.020417      -0.029735
       1.7764      0.020559      -0.029876
       1.7768      0.020700      -0.030017
       1.7772      0.020840      -0.030157
       1.7776      0.020980      -0.030296
        1.778      0.021119      -0.030435
       1.7784      0.021258      -0.030573
       1.7788      0.021396      -0.030711
       1.7792      0.021534      -0.030848
       1.7796      0.021671      -0.030985
         1.78      0.021808      -0.031121
       1.7804      0.021944      -0.031256
       1.7808      0.022079      -0.031391
       1.7812      0.022214      -0.031526
       1.7816      0.022349      -0.031660
        1.782      0.022482      -0.031793
       1.7824      0.022616      -0.031925
       1.7828      0.022748      -0.032058
       1.7832      0.022880      -0.032189
       1.7836      0.023011      -0.032320
        1.784      0.023142      -0.032450
       1.7844      0.023272      -0.032580
       1.7848      0.023402      -0.032709
       1.7852      0.023531      -0.032838
       1.7856      0.023659      -0.032966
        1.786      0.023787      -0.033093
       1.7864      0.023914      -0.033219
       1.7868      0.024041      -0.033345
       1.7872      0.024166      -0.033471
       1.7876      0.024292      -0.033596
        1.788      0.024416      -0.033720
       1.7884      0.024540      -0.033843
       1.7888      0.024663      -0.033966
       1.7892      0.024786      -0.034088
       1.7896      0.024908      -0.034210
         1.79      0.025029      -0.034331
       1.7904      0.025150      -0.034451
       1.7908      0.025270      -0.034570
       1.7912      0.025389      -0.034689
       1.7916      0.025508      -0.034807
        1.792      0.025626      -0.034925
       1.7924      0.025743      -0.035042
       1.7928      0.025859      -0.035158
       1.7932      0.025975      -0.035273
       1.7936      0.026091      -0.035388
        1.794      0.026205      -0.035502
       1.7944      0.026319      -0.035616
       1.7948      0.026432      -0.035728
       1.7952      0.026544      -0.035840
       1.7956      0.026656      -0.035951
        1.796      0.026767      -0.036062
       1.7964      0.026877      -0.036172
       1.7968      0.026987      -0.036281
       1.7972      0.027095      -0.036389
       1.7976      0.027203      -0.036497
        1.798      0.027311      -0.036604
       1.7984      0.027417      -0.036710
       1.7988      0.027523      -0.036816
       1.7992      0.027628      -0.036920
       1.7996      0.027732      -0.037024
          1.8      0.027836      -0.037128
       1.8004      0.027939      -0.037230
       1.8008      0.028041      -0.037332
       1.8012      0.028142      -0.037433
       1.8016      0.028243      -0.037533
        1.802      0.028343      -0.037632
       1.8024      0.028442      -0.037731
       1.8028      0.028540      -0.037829
       1.8032      0.028637      -0.037926
       1.8036      0.028734      -0.038023
        1.804      0.028830      -0.038118
       1.8044      0.028925      -0.038213
       1.8048      0.029019      -0.038307
       1.8052      0.029113      -0.038400
       1.8056      0.029206      -0.038493
        1.806      0.029298      -0.038584
       1.8064      0.029389      -0.038675
       1.8068      0.029479      -0.038765
       1.8072      0.029569      -0.038854
       1.8076      0.029657      -0.038943
        1.808      0.029745      -0.039031
       1.8084      0.029833      -0.039117
       1.8088      0.029919      -0.039203
       1.8092      0.030004      -0.039289
       1.8096      0.030089      -0.039373
         1.81      0.030173      -0.039457
       1.8104      0.030256      -0.039539
       1.8108      0.030338      -0.039621
       1.8112      0.030419      -0.039702
       1.8116      0.030500      -0.039783
        1.812      0.030579      -0.039862
       1.8124      0.030658      -0.039941
       1.8128      0.030736      -0.040018
       1.8132      0.030813      -0.040095
       1.8136      0.030890      -0.040171
        1.814      0.030965      -0.040247
       1.8144      0.031040      -0.040321
       1.8148      0.031114      -0.040394
       1.8152      0.031186      -0.040467
       1.8156      0.031259      -0.040539
        1.816      0.031330      -0.040610
       1.8164      0.031400      -0.040680
       1.8168      0.031469      -0.040749
       1.8172      0.031538      -0.040818
       1.8176      0.031606      -0.040885
        1.818      0.031673      -0.040952
       1.8184      0.031739      -0.041018
       1.8188      0.031804      -0.041082
       1.8192      0.031868      -0.041147
       1.8196      0.031931      -0.041210
         1.82      0.031994      -0.041272
       1.8204      0.032055      -0.041333
       1.8208      0.032116      -0.041394
       1.8212      0.032176      -0.041454
       1.8216      0.032235      -0.041512
        1.822      0.032293      -0.041570
       1.8224      0.032350      -0.041627
       1.8228      0.032406      -0.041683
       1.8232      0.032461      -0.041738
       1.8236      0.032516      -0.041793
        1.824      0.032569      -0.041846
       1.8244      0.032622      -0.041899
       1.8248      0.032674      -0.041950
       1.8252      0.032725      -0.042001
       1.8256      0.032775      -0.042051
        1.826      0.032824      -0.042100
       1.8264      0.032872      -0.042148
       1.8268      0.032919      -0.042195
       1.8272      0.032966      -0.042241
       1.8276      0.033011      -0.042287
        1.828      0.033055      -0.042331
       1.8284      0.033099      -0.042375
       1.8288      0.033142      -0.042417
       1.8292      0.033184      -0.042459
       1.8296      0.033224      -0.042500
         1.83      0.033264      -0.042539
       1.8304      0.033303      -0.042578
       1.8308      0.033341      -0.042616
       1.8312      0.033379      -0.042654
       1.8316      0.033415      -0.042690
        1.832      0.033450      -0.042725
       1.8324      0.033485      -0.042759
       1.8328      0.033518      -0.042793
       1.8332      0.033551      -0.042825
       1.8336      0.033582      -0.042857
        1.834      0.033613      -0.042888
       1.8344      0.033643      -0.042917
       1.8348      0.033672      -0.042946
       1.8352      0.033700      -0.042974
       1.8356      0.033727      -0.043001
        1.836      0.033753      -0.043027
       1.8364      0.033778      -0.043052
       1.8368      0.033802      -0.043077
       1.8372      0.033826      -0.043100
       1.8376      0.033848      -0.043122
        1.838      0.033869      -0.043144
       1.8384      0.033890      -0.043164
       1.8388      0.033910      -0.043184
       1.8392      0.033928      -0.043203
       1.8396      0.033946      -0.043220
         1.84      0.033963      -0.043237
       1.8404      0.033979      -0.043253
       1.8408      0.033993      -0.043268
       1.8412      0.034007      -0.043282
       1.8416      0.034021      -0.043295
        1.842      0.034033      -0.043307
       1.8424      0.034044      -0.043318
       1.8428      0.034054      -0.043329
       1.8432      0.034063      -0.043338
       1.8436      0.034072      -0.043347
        1.844      0.034079      -0.043354
       1.8444      0.034086      -0.043361
       1.8448      0.034091      -0.043366
       1.8452      0.034096      -0.043371
       1.8456      0.034100      -0.043375
        1.846      0.034103      -0.043378
       1.8464      0.034105      -0.043380
       1.8468      0.034105      -0.043381
       1.8472      0.034106      -0.043381
       1.8476      0.034105      -0.043380
        1.848      0.034103      -0.043378
       1.8484      0.034100      -0.043375
       1.8488      0.034096      -0.043372
       1.8492      0.034092      -0.043367
       1.8496      0.034086      -0.043362
         1.85      0.034080      -0.043356
       1.8504      0.034072      -0.043348
       1.8508      0.034064      -0.043340
       1.8512      0.034055      -0.043331
       1.8516      0.034044      -0.043321
        1.852      0.034033      -0.043310
       1.8524      0.034021      -0.043298
       1.8528      0.034008      -0.043285
       1.8532      0.033994      -0.043271
       1.8536      0.033980      -0.043257
        1.854      0.033964      -0.043241
       1.8544      0.033947      -0.043225
       1.8548      0.033930      -0.043207
       1.8552      0.033911      -0.043189
       1.8556      0.033892      -0.043170
        1.856      0.033872      -0.043150
       1.8564      0.033850      -0.043129
       1.8568      0.033828      -0.043107
       1.8572      0.033805      -0.043084
       1.8576      0.033781      -0.043060
        1.858      0.033757      -0.043035
       1.8584      0.033731      -0.043010
       1.8588      0.033704      -0.042983
       1.8592      0.033677      -0.042956
       1.8596      0.033648      -0.042928
         1.86      0.033619      -0.042898
       1.8604      0.033589      -0.042868
       1.8608      0.033557      -0.042837
       1.8612      0.033525      -0.042806
       1.8616      0.033492      -0.042773
        1.862      0.033459      -0.042739
       1.8624      0.033424      -0.042705
       1.8628      0.033388      -0.042669
       1.8632      0.033352      -0.042633
       1.8636      0.033314      -0.042596
        1.864      0.033276      -0.042558
       1.8644      0.033237      -0.042519
       1.8648      0.033197      -0.042479
       1.8652      0.033156      -0.042438
       1.8656      0.033114      -0.042397
        1.866      0.033072      -0.042354
       1.8664      0.033028      -0.042311
       1.8668      0.032984      -0.042267
       1.8672      0.032938      -0.042222
       1.8676      0.032892      -0.042176
        1.868      0.032845      -0.042129
       1.8684      0.032797      -0.042082
       1.8688      0.032749      -0.042033
       1.8692      0.032699      -0.041984
       1.8696      0.032648      -0.041933
         1.87      0.032597      -0.041882
       1.8704      0.032545      -0.041830
       1.8708      0.032492      -0.041778
       1.8712      0.032438      -0.041724
       1.8716      0.032383      -0.041670
        1.872      0.032328      -0.041614
       1.8724      0.032271      -0.041558
       1.8728      0.032214      -0.041501
       1.8732      0.032156      -0.041443
       1.8736      0.032097      -0.041385
        1.874      0.032037      -0.041325
       1.8744      0.031977      -0.041265
       1.8748      0.031915      -0.041204
       1.8752      0.031853      -0.041142
       1.8756      0.031790      -0.041079
        1.876      0.031726      -0.041016
       1.8764      0.031662      -0.040951
       1.8768      0.031596      -0.040886
       1.8772      0.031530      -0.040820
       1.8776      0.031463      -0.040753
        1.878      0.031395      -0.040686
       1.8784      0.031326      -0.040617
       1.8788      0.031256      -0.040548
       1.8792      0.031186      -0.040478
       1.8796      0.031115      -0.040407
         1.88      0.031043      -0.040336
       1.8804      0.030970      -0.040263
       1.8808      0.030897      -0.040190
       1.8812      0.030822      -0.040116
       1.8816      0.030747      -0.040041
        1.882      0.030671      -0.039966
       1.8824      0.030595      -0.039889
       1.8828      0.030517      -0.039812
       1.8832      0.030439      -0.039735
       1.8836      0.030360      -0.039656
        1.884      0.030281      -0.039577
       1.8844      0.030200      -0.039497
       1.8848      0.030119      -0.039416
       1.8852      0.030037      -0.039334
       1.8856      0.029954      -0.039252
        1.886      0.029871      -0.039169
       1.8864      0.029787      -0.039085
       1.8868      0.029702      -0.039000
       1.8872      0.029616      -0.038915
       1.8876      0.029530      -0.038829
        1.888      0.029442      -0.038742
       1.8884      0.029354      -0.038654
       1.8888      0.029266      -0.038566
       1.8892      0.029177      -0.038477
       1.8896      0.029086      -0.038388
         1.89      0.028996      -0.038297
       1.8904      0.028904      -0.038206
       1.8908      0.028812      -0.038114
       1.8912      0.028719      -0.038022
       1.8916      0.028626      -0.037928
        1.892      0.028531      -0.037835
       1.8924      0.028436      -0.037740
       1.8928      0.028341      -0.037645
       1.8932      0.028244      -0.037549
       1.8936      0.028147      -0.037452
        1.894      0.028049      -0.037355
       1.8944      0.027951      -0.037257
       1.8948      0.027852      -0.037158
       1.8952      0.027752      -0.037059
       1.8956      0.027652      -0.036959
        1.896      0.027551      -0.036858
       1.8964      0.027449      -0.036757
       1.8968      0.027347      -0.036655
       1.8972      0.027243      -0.036552
       1.8976      0.027140      -0.036449
        1.898      0.027035      -0.036345
       1.8984      0.026930      -0.036240
       1.8988      0.026825      -0.036135
       1.8992      0.026719      -0.036029
       1.8996      0.026612      -0.035923
          1.9      0.026504      -0.035816
       1.9004      0.026396      -0.035708
       1.9008      0.026287      -0.035599
       1.9012      0.026178      -0.035491
       1.9016      0.026068      -0.035381
        1.902      0.025957      -0.035271
       1.9024      0.025846      -0.035160
       1.9028      0.025735      -0.035049
       1.9032      0.025622      -0.034937
       1.9036      0.025509      -0.034824
        1.904      0.025396      -0.034711
       1.9044      0.025282      -0.034597
       1.9048      0.025167      -0.034483
       1.9052      0.025052      -0.034368
       1.9056      0.024936      -0.034253
        1.906      0.024819      -0.034137
       1.9064      0.024702      -0.034020
       1.9068      0.024585      -0.033903
       1.9072      0.024467      -0.033786
       1.9076      0.024348      -0.033667
        1.908      0.024229      -0.033549
       1.9084      0.024109      -0.033429
       1.9088      0.023989      -0.033310
       1.9092      0.023868      -0.033189
       1.9096      0.023747      -0.033068
         1.91      0.023625      -0.032947
       1.9104      0.023502      -0.032825
       1.9108      0.023380      -0.032702
       1.9112      0.023256      -0.032579
       1.9116      0.023132      -0.032456
        1.912      0.023008      -0.032332
       1.9124      0.022883      -0.032208
       1.9128      0.022757      -0.032083
       1.9132      0.022632      -0.031957
       1.9136      0.022505      -0.031831
        1.914      0.022378      -0.031705
       1.9144      0.022251      -0.031578
       1.9148      0.022123      -0.031450
       1.9152      0.021995      -0.031322
       1.9156      0.021866      -0.031194
        1.916      0.021737      -0.031065
       1.9164      0.021607      -0.030936
       1.9168      0.021477      -0.030806
       1.9172      0.021346      -0.030676
       1.9176      0.021215      -0.030546
        1.918      0.021084      -0.030415
       1.9184      0.020952      -0.030283
       1.9188      0.020819      -0.030151
       1.9192      0.020687      -0.030019
       1.9196      0.020553      -0.029886
         1.92      0.020420      -0.029753
       1.9204      0.020286      -0.029619
       1.9208      0.020151      -0.029485
       1.9212      0.020016      -0.029351
       1.9216      0.019881      -0.029216
        1.922      0.019745      -0.029081
       1.9224      0.019609      -0.028945
       1.9228      0.019473      -0.028809
       1.9232      0.019336      -0.028673
       1.9236      0.019199      -0.028536
        1.924      0.019061      -0.028399
       1.9244      0.018923      -0.028261
       1.9248      0.018785      -0.028123
       1.9252      0.018646      -0.027985
       1.9256      0.018507      -0.027846
        1.926      0.018367      -0.027707
       1.9264      0.018228      -0.027568
       1.9268      0.018087      -0.027428
       1.9272      0.017947      -0.027288
       1.9276      0.017806      -0.027148
        1.928      0.017665      -0.027007
       1.9284      0.017523      -0.026866
       1.9288      0.017382      -0.026725
       1.9292      0.017239      -0.026583
       1.9296      0.017097      -0.026441
         1.93      0.016954      -0.026299
       1.9304      0.016811      -0.026156
       1.9308      0.016668      -0.026013
       1.9312      0.016524      -0.025870
       1.9316      0.016380      -0.025726
        1.932      0.016236      -0.025583
       1.9324      0.016091      -0.025439
       1.9328      0.015946      -0.025294
       1.9332      0.015801      -0.025149
       1.9336      0.015656      -0.025005
        1.934      0.015510      -0.024859
       1.9344      0.015364      -0.024714
       1.9348      0.015218      -0.024568
       1.9352      0.015072      -0.024422
       1.9356      0.014925      -0.024276
        1.936      0.014778      -0.024129
       1.9364      0.014631      -0.023983
       1.9368      0.014483      -0.023836
       1.9372      0.014336      -0.023688
       1.9376      0.014188      -0.023541
        1.938      0.014040      -0.023393
       1.9384      0.013891      -0.023245
       1.9388      0.013743      -0.023097
       1.9392      0.013594      -0.022949
       1.9396      0.013445      -0.022800
         1.94      0.013296      -0.022652
       1.9404      0.013146      -0.022503
       1.9408      0.012997      -0.022354
       1.9412      0.012847      -0.022204
       1.9416      0.012697      -0.022055
        1.942      0.012547      -0.021905
       1.9424      0.012397      -0.021755
       1.9428      0.012246      -0.021605
       1.9432      0.012095      -0.021455
       1.9436      0.011944      -0.021304
        1.944      0.011793      -0.021154
       1.9444      0.011642      -0.021003
       1.9448      0.011491      -0.020852
       1.9452      0.011339      -0.020701
       1.9456      0.011188      -0.020550
        1.946      0.011036      -0.020399
       1.9464      0.010884      -0.020247
       1.9468      0.010732      -0.020096
       1.9472      0.010580      -0.019944
       1.9476      0.010427      -0.019792
        1.948      0.010275      -0.019640
       1.9484      0.010122      -0.019488
       1.9488      0.009970      -0.019336
       1.9492      0.009817      -0.019183
       1.9496      0.009664      -0.019031
         1.95      0.009511      -0.018878
       1.9504      0.009358      -0.018726
       1.9508      0.009205      -0.018573
       1.9512      0.009052      -0.018420
       1.9516      0.008898      -0.018267
        1.952      0.008745      -0.018114
       1.9524      0.008591      -0.017961
       1.9528      0.008438      -0.017808
       1.9532      0.008284      -0.017655
       1.9536      0.008130      -0.017501
        1.954      0.007976      -0.017348
       1.9544      0.007823      -0.017194
       1.9548      0.007669      -0.017041
       1.9552      0.007515      -0.016887
       1.9556      0.007361      -0.016734
        1.956      0.007207      -0.016580
       1.9564      0.007052      -0.016427
       1.9568      0.006898      -0.016273
       1.9572      0.006744      -0.016119
       1.9576      0.006590      -0.015965
        1.958      0.006436      -0.015812
       1.9584      0.006282      -0.015658
       1.9588      0.006127      -0.015504
       1.9592      0.005973      -0.015350
       1.9596      0.005819      -0.015196
         1.96      0.005664      -0.015042
       1.9604      0.005510      -0.014889
       1.9608      0.005356      -0.014735
       1.9612      0.005202      -0.014581
       1.9616      0.005047      -0.014427
        1.962      0.004893      -0.014273
       1.9624      0.004739      -0.014119
       1.9628      0.004585      -0.013966
       1.9632      0.004430      -0.013812
       1.9636      0.004276      -0.013658
        1.964      0.004122      -0.013504
       1.9644      0.003968      -0.013351
       1.9648      0.003814      -0.013197
       1.9652      0.003660      -0.013043
       1.9656      0.003506      -0.012890
        1.966      0.003352      -0.012736
       1.9664      0.003198      -0.012583
       1.9668      0.003044      -0.012429
       1.9672      0.002891      -0.012276
       1.9676      0.002737      -0.012123
        1.968      0.002583      -0.011970
       1.9684      0.002430      -0.011816
       1.9688      0.002276      -0.011663
       1.9692      0.002123      -0.011510
       1.9696      0.001969      -0.011357
         1.97      0.001816      -0.011205
       1.9704      0.001663      -0.011052
       1.9708      0.001510      -0.010899
       1.9712      0.001357      -0.010747
       1.9716      0.001204      -0.010594
        1.972      0.001051      -0.010442
       1.9724      0.000899      -0.010289
       1.9728      0.000746      -0.010137
       1.9732      0.000594      -0.009985
       1.9736      0.000441      -0.009833
        1.974      0.000289      -0.009681
       1.9744      0.000137      -0.009530
       1.9748      -0.000015      -0.009378
       1.9752      -0.000167      -0.009227
       1.9756      -0.000319      -0.009075
        1.976      -0.000470      -0.008924
       1.9764      -0.000622      -0.008773
       1.9768      -0.000773      -0.008622
       1.9772      -0.000924      -0.008471
       1.9776      -0.001076      -0.008320
        1.978      -0.001226      -0.008170
       1.9784      -0.001377      -0.008020
       1.9788      -0.001528      -0.007869
       1.9792      -0.001678      -0.007719
       1.9796      -0.001829      -0.007569
         1.98      -0.001979      -0.007420
       1.9804      -0.002129      -0.007270
       1.9808      -0.002279      -0.007121
       1.9812      -0.002428      -0.006971
       1.9816      -0.002578      -0.006822
        1.982      -0.002727      -0.006673
       1.9824      -0.002876      -0.006525
       1.9828      -0.003025      -0.006376
       1.9832      -0.003174      -0.006228
       1.9836      -0.003322      -0.006079
        1.984      -0.003471      -0.005931
       1.9844      -0.003619      -0.005784
       1.9848      -0.003767      -0.005636
       1.9852      -0.003915      -0.005489
       1.9856      -0.004062      -0.005341
        1.986      -0.004210      -0.005194
       1.9864      -0.004357      -0.005048
       1.9868      -0.004504      -0.004901
       1.9872      -0.004651      -0.004755
       1.9876      -0.004797      -0.004608
        1.988      -0.004943      -0.004462
       1.9884      -0.005090      -0.004317
       1.9888      -0.005236      -0.004171
       1.9892      -0.005381      -0.004026
       1.9896      -0.005527      -0.003881
         1.99      -0.005672      -0.003736
       1.9904      -0.005817      -0.003591
       1.9908      -0.005962      -0.003447
       1.9912      -0.006106      -0.003303
       1.9916      -0.006250      -0.003159
        1.992      -0.006395      -0.003015
       1.9924      -0.006538      -0.002872
       1.9928      -0.006682      -0.002728
       1.9932      -0.006825      -0.002585
       1.9936      -0.006968      -0.002443
        1.994      -0.007111      -0.002300
       1.9944      -0.007254      -0.002158
       1.9948      -0.007396      -0.002016
       1.9952      -0.007538      -0.001874
       1.9956      -0.007680      -0.001733
        1.996      -0.007821      -0.001592
       1.9964      -0.007963      -0.001451
       1.9968      -0.008104      -0.001310
       1.9972      -0.008244      -0.001170
       1.9976      -0.008385      -0.001030
        1.998      -0.008525      -0.000890
       1.9984      -0.008665      -0.000750
       1.9988      -0.008805      -0.000611
       1.9992      -0.008944      -0.000472
       1.9996      -0.009083      -0.000333
            2      -0.009222      -0.000195
       2.0004      -0.009361      -0.000056
       2.0008      -0.009499      0.000081
       2.0012      -0.009637      0.000219
       2.0016      -0.009774      0.000356
        2.002      -0.009912      0.000493
       2.0024      -0.010049      0.000630
       2.0028      -0.010186      0.000767
       2.0032      -0.010322      0.000903
       2.0036      -0.010458      0.001039
        2.004      -0.010594      0.001174
       2.0044      -0.010730      0.001309
       2.0048      -0.010865      0.001444
       2.0052      -0.011000      0.001579
       2.0056      -0.011135      0.001713
        2.006      -0.011269      0.001847
       2.0064      -0.011403      0.001981
       2.0068      -0.011537      0.002114
       2.0072      -0.011670      0.002248
       2.0076      -0.011804      0.002380
        2.008      -0.011936      0.002513
       2.0084      -0.012069      0.002645
       2.0088      -0.012201      0.002777
       2.0092      -0.012333      0.002908
       2.0096      -0.012464      0.003040
         2.01      -0.012596      0.003170
       2.0104      -0.012726      0.003301
       2.0108      -0.012857      0.003431
       2.0112      -0.012987      0.003561
       2.0116      -0.013117      0.003691
        2.012      -0.013247      0.003820
       2.0124      -0.013376      0.003949
       2.0128      -0.013505      0.004077
       2.0132      -0.013633      0.004206
       2.0136      -0.013762      0.004334
        2.014      -0.013889      0.004461
       2.0144      -0.014017      0.004588
       2.0148      -0.014144      0.004715
       2.0152      -0.014271      0.004842
       2.0156      -0.014398      0.004968
        2.016      -0.014524      0.005094
       2.0164      -0.014650      0.005219
       2.0168      -0.014775      0.005345
       2.0172      -0.014900      0.005469
       2.0176      -0.015025      0.005594
        2.018      -0.015149      0.005718
       2.0184      -0.015274      0.005842
       2.0188      -0.015397      0.005965
       2.0192      -0.015521      0.006088
       2.0196      -0.015644      0.006211
         2.02      -0.015766      0.006333
       2.0204      -0.015889      0.006455
       2.0208      -0.016011      0.006577
       2.0212      -0.016132      0.006698
       2.0216      -0.016254      0.006819
        2.022      -0.016374      0.006940
       2.0224      -0.016495      0.007060
       2.0228      -0.016615      0.007180
       2.0232      -0.016735      0.007300
       2.0236      -0.016855      0.007419
        2.024      -0.016974      0.007538
       2.0244      -0.017092      0.007656
       2.0248      -0.017211      0.007774
       2.0252      -0.017329      0.007892
       2.0256      -0.017446      0.008009
        2.026      -0.017564      0.008126
       2.0264      -0.017681      0.008243
       2.0268      -0.017797      0.008359
       2.0272      -0.017913      0.008475
       2.0276      -0.018029      0.008590
        2.028      -0.018144      0.008706
       2.0284      -0.018260      0.008820
       2.0288      -0.018374      0.008935
       2.0292      -0.018488      0.009049
       2.0296      -0.018602      0.009162
         2.03      -0.018716      0.009276
       2.0304      -0.018829      0.009389
       2.0308      -0.018942      0.009501
       2.0312      -0.019054      0.009613
       2.0316      -0.019167      0.009725
        2.032      -0.019278      0.009836
       2.0324      -0.019390      0.009947
       2.0328      -0.019500      0.010058
       2.0332      -0.019611      0.010168
       2.0336      -0.019721      0.010278
        2.034      -0.019831      0.010388
       2.0344      -0.019940      0.010497
       2.0348      -0.020049      0.010606
       2.0352      -0.020158      0.010714
       2.0356      -0.020266      0.010822
        2.036      -0.020374      0.010930
       2.0364      -0.020482      0.011037
       2.0368      -0.020589      0.011144
       2.0372      -0.020696      0.011250
       2.0376      -0.020802      0.011357
        2.038      -0.020908      0.011462
       2.0384      -0.021014      0.011568
       2.0388      -0.021119      0.011673
       2.0392      -0.021224      0.011777
       2.0396      -0.021328      0.011881
         2.04      -0.021432      0.011985
       2.0404      -0.021536      0.012089
       2.0408      -0.021639      0.012192
       2.0412      -0.021742      0.012294
       2.0416      -0.021845      0.012397
        2.042      -0.021947      0.012499
       2.0424      -0.022049      0.012600
       2.0428      -0.022150      0.012701
       2.0432      -0.022251      0.012802
       2.0436      -0.022352      0.012902
        2.044      -0.022452      0.013002
       2.0444      -0.022552      0.013102
       2.0448      -0.022652      0.013201
       2.0452      -0.022751      0.013300
       2.0456      -0.022849      0.013398
        2.046      -0.022948      0.013496
       2.0464      -0.023046      0.013594
       2.0468      -0.023143      0.013691
       2.0472      -0.023240      0.013788
       2.0476      -0.023337      0.013885
        2.048      -0.023434      0.013981
       2.0484      -0.023530      0.014077
       2.0488      -0.023625      0.014172
       2.0492      -0.023720      0.014267
       2.0496      -0.023815      0.014362
         2.05      -0.023910      0.014456
       2.0504      -0.024004      0.014550
       2.0508      -0.024097      0.014643
       2.0512      -0.024191      0.014736
       2.0516      -0.024284      0.014829
        2.052      -0.024376      0.014921
       2.0524      -0.024468      0.015013
       2.0528      -0.024560      0.015105
       2.0532      -0.024652      0.015196
       2.0536      -0.024743      0.015287
        2.054      -0.024833      0.015377
       2.0544      -0.024923      0.015467
       2.0548      -0.025013      0.015557
       2.0552      -0.025103      0.015646
       2.0556      -0.025192      0.015735
        2.056      -0.025281      0.015823
       2.0564      -0.025369      0.015911
       2.0568      -0.025457      0.015999
       2.0572      -0.025544      0.016086
       2.0576      -0.025632      0.016173
        2.058      -0.025718      0.016260
       2.0584      -0.025805      0.016346
       2.0588      -0.025891      0.016432
       2.0592      -0.025976      0.016517
       2.0596      -0.026062      0.016602
         2.06      -0.026147      0.016687
       2.0604      -0.026231      0.016771
       2.0608      -0.026315      0.016855
       2.0612      -0.026399      0.016939
       2.0616      -0.026482      0.017022
        2.062      -0.026565      0.017104
       2.0624      -0.026648      0.017187
       2.0628      -0.026730      0.017269
       2.0632      -0.026812      0.017350
       2.0636      -0.026893      0.017432
        2.064      -0.026974      0.017513
       2.0644      -0.027055      0.017593
       2.0648      -0.027135      0.017673
       2.0652      -0.027215      0.017753
       2.0656      -0.027295      0.017832
        2.066      -0.027374      0.017911
       2.0664      -0.027453      0.017990
       2.0668      -0.027531      0.018068
       2.0672      -0.027609      0.018146
       2.0676      -0.027687      0.018223
        2.068      -0.027764      0.018300
       2.0684      -0.027841      0.018377
       2.0688      -0.027918      0.018454
       2.0692      -0.027994      0.018529
       2.0696      -0.028070      0.018605
         2.07      -0.028145      0.018680
       2.0704      -0.028220      0.018755
       2.0708      -0.028295      0.018830
       2.0712      -0.028369      0.018904
       2.0716      -0.028443      0.018978
        2.072      -0.028517      0.019051
       2.0724      -0.028590      0.019124
       2.0728      -0.028663      0.019197
       2.0732      -0.028736      0.019269
       2.0736      -0.028808      0.019341
        2.074      -0.028879      0.019412
       2.0744      -0.028951      0.019483
       2.0748      -0.029022      0.019554
       2.0752      -0.029092      0.019625
       2.0756      -0.029163      0.019695
        2.076      -0.029232      0.019764
       2.0764      -0.029302      0.019834
       2.0768      -0.029371      0.019903
       2.0772      -0.029440      0.019971
       2.0776      -0.029508      0.020039
        2.078      -0.029576      0.020107
       2.0784      -0.029644      0.020175
       2.0788      -0.029711      0.020242
       2.0792      -0.029778      0.020309
       2.0796      -0.029845      0.020375
         2.08      -0.029911      0.020441
       2.0804      -0.029977      0.020507
       2.0808      -0.030042      0.020572
       2.0812      -0.030107      0.020637
       2.0816      -0.030172      0.020701
        2.082      -0.030237      0.020766
       2.0824      -0.030301      0.020829
       2.0828      -0.030364      0.020893
       2.0832      -0.030428      0.020956
       2.0836      -0.030491      0.021019
        2.084      -0.030553      0.021081
       2.0844      -0.030615      0.021143
       2.0848      -0.030677      0.021205
       2.0852      -0.030739      0.021266
       2.0856      -0.030800      0.021327
        2.086      -0.030861      0.021388
       2.0864      -0.030921      0.021448
       2.0868      -0.030981      0.021508
       2.0872      -0.031041      0.021568
       2.0876      -0.031100      0.021627
        2.088      -0.031159      0.021686
       2.0884      -0.031218      0.021744
       2.0888      -0.031276      0.021802
       2.0892      -0.031334      0.021860
       2.0896      -0.031392      0.021917
         2.09      -0.031449      0.021975
       2.0904      -0.031506      0.022031
       2.0908      -0.031562      0.022088
       2.0912      -0.031619      0.022144
       2.0916      -0.031674      0.022199
        2.092      -0.031730      0.022255
       2.0924      -0.031785      0.022309
       2.0928      -0.031840      0.022364
       2.0932      -0.031894      0.022418
       2.0936      -0.031948      0.022472
        2.094      -0.032002      0.022526
       2.0944      -0.032055      0.022579
       2.0948      -0.032108      0.022632
       2.0952      -0.032161      0.022684
       2.0956      -0.032213      0.022736
        2.096      -0.032265      0.022788
       2.0964      -0.032317      0.022840
       2.0968      -0.032368      0.022891
       2.0972      -0.032419      0.022941
       2.0976      -0.032469      0.022992
        2.098      -0.032519      0.023042
       2.0984      -0.032569      0.023091
       2.0988      -0.032619      0.023141
       2.0992      -0.032668      0.023190
       2.0996      -0.032717      0.023238
          2.1      -0.032765      0.023287
       2.1004      -0.032813      0.023335
       2.1008      -0.032861      0.023382
       2.1012      -0.032908      0.023429
       2.1016      -0.032955      0.023476
        2.102      -0.033002      0.023523
       2.1024      -0.033048      0.023569
       2.1028      -0.033094      0.023615
       2.1032      -0.033140      0.023661
       2.1036      -0.033185      0.023706
        2.104      -0.033230      0.023751
       2.1044      -0.033275      0.023795
       2.1048      -0.033319      0.023839
       2.1052      -0.033363      0.023883
       2.1056      -0.033407      0.023926
        2.106      -0.033450      0.023970
       2.1064      -0.033493      0.024012
       2.1068      -0.033535      0.024055
       2.1072      -0.033578      0.024097
       2.1076      -0.033619      0.024139
        2.108      -0.033661      0.024180
       2.1084      -0.033702      0.024221
       2.1088      -0.033743      0.024262
       2.1092      -0.033783      0.024302
       2.1096      -0.033824      0.024342
         2.11      -0.033863      0.024382
       2.1104      -0.033903      0.024421
       2.1108      -0.033942      0.024460
       2.1112      -0.033981      0.024499
       2.1116      -0.034019      0.024537
        2.112      -0.034057      0.024575
       2.1124      -0.034095      0.024612
       2.1128      -0.034132      0.024650
       2.1132      -0.034169      0.024687
       2.1136      -0.034206      0.024723
        2.114      -0.034242      0.024759
       2.1144      -0.034278      0.024795
       2.1148      -0.034314      0.024831
       2.1152      -0.034349      0.024866
       2.1156      -0.034384      0.024901
        2.116      -0.034419      0.024935
       2.1164      -0.034453      0.024970
       2.1168      -0.034487      0.025003
       2.1172      -0.034521      0.025037
       2.1176      -0.034554      0.025070
        2.118      -0.034587      0.025103
       2.1184      -0.034619      0.025135
       2.1188      -0.034651      0.025167
       2.1192      -0.034683      0.025199
       2.1196      -0.034715      0.025230
         2.12      -0.034746      0.025262
       2.1204      -0.034777      0.025292
       2.1208      -0.034807      0.025323
       2.1212      -0.034837      0.025353
       2.1216      -0.034867      0.025382
        2.122      -0.034897      0.025412
       2.1224      -0.034926      0.025441
       2.1228      -0.034954      0.025469
       2.1232      -0.034983      0.025498
       2.1236      -0.035011      0.025526
        2.124      -0.035039      0.025553
       2.1244      -0.035066      0.025580
       2.1248      -0.035093      0.025607
       2.1252      -0.035120      0.025634
       2.1256      -0.035146      0.025660
        2.126      -0.035172      0.025686
       2.1264      -0.035197      0.025711
       2.1268      -0.035223      0.025737
       2.1272      -0.035248      0.025761
       2.1276      -0.035272      0.025786
        2.128      -0.035296      0.025810
       2.1284      -0.035320      0.025834
       2.1288      -0.035344      0.025857
       2.1292      -0.035367      0.025880
       2.1296      -0.035390      0.025903
         2.13      -0.035412      0.025925
       2.1304      -0.035434      0.025947
       2.1308      -0.035456      0.025969
       2.1312      -0.035477      0.025990
       2.1316      -0.035498      0.026011
        2.132      -0.035519      0.026032
       2.1324      -0.035539      0.026052
       2.1328      -0.035559      0.026072
       2.1332      -0.035579      0.026092
       2.1336      -0.035598      0.026111
        2.134      -0.035617      0.026130
       2.1344      -0.035636      0.026148
       2.1348      -0.035654      0.026166
       2.1352      -0.035672      0.026184
       2.1356      -0.035689      0.026201
        2.136      -0.035706      0.026218
       2.1364      -0.035723      0.026235
       2.1368      -0.035739      0.026251
       2.1372      -0.035755      0.026267
       2.1376      -0.035771      0.026283
        2.138      -0.035786      0.026298
       2.1384      -0.035801      0.026313
       2.1388      -0.035816      0.026328
       2.1392      -0.035830      0.026342
       2.1396      -0.035844      0.026355
         2.14      -0.035857      0.026369
       2.1404      -0.035870      0.026382
       2.1408      -0.035883      0.026395
       2.1412      -0.035896      0.026407
       2.1416      -0.035908      0.026419
        2.142      -0.035919      0.026431
       2.1424      -0.035931      0.026442
       2.1428      -0.035941      0.026453
       2.1432      -0.035952      0.026463
       2.1436      -0.035962      0.026473
        2.144      -0.035972      0.026483
       2.1444      -0.035981      0.026492
       2.1448      -0.035990      0.026501
       2.1452      -0.035999      0.026510
       2.1456      -0.036007      0.026518
        2.146      -0.036015      0.026526
       2.1464      -0.036023      0.026534
       2.1468      -0.036030      0.026541
       2.1472      -0.036037      0.026548
       2.1476      -0.036043      0.026554
        2.148      -0.036050      0.026560
       2.1484      -0.036055      0.026566
       2.1488      -0.036060      0.026571
       2.1492      -0.036065      0.026576
       2.1496      -0.036070      0.026580
         2.15      -0.036074      0.026585
       2.1504      -0.036078      0.026588
       2.1508      -0.036081      0.026592
       2.1512      -0.036084      0.026595
       2.1516      -0.036087      0.026597
        2.152      -0.036089      0.026599
       2.1524      -0.036091      0.026601
       2.1528      -0.036092      0.026603
       2.1532      -0.036094      0.026604
       2.1536      -0.036094      0.026604
        2.154      -0.036095      0.026605
       2.1544      -0.036094      0.026605
       2.1548      -0.036094      0.026604
       2.1552      -0.036093      0.026603
       2.1556      -0.036092      0.026602
        2.156      -0.036090      0.026600
       2.1564      -0.036088      0.026598
       2.1568      -0.036086      0.026596
       2.1572      -0.036083      0.026593
       2.1576      -0.036079      0.026589
        2.158      -0.036076      0.026586
       2.1584      -0.036072      0.026582
       2.1588      -0.036067      0.026577
       2.1592      -0.036062      0.026572
       2.1596      -0.036057      0.026567
         2.16      -0.036051      0.026561
       2.1604      -0.036045      0.026555
       2.1608      -0.036039      0.026549
       2.1612      -0.036032      0.026542
       2.1616      -0.036025      0.026535
        2.162      -0.036017      0.026527
       2.1624      -0.036009      0.026519
       2.1628      -0.036000      0.026510
       2.1632      -0.035991      0.026501
       2.1636      -0.035982      0.026492
        2.164      -0.035972      0.026482
       2.1644      -0.035962      0.026472
       2.1648      -0.035952      0.026461
       2.1652      -0.035941      0.026450
       2.1656      -0.035929      0.026439
        2.166      -0.035917      0.026427
       2.1664      -0.035905      0.026415
       2.1668      -0.035892      0.026402
       2.1672      -0.035879      0.026389
       2.1676      -0.035866      0.026375
        2.168      -0.035852      0.026362
       2.1684      -0.035837      0.026347
       2.1688      -0.035823      0.026332
       2.1692      -0.035807      0.026317
       2.1696      -0.035792      0.026301
         2.17      -0.035776      0.026285
       2.1704      -0.035759      0.026269
       2.1708      -0.035742      0.026252
       2.1712      -0.035725      0.026235
       2.1716      -0.035707      0.026217
        2.172      -0.035689      0.026199
       2.1724      -0.035670      0.026180
       2.1728      -0.035651      0.026161
       2.1732      -0.035631      0.026141
       2.1736      -0.035611      0.026121
        2.174      -0.035591      0.026101
       2.1744      -0.035570      0.026080
       2.1748      -0.035549      0.026059
       2.1752      -0.035527      0.026037
       2.1756      -0.035505      0.026015
        2.176      -0.035482      0.025992
       2.1764      -0.035459      0.025969
       2.1768      -0.035435      0.025945
       2.1772      -0.035411      0.025921
       2.1776      -0.035387      0.025897
        2.178      -0.035362      0.025872
       2.1784      -0.035337      0.025847
       2.1788      -0.035311      0.025821
       2.1792      -0.035285      0.025795
       2.1796      -0.035258      0.025768
         2.18      -0.035231      0.025741
       2.1804      -0.035203      0.025713
       2.1808      -0.035175      0.025685
       2.1812      -0.035146      0.025657
       2.1816      -0.035117      0.025628
        2.182      -0.035088      0.025598
       2.1824      -0.035058      0.025569
       2.1828      -0.035028      0.025538
       2.1832      -0.034997      0.025507
       2.1836      -0.034965      0.025476
        2.184      -0.034934      0.025444
       2.1844      -0.034901      0.025412
       2.1848      -0.034869      0.025379
       2.1852      -0.034835      0.025346
       2.1856      -0.034802      0.025313
        2.186      -0.034767      0.025279
       2.1864      -0.034733      0.025244
       2.1868      -0.034698      0.025209
       2.1872      -0.034662      0.025173
       2.1876      -0.034626      0.025137
        2.188      -0.034590      0.025101
       2.1884      -0.034553      0.025064
       2.1888      -0.034515      0.025026
       2.1892      -0.034477      0.024989
       2.1896      -0.034439      0.024950
         2.19      -0.034400      0.024911
       2.1904      -0.034360      0.024872
       2.1908      -0.034320      0.024832
       2.1912      -0.034280      0.024792
       2.1916      -0.034239      0.024751
        2.192      -0.034198      0.024710
       2.1924      -0.034156      0.024668
       2.1928      -0.034113      0.024626
       2.1932      -0.034071      0.024583
       2.1936      -0.034027      0.024540
        2.194      -0.033983      0.024496
       2.1944      -0.033939      0.024452
       2.1948      -0.033894      0.024407
       2.1952      -0.033849      0.024362
       2.1956      -0.033803      0.024316
        2.196      -0.033757      0.024270
       2.1964      -0.033710      0.024223
       2.1968      -0.033663      0.024176
       2.1972      -0.033615      0.024128
       2.1976      -0.033567      0.024080
        2.198      -0.033518      0.024031
       2.1984      -0.033468      0.023982
       2.1988      -0.033419      0.023932
       2.1992      -0.033368      0.023882
       2.1996      -0.033317      0.023831
          2.2      -0.033266      0.023780
       2.2004      -0.033214      0.023728
       2.2008      -0.033162      0.023676
       2.2012      -0.033109      0.023623
       2.2016      -0.033056      0.023570
        2.202      -0.033002      0.023516
       2.2024      -0.032947      0.023461
       2.2028      -0.032892      0.023407
       2.2032      -0.032837      0.023351
       2.2036      -0.032781      0.023295
        2.204      -0.032724      0.023239
       2.2044      -0.032667      0.023182
       2.2048      -0.032610      0.023125
       2.2052      -0.032552      0.023067
       2.2056      -0.032493      0.023008
        2.206      -0.032434      0.022949
       2.2064      -0.032375      0.022890
       2.2068      -0.032315      0.022830
       2.2072      -0.032254      0.022769
       2.2076      -0.032193      0.022708
        2.208      -0.032131      0.022647
       2.2084      -0.032069      0.022585
       2.2088      -0.032006      0.022522
       2.2092      -0.031943      0.022459
       2.2096      -0.031879      0.022395
         2.21      -0.031815      0.022331
       2.2104      -0.031750      0.022266
       2.2108      -0.031685      0.022201
       2.2112      -0.031619      0.022135
       2.2116      -0.031552      0.022069
        2.212      -0.031485      0.022002
       2.2124      -0.031418      0.021935
       2.2128      -0.031350      0.021867
       2.2132      -0.031281      0.021799
       2.2136      -0.031212      0.021730
        2.214      -0.031142      0.021660
       2.2144      -0.031072      0.021590
       2.2148      -0.031002      0.021520
       2.2152      -0.030930      0.021448
       2.2156      -0.030859      0.021377
        2.216      -0.030786      0.021305
       2.2164      -0.030713      0.021232
       2.2168      -0.030640      0.021159
       2.2172      -0.030566      0.021085
       2.2176      -0.030492      0.021011
        2.218      -0.030417      0.020936
       2.2184      -0.030341      0.020861
       2.2188      -0.030265      0.020785
       2.2192      -0.030188      0.020708
       2.2196      -0.030111      0.020631
         2.22      -0.030034      0.020554
       2.2204      -0.029955      0.020476
       2.2208      -0.029877      0.020397
       2.2212      -0.029797      0.020318
       2.2216      -0.029717      0.020238
        2.222      -0.029637      0.020158
       2.2224      -0.029556      0.020077
       2.2228      -0.029475      0.019996
       2.2232      -0.029393      0.019914
       2.2236      -0.029310      0.019832
        2.224      -0.029227      0.019749
       2.2244      -0.029143      0.019665
       2.2248      -0.029059      0.019581
       2.2252      -0.028974      0.019497
       2.2256      -0.028889      0.019412
        2.226      -0.028803      0.019326
       2.2264      -0.028717      0.019240
       2.2268      -0.028630      0.019153
       2.2272      -0.028542      0.019066
       2.2276      -0.028454      0.018978
        2.228      -0.028366      0.018890
       2.2284      -0.028277      0.018801
       2.2288      -0.028187      0.018711
       2.2292      -0.028097      0.018621
       2.2296      -0.028006      0.018531
         2.23      -0.027915      0.018440
       2.2304      -0.027823      0.018348
       2.2308      -0.027731      0.018256
       2.2312      -0.027638      0.018163
       2.2316      -0.027544      0.018070
        2.232      -0.027450      0.017976
       2.2324      -0.027356      0.017882
       2.2328      -0.027261      0.017787
       2.2332      -0.027165      0.017692
       2.2336      -0.027069      0.017596
        2.234      -0.026972      0.017499
       2.2344      -0.026875      0.017402
       2.2348      -0.026777      0.017305
       2.2352      -0.026679      0.017207
       2.2356      -0.026580      0.017108
        2.236      -0.026481      0.017009
       2.2364      -0.026381      0.016909
       2.2368      -0.026280      0.016809
       2.2372      -0.026179      0.016708
       2.2376      -0.026078      0.016607
        2.238      -0.025976      0.016505
       2.2384      -0.025873      0.016403
       2.2388      -0.025770      0.016300
       2.2392      -0.025666      0.016196
       2.2396      -0.025562      0.016092
         2.24      -0.025457      0.015988
       2.2404      -0.025352      0.015883
       2.2408      -0.025246      0.015777
       2.2412      -0.025139      0.015671
       2.2416      -0.025033      0.015564
        2.242      -0.024925      0.015457
       2.2424      -0.024817      0.015349
       2.2428      -0.024709      0.015241
       2.2432      -0.024599      0.015132
       2.2436      -0.024490      0.015023
        2.244      -0.024380      0.014913
       2.2444      -0.024269      0.014803
       2.2448      -0.024158      0.014692
       2.2452      -0.024046      0.014581
       2.2456      -0.023934      0.014469
        2.246      -0.023821      0.014356
       2.2464      -0.023708      0.014243
       2.2468      -0.023594      0.014130
       2.2472      -0.023480      0.014016
       2.2476      -0.023365      0.013901
        2.248      -0.023250      0.013786
       2.2484      -0.023134      0.013671
       2.2488      -0.023018      0.013554
       2.2492      -0.022901      0.013438
       2.2496      -0.022783      0.013321
         2.25      -0.022665      0.013203
       2.2504      -0.022547      0.013085
       2.2508      -0.022428      0.012966
       2.2512      -0.022308      0.012847
       2.2516      -0.022188      0.012727
        2.252      -0.022068      0.012607
       2.2524      -0.021947      0.012487
       2.2528      -0.021825      0.012365
       2.2532      -0.021703      0.012244
       2.2536      -0.021581      0.012122
        2.254      -0.021458      0.011999
       2.2544      -0.021334      0.011876
       2.2548      -0.021210      0.011752
       2.2552      -0.021086      0.011628
       2.2556      -0.020961      0.011503
        2.256      -0.020835      0.011378
       2.2564      -0.020709      0.011252
       2.2568      -0.020583      0.011126
       2.2572      -0.020456      0.011000
       2.2576      -0.020328      0.010872
        2.258      -0.020200      0.010745
       2.2584      -0.020072      0.010617
       2.2588      -0.019943      0.010488
       2.2592      -0.019813      0.010359
       2.2596      -0.019684      0.010229
         2.26      -0.019553      0.010099
       2.2604      -0.019422      0.009969
       2.2608      -0.019291      0.009838
       2.2612      -0.019159      0.009707
       2.2616      -0.019027      0.009575
        2.262      -0.018894      0.009442
       2.2624      -0.018761      0.009309
       2.2628      -0.018627      0.009176
       2.2632      -0.018493      0.009042
       2.2636      -0.018358      0.008908
        2.264      -0.018223      0.008773
       2.2644      -0.018088      0.008638
       2.2648      -0.017952      0.008503
       2.2652      -0.017815      0.008367
       2.2656      -0.017678      0.008230
        2.266      -0.017541      0.008093
       2.2664      -0.017403      0.007956
       2.2668      -0.017265      0.007818
       2.2672      -0.017126      0.007680
       2.2676      -0.016987      0.007541
        2.268      -0.016848      0.007402
       2.2684      -0.016708      0.007262
       2.2688      -0.016567      0.007122
       2.2692      -0.016426      0.006981
       2.2696      -0.016285      0.006841
         2.27      -0.016143      0.006699
       2.2704      -0.016001      0.006557
       2.2708      -0.015858      0.006415
       2.2712      -0.015715      0.006273
       2.2716      -0.015572      0.006130
        2.272      -0.015428      0.005986
       2.2724      -0.015284      0.005842
       2.2728      -0.015139      0.005698
       2.2732      -0.014994      0.005553
       2.2736      -0.014848      0.005408
        2.274      -0.014702      0.005263
       2.2744      -0.014556      0.005117
       2.2748      -0.014409      0.004971
       2.2752      -0.014262      0.004824
       2.2756      -0.014115      0.004677
        2.276      -0.013967      0.004529
       2.2764      -0.013819      0.004382
       2.2768      -0.013670      0.004233
       2.2772      -0.013521      0.004085
       2.2776      -0.013371      0.003936
        2.278      -0.013222      0.003786
       2.2784      -0.013071      0.003637
       2.2788      -0.012921      0.003487
       2.2792      -0.012770      0.003336
       2.2796      -0.012618      0.003185
         2.28      -0.012467      0.003034
       2.2804      -0.012315      0.002882
       2.2808      -0.012162      0.002730
       2.2812      -0.012010      0.002578
       2.2816      -0.011856      0.002426
        2.282      -0.011703      0.002273
       2.2824      -0.011549      0.002119
       2.2828      -0.011395      0.001966
       2.2832      -0.011241      0.001812
       2.2836      -0.011086      0.001657
        2.284      -0.010931      0.001503
       2.2844      -0.010775      0.001348
       2.2848      -0.010619      0.001192
       2.2852      -0.010463      0.001037
       2.2856      -0.010307      0.000881
        2.286      -0.010150      0.000724
       2.2864      -0.009993      0.000568
       2.2868      -0.009835      0.000411
       2.2872      -0.009678      0.000254
       2.2876      -0.009520      0.000096
        2.288      -0.009361      -0.000062
       2.2884      -0.009203      -0.000220
       2.2888      -0.009044      -0.000378
       2.2892      -0.008884      -0.000537
       2.2896      -0.008725      -0.000696
         2.29      -0.008565      -0.000855
       2.2904      -0.008405      -0.001015
       2.2908      -0.008245      -0.001175
       2.2912      -0.008084      -0.001335
       2.2916      -0.007923      -0.001495
        2.292      -0.007762      -0.001656
       2.2924      -0.007601      -0.001817
       2.2928      -0.007439      -0.001978
       2.2932      -0.007277      -0.002139
       2.2936      -0.007115      -0.002301
        2.294      -0.006952      -0.002463
       2.2944      -0.006790      -0.002625
       2.2948      -0.006627      -0.002788
       2.2952      -0.006463      -0.002950
       2.2956      -0.006300      -0.003113
        2.296      -0.006136      -0.003276
       2.2964      -0.005972      -0.003439
       2.2968      -0.005808      -0.003603
       2.2972      -0.005644      -0.003767
       2.2976      -0.005480      -0.003931
        2.298      -0.005315      -0.004095
       2.2984      -0.005150      -0.004259
       2.2988      -0.004985      -0.004424
       2.2992      -0.004819      -0.004589
       2.2996      -0.004654      -0.004754
          2.3      -0.004488      -0.004919
       2.3004      -0.004322      -0.005084
       2.3008      -0.004156      -0.005250
       2.3012      -0.003990      -0.005416
       2.3016      -0.003823      -0.005582
        2.302      -0.003657      -0.005748
       2.3024      -0.003490      -0.005914
       2.3028      -0.003323      -0.006080
       2.3032      -0.003156      -0.006247
       2.3036      -0.002988      -0.006414
        2.304      -0.002821      -0.006581
       2.3044      -0.002653      -0.006748
       2.3048      -0.002485      -0.006915
       2.3052      -0.002318      -0.007082
       2.3056      -0.002150      -0.007250
        2.306      -0.001981      -0.007417
       2.3064      -0.001813      -0.007585
       2.3068      -0.001645      -0.007753
       2.3072      -0.001476      -0.007921
       2.3076      -0.001308      -0.008089
        2.308      -0.001139      -0.008257
       2.3084      -0.000970      -0.008425
       2.3088      -0.000801      -0.008593
       2.3092      -0.000632      -0.008762
       2.3096      -0.000463      -0.008931
         2.31      -0.000294      -0.009099
       2.3104      -0.000124      -0.009268
       2.3108      0.000045      -0.009437
       2.3112      0.000215      -0.009606
       2.3116      0.000384      -0.009775
        2.312      0.000554      -0.009944
       2.3124      0.000724      -0.010113
       2.3128      0.000893      -0.010282
       2.3132      0.001063      -0.010451
       2.3136      0.001233      -0.010620
        2.314      0.001403      -0.010790
       2.3144      0.001573      -0.010959
       2.3148      0.001743      -0.011128
       2.3152      0.001913      -0.011298
       2.3156      0.002083      -0.011467
        2.316      0.002253      -0.011637
       2.3164      0.002423      -0.011806
       2.3168      0.002593      -0.011975
       2.3172      0.002763      -0.012145
       2.3176      0.002933      -0.012314
        2.318      0.003103      -0.012484
       2.3184      0.003273      -0.012653
       2.3188      0.003443      -0.012823
       2.3192      0.003613      -0.012992
       2.3196      0.003783      -0.013162
         2.32      0.003953      -0.013331
       2.3204      0.004123      -0.013501
       2.3208      0.004293      -0.013670
       2.3212      0.004463      -0.013839
       2.3216      0.004633      -0.014008
        2.322      0.004803      -0.014178
       2.3224      0.004973      -0.014347
       2.3228      0.005142      -0.014516
       2.3232      0.005312      -0.014685
       2.3236      0.005482      -0.014854
        2.324      0.005651      -0.015023
       2.3244      0.005820      -0.015192
       2.3248      0.005990      -0.015360
       2.3252      0.006159      -0.015529
       2.3256      0.006328      -0.015698
        2.326      0.006497      -0.015866
       2.3264      0.006666      -0.016035
       2.3268      0.006835      -0.016203
       2.3272      0.007004      -0.016371
       2.3276      0.007173      -0.016539
        2.328      0.007341      -0.016707
       2.3284      0.007510      -0.016875
       2.3288      0.007678      -0.017042
       2.3292      0.007846      -0.017210
       2.3296      0.008014      -0.017377
         2.33      0.008182      -0.017545
       2.3304      0.008350      -0.017712
       2.3308      0.008517      -0.017879
       2.3312      0.008685      -0.018046
       2.3316      0.008852      -0.018212
        2.332      0.009019      -0.018379
       2.3324      0.009186      -0.018545
       2.3328      0.009353      -0.018711
       2.3332      0.009519      -0.018877
       2.3336      0.009686      -0.019043
        2.334      0.009852      -0.019209
       2.3344      0.010018      -0.019374
       2.3348      0.010184      -0.019539
       2.3352      0.010349      -0.019704
       2.3356      0.010515      -0.019869
        2.336      0.010680      -0.020033
       2.3364      0.010845      -0.020198
       2.3368      0.011009      -0.020362
       2.3372      0.011174      -0.020526
       2.3376      0.011338      -0.020689
        2.338      0.011502      -0.020853
       2.3384      0.011666      -0.021016
       2.3388      0.011829      -0.021179
       2.3392      0.011993      -0.021342
       2.3396      0.012156      -0.021504
         2.34      0.012318      -0.021666
       2.3404      0.012481      -0.021828
       2.3408      0.012643      -0.021990
       2.3412      0.012805      -0.022151
       2.3416      0.012967      -0.022312
        2.342      0.013128      -0.022473
       2.3424      0.013289      -0.022633
       2.3428      0.013450      -0.022793
       2.3432      0.013610      -0.022953
       2.3436      0.013770      -0.023113
        2.344      0.013930      -0.023272
       2.3444      0.014090      -0.023431
       2.3448      0.014249      -0.023590
       2.3452      0.014408      -0.023748
       2.3456      0.014566      -0.023906
        2.346      0.014725      -0.024063
       2.3464      0.014882      -0.024221
       2.3468      0.015040      -0.024378
       2.3472      0.015197      -0.024534
       2.3476      0.015354      -0.024690
        2.348      0.015510      -0.024846
       2.3484      0.015666      -0.025002
       2.3488      0.015822      -0.025157
       2.3492      0.015977      -0.025312
       2.3496      0.016132      -0.025466
         2.35      0.016287      -0.025620
       2.3504      0.016441      -0.025774
       2.3508      0.016595      -0.025927
       2.3512      0.016748      -0.026080
       2.3516      0.016901      -0.026232
        2.352      0.017054      -0.026384
       2.3524      0.017206      -0.026536
       2.3528      0.017358      -0.026687
       2.3532      0.017509      -0.026838
       2.3536      0.017660      -0.026988
        2.354      0.017810      -0.027138
       2.3544      0.017960      -0.027287
       2.3548      0.018110      -0.027436
       2.3552      0.018259      -0.027585
       2.3556      0.018408      -0.027733
        2.356      0.018556      -0.027881
       2.3564      0.018704      -0.028028
       2.3568      0.018851      -0.028175
       2.3572      0.018998      -0.028321
       2.3576      0.019144      -0.028467
        2.358      0.019290      -0.028612
       2.3584      0.019436      -0.028757
       2.3588      0.019581      -0.028902
       2.3592      0.019725      -0.029045
       2.3596      0.019869      -0.029189
         2.36      0.020012      -0.029332
       2.3604      0.020155      -0.029474
       2.3608      0.020298      -0.029616
       2.3612      0.020439      -0.029757
       2.3616      0.020581      -0.029898
        2.362      0.020722      -0.030039
       2.3624      0.020862      -0.030178
       2.3628      0.021002      -0.030318
       2.3632      0.021141      -0.030456
       2.3636      0.021280      -0.030595
        2.364      0.021418      -0.030732
       2.3644      0.021556      -0.030869
       2.3648      0.021693      -0.031006
       2.3652      0.021829      -0.031142
       2.3656      0.021965      -0.031277
        2.366      0.022101      -0.031412
       2.3664      0.022235      -0.031547
       2.3668      0.022370      -0.031680
       2.3672      0.022503      -0.031814
       2.3676      0.022636      -0.031946
        2.368      0.022769      -0.032078
       2.3684      0.022901      -0.032210
       2.3688      0.023032      -0.032340
       2.3692      0.023163      -0.032471
       2.3696      0.023293      -0.032600
         2.37      0.023422      -0.032729
       2.3704      0.023551      -0.032858
       2.3708      0.023679      -0.032985
       2.3712      0.023807      -0.033113
       2.3716      0.023934      -0.033239
        2.372      0.024060      -0.033365
       2.3724      0.024186      -0.033490
       2.3728      0.024311      -0.033615
       2.3732      0.024436      -0.033739
       2.3736      0.024559      -0.033862
        2.374      0.024683      -0.033985
       2.3744      0.024805      -0.034107
       2.3748      0.024927      -0.034229
       2.3752      0.025048      -0.034349
       2.3756      0.025169      -0.034469
        2.376      0.025289      -0.034589
       2.3764      0.025408      -0.034708
       2.3768      0.025526      -0.034826
       2.3772      0.025644      -0.034943
       2.3776      0.025761      -0.035060
        2.378      0.025878      -0.035176
       2.3784      0.025993      -0.035291
       2.3788      0.026108      -0.035406
       2.3792      0.026223      -0.035520
       2.3796      0.026337      -0.035633
         2.38      0.026449      -0.035746
       2.3804      0.026562      -0.035858
       2.3808      0.026673      -0.035969
       2.3812      0.026784      -0.036079
       2.3816      0.026894      -0.036189
        2.382      0.027004      -0.036298
       2.3824      0.027112      -0.036406
       2.3828      0.027220      -0.036514
       2.3832      0.027327      -0.036621
       2.3836      0.027434      -0.036727
        2.384      0.027540      -0.036832
       2.3844      0.027644      -0.036937
       2.3848      0.027749      -0.037041
       2.3852      0.027852      -0.037144
       2.3856      0.027955      -0.037246
        2.386      0.028057      -0.037348
       2.3864      0.028158      -0.037448
       2.3868      0.028258      -0.037549
       2.3872      0.028358      -0.037648
       2.3876      0.028457      -0.037746
        2.388      0.028555      -0.037844
       2.3884      0.028653      -0.037941
       2.3888      0.028749      -0.038038
       2.3892      0.028845      -0.038133
       2.3896      0.028940      -0.038228
         2.39      0.029034      -0.038322
       2.3904      0.029128      -0.038415
       2.3908      0.029220      -0.038507
       2.3912      0.029312      -0.038599
       2.3916      0.029403      -0.038689
        2.392      0.029493      -0.038779
       2.3924      0.029583      -0.038868
       2.3928      0.029671      -0.038957
       2.3932      0.029759      -0.039044
       2.3936      0.029846      -0.039131
        2.394      0.029932      -0.039217
       2.3944      0.030018      -0.039302
       2.3948      0.030102      -0.039386
       2.3952      0.030186      -0.039470
       2.3956      0.030269      -0.039552
        2.396      0.030351      -0.039634
       2.3964      0.030432      -0.039715
       2.3968      0.030512      -0.039795
       2.3972      0.030592      -0.039874
       2.3976      0.030671      -0.039953
        2.398      0.030748      -0.040030
       2.3984      0.030825      -0.040107
       2.3988      0.030902      -0.040183
       2.3992      0.030977      -0.040258
       2.3996      0.031051      -0.040332
          2.4      0.031125      -0.040406
