# Probe 0 (5.5 -0.5 0)
# Probe 1 (5.5 0.5 0)
#       Probe             0             1
#        Time
       0.0004             (0.999527 0.0010711 0)             (0.998955 -0.0010711 0)
       0.0008             (0.999358 0.0010302 0)             (0.998842 -0.0010302 0)
       0.0012             (0.999190 0.0009910 0)             (0.998728 -0.0009910 0)
       0.0016             (0.999022 0.0009534 0)             (0.998612 -0.0009533 0)
        0.002             (0.998856 0.0009172 0)             (0.998496 -0.0009172 0)
       0.0024             (0.998691 0.0008825 0)             (0.998378 -0.0008825 0)
       0.0028             (0.998527 0.0008492 0)             (0.998259 -0.0008492 0)
       0.0032             (0.998365 0.0008173 0)             (0.998140 -0.0008172 0)
       0.0036             (0.998204 0.0007866 0)             (0.998019 -0.0007865 0)
        0.004             (0.998045 0.0007571 0)             (0.997898 -0.0007571 0)
       0.0044             (0.997888 0.0007289 0)             (0.997777 -0.0007288 0)
       0.0048             (0.997732 0.0007017 0)             (0.997655 -0.0007017 0)
       0.0052             (0.997578 0.0006757 0)             (0.997532 -0.0006757 0)
       0.0056             (0.997426 0.0006508 0)             (0.997409 -0.0006507 0)
        0.006             (0.997276 0.0006268 0)             (0.997286 -0.0006267 0)
       0.0064             (0.997127 0.0006038 0)             (0.997163 -0.0006037 0)
       0.0068             (0.996981 0.0005817 0)             (0.997040 -0.0005817 0)
       0.0072             (0.996837 0.0005606 0)             (0.996917 -0.0005605 0)
       0.0076             (0.996694 0.0005403 0)             (0.996794 -0.0005402 0)
        0.008             (0.996554 0.0005208 0)             (0.996671 -0.0005208 0)
       0.0084             (0.996416 0.0005022 0)             (0.996549 -0.0005021 0)
       0.0088             (0.996279 0.0004843 0)             (0.996427 -0.0004842 0)
       0.0092             (0.996145 0.0004671 0)             (0.996305 -0.0004670 0)
       0.0096             (0.996013 0.0004507 0)             (0.996184 -0.0004506 0)
         0.01             (0.995882 0.0004349 0)             (0.996063 -0.0004348 0)
       0.0104             (0.995754 0.0004198 0)             (0.995943 -0.0004197 0)
       0.0108             (0.995628 0.0004053 0)             (0.995823 -0.0004052 0)
       0.0112             (0.995503 0.0003914 0)             (0.995704 -0.0003913 0)
       0.0116             (0.995381 0.0003781 0)             (0.995586 -0.0003780 0)
        0.012             (0.995260 0.0003654 0)             (0.995468 -0.0003653 0)
       0.0124             (0.995141 0.0003532 0)             (0.995352 -0.0003531 0)
       0.0128             (0.995024 0.0003415 0)             (0.995236 -0.0003414 0)
       0.0132             (0.994909 0.0003303 0)             (0.995121 -0.0003302 0)
       0.0136             (0.994795 0.0003196 0)             (0.995007 -0.0003195 0)
        0.014             (0.994683 0.0003093 0)             (0.994894 -0.0003092 0)
       0.0144             (0.994573 0.0002995 0)             (0.994782 -0.0002994 0)
       0.0148             (0.994465 0.0002901 0)             (0.994670 -0.0002900 0)
       0.0152             (0.994358 0.0002811 0)             (0.994560 -0.0002810 0)
       0.0156             (0.994253 0.0002725 0)             (0.994451 -0.0002724 0)
        0.016             (0.994149 0.0002643 0)             (0.994343 -0.0002642 0)
       0.0164             (0.994046 0.0002565 0)             (0.994236 -0.0002564 0)
       0.0168             (0.993946 0.0002490 0)             (0.994130 -0.0002489 0)
       0.0172             (0.993846 0.0002418 0)             (0.994025 -0.0002417 0)
       0.0176             (0.993748 0.0002350 0)             (0.993921 -0.0002349 0)
        0.018             (0.993651 0.0002285 0)             (0.993818 -0.0002283 0)
       0.0184             (0.993556 0.0002222 0)             (0.993716 -0.0002221 0)
       0.0188             (0.993461 0.0002163 0)             (0.993616 -0.0002161 0)
       0.0192             (0.993368 0.0002106 0)             (0.993516 -0.0002105 0)
       0.0196             (0.993276 0.0002052 0)             (0.993418 -0.0002051 0)
         0.02             (0.993186 0.0002001 0)             (0.993320 -0.0001999 0)
       0.0204             (0.993096 0.0001952 0)             (0.993224 -0.0001950 0)
       0.0208             (0.993007 0.0001905 0)             (0.993129 -0.0001903 0)
       0.0212             (0.992920 0.0001861 0)             (0.993035 -0.0001859 0)
       0.0216             (0.992833 0.0001818 0)             (0.992941 -0.0001817 0)
        0.022             (0.992748 0.0001778 0)             (0.992849 -0.0001777 0)
       0.0224             (0.992663 0.0001740 0)             (0.992758 -0.0001739 0)
       0.0228             (0.992580 0.0001704 0)             (0.992668 -0.0001703 0)
       0.0232             (0.992497 0.0001670 0)             (0.992579 -0.0001668 0)
       0.0236             (0.992415 0.0001638 0)             (0.992491 -0.0001636 0)
        0.024             (0.992334 0.0001607 0)             (0.992404 -0.0001605 0)
       0.0244             (0.992254 0.0001578 0)             (0.992318 -0.0001576 0)
       0.0248             (0.992174 0.0001551 0)             (0.992233 -0.0001549 0)
       0.0252             (0.992095 0.0001525 0)             (0.992149 -0.0001523 0)
       0.0256             (0.992017 0.0001501 0)             (0.992066 -0.0001499 0)
        0.026             (0.991940 0.0001478 0)             (0.991984 -0.0001476 0)
       0.0264             (0.991864 0.0001457 0)             (0.991903 -0.0001455 0)
       0.0268             (0.991788 0.0001436 0)             (0.991822 -0.0001434 0)
       0.0272             (0.991713 0.0001418 0)             (0.991743 -0.0001416 0)
       0.0276             (0.991639 0.0001400 0)             (0.991664 -0.0001398 0)
        0.028             (0.991565 0.0001384 0)             (0.991587 -0.0001382 0)
       0.0284             (0.991492 0.0001369 0)             (0.991510 -0.0001366 0)
       0.0288             (0.991419 0.0001354 0)             (0.991434 -0.0001352 0)
       0.0292             (0.991347 0.0001341 0)             (0.991358 -0.0001339 0)
       0.0296             (0.991276 0.0001329 0)             (0.991284 -0.0001327 0)
         0.03             (0.991205 0.0001318 0)             (0.991210 -0.0001316 0)
       0.0304             (0.991135 0.0001308 0)             (0.991138 -0.0001306 0)
       0.0308             (0.991066 0.0001299 0)             (0.991066 -0.0001297 0)
       0.0312             (0.990997 0.0001291 0)             (0.990994 -0.0001289 0)
       0.0316             (0.990928 0.0001284 0)             (0.990924 -0.0001281 0)
        0.032             (0.990861 0.0001277 0)             (0.990854 -0.0001275 0)
       0.0324             (0.990793 0.0001272 0)             (0.990785 -0.0001269 0)
       0.0328             (0.990726 0.0001267 0)             (0.990716 -0.0001264 0)
       0.0332             (0.990660 0.0001263 0)             (0.990648 -0.0001260 0)
       0.0336             (0.990594 0.0001259 0)             (0.990581 -0.0001257 0)
        0.034             (0.990529 0.0001257 0)             (0.990515 -0.0001254 0)
       0.0344             (0.990464 0.0001255 0)             (0.990449 -0.0001252 0)
       0.0348             (0.990400 0.0001253 0)             (0.990384 -0.0001250 0)
       0.0352             (0.990337 0.0001252 0)             (0.990320 -0.0001250 0)
       0.0356             (0.990273 0.0001252 0)             (0.990256 -0.0001249 0)
        0.036             (0.990211 0.0001253 0)             (0.990192 -0.0001250 0)
       0.0364             (0.990148 0.0001254 0)             (0.990130 -0.0001251 0)
       0.0368             (0.990087 0.0001255 0)             (0.990068 -0.0001252 0)
       0.0372             (0.990025 0.0001258 0)             (0.990006 -0.0001255 0)
       0.0376             (0.989965 0.0001260 0)             (0.989945 -0.0001257 0)
        0.038             (0.989904 0.0001263 0)             (0.989885 -0.0001260 0)
       0.0384             (0.989845 0.0001267 0)             (0.989825 -0.0001264 0)
       0.0388             (0.989785 0.0001271 0)             (0.989766 -0.0001268 0)
       0.0392             (0.989727 0.0001276 0)             (0.989707 -0.0001273 0)
       0.0396             (0.989668 0.0001281 0)             (0.989649 -0.0001278 0)
         0.04             (0.989610 0.0001286 0)             (0.989592 -0.0001283 0)
       0.0404             (0.989553 0.0001292 0)             (0.989535 -0.0001289 0)
       0.0408             (0.989496 0.0001299 0)             (0.989478 -0.0001295 0)
       0.0412             (0.989439 0.0001305 0)             (0.989422 -0.0001302 0)
       0.0416             (0.989383 0.0001312 0)             (0.989366 -0.0001309 0)
        0.042             (0.989328 0.0001320 0)             (0.989311 -0.0001316 0)
       0.0424             (0.989273 0.0001328 0)             (0.989257 -0.0001324 0)
       0.0428             (0.989218 0.0001336 0)             (0.989203 -0.0001332 0)
       0.0432             (0.989164 0.0001344 0)             (0.989149 -0.0001340 0)
       0.0436             (0.989110 0.0001353 0)             (0.989096 -0.0001349 0)
        0.044             (0.989057 0.0001362 0)             (0.989043 -0.0001358 0)
       0.0444             (0.989004 0.0001372 0)             (0.988991 -0.0001368 0)
       0.0448             (0.988952 0.0001382 0)             (0.988939 -0.0001378 0)
       0.0452             (0.988900 0.0001392 0)             (0.988888 -0.0001388 0)
       0.0456             (0.988848 0.0001402 0)             (0.988837 -0.0001398 0)
        0.046             (0.988797 0.0001413 0)             (0.988787 -0.0001409 0)
       0.0464             (0.988747 0.0001424 0)             (0.988737 -0.0001419 0)
       0.0468             (0.988697 0.0001435 0)             (0.988687 -0.0001431 0)
       0.0472             (0.988647 0.0001446 0)             (0.988638 -0.0001442 0)
       0.0476             (0.988598 0.0001458 0)             (0.988589 -0.0001454 0)
        0.048             (0.988549 0.0001470 0)             (0.988541 -0.0001466 0)
       0.0484             (0.988500 0.0001482 0)             (0.988493 -0.0001478 0)
       0.0488             (0.988452 0.0001495 0)             (0.988446 -0.0001490 0)
       0.0492             (0.988405 0.0001508 0)             (0.988399 -0.0001503 0)
       0.0496             (0.988358 0.0001521 0)             (0.988352 -0.0001516 0)
         0.05             (0.988311 0.0001534 0)             (0.988306 -0.0001529 0)
       0.0504             (0.988265 0.0001547 0)             (0.988260 -0.0001542 0)
       0.0508             (0.988219 0.0001561 0)             (0.988215 -0.0001556 0)
       0.0512             (0.988173 0.0001575 0)             (0.988170 -0.0001570 0)
       0.0516             (0.988128 0.0001589 0)             (0.988125 -0.0001584 0)
        0.052             (0.988084 0.0001603 0)             (0.988081 -0.0001598 0)
       0.0524             (0.988040 0.0001618 0)             (0.988037 -0.0001613 0)
       0.0528             (0.987996 0.0001632 0)             (0.987993 -0.0001627 0)
       0.0532             (0.987952 0.0001647 0)             (0.987950 -0.0001642 0)
       0.0536             (0.987909 0.0001662 0)             (0.987908 -0.0001657 0)
        0.054             (0.987867 0.0001678 0)             (0.987865 -0.0001672 0)
       0.0544             (0.987824 0.0001693 0)             (0.987823 -0.0001688 0)
       0.0548             (0.987783 0.0001709 0)             (0.987782 -0.0001703 0)
       0.0552             (0.987741 0.0001724 0)             (0.987741 -0.0001719 0)
       0.0556             (0.987700 0.0001740 0)             (0.987700 -0.0001735 0)
        0.056             (0.987659 0.0001757 0)             (0.987659 -0.0001751 0)
       0.0564             (0.987619 0.0001773 0)             (0.987619 -0.0001767 0)
       0.0568             (0.987579 0.0001790 0)             (0.987579 -0.0001784 0)
       0.0572             (0.987540 0.0001806 0)             (0.987540 -0.0001800 0)
       0.0576             (0.987500 0.0001823 0)             (0.987501 -0.0001817 0)
        0.058             (0.987462 0.0001840 0)             (0.987462 -0.0001834 0)
       0.0584             (0.987423 0.0001857 0)             (0.987424 -0.0001851 0)
       0.0588             (0.987385 0.0001875 0)             (0.987386 -0.0001869 0)
       0.0592             (0.987347 0.0001892 0)             (0.987348 -0.0001886 0)
       0.0596             (0.987310 0.0001910 0)             (0.987311 -0.0001904 0)
         0.06             (0.987273 0.0001928 0)             (0.987274 -0.0001922 0)
       0.0604             (0.987236 0.0001946 0)             (0.987237 -0.0001940 0)
       0.0608             (0.987200 0.0001964 0)             (0.987201 -0.0001958 0)
       0.0612             (0.987164 0.0001982 0)             (0.987165 -0.0001976 0)
       0.0616             (0.987128 0.0002001 0)             (0.987129 -0.0001994 0)
        0.062             (0.987092 0.0002020 0)             (0.987094 -0.0002013 0)
       0.0624             (0.987057 0.0002038 0)             (0.987059 -0.0002032 0)
       0.0628             (0.987023 0.0002057 0)             (0.987024 -0.0002050 0)
       0.0632             (0.986988 0.0002076 0)             (0.986990 -0.0002069 0)
       0.0636             (0.986954 0.0002096 0)             (0.986956 -0.0002089 0)
        0.064             (0.986920 0.0002115 0)             (0.986922 -0.0002108 0)
       0.0644             (0.986887 0.0002134 0)             (0.986888 -0.0002127 0)
       0.0648             (0.986854 0.0002154 0)             (0.986855 -0.0002147 0)
       0.0652             (0.986821 0.0002174 0)             (0.986822 -0.0002167 0)
       0.0656             (0.986789 0.0002194 0)             (0.986790 -0.0002187 0)
        0.066             (0.986756 0.0002214 0)             (0.986758 -0.0002207 0)
       0.0664             (0.986724 0.0002234 0)             (0.986726 -0.0002227 0)
       0.0668             (0.986693 0.0002255 0)             (0.986694 -0.0002247 0)
       0.0672             (0.986661 0.0002275 0)             (0.986663 -0.0002267 0)
       0.0676             (0.986630 0.0002296 0)             (0.986631 -0.0002288 0)
        0.068             (0.986600 0.0002317 0)             (0.986601 -0.0002309 0)
       0.0684             (0.986569 0.0002337 0)             (0.986570 -0.0002330 0)
       0.0688             (0.986539 0.0002359 0)             (0.986540 -0.0002351 0)
       0.0692             (0.986509 0.0002380 0)             (0.986510 -0.0002372 0)
       0.0696             (0.986480 0.0002401 0)             (0.986480 -0.0002393 0)
         0.07             (0.986450 0.0002423 0)             (0.986451 -0.0002414 0)
       0.0704             (0.986421 0.0002444 0)             (0.986422 -0.0002436 0)
       0.0708             (0.986392 0.0002466 0)             (0.986393 -0.0002458 0)
       0.0712             (0.986364 0.0002488 0)             (0.986364 -0.0002479 0)
       0.0716             (0.986336 0.0002510 0)             (0.986336 -0.0002501 0)
        0.072             (0.986308 0.0002532 0)             (0.986308 -0.0002523 0)
       0.0724             (0.986280 0.0002554 0)             (0.986280 -0.0002546 0)
       0.0728             (0.986252 0.0002577 0)             (0.986253 -0.0002568 0)
       0.0732             (0.986225 0.0002599 0)             (0.986225 -0.0002590 0)
       0.0736             (0.986198 0.0002622 0)             (0.986198 -0.0002613 0)
        0.074             (0.986171 0.0002645 0)             (0.986172 -0.0002636 0)
       0.0744             (0.986145 0.0002668 0)             (0.986145 -0.0002659 0)
       0.0748             (0.986119 0.0002691 0)             (0.986119 -0.0002682 0)
       0.0752             (0.986093 0.0002714 0)             (0.986093 -0.0002705 0)
       0.0756             (0.986067 0.0002737 0)             (0.986067 -0.0002728 0)
        0.076             (0.986042 0.0002761 0)             (0.986042 -0.0002751 0)
       0.0764             (0.986016 0.0002785 0)             (0.986016 -0.0002775 0)
       0.0768             (0.985991 0.0002808 0)             (0.985991 -0.0002799 0)
       0.0772             (0.985967 0.0002832 0)             (0.985966 -0.0002822 0)
       0.0776             (0.985942 0.0002856 0)             (0.985942 -0.0002846 0)
        0.078             (0.985918 0.0002880 0)             (0.985917 -0.0002870 0)
       0.0784             (0.985894 0.0002905 0)             (0.985893 -0.0002895 0)
       0.0788             (0.985870 0.0002929 0)             (0.985869 -0.0002919 0)
       0.0792             (0.985846 0.0002954 0)             (0.985846 -0.0002943 0)
       0.0796             (0.985823 0.0002978 0)             (0.985822 -0.0002968 0)
         0.08             (0.985799 0.0003003 0)             (0.985799 -0.0002993 0)
       0.0804             (0.985777 0.0003028 0)             (0.985776 -0.0003018 0)
       0.0808             (0.985754 0.0003053 0)             (0.985753 -0.0003043 0)
       0.0812             (0.985731 0.0003078 0)             (0.985731 -0.0003068 0)
       0.0816             (0.985709 0.0003104 0)             (0.985708 -0.0003093 0)
        0.082             (0.985687 0.0003129 0)             (0.985686 -0.0003118 0)
       0.0824             (0.985665 0.0003155 0)             (0.985664 -0.0003144 0)
       0.0828             (0.985643 0.0003181 0)             (0.985643 -0.0003169 0)
       0.0832             (0.985622 0.0003206 0)             (0.985621 -0.0003195 0)
       0.0836             (0.985600 0.0003232 0)             (0.985600 -0.0003221 0)
        0.084             (0.985579 0.0003258 0)             (0.985579 -0.0003247 0)
       0.0844             (0.985558 0.0003285 0)             (0.985558 -0.0003273 0)
       0.0848             (0.985538 0.0003311 0)             (0.985537 -0.0003299 0)
       0.0852             (0.985517 0.0003338 0)             (0.985516 -0.0003326 0)
       0.0856             (0.985497 0.0003364 0)             (0.985496 -0.0003352 0)
        0.086             (0.985477 0.0003391 0)             (0.985476 -0.0003379 0)
       0.0864             (0.985457 0.0003418 0)             (0.985456 -0.0003406 0)
       0.0868             (0.985437 0.0003445 0)             (0.985436 -0.0003433 0)
       0.0872             (0.985417 0.0003472 0)             (0.985417 -0.0003460 0)
       0.0876             (0.985398 0.0003499 0)             (0.985397 -0.0003487 0)
        0.088             (0.985379 0.0003527 0)             (0.985378 -0.0003514 0)
       0.0884             (0.985360 0.0003554 0)             (0.985359 -0.0003542 0)
       0.0888             (0.985341 0.0003582 0)             (0.985340 -0.0003569 0)
       0.0892             (0.985322 0.0003610 0)             (0.985322 -0.0003597 0)
       0.0896             (0.985304 0.0003638 0)             (0.985303 -0.0003625 0)
         0.09             (0.985286 0.0003666 0)             (0.985285 -0.0003653 0)
       0.0904             (0.985268 0.0003694 0)             (0.985267 -0.0003681 0)
       0.0908             (0.985250 0.0003723 0)             (0.985249 -0.0003709 0)
       0.0912             (0.985232 0.0003751 0)             (0.985231 -0.0003738 0)
       0.0916             (0.985214 0.0003780 0)             (0.985214 -0.0003766 0)
        0.092             (0.985197 0.0003808 0)             (0.985196 -0.0003795 0)
       0.0924             (0.985180 0.0003837 0)             (0.985179 -0.0003824 0)
       0.0928             (0.985163 0.0003866 0)             (0.985162 -0.0003852 0)
       0.0932             (0.985146 0.0003895 0)             (0.985145 -0.0003881 0)
       0.0936             (0.985129 0.0003925 0)             (0.985128 -0.0003911 0)
        0.094             (0.985112 0.0003954 0)             (0.985112 -0.0003940 0)
       0.0944             (0.985096 0.0003984 0)             (0.985095 -0.0003969 0)
       0.0948             (0.985080 0.0004013 0)             (0.985079 -0.0003999 0)
       0.0952             (0.985064 0.0004043 0)             (0.985063 -0.0004028 0)
       0.0956             (0.985048 0.0004073 0)             (0.985047 -0.0004058 0)
        0.096             (0.985032 0.0004103 0)             (0.985031 -0.0004088 0)
       0.0964             (0.985016 0.0004133 0)             (0.985016 -0.0004118 0)
       0.0968             (0.985001 0.0004163 0)             (0.985000 -0.0004148 0)
       0.0972             (0.984986 0.0004194 0)             (0.984985 -0.0004179 0)
       0.0976             (0.984970 0.0004225 0)             (0.984970 -0.0004209 0)
        0.098             (0.984955 0.0004255 0)             (0.984955 -0.0004240 0)
       0.0984             (0.984940 0.0004286 0)             (0.984940 -0.0004270 0)
       0.0988             (0.984926 0.0004317 0)             (0.984925 -0.0004301 0)
       0.0992             (0.984911 0.0004348 0)             (0.984910 -0.0004332 0)
       0.0996             (0.984897 0.0004379 0)             (0.984896 -0.0004363 0)
          0.1             (0.984882 0.0004411 0)             (0.984882 -0.0004394 0)
       0.1004             (0.984868 0.0004442 0)             (0.984867 -0.0004426 0)
       0.1008             (0.984854 0.0004474 0)             (0.984853 -0.0004457 0)
       0.1012             (0.984840 0.0004505 0)             (0.984840 -0.0004489 0)
       0.1016             (0.984827 0.0004537 0)             (0.984826 -0.0004521 0)
        0.102             (0.984813 0.0004569 0)             (0.984812 -0.0004552 0)
       0.1024             (0.984799 0.0004601 0)             (0.984799 -0.0004584 0)
       0.1028             (0.984786 0.0004634 0)             (0.984785 -0.0004617 0)
       0.1032             (0.984773 0.0004666 0)             (0.984772 -0.0004649 0)
       0.1036             (0.984760 0.0004699 0)             (0.984759 -0.0004681 0)
        0.104             (0.984747 0.0004731 0)             (0.984746 -0.0004714 0)
       0.1044             (0.984734 0.0004764 0)             (0.984733 -0.0004746 0)
       0.1048             (0.984721 0.0004797 0)             (0.984721 -0.0004779 0)
       0.1052             (0.984709 0.0004830 0)             (0.984708 -0.0004812 0)
       0.1056             (0.984696 0.0004863 0)             (0.984696 -0.0004845 0)
        0.106             (0.984684 0.0004896 0)             (0.984683 -0.0004878 0)
       0.1064             (0.984672 0.0004930 0)             (0.984671 -0.0004911 0)
       0.1068             (0.984660 0.0004963 0)             (0.984659 -0.0004945 0)
       0.1072             (0.984648 0.0004997 0)             (0.984647 -0.0004978 0)
       0.1076             (0.984636 0.0005031 0)             (0.984635 -0.0005012 0)
        0.108             (0.984625 0.0005065 0)             (0.984624 -0.0005046 0)
       0.1084             (0.984613 0.0005099 0)             (0.984612 -0.0005080 0)
       0.1088             (0.984602 0.0005133 0)             (0.984601 -0.0005114 0)
       0.1092             (0.984590 0.0005167 0)             (0.984589 -0.0005148 0)
       0.1096             (0.984579 0.0005202 0)             (0.984578 -0.0005182 0)
         0.11             (0.984568 0.0005237 0)             (0.984567 -0.0005217 0)
       0.1104             (0.984557 0.0005271 0)             (0.984556 -0.0005251 0)
       0.1108             (0.984546 0.0005306 0)             (0.984545 -0.0005286 0)
       0.1112             (0.984535 0.0005341 0)             (0.984534 -0.0005321 0)
       0.1116             (0.984525 0.0005376 0)             (0.984524 -0.0005356 0)
        0.112             (0.984514 0.0005411 0)             (0.984513 -0.0005391 0)
       0.1124             (0.984504 0.0005447 0)             (0.984503 -0.0005426 0)
       0.1128             (0.984493 0.0005482 0)             (0.984492 -0.0005461 0)
       0.1132             (0.984483 0.0005518 0)             (0.984482 -0.0005497 0)
       0.1136             (0.984473 0.0005553 0)             (0.984472 -0.0005532 0)
        0.114             (0.984463 0.0005589 0)             (0.984462 -0.0005568 0)
       0.1144             (0.984453 0.0005625 0)             (0.984452 -0.0005604 0)
       0.1148             (0.984443 0.0005661 0)             (0.984442 -0.0005640 0)
       0.1152             (0.984434 0.0005698 0)             (0.984433 -0.0005676 0)
       0.1156             (0.984424 0.0005734 0)             (0.984423 -0.0005712 0)
        0.116             (0.984414 0.0005770 0)             (0.984413 -0.0005748 0)
       0.1164             (0.984405 0.0005807 0)             (0.984404 -0.0005785 0)
       0.1168             (0.984396 0.0005844 0)             (0.984395 -0.0005821 0)
       0.1172             (0.984387 0.0005881 0)             (0.984386 -0.0005858 0)
       0.1176             (0.984377 0.0005918 0)             (0.984376 -0.0005895 0)
        0.118             (0.984368 0.0005955 0)             (0.984367 -0.0005931 0)
       0.1184             (0.984360 0.0005992 0)             (0.984359 -0.0005968 0)
       0.1188             (0.984351 0.0006029 0)             (0.984350 -0.0006006 0)
       0.1192             (0.984342 0.0006067 0)             (0.984341 -0.0006043 0)
       0.1196             (0.984333 0.0006104 0)             (0.984332 -0.0006080 0)
         0.12             (0.984325 0.0006142 0)             (0.984324 -0.0006118 0)
       0.1204             (0.984316 0.0006180 0)             (0.984315 -0.0006156 0)
       0.1208             (0.984308 0.0006218 0)             (0.984307 -0.0006193 0)
       0.1212             (0.984300 0.0006256 0)             (0.984299 -0.0006231 0)
       0.1216             (0.984292 0.0006294 0)             (0.984291 -0.0006269 0)
        0.122             (0.984284 0.0006332 0)             (0.984282 -0.0006307 0)
       0.1224             (0.984276 0.0006371 0)             (0.984274 -0.0006346 0)
       0.1228             (0.984268 0.0006409 0)             (0.984266 -0.0006384 0)
       0.1232             (0.984260 0.0006448 0)             (0.984259 -0.0006422 0)
       0.1236             (0.984252 0.0006487 0)             (0.984251 -0.0006461 0)
        0.124             (0.984244 0.0006526 0)             (0.984243 -0.0006500 0)
       0.1244             (0.984237 0.0006565 0)             (0.984236 -0.0006538 0)
       0.1248             (0.984229 0.0006604 0)             (0.984228 -0.0006577 0)
       0.1252             (0.984222 0.0006643 0)             (0.984221 -0.0006617 0)
       0.1256             (0.984215 0.0006682 0)             (0.984213 -0.0006656 0)
        0.126             (0.984207 0.0006722 0)             (0.984206 -0.0006695 0)
       0.1264             (0.984200 0.0006761 0)             (0.984199 -0.0006734 0)
       0.1268             (0.984193 0.0006801 0)             (0.984192 -0.0006774 0)
       0.1272             (0.984186 0.0006841 0)             (0.984185 -0.0006814 0)
       0.1276             (0.984179 0.0006881 0)             (0.984178 -0.0006853 0)
        0.128             (0.984172 0.0006921 0)             (0.984171 -0.0006893 0)
       0.1284             (0.984165 0.0006961 0)             (0.984164 -0.0006933 0)
       0.1288             (0.984159 0.0007002 0)             (0.984158 -0.0006973 0)
       0.1292             (0.984152 0.0007042 0)             (0.984151 -0.0007013 0)
       0.1296             (0.984146 0.0007082 0)             (0.984144 -0.0007054 0)
         0.13             (0.984139 0.0007123 0)             (0.984138 -0.0007094 0)
       0.1304             (0.984133 0.0007164 0)             (0.984131 -0.0007135 0)
       0.1308             (0.984126 0.0007205 0)             (0.984125 -0.0007175 0)
       0.1312             (0.984120 0.0007246 0)             (0.984119 -0.0007216 0)
       0.1316             (0.984114 0.0007287 0)             (0.984113 -0.0007257 0)
        0.132             (0.984108 0.0007328 0)             (0.984106 -0.0007298 0)
       0.1324             (0.984102 0.0007369 0)             (0.984100 -0.0007339 0)
       0.1328             (0.984096 0.0007411 0)             (0.984094 -0.0007380 0)
       0.1332             (0.984090 0.0007452 0)             (0.984088 -0.0007421 0)
       0.1336             (0.984084 0.0007494 0)             (0.984083 -0.0007463 0)
        0.134             (0.984078 0.0007535 0)             (0.984077 -0.0007504 0)
       0.1344             (0.984072 0.0007577 0)             (0.984071 -0.0007546 0)
       0.1348             (0.984067 0.0007619 0)             (0.984065 -0.0007588 0)
       0.1352             (0.984061 0.0007661 0)             (0.984060 -0.0007629 0)
       0.1356             (0.984056 0.0007703 0)             (0.984054 -0.0007671 0)
        0.136             (0.984050 0.0007745 0)             (0.984049 -0.0007713 0)
       0.1364             (0.984045 0.0007788 0)             (0.984043 -0.0007755 0)
       0.1368             (0.984039 0.0007830 0)             (0.984038 -0.0007798 0)
       0.1372             (0.984034 0.0007873 0)             (0.984033 -0.0007840 0)
       0.1376             (0.984029 0.0007915 0)             (0.984027 -0.0007882 0)
        0.138             (0.984024 0.0007958 0)             (0.984022 -0.0007925 0)
       0.1384             (0.984019 0.0008001 0)             (0.984017 -0.0007967 0)
       0.1388             (0.984014 0.0008044 0)             (0.984012 -0.0008010 0)
       0.1392             (0.984009 0.0008087 0)             (0.984007 -0.0008053 0)
       0.1396             (0.984004 0.0008130 0)             (0.984002 -0.0008096 0)
         0.14             (0.983999 0.0008173 0)             (0.983997 -0.0008139 0)
       0.1404             (0.983994 0.0008217 0)             (0.983993 -0.0008182 0)
       0.1408             (0.983989 0.0008260 0)             (0.983988 -0.0008225 0)
       0.1412             (0.983985 0.0008304 0)             (0.983983 -0.0008268 0)
       0.1416             (0.983980 0.0008347 0)             (0.983978 -0.0008312 0)
        0.142             (0.983975 0.0008391 0)             (0.983974 -0.0008355 0)
       0.1424             (0.983971 0.0008435 0)             (0.983969 -0.0008399 0)
       0.1428             (0.983966 0.0008478 0)             (0.983965 -0.0008442 0)
       0.1432             (0.983962 0.0008522 0)             (0.983960 -0.0008486 0)
       0.1436             (0.983957 0.0008566 0)             (0.983956 -0.0008530 0)
        0.144             (0.983953 0.0008611 0)             (0.983952 -0.0008574 0)
       0.1444             (0.983949 0.0008655 0)             (0.983947 -0.0008618 0)
       0.1448             (0.983945 0.0008699 0)             (0.983943 -0.0008662 0)
       0.1452             (0.983941 0.0008744 0)             (0.983939 -0.0008706 0)
       0.1456             (0.983936 0.0008788 0)             (0.983935 -0.0008750 0)
        0.146             (0.983932 0.0008833 0)             (0.983931 -0.0008794 0)
       0.1464             (0.983928 0.0008877 0)             (0.983927 -0.0008839 0)
       0.1468             (0.983924 0.0008922 0)             (0.983923 -0.0008883 0)
       0.1472             (0.983920 0.0008967 0)             (0.983919 -0.0008928 0)
       0.1476             (0.983917 0.0009012 0)             (0.983915 -0.0008972 0)
        0.148             (0.983913 0.0009057 0)             (0.983911 -0.0009017 0)
       0.1484             (0.983909 0.0009102 0)             (0.983907 -0.0009062 0)
       0.1488             (0.983905 0.0009147 0)             (0.983904 -0.0009107 0)
       0.1492             (0.983902 0.0009192 0)             (0.983900 -0.0009152 0)
       0.1496             (0.983898 0.0009237 0)             (0.983896 -0.0009197 0)
         0.15             (0.983894 0.0009282 0)             (0.983893 -0.0009242 0)
       0.1504             (0.983891 0.0009328 0)             (0.983889 -0.0009287 0)
       0.1508             (0.983887 0.0009373 0)             (0.983886 -0.0009332 0)
       0.1512             (0.983884 0.0009419 0)             (0.983882 -0.0009377 0)
       0.1516             (0.983880 0.0009464 0)             (0.983879 -0.0009423 0)
        0.152             (0.983877 0.0009510 0)             (0.983875 -0.0009468 0)
       0.1524             (0.983874 0.0009556 0)             (0.983872 -0.0009513 0)
       0.1528             (0.983870 0.0009602 0)             (0.983869 -0.0009559 0)
       0.1532             (0.983867 0.0009648 0)             (0.983865 -0.0009605 0)
       0.1536             (0.983864 0.0009694 0)             (0.983862 -0.0009650 0)
        0.154             (0.983861 0.0009740 0)             (0.983859 -0.0009696 0)
       0.1544             (0.983857 0.0009786 0)             (0.983856 -0.0009742 0)
       0.1548             (0.983854 0.0009832 0)             (0.983853 -0.0009787 0)
       0.1552             (0.983851 0.0009878 0)             (0.983850 -0.0009833 0)
       0.1556             (0.983848 0.0009924 0)             (0.983847 -0.0009879 0)
        0.156             (0.983845 0.0009970 0)             (0.983844 -0.0009925 0)
       0.1564             (0.983842 0.0010017 0)             (0.983841 -0.0009971 0)
       0.1568             (0.983839 0.0010063 0)             (0.983838 -0.0010017 0)
       0.1572             (0.983837 0.0010110 0)             (0.983835 -0.0010064 0)
       0.1576             (0.983834 0.0010156 0)             (0.983832 -0.0010110 0)
        0.158             (0.983831 0.0010203 0)             (0.983829 -0.0010156 0)
       0.1584             (0.983828 0.0010249 0)             (0.983826 -0.0010202 0)
       0.1588             (0.983825 0.0010296 0)             (0.983824 -0.0010249 0)
       0.1592             (0.983823 0.0010342 0)             (0.983821 -0.0010295 0)
       0.1596             (0.983820 0.0010389 0)             (0.983818 -0.0010341 0)
         0.16             (0.983817 0.0010436 0)             (0.983816 -0.0010388 0)
       0.1604             (0.983815 0.0010483 0)             (0.983813 -0.0010434 0)
       0.1608             (0.983812 0.0010529 0)             (0.983810 -0.0010481 0)
       0.1612             (0.983810 0.0010576 0)             (0.983808 -0.0010527 0)
       0.1616             (0.983807 0.0010623 0)             (0.983805 -0.0010574 0)
        0.162             (0.983805 0.0010670 0)             (0.983803 -0.0010620 0)
       0.1624             (0.983802 0.0010717 0)             (0.983800 -0.0010667 0)
       0.1628             (0.983800 0.0010764 0)             (0.983798 -0.0010714 0)
       0.1632             (0.983797 0.0010811 0)             (0.983796 -0.0010760 0)
       0.1636             (0.983795 0.0010858 0)             (0.983793 -0.0010807 0)
        0.164             (0.983793 0.0010905 0)             (0.983791 -0.0010854 0)
       0.1644             (0.983790 0.0010952 0)             (0.983789 -0.0010901 0)
       0.1648             (0.983788 0.0010999 0)             (0.983786 -0.0010947 0)
       0.1652             (0.983786 0.0011047 0)             (0.983784 -0.0010994 0)
       0.1656             (0.983784 0.0011094 0)             (0.983782 -0.0011041 0)
        0.166             (0.983781 0.0011141 0)             (0.983780 -0.0011088 0)
       0.1664             (0.983779 0.0011188 0)             (0.983777 -0.0011135 0)
       0.1668             (0.983777 0.0011235 0)             (0.983775 -0.0011182 0)
       0.1672             (0.983775 0.0011282 0)             (0.983773 -0.0011228 0)
       0.1676             (0.983773 0.0011330 0)             (0.983771 -0.0011275 0)
        0.168             (0.983771 0.0011377 0)             (0.983769 -0.0011322 0)
       0.1684             (0.983769 0.0011424 0)             (0.983767 -0.0011369 0)
       0.1688             (0.983767 0.0011471 0)             (0.983765 -0.0011416 0)
       0.1692             (0.983765 0.0011518 0)             (0.983763 -0.0011463 0)
       0.1696             (0.983763 0.0011566 0)             (0.983761 -0.0011510 0)
         0.17             (0.983761 0.0011613 0)             (0.983759 -0.0011557 0)
       0.1704             (0.983759 0.0011660 0)             (0.983757 -0.0011603 0)
       0.1708             (0.983757 0.0011707 0)             (0.983755 -0.0011650 0)
       0.1712             (0.983755 0.0011755 0)             (0.983753 -0.0011697 0)
       0.1716             (0.983753 0.0011802 0)             (0.983751 -0.0011744 0)
        0.172             (0.983752 0.0011849 0)             (0.983750 -0.0011791 0)
       0.1724             (0.983750 0.0011896 0)             (0.983748 -0.0011838 0)
       0.1728             (0.983748 0.0011943 0)             (0.983746 -0.0011884 0)
       0.1732             (0.983746 0.0011990 0)             (0.983744 -0.0011931 0)
       0.1736             (0.983745 0.0012037 0)             (0.983742 -0.0011978 0)
        0.174             (0.983743 0.0012084 0)             (0.983741 -0.0012025 0)
       0.1744             (0.983741 0.0012131 0)             (0.983739 -0.0012071 0)
       0.1748             (0.983739 0.0012178 0)             (0.983737 -0.0012118 0)
       0.1752             (0.983738 0.0012225 0)             (0.983736 -0.0012164 0)
       0.1756             (0.983736 0.0012272 0)             (0.983734 -0.0012211 0)
        0.176             (0.983734 0.0012319 0)             (0.983732 -0.0012258 0)
       0.1764             (0.983733 0.0012366 0)             (0.983731 -0.0012304 0)
       0.1768             (0.983731 0.0012413 0)             (0.983729 -0.0012350 0)
       0.1772             (0.983730 0.0012460 0)             (0.983728 -0.0012397 0)
       0.1776             (0.983728 0.0012506 0)             (0.983726 -0.0012443 0)
        0.178             (0.983727 0.0012553 0)             (0.983724 -0.0012490 0)
       0.1784             (0.983725 0.0012600 0)             (0.983723 -0.0012536 0)
       0.1788             (0.983723 0.0012646 0)             (0.983721 -0.0012582 0)
       0.1792             (0.983722 0.0012693 0)             (0.983720 -0.0012628 0)
       0.1796             (0.983721 0.0012739 0)             (0.983718 -0.0012674 0)
         0.18             (0.983719 0.0012786 0)             (0.983717 -0.0012720 0)
       0.1804             (0.983718 0.0012832 0)             (0.983715 -0.0012766 0)
       0.1808             (0.983716 0.0012878 0)             (0.983714 -0.0012812 0)
       0.1812             (0.983715 0.0012925 0)             (0.983713 -0.0012858 0)
       0.1816             (0.983713 0.0012971 0)             (0.983711 -0.0012904 0)
        0.182             (0.983712 0.0013017 0)             (0.983710 -0.0012949 0)
       0.1824             (0.983711 0.0013063 0)             (0.983708 -0.0012995 0)
       0.1828             (0.983709 0.0013109 0)             (0.983707 -0.0013040 0)
       0.1832             (0.983708 0.0013154 0)             (0.983706 -0.0013086 0)
       0.1836             (0.983706 0.0013200 0)             (0.983704 -0.0013131 0)
        0.184             (0.983705 0.0013246 0)             (0.983703 -0.0013176 0)
       0.1844             (0.983704 0.0013291 0)             (0.983702 -0.0013221 0)
       0.1848             (0.983702 0.0013337 0)             (0.983700 -0.0013266 0)
       0.1852             (0.983701 0.0013382 0)             (0.983699 -0.0013311 0)
       0.1856             (0.983700 0.0013427 0)             (0.983698 -0.0013356 0)
        0.186             (0.983699 0.0013472 0)             (0.983696 -0.0013401 0)
       0.1864             (0.983697 0.0013517 0)             (0.983695 -0.0013445 0)
       0.1868             (0.983696 0.0013562 0)             (0.983694 -0.0013490 0)
       0.1872             (0.983695 0.0013607 0)             (0.983692 -0.0013534 0)
       0.1876             (0.983693 0.0013652 0)             (0.983691 -0.0013578 0)
        0.188             (0.983692 0.0013696 0)             (0.983690 -0.0013622 0)
       0.1884             (0.983691 0.0013741 0)             (0.983689 -0.0013666 0)
       0.1888             (0.983690 0.0013785 0)             (0.983687 -0.0013710 0)
       0.1892             (0.983689 0.0013829 0)             (0.983686 -0.0013754 0)
       0.1896             (0.983687 0.0013873 0)             (0.983685 -0.0013798 0)
         0.19             (0.983686 0.0013917 0)             (0.983684 -0.0013841 0)
       0.1904             (0.983685 0.0013961 0)             (0.983683 -0.0013884 0)
       0.1908             (0.983684 0.0014004 0)             (0.983681 -0.0013927 0)
       0.1912             (0.983682 0.0014048 0)             (0.983680 -0.0013970 0)
       0.1916             (0.983681 0.0014091 0)             (0.983679 -0.0014013 0)
        0.192             (0.983680 0.0014134 0)             (0.983678 -0.0014056 0)
       0.1924             (0.983679 0.0014177 0)             (0.983677 -0.0014098 0)
       0.1928             (0.983678 0.0014220 0)             (0.983675 -0.0014141 0)
       0.1932             (0.983677 0.0014263 0)             (0.983674 -0.0014183 0)
       0.1936             (0.983675 0.0014305 0)             (0.983673 -0.0014225 0)
        0.194             (0.983674 0.0014347 0)             (0.983672 -0.0014267 0)
       0.1944             (0.983673 0.0014389 0)             (0.983671 -0.0014308 0)
       0.1948             (0.983672 0.0014431 0)             (0.983670 -0.0014350 0)
       0.1952             (0.983671 0.0014473 0)             (0.983669 -0.0014391 0)
       0.1956             (0.983670 0.0014514 0)             (0.983667 -0.0014432 0)
        0.196             (0.983669 0.0014556 0)             (0.983666 -0.0014473 0)
       0.1964             (0.983667 0.0014597 0)             (0.983665 -0.0014514 0)
       0.1968             (0.983666 0.0014638 0)             (0.983664 -0.0014554 0)
       0.1972             (0.983665 0.0014679 0)             (0.983663 -0.0014594 0)
       0.1976             (0.983664 0.0014719 0)             (0.983662 -0.0014634 0)
        0.198             (0.983663 0.0014759 0)             (0.983661 -0.0014674 0)
       0.1984             (0.983662 0.0014799 0)             (0.983659 -0.0014714 0)
       0.1988             (0.983661 0.0014839 0)             (0.983658 -0.0014753 0)
       0.1992             (0.983659 0.0014879 0)             (0.983657 -0.0014792 0)
       0.1996             (0.983658 0.0014918 0)             (0.983656 -0.0014831 0)
          0.2             (0.983657 0.0014957 0)             (0.983655 -0.0014870 0)
       0.2004             (0.983656 0.0014996 0)             (0.983654 -0.0014908 0)
       0.2008             (0.983655 0.0015035 0)             (0.983653 -0.0014946 0)
       0.2012             (0.983654 0.0015073 0)             (0.983651 -0.0014984 0)
       0.2016             (0.983653 0.0015111 0)             (0.983650 -0.0015022 0)
        0.202             (0.983651 0.0015149 0)             (0.983649 -0.0015059 0)
       0.2024             (0.983650 0.0015186 0)             (0.983648 -0.0015096 0)
       0.2028             (0.983649 0.0015224 0)             (0.983647 -0.0015133 0)
       0.2032             (0.983648 0.0015261 0)             (0.983646 -0.0015169 0)
       0.2036             (0.983647 0.0015297 0)             (0.983645 -0.0015205 0)
        0.204             (0.983646 0.0015334 0)             (0.983643 -0.0015241 0)
       0.2044             (0.983645 0.0015370 0)             (0.983642 -0.0015277 0)
       0.2048             (0.983643 0.0015406 0)             (0.983641 -0.0015312 0)
       0.2052             (0.983642 0.0015441 0)             (0.983640 -0.0015347 0)
       0.2056             (0.983641 0.0015477 0)             (0.983639 -0.0015382 0)
        0.206             (0.983640 0.0015511 0)             (0.983638 -0.0015416 0)
       0.2064             (0.983639 0.0015546 0)             (0.983636 -0.0015450 0)
       0.2068             (0.983638 0.0015580 0)             (0.983635 -0.0015484 0)
       0.2072             (0.983636 0.0015614 0)             (0.983634 -0.0015518 0)
       0.2076             (0.983635 0.0015648 0)             (0.983633 -0.0015551 0)
        0.208             (0.983634 0.0015681 0)             (0.983632 -0.0015583 0)
       0.2084             (0.983633 0.0015714 0)             (0.983630 -0.0015616 0)
       0.2088             (0.983632 0.0015746 0)             (0.983629 -0.0015648 0)
       0.2092             (0.983630 0.0015779 0)             (0.983628 -0.0015679 0)
       0.2096             (0.983629 0.0015810 0)             (0.983627 -0.0015711 0)
         0.21             (0.983628 0.0015842 0)             (0.983625 -0.0015741 0)
       0.2104             (0.983627 0.0015873 0)             (0.983624 -0.0015772 0)
       0.2108             (0.983625 0.0015903 0)             (0.983623 -0.0015802 0)
       0.2112             (0.983624 0.0015934 0)             (0.983622 -0.0015832 0)
       0.2116             (0.983623 0.0015964 0)             (0.983620 -0.0015861 0)
        0.212             (0.983622 0.0015993 0)             (0.983619 -0.0015890 0)
       0.2124             (0.983620 0.0016022 0)             (0.983618 -0.0015918 0)
       0.2128             (0.983619 0.0016051 0)             (0.983617 -0.0015947 0)
       0.2132             (0.983618 0.0016079 0)             (0.983615 -0.0015974 0)
       0.2136             (0.983616 0.0016107 0)             (0.983614 -0.0016001 0)
        0.214             (0.983615 0.0016134 0)             (0.983613 -0.0016028 0)
       0.2144             (0.983614 0.0016161 0)             (0.983611 -0.0016055 0)
       0.2148             (0.983612 0.0016187 0)             (0.983610 -0.0016080 0)
       0.2152             (0.983611 0.0016213 0)             (0.983609 -0.0016106 0)
       0.2156             (0.983610 0.0016239 0)             (0.983607 -0.0016131 0)
        0.216             (0.983608 0.0016264 0)             (0.983606 -0.0016155 0)
       0.2164             (0.983607 0.0016289 0)             (0.983604 -0.0016179 0)
       0.2168             (0.983605 0.0016313 0)             (0.983603 -0.0016203 0)
       0.2172             (0.983604 0.0016336 0)             (0.983602 -0.0016226 0)
       0.2176             (0.983603 0.0016359 0)             (0.983600 -0.0016248 0)
        0.218             (0.983601 0.0016382 0)             (0.983599 -0.0016270 0)
       0.2184             (0.983600 0.0016404 0)             (0.983597 -0.0016292 0)
       0.2188             (0.983598 0.0016426 0)             (0.983596 -0.0016313 0)
       0.2192             (0.983597 0.0016447 0)             (0.983594 -0.0016333 0)
       0.2196             (0.983595 0.0016467 0)             (0.983593 -0.0016353 0)
         0.22             (0.983594 0.0016487 0)             (0.983591 -0.0016373 0)
       0.2204             (0.983592 0.0016507 0)             (0.983590 -0.0016392 0)
       0.2208             (0.983591 0.0016526 0)             (0.983588 -0.0016410 0)
       0.2212             (0.983589 0.0016544 0)             (0.983587 -0.0016428 0)
       0.2216             (0.983588 0.0016562 0)             (0.983585 -0.0016445 0)
        0.222             (0.983586 0.0016579 0)             (0.983584 -0.0016461 0)
       0.2224             (0.983584 0.0016595 0)             (0.983582 -0.0016477 0)
       0.2228             (0.983583 0.0016611 0)             (0.983581 -0.0016493 0)
       0.2232             (0.983581 0.0016627 0)             (0.983579 -0.0016507 0)
       0.2236             (0.983580 0.0016641 0)             (0.983577 -0.0016522 0)
        0.224             (0.983578 0.0016656 0)             (0.983576 -0.0016535 0)
       0.2244             (0.983576 0.0016669 0)             (0.983574 -0.0016548 0)
       0.2248             (0.983575 0.0016682 0)             (0.983572 -0.0016560 0)
       0.2252             (0.983573 0.0016694 0)             (0.983571 -0.0016572 0)
       0.2256             (0.983571 0.0016706 0)             (0.983569 -0.0016583 0)
        0.226             (0.983569 0.0016717 0)             (0.983567 -0.0016593 0)
       0.2264             (0.983568 0.0016727 0)             (0.983565 -0.0016603 0)
       0.2268             (0.983566 0.0016736 0)             (0.983564 -0.0016612 0)
       0.2272             (0.983564 0.0016745 0)             (0.983562 -0.0016620 0)
       0.2276             (0.983562 0.0016753 0)             (0.983560 -0.0016627 0)
        0.228             (0.983561 0.0016761 0)             (0.983558 -0.0016634 0)
       0.2284             (0.983559 0.0016768 0)             (0.983556 -0.0016640 0)
       0.2288             (0.983557 0.0016774 0)             (0.983555 -0.0016646 0)
       0.2292             (0.983555 0.0016779 0)             (0.983553 -0.0016650 0)
       0.2296             (0.983553 0.0016783 0)             (0.983551 -0.0016654 0)
         0.23             (0.983551 0.0016787 0)             (0.983549 -0.0016657 0)
       0.2304             (0.983549 0.0016790 0)             (0.983547 -0.0016660 0)
       0.2308             (0.983547 0.0016793 0)             (0.983545 -0.0016661 0)
       0.2312             (0.983545 0.0016794 0)             (0.983543 -0.0016662 0)
       0.2316             (0.983543 0.0016795 0)             (0.983541 -0.0016662 0)
        0.232             (0.983541 0.0016795 0)             (0.983539 -0.0016661 0)
       0.2324             (0.983539 0.0016794 0)             (0.983537 -0.0016660 0)
       0.2328             (0.983537 0.0016792 0)             (0.983535 -0.0016657 0)
       0.2332             (0.983535 0.0016789 0)             (0.983533 -0.0016654 0)
       0.2336             (0.983533 0.0016786 0)             (0.983531 -0.0016650 0)
        0.234             (0.983531 0.0016781 0)             (0.983528 -0.0016645 0)
       0.2344             (0.983529 0.0016776 0)             (0.983526 -0.0016639 0)
       0.2348             (0.983526 0.0016770 0)             (0.983524 -0.0016633 0)
       0.2352             (0.983524 0.0016763 0)             (0.983522 -0.0016625 0)
       0.2356             (0.983522 0.0016756 0)             (0.983520 -0.0016617 0)
        0.236             (0.983520 0.0016747 0)             (0.983517 -0.0016607 0)
       0.2364             (0.983517 0.0016737 0)             (0.983515 -0.0016597 0)
       0.2368             (0.983515 0.0016727 0)             (0.983513 -0.0016586 0)
       0.2372             (0.983513 0.0016715 0)             (0.983511 -0.0016573 0)
       0.2376             (0.983510 0.0016703 0)             (0.983508 -0.0016560 0)
        0.238             (0.983508 0.0016689 0)             (0.983506 -0.0016546 0)
       0.2384             (0.983506 0.0016675 0)             (0.983503 -0.0016531 0)
       0.2388             (0.983503 0.0016660 0)             (0.983501 -0.0016515 0)
       0.2392             (0.983501 0.0016643 0)             (0.983499 -0.0016498 0)
       0.2396             (0.983498 0.0016626 0)             (0.983496 -0.0016480 0)
         0.24             (0.983496 0.0016608 0)             (0.983494 -0.0016461 0)
       0.2404             (0.983493 0.0016588 0)             (0.983491 -0.0016441 0)
       0.2408             (0.983491 0.0016568 0)             (0.983489 -0.0016420 0)
       0.2412             (0.983488 0.0016546 0)             (0.983486 -0.0016398 0)
       0.2416             (0.983485 0.0016524 0)             (0.983483 -0.0016374 0)
        0.242             (0.983483 0.0016500 0)             (0.983481 -0.0016350 0)
       0.2424             (0.983480 0.0016475 0)             (0.983478 -0.0016325 0)
       0.2428             (0.983477 0.0016450 0)             (0.983475 -0.0016298 0)
       0.2432             (0.983475 0.0016423 0)             (0.983473 -0.0016271 0)
       0.2436             (0.983472 0.0016395 0)             (0.983470 -0.0016242 0)
        0.244             (0.983469 0.0016365 0)             (0.983467 -0.0016212 0)
       0.2444             (0.983466 0.0016335 0)             (0.983464 -0.0016181 0)
       0.2448             (0.983464 0.0016304 0)             (0.983462 -0.0016149 0)
       0.2452             (0.983461 0.0016271 0)             (0.983459 -0.0016115 0)
       0.2456             (0.983458 0.0016237 0)             (0.983456 -0.0016081 0)
        0.246             (0.983455 0.0016202 0)             (0.983453 -0.0016045 0)
       0.2464             (0.983452 0.0016166 0)             (0.983450 -0.0016008 0)
       0.2468             (0.983449 0.0016128 0)             (0.983447 -0.0015970 0)
       0.2472             (0.983446 0.0016089 0)             (0.983444 -0.0015930 0)
       0.2476             (0.983443 0.0016049 0)             (0.983441 -0.0015889 0)
        0.248             (0.983440 0.0016008 0)             (0.983438 -0.0015847 0)
       0.2484             (0.983437 0.0015965 0)             (0.983435 -0.0015804 0)
       0.2488             (0.983434 0.0015922 0)             (0.983432 -0.0015759 0)
       0.2492             (0.983430 0.0015876 0)             (0.983429 -0.0015714 0)
       0.2496             (0.983427 0.0015830 0)             (0.983425 -0.0015666 0)
         0.25             (0.983424 0.0015782 0)             (0.983422 -0.0015618 0)
       0.2504             (0.983421 0.0015733 0)             (0.983419 -0.0015568 0)
       0.2508             (0.983417 0.0015682 0)             (0.983416 -0.0015517 0)
       0.2512             (0.983414 0.0015630 0)             (0.983412 -0.0015464 0)
       0.2516             (0.983411 0.0015577 0)             (0.983409 -0.0015410 0)
        0.252             (0.983407 0.0015522 0)             (0.983406 -0.0015354 0)
       0.2524             (0.983404 0.0015466 0)             (0.983402 -0.0015297 0)
       0.2528             (0.983400 0.0015409 0)             (0.983399 -0.0015239 0)
       0.2532             (0.983397 0.0015349 0)             (0.983395 -0.0015179 0)
       0.2536             (0.983393 0.0015289 0)             (0.983392 -0.0015118 0)
        0.254             (0.983390 0.0015227 0)             (0.983388 -0.0015055 0)
       0.2544             (0.983386 0.0015163 0)             (0.983385 -0.0014991 0)
       0.2548             (0.983383 0.0015098 0)             (0.983381 -0.0014925 0)
       0.2552             (0.983379 0.0015032 0)             (0.983377 -0.0014858 0)
       0.2556             (0.983375 0.0014964 0)             (0.983374 -0.0014789 0)
        0.256             (0.983371 0.0014894 0)             (0.983370 -0.0014719 0)
       0.2564             (0.983368 0.0014823 0)             (0.983366 -0.0014647 0)
       0.2568             (0.983364 0.0014750 0)             (0.983362 -0.0014573 0)
       0.2572             (0.983360 0.0014676 0)             (0.983358 -0.0014498 0)
       0.2576             (0.983356 0.0014599 0)             (0.983355 -0.0014421 0)
        0.258             (0.983352 0.0014522 0)             (0.983351 -0.0014343 0)
       0.2584             (0.983348 0.0014442 0)             (0.983347 -0.0014262 0)
       0.2588             (0.983344 0.0014361 0)             (0.983343 -0.0014181 0)
       0.2592             (0.983340 0.0014279 0)             (0.983339 -0.0014097 0)
       0.2596             (0.983336 0.0014194 0)             (0.983335 -0.0014012 0)
         0.26             (0.983332 0.0014108 0)             (0.983331 -0.0013925 0)
       0.2604             (0.983328 0.0014020 0)             (0.983326 -0.0013836 0)
       0.2608             (0.983324 0.0013930 0)             (0.983322 -0.0013746 0)
       0.2612             (0.983319 0.0013839 0)             (0.983318 -0.0013654 0)
       0.2616             (0.983315 0.0013746 0)             (0.983314 -0.0013560 0)
        0.262             (0.983311 0.0013651 0)             (0.983309 -0.0013464 0)
       0.2624             (0.983306 0.0013554 0)             (0.983305 -0.0013366 0)
       0.2628             (0.983302 0.0013455 0)             (0.983301 -0.0013267 0)
       0.2632             (0.983298 0.0013355 0)             (0.983296 -0.0013166 0)
       0.2636             (0.983293 0.0013252 0)             (0.983292 -0.0013062 0)
        0.264             (0.983289 0.0013148 0)             (0.983287 -0.0012957 0)
       0.2644             (0.983284 0.0013042 0)             (0.983283 -0.0012850 0)
       0.2648             (0.983279 0.0012933 0)             (0.983278 -0.0012741 0)
       0.2652             (0.983275 0.0012823 0)             (0.983274 -0.0012630 0)
       0.2656             (0.983270 0.0012711 0)             (0.983269 -0.0012518 0)
        0.266             (0.983265 0.0012597 0)             (0.983264 -0.0012403 0)
       0.2664             (0.983261 0.0012481 0)             (0.983259 -0.0012286 0)
       0.2668             (0.983256 0.0012363 0)             (0.983255 -0.0012167 0)
       0.2672             (0.983251 0.0012243 0)             (0.983250 -0.0012046 0)
       0.2676             (0.983246 0.0012121 0)             (0.983245 -0.0011923 0)
        0.268             (0.983241 0.0011996 0)             (0.983240 -0.0011798 0)
       0.2684             (0.983236 0.0011870 0)             (0.983235 -0.0011671 0)
       0.2688             (0.983231 0.0011742 0)             (0.983230 -0.0011542 0)
       0.2692             (0.983226 0.0011611 0)             (0.983225 -0.0011410 0)
       0.2696             (0.983221 0.0011478 0)             (0.983220 -0.0011277 0)
         0.27             (0.983216 0.0011343 0)             (0.983215 -0.0011141 0)
       0.2704             (0.983210 0.0011206 0)             (0.983210 -0.0011003 0)
       0.2708             (0.983205 0.0011067 0)             (0.983204 -0.0010863 0)
       0.2712             (0.983200 0.0010925 0)             (0.983199 -0.0010720 0)
       0.2716             (0.983194 0.0010781 0)             (0.983194 -0.0010576 0)
        0.272             (0.983189 0.0010635 0)             (0.983188 -0.0010429 0)
       0.2724             (0.983184 0.0010487 0)             (0.983183 -0.0010280 0)
       0.2728             (0.983178 0.0010336 0)             (0.983177 -0.0010128 0)
       0.2732             (0.983173 0.0010183 0)             (0.983172 -0.0009975 0)
       0.2736             (0.983167 0.0010028 0)             (0.983166 -0.0009818 0)
        0.274             (0.983161 0.0009870 0)             (0.983161 -0.0009660 0)
       0.2744             (0.983156 0.0009710 0)             (0.983155 -0.0009499 0)
       0.2748             (0.983150 0.0009547 0)             (0.983149 -0.0009336 0)
       0.2752             (0.983144 0.0009382 0)             (0.983144 -0.0009170 0)
       0.2756             (0.983138 0.0009215 0)             (0.983138 -0.0009002 0)
        0.276             (0.983132 0.0009045 0)             (0.983132 -0.0008831 0)
       0.2764             (0.983126 0.0008872 0)             (0.983126 -0.0008658 0)
       0.2768             (0.983120 0.0008698 0)             (0.983120 -0.0008482 0)
       0.2772             (0.983114 0.0008520 0)             (0.983114 -0.0008304 0)
       0.2776             (0.983108 0.0008340 0)             (0.983108 -0.0008123 0)
        0.278             (0.983102 0.0008157 0)             (0.983102 -0.0007939 0)
       0.2784             (0.983096 0.0007972 0)             (0.983096 -0.0007753 0)
       0.2788             (0.983090 0.0007784 0)             (0.983089 -0.0007565 0)
       0.2792             (0.983083 0.0007594 0)             (0.983083 -0.0007374 0)
       0.2796             (0.983077 0.0007401 0)             (0.983077 -0.0007180 0)
         0.28             (0.983071 0.0007205 0)             (0.983070 -0.0006983 0)
       0.2804             (0.983064 0.0007006 0)             (0.983064 -0.0006784 0)
       0.2808             (0.983058 0.0006805 0)             (0.983057 -0.0006582 0)
       0.2812             (0.983051 0.0006601 0)             (0.983051 -0.0006377 0)
       0.2816             (0.983044 0.0006394 0)             (0.983044 -0.0006169 0)
        0.282             (0.983038 0.0006185 0)             (0.983038 -0.0005959 0)
       0.2824             (0.983031 0.0005972 0)             (0.983031 -0.0005746 0)
       0.2828             (0.983024 0.0005757 0)             (0.983024 -0.0005530 0)
       0.2832             (0.983017 0.0005539 0)             (0.983017 -0.0005311 0)
       0.2836             (0.983010 0.0005318 0)             (0.983011 -0.0005089 0)
        0.284             (0.983004 0.0005094 0)             (0.983004 -0.0004865 0)
       0.2844             (0.982997 0.0004867 0)             (0.982997 -0.0004637 0)
       0.2848             (0.982989 0.0004638 0)             (0.982990 -0.0004406 0)
       0.2852             (0.982982 0.0004405 0)             (0.982983 -0.0004173 0)
       0.2856             (0.982975 0.0004169 0)             (0.982975 -0.0003936 0)
        0.286             (0.982968 0.0003930 0)             (0.982968 -0.0003697 0)
       0.2864             (0.982961 0.0003689 0)             (0.982961 -0.0003454 0)
       0.2868             (0.982953 0.0003444 0)             (0.982954 -0.0003209 0)
       0.2872             (0.982946 0.0003196 0)             (0.982946 -0.0002960 0)
       0.2876             (0.982938 0.0002945 0)             (0.982939 -0.0002708 0)
        0.288             (0.982931 0.0002691 0)             (0.982931 -0.0002453 0)
       0.2884             (0.982923 0.0002433 0)             (0.982924 -0.0002195 0)
       0.2888             (0.982916 0.0002173 0)             (0.982916 -0.0001934 0)
       0.2892             (0.982908 0.0001909 0)             (0.982908 -0.0001669 0)
       0.2896             (0.982900 0.0001642 0)             (0.982901 -0.0001401 0)
         0.29             (0.982892 0.0001372 0)             (0.982893 -0.0001130 0)
       0.2904             (0.982884 0.0001098 0)             (0.982885 -0.0000856 0)
       0.2908             (0.982876 0.0000821 0)             (0.982877 -0.0000579 0)
       0.2912             (0.982868 0.0000541 0)             (0.982869 -0.0000298 0)
       0.2916             (0.982860 0.0000258 0)             (0.982861 -0.0000014 0)
        0.292             (0.982852 -0.0000029 0)             (0.982853 0.0000274 0)
       0.2924             (0.982844 -0.0000319 0)             (0.982845 0.0000565 0)
       0.2928             (0.982836 -0.0000613 0)             (0.982837 0.0000859 0)
       0.2932             (0.982827 -0.0000910 0)             (0.982828 0.0001157 0)
       0.2936             (0.982819 -0.0001211 0)             (0.982820 0.0001459 0)
        0.294             (0.982810 -0.0001515 0)             (0.982811 0.0001763 0)
       0.2944             (0.982802 -0.0001822 0)             (0.982803 0.0002072 0)
       0.2948             (0.982793 -0.0002134 0)             (0.982794 0.0002384 0)
       0.2952             (0.982785 -0.0002448 0)             (0.982786 0.0002699 0)
       0.2956             (0.982776 -0.0002766 0)             (0.982777 0.0003018 0)
        0.296             (0.982767 -0.0003088 0)             (0.982768 0.0003341 0)
       0.2964             (0.982758 -0.0003414 0)             (0.982759 0.0003667 0)
       0.2968             (0.982749 -0.0003743 0)             (0.982751 0.0003997 0)
       0.2972             (0.982740 -0.0004076 0)             (0.982742 0.0004330 0)
       0.2976             (0.982731 -0.0004412 0)             (0.982733 0.0004668 0)
        0.298             (0.982722 -0.0004753 0)             (0.982723 0.0005009 0)
       0.2984             (0.982713 -0.0005097 0)             (0.982714 0.0005353 0)
       0.2988             (0.982703 -0.0005445 0)             (0.982705 0.0005702 0)
       0.2992             (0.982694 -0.0005796 0)             (0.982696 0.0006054 0)
       0.2996             (0.982685 -0.0006152 0)             (0.982686 0.0006410 0)
          0.3             (0.982675 -0.0006511 0)             (0.982677 0.0006770 0)
       0.3004             (0.982666 -0.0006874 0)             (0.982667 0.0007134 0)
       0.3008             (0.982656 -0.0007241 0)             (0.982658 0.0007502 0)
       0.3012             (0.982646 -0.0007612 0)             (0.982648 0.0007874 0)
       0.3016             (0.982637 -0.0007987 0)             (0.982638 0.0008250 0)
        0.302             (0.982627 -0.0008366 0)             (0.982629 0.0008629 0)
       0.3024             (0.982617 -0.0008749 0)             (0.982619 0.0009013 0)
       0.3028             (0.982607 -0.0009136 0)             (0.982609 0.0009401 0)
       0.3032             (0.982597 -0.0009527 0)             (0.982599 0.0009792 0)
       0.3036             (0.982586 -0.0009922 0)             (0.982589 0.0010188 0)
        0.304             (0.982576 -0.0010322 0)             (0.982578 0.0010588 0)
       0.3044             (0.982566 -0.0010725 0)             (0.982568 0.0010992 0)
       0.3048             (0.982556 -0.0011132 0)             (0.982558 0.0011400 0)
       0.3052             (0.982545 -0.0011544 0)             (0.982547 0.0011812 0)
       0.3056             (0.982535 -0.0011960 0)             (0.982537 0.0012229 0)
        0.306             (0.982524 -0.0012380 0)             (0.982526 0.0012650 0)
       0.3064             (0.982513 -0.0012804 0)             (0.982516 0.0013075 0)
       0.3068             (0.982503 -0.0013233 0)             (0.982505 0.0013504 0)
       0.3072             (0.982492 -0.0013666 0)             (0.982494 0.0013937 0)
       0.3076             (0.982481 -0.0014103 0)             (0.982483 0.0014375 0)
        0.308             (0.982470 -0.0014545 0)             (0.982473 0.0014817 0)
       0.3084             (0.982459 -0.0014990 0)             (0.982461 0.0015264 0)
       0.3088             (0.982448 -0.0015441 0)             (0.982450 0.0015715 0)
       0.3092             (0.982436 -0.0015895 0)             (0.982439 0.0016170 0)
       0.3096             (0.982425 -0.0016355 0)             (0.982428 0.0016630 0)
         0.31             (0.982414 -0.0016818 0)             (0.982417 0.0017094 0)
       0.3104             (0.982402 -0.0017286 0)             (0.982405 0.0017563 0)
       0.3108             (0.982391 -0.0017759 0)             (0.982394 0.0018036 0)
       0.3112             (0.982379 -0.0018236 0)             (0.982382 0.0018514 0)
       0.3116             (0.982367 -0.0018718 0)             (0.982370 0.0018996 0)
        0.312             (0.982355 -0.0019204 0)             (0.982359 0.0019483 0)
       0.3124             (0.982343 -0.0019695 0)             (0.982347 0.0019974 0)
       0.3128             (0.982331 -0.0020190 0)             (0.982335 0.0020470 0)
       0.3132             (0.982319 -0.0020690 0)             (0.982323 0.0020971 0)
       0.3136             (0.982307 -0.0021195 0)             (0.982311 0.0021477 0)
        0.314             (0.982295 -0.0021705 0)             (0.982299 0.0021987 0)
       0.3144             (0.982283 -0.0022219 0)             (0.982286 0.0022502 0)
       0.3148             (0.982270 -0.0022738 0)             (0.982274 0.0023021 0)
       0.3152             (0.982258 -0.0023262 0)             (0.982261 0.0023545 0)
       0.3156             (0.982245 -0.0023790 0)             (0.982249 0.0024074 0)
        0.316             (0.982232 -0.0024324 0)             (0.982236 0.0024608 0)
       0.3164             (0.982220 -0.0024862 0)             (0.982224 0.0025147 0)
       0.3168             (0.982207 -0.0025405 0)             (0.982211 0.0025691 0)
       0.3172             (0.982194 -0.0025953 0)             (0.982198 0.0026239 0)
       0.3176             (0.982181 -0.0026506 0)             (0.982185 0.0026793 0)
        0.318             (0.982168 -0.0027063 0)             (0.982172 0.0027351 0)
       0.3184             (0.982154 -0.0027626 0)             (0.982159 0.0027914 0)
       0.3188             (0.982141 -0.0028194 0)             (0.982146 0.0028482 0)
       0.3192             (0.982128 -0.0028767 0)             (0.982132 0.0029055 0)
       0.3196             (0.982114 -0.0029344 0)             (0.982119 0.0029634 0)
         0.32             (0.982101 -0.0029927 0)             (0.982105 0.0030217 0)
       0.3204             (0.982087 -0.0030515 0)             (0.982092 0.0030805 0)
       0.3208             (0.982073 -0.0031108 0)             (0.982078 0.0031398 0)
       0.3212             (0.982059 -0.0031705 0)             (0.982064 0.0031997 0)
       0.3216             (0.982045 -0.0032309 0)             (0.982050 0.0032600 0)
        0.322             (0.982031 -0.0032917 0)             (0.982036 0.0033209 0)
       0.3224             (0.982017 -0.0033530 0)             (0.982022 0.0033823 0)
       0.3228             (0.982003 -0.0034149 0)             (0.982008 0.0034442 0)
       0.3232             (0.981988 -0.0034772 0)             (0.981994 0.0035066 0)
       0.3236             (0.981974 -0.0035401 0)             (0.981979 0.0035695 0)
        0.324             (0.981959 -0.0036036 0)             (0.981965 0.0036330 0)
       0.3244             (0.981945 -0.0036675 0)             (0.981950 0.0036970 0)
       0.3248             (0.981930 -0.0037320 0)             (0.981935 0.0037615 0)
       0.3252             (0.981915 -0.0037970 0)             (0.981921 0.0038265 0)
       0.3256             (0.981900 -0.0038625 0)             (0.981906 0.0038921 0)
        0.326             (0.981885 -0.0039286 0)             (0.981891 0.0039582 0)
       0.3264             (0.981870 -0.0039952 0)             (0.981876 0.0040249 0)
       0.3268             (0.981855 -0.0040623 0)             (0.981861 0.0040921 0)
       0.3272             (0.981839 -0.0041300 0)             (0.981845 0.0041598 0)
       0.3276             (0.981824 -0.0041982 0)             (0.981830 0.0042280 0)
        0.328             (0.981808 -0.0042670 0)             (0.981814 0.0042968 0)
       0.3284             (0.981793 -0.0043363 0)             (0.981799 0.0043662 0)
       0.3288             (0.981777 -0.0044062 0)             (0.981783 0.0044361 0)
       0.3292             (0.981761 -0.0044766 0)             (0.981767 0.0045065 0)
       0.3296             (0.981745 -0.0045475 0)             (0.981751 0.0045775 0)
         0.33             (0.981729 -0.0046191 0)             (0.981735 0.0046491 0)
       0.3304             (0.981713 -0.0046911 0)             (0.981719 0.0047212 0)
       0.3308             (0.981697 -0.0047637 0)             (0.981703 0.0047938 0)
       0.3312             (0.981680 -0.0048369 0)             (0.981687 0.0048670 0)
       0.3316             (0.981664 -0.0049106 0)             (0.981670 0.0049408 0)
        0.332             (0.981647 -0.0049849 0)             (0.981654 0.0050151 0)
       0.3324             (0.981630 -0.0050598 0)             (0.981637 0.0050900 0)
       0.3328             (0.981613 -0.0051352 0)             (0.981620 0.0051654 0)
       0.3332             (0.981597 -0.0052112 0)             (0.981604 0.0052414 0)
       0.3336             (0.981579 -0.0052877 0)             (0.981587 0.0053180 0)
        0.334             (0.981562 -0.0053648 0)             (0.981570 0.0053951 0)
       0.3344             (0.981545 -0.0054425 0)             (0.981552 0.0054728 0)
       0.3348             (0.981528 -0.0055208 0)             (0.981535 0.0055511 0)
       0.3352             (0.981510 -0.0055996 0)             (0.981518 0.0056300 0)
       0.3356             (0.981492 -0.0056790 0)             (0.981500 0.0057094 0)
        0.336             (0.981475 -0.0057590 0)             (0.981482 0.0057894 0)
       0.3364             (0.981457 -0.0058395 0)             (0.981465 0.0058699 0)
       0.3368             (0.981439 -0.0059206 0)             (0.981447 0.0059511 0)
       0.3372             (0.981421 -0.0060023 0)             (0.981429 0.0060328 0)
       0.3376             (0.981403 -0.0060846 0)             (0.981411 0.0061151 0)
        0.338             (0.981384 -0.0061674 0)             (0.981392 0.0061979 0)
       0.3384             (0.981366 -0.0062509 0)             (0.981374 0.0062814 0)
       0.3388             (0.981347 -0.0063349 0)             (0.981356 0.0063654 0)
       0.3392             (0.981329 -0.0064195 0)             (0.981337 0.0064500 0)
       0.3396             (0.981310 -0.0065047 0)             (0.981318 0.0065352 0)
         0.34             (0.981291 -0.0065904 0)             (0.981300 0.0066210 0)
       0.3404             (0.981272 -0.0066768 0)             (0.981281 0.0067074 0)
       0.3408             (0.981253 -0.0067637 0)             (0.981262 0.0067943 0)
       0.3412             (0.981234 -0.0068513 0)             (0.981243 0.0068819 0)
       0.3416             (0.981214 -0.0069394 0)             (0.981223 0.0069700 0)
        0.342             (0.981195 -0.0070281 0)             (0.981204 0.0070587 0)
       0.3424             (0.981175 -0.0071174 0)             (0.981184 0.0071480 0)
       0.3428             (0.981155 -0.0072073 0)             (0.981165 0.0072379 0)
       0.3432             (0.981136 -0.0072977 0)             (0.981145 0.0073284 0)
       0.3436             (0.981116 -0.0073888 0)             (0.981125 0.0074194 0)
        0.344             (0.981095 -0.0074804 0)             (0.981105 0.0075111 0)
       0.3444             (0.981075 -0.0075727 0)             (0.981085 0.0076033 0)
       0.3448             (0.981055 -0.0076655 0)             (0.981065 0.0076962 0)
       0.3452             (0.981034 -0.0077590 0)             (0.981044 0.0077896 0)
       0.3456             (0.981014 -0.0078530 0)             (0.981024 0.0078836 0)
        0.346             (0.980993 -0.0079476 0)             (0.981003 0.0079783 0)
       0.3464             (0.980972 -0.0080428 0)             (0.980982 0.0080735 0)
       0.3468             (0.980951 -0.0081386 0)             (0.980961 0.0081693 0)
       0.3472             (0.980930 -0.0082351 0)             (0.980940 0.0082657 0)
       0.3476             (0.980909 -0.0083321 0)             (0.980919 0.0083627 0)
        0.348             (0.980888 -0.0084296 0)             (0.980898 0.0084603 0)
       0.3484             (0.980866 -0.0085278 0)             (0.980877 0.0085584 0)
       0.3488             (0.980844 -0.0086266 0)             (0.980855 0.0086572 0)
       0.3492             (0.980823 -0.0087260 0)             (0.980834 0.0087566 0)
       0.3496             (0.980801 -0.0088260 0)             (0.980812 0.0088566 0)
         0.35             (0.980779 -0.0089265 0)             (0.980790 0.0089571 0)
       0.3504             (0.980757 -0.0090277 0)             (0.980768 0.0090583 0)
       0.3508             (0.980734 -0.0091295 0)             (0.980746 0.0091600 0)
       0.3512             (0.980712 -0.0092318 0)             (0.980723 0.0092623 0)
       0.3516             (0.980689 -0.0093348 0)             (0.980701 0.0093653 0)
        0.352             (0.980667 -0.0094383 0)             (0.980678 0.0094688 0)
       0.3524             (0.980644 -0.0095424 0)             (0.980656 0.0095729 0)
       0.3528             (0.980621 -0.0096472 0)             (0.980633 0.0096776 0)
       0.3532             (0.980598 -0.0097525 0)             (0.980610 0.0097829 0)
       0.3536             (0.980575 -0.0098584 0)             (0.980587 0.0098888 0)
        0.354             (0.980551 -0.0099649 0)             (0.980564 0.0099953 0)
       0.3544             (0.980528 -0.0100720 0)             (0.980540 0.0101024 0)
       0.3548             (0.980504 -0.0101797 0)             (0.980517 0.0102100 0)
       0.3552             (0.980481 -0.0102879 0)             (0.980493 0.0103183 0)
       0.3556             (0.980457 -0.0103968 0)             (0.980469 0.0104271 0)
        0.356             (0.980433 -0.0105062 0)             (0.980446 0.0105365 0)
       0.3564             (0.980408 -0.0106163 0)             (0.980421 0.0106465 0)
       0.3568             (0.980384 -0.0107269 0)             (0.980397 0.0107571 0)
       0.3572             (0.980360 -0.0108381 0)             (0.980373 0.0108682 0)
       0.3576             (0.980335 -0.0109499 0)             (0.980349 0.0109800 0)
        0.358             (0.980311 -0.0110622 0)             (0.980324 0.0110923 0)
       0.3584             (0.980286 -0.0111752 0)             (0.980299 0.0112052 0)
       0.3588             (0.980261 -0.0112887 0)             (0.980274 0.0113187 0)
       0.3592             (0.980236 -0.0114028 0)             (0.980249 0.0114328 0)
       0.3596             (0.980210 -0.0115175 0)             (0.980224 0.0115474 0)
         0.36             (0.980185 -0.0116327 0)             (0.980199 0.0116626 0)
       0.3604             (0.980159 -0.0117485 0)             (0.980174 0.0117784 0)
       0.3608             (0.980134 -0.0118649 0)             (0.980148 0.0118948 0)
       0.3612             (0.980108 -0.0119819 0)             (0.980122 0.0120117 0)
       0.3616             (0.980082 -0.0120995 0)             (0.980097 0.0121292 0)
        0.362             (0.980056 -0.0122176 0)             (0.980071 0.0122473 0)
       0.3624             (0.980030 -0.0123362 0)             (0.980044 0.0123659 0)
       0.3628             (0.980003 -0.0124555 0)             (0.980018 0.0124851 0)
       0.3632             (0.979977 -0.0125752 0)             (0.979992 0.0126048 0)
       0.3636             (0.979950 -0.0126956 0)             (0.979965 0.0127251 0)
        0.364             (0.979923 -0.0128165 0)             (0.979939 0.0128460 0)
       0.3644             (0.979896 -0.0129380 0)             (0.979912 0.0129674 0)
       0.3648             (0.979869 -0.0130600 0)             (0.979885 0.0130893 0)
       0.3652             (0.979842 -0.0131826 0)             (0.979858 0.0132119 0)
       0.3656             (0.979815 -0.0133057 0)             (0.979831 0.0133349 0)
        0.366             (0.979787 -0.0134293 0)             (0.979803 0.0134585 0)
       0.3664             (0.979759 -0.0135535 0)             (0.979776 0.0135827 0)
       0.3668             (0.979732 -0.0136783 0)             (0.979748 0.0137074 0)
       0.3672             (0.979704 -0.0138036 0)             (0.979720 0.0138326 0)
       0.3676             (0.979676 -0.0139294 0)             (0.979692 0.0139583 0)
        0.368             (0.979647 -0.0140558 0)             (0.979664 0.0140846 0)
       0.3684             (0.979619 -0.0141826 0)             (0.979636 0.0142115 0)
       0.3688             (0.979590 -0.0143101 0)             (0.979607 0.0143388 0)
       0.3692             (0.979562 -0.0144380 0)             (0.979579 0.0144667 0)
       0.3696             (0.979533 -0.0145664 0)             (0.979550 0.0145951 0)
         0.37             (0.979504 -0.0146954 0)             (0.979521 0.0147240 0)
       0.3704             (0.979475 -0.0148249 0)             (0.979492 0.0148534 0)
       0.3708             (0.979446 -0.0149549 0)             (0.979463 0.0149833 0)
       0.3712             (0.979416 -0.0150854 0)             (0.979434 0.0151138 0)
       0.3716             (0.979387 -0.0152165 0)             (0.979405 0.0152447 0)
        0.372             (0.979357 -0.0153480 0)             (0.979375 0.0153762 0)
       0.3724             (0.979327 -0.0154800 0)             (0.979345 0.0155081 0)
       0.3728             (0.979297 -0.0156125 0)             (0.979316 0.0156405 0)
       0.3732             (0.979267 -0.0157455 0)             (0.979286 0.0157735 0)
       0.3736             (0.979237 -0.0158790 0)             (0.979256 0.0159069 0)
        0.374             (0.979206 -0.0160130 0)             (0.979225 0.0160408 0)
       0.3744             (0.979176 -0.0161475 0)             (0.979195 0.0161752 0)
       0.3748             (0.979145 -0.0162824 0)             (0.979164 0.0163100 0)
       0.3752             (0.979114 -0.0164178 0)             (0.979134 0.0164454 0)
       0.3756             (0.979083 -0.0165537 0)             (0.979103 0.0165812 0)
        0.376             (0.979052 -0.0166901 0)             (0.979072 0.0167174 0)
       0.3764             (0.979021 -0.0168269 0)             (0.979041 0.0168541 0)
       0.3768             (0.978989 -0.0169641 0)             (0.979009 0.0169913 0)
       0.3772             (0.978958 -0.0171018 0)             (0.978978 0.0171289 0)
       0.3776             (0.978926 -0.0172400 0)             (0.978946 0.0172670 0)
        0.378             (0.978894 -0.0173786 0)             (0.978915 0.0174055 0)
       0.3784             (0.978862 -0.0175177 0)             (0.978883 0.0175445 0)
       0.3788             (0.978830 -0.0176571 0)             (0.978851 0.0176839 0)
       0.3792             (0.978798 -0.0177971 0)             (0.978819 0.0178237 0)
       0.3796             (0.978765 -0.0179374 0)             (0.978786 0.0179639 0)
         0.38             (0.978733 -0.0180782 0)             (0.978754 0.0181046 0)
       0.3804             (0.978700 -0.0182193 0)             (0.978721 0.0182457 0)
       0.3808             (0.978667 -0.0183609 0)             (0.978689 0.0183871 0)
       0.3812             (0.978634 -0.0185029 0)             (0.978656 0.0185290 0)
       0.3816             (0.978601 -0.0186453 0)             (0.978623 0.0186713 0)
        0.382             (0.978568 -0.0187881 0)             (0.978590 0.0188140 0)
       0.3824             (0.978534 -0.0189313 0)             (0.978557 0.0189571 0)
       0.3828             (0.978501 -0.0190748 0)             (0.978523 0.0191005 0)
       0.3832             (0.978467 -0.0192188 0)             (0.978490 0.0192444 0)
       0.3836             (0.978433 -0.0193631 0)             (0.978456 0.0193886 0)
        0.384             (0.978399 -0.0195078 0)             (0.978422 0.0195331 0)
       0.3844             (0.978365 -0.0196528 0)             (0.978388 0.0196781 0)
       0.3848             (0.978331 -0.0197982 0)             (0.978354 0.0198234 0)
       0.3852             (0.978296 -0.0199440 0)             (0.978320 0.0199690 0)
       0.3856             (0.978262 -0.0200901 0)             (0.978285 0.0201150 0)
        0.386             (0.978227 -0.0202366 0)             (0.978251 0.0202614 0)
       0.3864             (0.978192 -0.0203834 0)             (0.978216 0.0204080 0)
       0.3868             (0.978157 -0.0205305 0)             (0.978181 0.0205550 0)
       0.3872             (0.978122 -0.0206779 0)             (0.978146 0.0207023 0)
       0.3876             (0.978087 -0.0208257 0)             (0.978111 0.0208500 0)
        0.388             (0.978051 -0.0209737 0)             (0.978076 0.0209979 0)
       0.3884             (0.978016 -0.0211221 0)             (0.978041 0.0211461 0)
       0.3888             (0.977980 -0.0212708 0)             (0.978005 0.0212947 0)
       0.3892             (0.977944 -0.0214197 0)             (0.977970 0.0214435 0)
       0.3896             (0.977908 -0.0215690 0)             (0.977934 0.0215926 0)
         0.39             (0.977872 -0.0217185 0)             (0.977898 0.0217420 0)
       0.3904             (0.977836 -0.0218683 0)             (0.977862 0.0218917 0)
       0.3908             (0.977800 -0.0220183 0)             (0.977826 0.0220416 0)
       0.3912             (0.977763 -0.0221687 0)             (0.977789 0.0221918 0)
       0.3916             (0.977727 -0.0223192 0)             (0.977753 0.0223422 0)
        0.392             (0.977690 -0.0224700 0)             (0.977716 0.0224929 0)
       0.3924             (0.977653 -0.0226211 0)             (0.977680 0.0226438 0)
       0.3928             (0.977616 -0.0227724 0)             (0.977643 0.0227950 0)
       0.3932             (0.977579 -0.0229239 0)             (0.977606 0.0229464 0)
       0.3936             (0.977542 -0.0230756 0)             (0.977569 0.0230980 0)
        0.394             (0.977504 -0.0232276 0)             (0.977532 0.0232498 0)
       0.3944             (0.977467 -0.0233797 0)             (0.977494 0.0234018 0)
       0.3948             (0.977429 -0.0235320 0)             (0.977457 0.0235539 0)
       0.3952             (0.977391 -0.0236846 0)             (0.977419 0.0237063 0)
       0.3956             (0.977353 -0.0238373 0)             (0.977382 0.0238589 0)
        0.396             (0.977315 -0.0239901 0)             (0.977344 0.0240116 0)
       0.3964             (0.977277 -0.0241432 0)             (0.977306 0.0241645 0)
       0.3968             (0.977239 -0.0242964 0)             (0.977268 0.0243176 0)
       0.3972             (0.977201 -0.0244497 0)             (0.977230 0.0244708 0)
       0.3976             (0.977162 -0.0246032 0)             (0.977191 0.0246241 0)
        0.398             (0.977124 -0.0247569 0)             (0.977153 0.0247776 0)
       0.3984             (0.977085 -0.0249106 0)             (0.977114 0.0249312 0)
       0.3988             (0.977046 -0.0250645 0)             (0.977076 0.0250849 0)
       0.3992             (0.977007 -0.0252185 0)             (0.977037 0.0252387 0)
       0.3996             (0.976968 -0.0253726 0)             (0.976998 0.0253927 0)
          0.4             (0.976929 -0.0255267 0)             (0.976959 0.0255467 0)
       0.4004             (0.976889 -0.0256810 0)             (0.976920 0.0257008 0)
       0.4008             (0.976850 -0.0258353 0)             (0.976881 0.0258550 0)
       0.4012             (0.976810 -0.0259898 0)             (0.976841 0.0260093 0)
       0.4016             (0.976771 -0.0261442 0)             (0.976802 0.0261636 0)
        0.402             (0.976731 -0.0262988 0)             (0.976762 0.0263180 0)
       0.4024             (0.976691 -0.0264533 0)             (0.976723 0.0264724 0)
       0.4028             (0.976651 -0.0266080 0)             (0.976683 0.0266268 0)
       0.4032             (0.976611 -0.0267626 0)             (0.976643 0.0267813 0)
       0.4036             (0.976571 -0.0269172 0)             (0.976603 0.0269358 0)
        0.404             (0.976531 -0.0270719 0)             (0.976563 0.0270903 0)
       0.4044             (0.976490 -0.0272266 0)             (0.976523 0.0272448 0)
       0.4048             (0.976450 -0.0273812 0)             (0.976483 0.0273993 0)
       0.4052             (0.976409 -0.0275359 0)             (0.976442 0.0275537 0)
       0.4056             (0.976369 -0.0276905 0)             (0.976402 0.0277082 0)
        0.406             (0.976328 -0.0278451 0)             (0.976361 0.0278626 0)
       0.4064             (0.976287 -0.0279996 0)             (0.976320 0.0280170 0)
       0.4068             (0.976246 -0.0281541 0)             (0.976280 0.0281713 0)
       0.4072             (0.976205 -0.0283085 0)             (0.976239 0.0283256 0)
       0.4076             (0.976164 -0.0284629 0)             (0.976198 0.0284797 0)
        0.408             (0.976122 -0.0286172 0)             (0.976157 0.0286338 0)
       0.4084             (0.976081 -0.0287713 0)             (0.976116 0.0287879 0)
       0.4088             (0.976040 -0.0289254 0)             (0.976074 0.0289418 0)
       0.4092             (0.975998 -0.0290794 0)             (0.976033 0.0290956 0)
       0.4096             (0.975957 -0.0292333 0)             (0.975992 0.0292493 0)
         0.41             (0.975915 -0.0293870 0)             (0.975950 0.0294028 0)
       0.4104             (0.975873 -0.0295406 0)             (0.975909 0.0295562 0)
       0.4108             (0.975831 -0.0296941 0)             (0.975867 0.0297095 0)
       0.4112             (0.975789 -0.0298474 0)             (0.975825 0.0298626 0)
       0.4116             (0.975747 -0.0300005 0)             (0.975784 0.0300156 0)
        0.412             (0.975705 -0.0301534 0)             (0.975742 0.0301683 0)
       0.4124             (0.975663 -0.0303062 0)             (0.975700 0.0303209 0)
       0.4128             (0.975621 -0.0304588 0)             (0.975658 0.0304733 0)
       0.4132             (0.975579 -0.0306112 0)             (0.975616 0.0306255 0)
       0.4136             (0.975536 -0.0307633 0)             (0.975574 0.0307775 0)
        0.414             (0.975494 -0.0309153 0)             (0.975531 0.0309293 0)
       0.4144             (0.975451 -0.0310670 0)             (0.975489 0.0310808 0)
       0.4148             (0.975409 -0.0312184 0)             (0.975447 0.0312320 0)
       0.4152             (0.975366 -0.0313696 0)             (0.975404 0.0313831 0)
       0.4156             (0.975324 -0.0315206 0)             (0.975362 0.0315338 0)
        0.416             (0.975281 -0.0316712 0)             (0.975319 0.0316843 0)
       0.4164             (0.975238 -0.0318216 0)             (0.975277 0.0318345 0)
       0.4168             (0.975195 -0.0319717 0)             (0.975234 0.0319844 0)
       0.4172             (0.975152 -0.0321215 0)             (0.975192 0.0321340 0)
       0.4176             (0.975109 -0.0322710 0)             (0.975149 0.0322833 0)
        0.418             (0.975066 -0.0324201 0)             (0.975106 0.0324322 0)
       0.4184             (0.975023 -0.0325689 0)             (0.975063 0.0325809 0)
       0.4188             (0.974980 -0.0327174 0)             (0.975020 0.0327291 0)
       0.4192             (0.974937 -0.0328655 0)             (0.974977 0.0328771 0)
       0.4196             (0.974894 -0.0330132 0)             (0.974934 0.0330246 0)
         0.42             (0.974851 -0.0331606 0)             (0.974891 0.0331718 0)
       0.4204             (0.974807 -0.0333076 0)             (0.974848 0.0333186 0)
       0.4208             (0.974764 -0.0334542 0)             (0.974805 0.0334650 0)
       0.4212             (0.974721 -0.0336004 0)             (0.974762 0.0336110 0)
       0.4216             (0.974677 -0.0337461 0)             (0.974719 0.0337565 0)
        0.422             (0.974634 -0.0338915 0)             (0.974676 0.0339017 0)
       0.4224             (0.974591 -0.0340364 0)             (0.974633 0.0340464 0)
       0.4228             (0.974547 -0.0341808 0)             (0.974589 0.0341906 0)
       0.4232             (0.974504 -0.0343248 0)             (0.974546 0.0343344 0)
       0.4236             (0.974460 -0.0344683 0)             (0.974503 0.0344778 0)
        0.424             (0.974417 -0.0346114 0)             (0.974460 0.0346206 0)
       0.4244             (0.974373 -0.0347539 0)             (0.974416 0.0347629 0)
       0.4248             (0.974330 -0.0348959 0)             (0.974373 0.0349048 0)
       0.4252             (0.974286 -0.0350375 0)             (0.974330 0.0350461 0)
       0.4256             (0.974243 -0.0351785 0)             (0.974286 0.0351869 0)
        0.426             (0.974199 -0.0353190 0)             (0.974243 0.0353272 0)
       0.4264             (0.974156 -0.0354589 0)             (0.974200 0.0354670 0)
       0.4268             (0.974112 -0.0355983 0)             (0.974156 0.0356061 0)
       0.4272             (0.974068 -0.0357371 0)             (0.974113 0.0357448 0)
       0.4276             (0.974025 -0.0358753 0)             (0.974070 0.0358828 0)
        0.428             (0.973981 -0.0360130 0)             (0.974026 0.0360203 0)
       0.4284             (0.973938 -0.0361500 0)             (0.973983 0.0361571 0)
       0.4288             (0.973894 -0.0362865 0)             (0.973940 0.0362934 0)
       0.4292             (0.973851 -0.0364223 0)             (0.973896 0.0364290 0)
       0.4296             (0.973807 -0.0365575 0)             (0.973853 0.0365640 0)
         0.43             (0.973764 -0.0366921 0)             (0.973810 0.0366984 0)
       0.4304             (0.973720 -0.0368260 0)             (0.973766 0.0368321 0)
       0.4308             (0.973677 -0.0369592 0)             (0.973723 0.0369651 0)
       0.4312             (0.973633 -0.0370918 0)             (0.973680 0.0370975 0)
       0.4316             (0.973590 -0.0372237 0)             (0.973637 0.0372292 0)
        0.432             (0.973546 -0.0373549 0)             (0.973594 0.0373602 0)
       0.4324             (0.973503 -0.0374854 0)             (0.973550 0.0374905 0)
       0.4328             (0.973460 -0.0376152 0)             (0.973507 0.0376201 0)
       0.4332             (0.973416 -0.0377443 0)             (0.973464 0.0377490 0)
       0.4336             (0.973373 -0.0378726 0)             (0.973421 0.0378771 0)
        0.434             (0.973330 -0.0380002 0)             (0.973378 0.0380045 0)
       0.4344             (0.973287 -0.0381270 0)             (0.973335 0.0381311 0)
       0.4348             (0.973244 -0.0382530 0)             (0.973292 0.0382570 0)
       0.4352             (0.973201 -0.0383783 0)             (0.973250 0.0383820 0)
       0.4356             (0.973158 -0.0385028 0)             (0.973207 0.0385063 0)
        0.436             (0.973115 -0.0386265 0)             (0.973164 0.0386298 0)
       0.4364             (0.973072 -0.0387494 0)             (0.973121 0.0387525 0)
       0.4368             (0.973029 -0.0388714 0)             (0.973079 0.0388744 0)
       0.4372             (0.972986 -0.0389927 0)             (0.973036 0.0389954 0)
       0.4376             (0.972943 -0.0391131 0)             (0.972994 0.0391156 0)
        0.438             (0.972901 -0.0392326 0)             (0.972951 0.0392350 0)
       0.4384             (0.972858 -0.0393513 0)             (0.972909 0.0393534 0)
       0.4388             (0.972816 -0.0394691 0)             (0.972866 0.0394711 0)
       0.4392             (0.972773 -0.0395860 0)             (0.972824 0.0395878 0)
       0.4396             (0.972731 -0.0397021 0)             (0.972782 0.0397036 0)
         0.44             (0.972688 -0.0398172 0)             (0.972740 0.0398186 0)
       0.4404             (0.972646 -0.0399314 0)             (0.972698 0.0399326 0)
       0.4408             (0.972604 -0.0400447 0)             (0.972656 0.0400457 0)
       0.4412             (0.972562 -0.0401571 0)             (0.972614 0.0401579 0)
       0.4416             (0.972520 -0.0402685 0)             (0.972573 0.0402691 0)
        0.442             (0.972478 -0.0403790 0)             (0.972531 0.0403794 0)
       0.4424             (0.972437 -0.0404885 0)             (0.972490 0.0404887 0)
       0.4428             (0.972395 -0.0405970 0)             (0.972448 0.0405970 0)
       0.4432             (0.972354 -0.0407046 0)             (0.972407 0.0407044 0)
       0.4436             (0.972312 -0.0408111 0)             (0.972366 0.0408107 0)
        0.444             (0.972271 -0.0409167 0)             (0.972324 0.0409161 0)
       0.4444             (0.972230 -0.0410212 0)             (0.972283 0.0410204 0)
       0.4448             (0.972189 -0.0411247 0)             (0.972243 0.0411238 0)
       0.4452             (0.972148 -0.0412272 0)             (0.972202 0.0412260 0)
       0.4456             (0.972107 -0.0413286 0)             (0.972161 0.0413273 0)
        0.446             (0.972066 -0.0414290 0)             (0.972121 0.0414275 0)
       0.4464             (0.972025 -0.0415283 0)             (0.972080 0.0415266 0)
       0.4468             (0.971985 -0.0416265 0)             (0.972040 0.0416247 0)
       0.4472             (0.971945 -0.0417237 0)             (0.972000 0.0417216 0)
       0.4476             (0.971905 -0.0418198 0)             (0.971960 0.0418175 0)
        0.448             (0.971864 -0.0419147 0)             (0.971920 0.0419123 0)
       0.4484             (0.971825 -0.0420086 0)             (0.971880 0.0420060 0)
       0.4488             (0.971785 -0.0421013 0)             (0.971841 0.0420985 0)
       0.4492             (0.971745 -0.0421929 0)             (0.971802 0.0421900 0)
       0.4496             (0.971706 -0.0422834 0)             (0.971762 0.0422802 0)
         0.45             (0.971666 -0.0423727 0)             (0.971723 0.0423694 0)
       0.4504             (0.971627 -0.0424609 0)             (0.971684 0.0424574 0)
       0.4508             (0.971588 -0.0425479 0)             (0.971645 0.0425442 0)
       0.4512             (0.971550 -0.0426337 0)             (0.971607 0.0426298 0)
       0.4516             (0.971511 -0.0427183 0)             (0.971568 0.0427143 0)
        0.452             (0.971472 -0.0428018 0)             (0.971530 0.0427975 0)
       0.4524             (0.971434 -0.0428840 0)             (0.971492 0.0428796 0)
       0.4528             (0.971396 -0.0429650 0)             (0.971454 0.0429604 0)
       0.4532             (0.971358 -0.0430448 0)             (0.971416 0.0430400 0)
       0.4536             (0.971320 -0.0431234 0)             (0.971379 0.0431184 0)
        0.454             (0.971283 -0.0432007 0)             (0.971341 0.0431956 0)
       0.4544             (0.971245 -0.0432768 0)             (0.971304 0.0432715 0)
       0.4548             (0.971208 -0.0433516 0)             (0.971267 0.0433462 0)
       0.4552             (0.971171 -0.0434252 0)             (0.971230 0.0434195 0)
       0.4556             (0.971134 -0.0434975 0)             (0.971194 0.0434917 0)
        0.456             (0.971098 -0.0435685 0)             (0.971157 0.0435625 0)
       0.4564             (0.971061 -0.0436382 0)             (0.971121 0.0436321 0)
       0.4568             (0.971025 -0.0437066 0)             (0.971085 0.0437003 0)
       0.4572             (0.970989 -0.0437737 0)             (0.971049 0.0437672 0)
       0.4576             (0.970953 -0.0438395 0)             (0.971014 0.0438329 0)
        0.458             (0.970918 -0.0439040 0)             (0.970978 0.0438972 0)
       0.4584             (0.970882 -0.0439671 0)             (0.970943 0.0439602 0)
       0.4588             (0.970847 -0.0440289 0)             (0.970908 0.0440218 0)
       0.4592             (0.970812 -0.0440894 0)             (0.970873 0.0440821 0)
       0.4596             (0.970778 -0.0441485 0)             (0.970839 0.0441410 0)
         0.46             (0.970743 -0.0442062 0)             (0.970805 0.0441986 0)
       0.4604             (0.970709 -0.0442626 0)             (0.970771 0.0442548 0)
       0.4608             (0.970675 -0.0443176 0)             (0.970737 0.0443097 0)
       0.4612             (0.970641 -0.0443712 0)             (0.970703 0.0443631 0)
       0.4616             (0.970608 -0.0444234 0)             (0.970670 0.0444152 0)
        0.462             (0.970575 -0.0444742 0)             (0.970637 0.0444659 0)
       0.4624             (0.970542 -0.0445236 0)             (0.970604 0.0445151 0)
       0.4628             (0.970509 -0.0445716 0)             (0.970572 0.0445630 0)
       0.4632             (0.970477 -0.0446182 0)             (0.970539 0.0446094 0)
       0.4636             (0.970444 -0.0446633 0)             (0.970507 0.0446544 0)
        0.464             (0.970412 -0.0447070 0)             (0.970475 0.0446979 0)
       0.4644             (0.970381 -0.0447493 0)             (0.970444 0.0447400 0)
       0.4648             (0.970349 -0.0447901 0)             (0.970413 0.0447807 0)
       0.4652             (0.970318 -0.0448295 0)             (0.970382 0.0448199 0)
       0.4656             (0.970287 -0.0448674 0)             (0.970351 0.0448577 0)
        0.466             (0.970257 -0.0449038 0)             (0.970321 0.0448940 0)
       0.4664             (0.970227 -0.0449388 0)             (0.970290 0.0449288 0)
       0.4668             (0.970197 -0.0449722 0)             (0.970261 0.0449621 0)
       0.4672             (0.970167 -0.0450042 0)             (0.970231 0.0449940 0)
       0.4676             (0.970137 -0.0450347 0)             (0.970202 0.0450243 0)
        0.468             (0.970108 -0.0450637 0)             (0.970173 0.0450532 0)
       0.4684             (0.970079 -0.0450911 0)             (0.970144 0.0450805 0)
       0.4688             (0.970051 -0.0451171 0)             (0.970116 0.0451063 0)
       0.4692             (0.970023 -0.0451416 0)             (0.970088 0.0451306 0)
       0.4696             (0.969995 -0.0451645 0)             (0.970060 0.0451534 0)
         0.47             (0.969967 -0.0451859 0)             (0.970032 0.0451747 0)
       0.4704             (0.969940 -0.0452057 0)             (0.970005 0.0451944 0)
       0.4708             (0.969913 -0.0452240 0)             (0.969978 0.0452126 0)
       0.4712             (0.969886 -0.0452408 0)             (0.969952 0.0452293 0)
       0.4716             (0.969860 -0.0452560 0)             (0.969925 0.0452444 0)
        0.472             (0.969834 -0.0452697 0)             (0.969900 0.0452579 0)
       0.4724             (0.969808 -0.0452818 0)             (0.969874 0.0452699 0)
       0.4728             (0.969783 -0.0452923 0)             (0.969849 0.0452803 0)
       0.4732             (0.969758 -0.0453012 0)             (0.969824 0.0452891 0)
       0.4736             (0.969733 -0.0453086 0)             (0.969799 0.0452964 0)
        0.474             (0.969709 -0.0453144 0)             (0.969775 0.0453021 0)
       0.4744             (0.969685 -0.0453186 0)             (0.969751 0.0453062 0)
       0.4748             (0.969661 -0.0453212 0)             (0.969728 0.0453087 0)
       0.4752             (0.969637 -0.0453223 0)             (0.969704 0.0453096 0)
       0.4756             (0.969615 -0.0453217 0)             (0.969681 0.0453089 0)
        0.476             (0.969592 -0.0453195 0)             (0.969659 0.0453066 0)
       0.4764             (0.969570 -0.0453157 0)             (0.969637 0.0453027 0)
       0.4768             (0.969548 -0.0453103 0)             (0.969615 0.0452972 0)
       0.4772             (0.969526 -0.0453033 0)             (0.969594 0.0452901 0)
       0.4776             (0.969505 -0.0452946 0)             (0.969572 0.0452813 0)
        0.478             (0.969484 -0.0452843 0)             (0.969552 0.0452710 0)
       0.4784             (0.969464 -0.0452724 0)             (0.969531 0.0452590 0)
       0.4788             (0.969444 -0.0452589 0)             (0.969511 0.0452453 0)
       0.4792             (0.969424 -0.0452437 0)             (0.969492 0.0452301 0)
       0.4796             (0.969405 -0.0452269 0)             (0.969473 0.0452132 0)
         0.48             (0.969386 -0.0452085 0)             (0.969454 0.0451946 0)
       0.4804             (0.969367 -0.0451884 0)             (0.969435 0.0451745 0)
       0.4808             (0.969349 -0.0451666 0)             (0.969417 0.0451526 0)
       0.4812             (0.969331 -0.0451433 0)             (0.969399 0.0451292 0)
       0.4816             (0.969314 -0.0451182 0)             (0.969382 0.0451040 0)
        0.482             (0.969297 -0.0450915 0)             (0.969365 0.0450772 0)
       0.4824             (0.969280 -0.0450631 0)             (0.969349 0.0450488 0)
       0.4828             (0.969264 -0.0450331 0)             (0.969333 0.0450187 0)
       0.4832             (0.969248 -0.0450014 0)             (0.969317 0.0449869 0)
       0.4836             (0.969233 -0.0449680 0)             (0.969302 0.0449535 0)
        0.484             (0.969218 -0.0449330 0)             (0.969287 0.0449184 0)
       0.4844             (0.969203 -0.0448963 0)             (0.969272 0.0448816 0)
       0.4848             (0.969189 -0.0448579 0)             (0.969258 0.0448431 0)
       0.4852             (0.969175 -0.0448178 0)             (0.969245 0.0448030 0)
       0.4856             (0.969162 -0.0447761 0)             (0.969231 0.0447612 0)
        0.486             (0.969149 -0.0447327 0)             (0.969218 0.0447177 0)
       0.4864             (0.969137 -0.0446876 0)             (0.969206 0.0446726 0)
       0.4868             (0.969125 -0.0446408 0)             (0.969194 0.0446257 0)
       0.4872             (0.969113 -0.0445923 0)             (0.969182 0.0445772 0)
       0.4876             (0.969102 -0.0445422 0)             (0.969171 0.0445270 0)
        0.488             (0.969091 -0.0444903 0)             (0.969161 0.0444751 0)
       0.4884             (0.969081 -0.0444368 0)             (0.969150 0.0444215 0)
       0.4888             (0.969071 -0.0443816 0)             (0.969141 0.0443662 0)
       0.4892             (0.969061 -0.0443247 0)             (0.969131 0.0443093 0)
       0.4896             (0.969052 -0.0442661 0)             (0.969122 0.0442506 0)
         0.49             (0.969044 -0.0442058 0)             (0.969114 0.0441903 0)
       0.4904             (0.969036 -0.0441438 0)             (0.969106 0.0441283 0)
       0.4908             (0.969028 -0.0440801 0)             (0.969098 0.0440645 0)
       0.4912             (0.969021 -0.0440147 0)             (0.969091 0.0439991 0)
       0.4916             (0.969014 -0.0439476 0)             (0.969084 0.0439320 0)
        0.492             (0.969008 -0.0438789 0)             (0.969078 0.0438632 0)
       0.4924             (0.969002 -0.0438084 0)             (0.969072 0.0437927 0)
       0.4928             (0.968997 -0.0437362 0)             (0.969067 0.0437205 0)
       0.4932             (0.968992 -0.0436624 0)             (0.969062 0.0436466 0)
       0.4936             (0.968987 -0.0435868 0)             (0.969057 0.0435710 0)
        0.494             (0.968983 -0.0435096 0)             (0.969053 0.0434938 0)
       0.4944             (0.968980 -0.0434307 0)             (0.969050 0.0434148 0)
       0.4948             (0.968977 -0.0433500 0)             (0.969047 0.0433341 0)
       0.4952             (0.968974 -0.0432677 0)             (0.969044 0.0432518 0)
       0.4956             (0.968972 -0.0431837 0)             (0.969042 0.0431678 0)
        0.496             (0.968971 -0.0430979 0)             (0.969041 0.0430820 0)
       0.4964             (0.968969 -0.0430105 0)             (0.969040 0.0429946 0)
       0.4968             (0.968969 -0.0429214 0)             (0.969039 0.0429055 0)
       0.4972             (0.968969 -0.0428307 0)             (0.969039 0.0428147 0)
       0.4976             (0.968969 -0.0427382 0)             (0.969039 0.0427222 0)
        0.498             (0.968970 -0.0426440 0)             (0.969040 0.0426280 0)
       0.4984             (0.968971 -0.0425482 0)             (0.969041 0.0425322 0)
       0.4988             (0.968973 -0.0424506 0)             (0.969043 0.0424346 0)
       0.4992             (0.968975 -0.0423514 0)             (0.969045 0.0423354 0)
       0.4996             (0.968978 -0.0422505 0)             (0.969048 0.0422345 0)
          0.5             (0.968981 -0.0421479 0)             (0.969051 0.0421320 0)
       0.5004             (0.968985 -0.0420437 0)             (0.969055 0.0420277 0)
       0.5008             (0.968989 -0.0419378 0)             (0.969059 0.0419218 0)
       0.5012             (0.968994 -0.0418301 0)             (0.969064 0.0418142 0)
       0.5016             (0.968999 -0.0417209 0)             (0.969069 0.0417049 0)
        0.502             (0.969005 -0.0416099 0)             (0.969075 0.0415940 0)
       0.5024             (0.969011 -0.0414973 0)             (0.969081 0.0414814 0)
       0.5028             (0.969018 -0.0413830 0)             (0.969088 0.0413671 0)
       0.5032             (0.969025 -0.0412671 0)             (0.969095 0.0412512 0)
       0.5036             (0.969033 -0.0411495 0)             (0.969103 0.0411336 0)
        0.504             (0.969041 -0.0410302 0)             (0.969111 0.0410144 0)
       0.5044             (0.969050 -0.0409093 0)             (0.969120 0.0408935 0)
       0.5048             (0.969060 -0.0407868 0)             (0.969129 0.0407710 0)
       0.5052             (0.969069 -0.0406626 0)             (0.969139 0.0406468 0)
       0.5056             (0.969080 -0.0405367 0)             (0.969149 0.0405210 0)
        0.506             (0.969091 -0.0404092 0)             (0.969160 0.0403935 0)
       0.5064             (0.969102 -0.0402801 0)             (0.969172 0.0402644 0)
       0.5068             (0.969114 -0.0401493 0)             (0.969183 0.0401337 0)
       0.5072             (0.969127 -0.0400169 0)             (0.969196 0.0400013 0)
       0.5076             (0.969139 -0.0398829 0)             (0.969209 0.0398673 0)
        0.508             (0.969153 -0.0397472 0)             (0.969222 0.0397317 0)
       0.5084             (0.969167 -0.0396100 0)             (0.969236 0.0395945 0)
       0.5088             (0.969182 -0.0394711 0)             (0.969251 0.0394556 0)
       0.5092             (0.969197 -0.0393306 0)             (0.969266 0.0393152 0)
       0.5096             (0.969212 -0.0391885 0)             (0.969281 0.0391731 0)
         0.51             (0.969228 -0.0390447 0)             (0.969297 0.0390294 0)
       0.5104             (0.969245 -0.0388994 0)             (0.969314 0.0388842 0)
       0.5108             (0.969262 -0.0387525 0)             (0.969331 0.0387373 0)
       0.5112             (0.969280 -0.0386040 0)             (0.969349 0.0385889 0)
       0.5116             (0.969298 -0.0384539 0)             (0.969367 0.0384388 0)
        0.512             (0.969317 -0.0383022 0)             (0.969386 0.0382872 0)
       0.5124             (0.969337 -0.0381490 0)             (0.969405 0.0381340 0)
       0.5128             (0.969357 -0.0379942 0)             (0.969425 0.0379793 0)
       0.5132             (0.969377 -0.0378378 0)             (0.969445 0.0378229 0)
       0.5136             (0.969398 -0.0376798 0)             (0.969466 0.0376650 0)
        0.514             (0.969419 -0.0375203 0)             (0.969487 0.0375056 0)
       0.5144             (0.969442 -0.0373592 0)             (0.969509 0.0373446 0)
       0.5148             (0.969464 -0.0371966 0)             (0.969532 0.0371820 0)
       0.5152             (0.969487 -0.0370324 0)             (0.969555 0.0370180 0)
       0.5156             (0.969511 -0.0368667 0)             (0.969578 0.0368523 0)
        0.516             (0.969535 -0.0366995 0)             (0.969602 0.0366852 0)
       0.5164             (0.969560 -0.0365308 0)             (0.969627 0.0365165 0)
       0.5168             (0.969585 -0.0363605 0)             (0.969652 0.0363463 0)
       0.5172             (0.969611 -0.0361887 0)             (0.969678 0.0361746 0)
       0.5176             (0.969638 -0.0360154 0)             (0.969704 0.0360014 0)
        0.518             (0.969664 -0.0358406 0)             (0.969731 0.0358266 0)
       0.5184             (0.969692 -0.0356643 0)             (0.969759 0.0356504 0)
       0.5188             (0.969720 -0.0354865 0)             (0.969786 0.0354727 0)
       0.5192             (0.969749 -0.0353072 0)             (0.969815 0.0352935 0)
       0.5196             (0.969778 -0.0351264 0)             (0.969844 0.0351129 0)
         0.52             (0.969807 -0.0349442 0)             (0.969873 0.0349307 0)
       0.5204             (0.969838 -0.0347605 0)             (0.969904 0.0347471 0)
       0.5208             (0.969868 -0.0345753 0)             (0.969934 0.0345620 0)
       0.5212             (0.969900 -0.0343887 0)             (0.969965 0.0343755 0)
       0.5216             (0.969932 -0.0342006 0)             (0.969997 0.0341876 0)
        0.522             (0.969964 -0.0340111 0)             (0.970029 0.0339982 0)
       0.5224             (0.969997 -0.0338202 0)             (0.970062 0.0338073 0)
       0.5228             (0.970031 -0.0336278 0)             (0.970096 0.0336150 0)
       0.5232             (0.970065 -0.0334340 0)             (0.970129 0.0334214 0)
       0.5236             (0.970099 -0.0332388 0)             (0.970164 0.0332263 0)
        0.524             (0.970135 -0.0330422 0)             (0.970199 0.0330298 0)
       0.5244             (0.970170 -0.0328442 0)             (0.970234 0.0328319 0)
       0.5248             (0.970207 -0.0326448 0)             (0.970271 0.0326326 0)
       0.5252             (0.970243 -0.0324440 0)             (0.970307 0.0324319 0)
       0.5256             (0.970281 -0.0322418 0)             (0.970344 0.0322299 0)
        0.526             (0.970319 -0.0320383 0)             (0.970382 0.0320264 0)
       0.5264             (0.970357 -0.0318334 0)             (0.970420 0.0318217 0)
       0.5268             (0.970396 -0.0316271 0)             (0.970459 0.0316155 0)
       0.5272             (0.970436 -0.0314195 0)             (0.970499 0.0314080 0)
       0.5276             (0.970476 -0.0312106 0)             (0.970539 0.0311992 0)
        0.528             (0.970517 -0.0310003 0)             (0.970579 0.0309891 0)
       0.5284             (0.970558 -0.0307887 0)             (0.970620 0.0307776 0)
       0.5288             (0.970600 -0.0305758 0)             (0.970662 0.0305648 0)
       0.5292             (0.970642 -0.0303615 0)             (0.970704 0.0303507 0)
       0.5296             (0.970685 -0.0301460 0)             (0.970746 0.0301353 0)
         0.53             (0.970728 -0.0299292 0)             (0.970789 0.0299186 0)
       0.5304             (0.970772 -0.0297110 0)             (0.970833 0.0297006 0)
       0.5308             (0.970817 -0.0294916 0)             (0.970877 0.0294813 0)
       0.5312             (0.970862 -0.0292710 0)             (0.970922 0.0292608 0)
       0.5316             (0.970907 -0.0290491 0)             (0.970968 0.0290390 0)
        0.532             (0.970953 -0.0288259 0)             (0.971014 0.0288160 0)
       0.5324             (0.971000 -0.0286015 0)             (0.971060 0.0285917 0)
       0.5328             (0.971047 -0.0283758 0)             (0.971107 0.0283662 0)
       0.5332             (0.971095 -0.0281489 0)             (0.971154 0.0281395 0)
       0.5336             (0.971143 -0.0279208 0)             (0.971202 0.0279115 0)
        0.534             (0.971192 -0.0276915 0)             (0.971251 0.0276823 0)
       0.5344             (0.971241 -0.0274610 0)             (0.971300 0.0274520 0)
       0.5348             (0.971291 -0.0272292 0)             (0.971350 0.0272204 0)
       0.5352             (0.971342 -0.0269964 0)             (0.971400 0.0269876 0)
       0.5356             (0.971393 -0.0267623 0)             (0.971451 0.0267537 0)
        0.536             (0.971444 -0.0265270 0)             (0.971502 0.0265186 0)
       0.5364             (0.971496 -0.0262906 0)             (0.971554 0.0262824 0)
       0.5368             (0.971549 -0.0260531 0)             (0.971606 0.0260450 0)
       0.5372             (0.971602 -0.0258144 0)             (0.971659 0.0258065 0)
       0.5376             (0.971656 -0.0255746 0)             (0.971712 0.0255668 0)
        0.538             (0.971710 -0.0253336 0)             (0.971766 0.0253260 0)
       0.5384             (0.971764 -0.0250916 0)             (0.971821 0.0250842 0)
       0.5388             (0.971820 -0.0248484 0)             (0.971876 0.0248412 0)
       0.5392             (0.971875 -0.0246042 0)             (0.971931 0.0245971 0)
       0.5396             (0.971932 -0.0243588 0)             (0.971987 0.0243519 0)
         0.54             (0.971989 -0.0241124 0)             (0.972044 0.0241057 0)
       0.5404             (0.972046 -0.0238649 0)             (0.972101 0.0238583 0)
       0.5408             (0.972104 -0.0236164 0)             (0.972158 0.0236100 0)
       0.5412             (0.972162 -0.0233668 0)             (0.972216 0.0233606 0)
       0.5416             (0.972221 -0.0231162 0)             (0.972275 0.0231101 0)
        0.542             (0.972280 -0.0228646 0)             (0.972334 0.0228586 0)
       0.5424             (0.972340 -0.0226119 0)             (0.972394 0.0226061 0)
       0.5428             (0.972401 -0.0223582 0)             (0.972454 0.0223526 0)
       0.5432             (0.972462 -0.0221035 0)             (0.972514 0.0220981 0)
       0.5436             (0.972523 -0.0218479 0)             (0.972575 0.0218427 0)
        0.544             (0.972585 -0.0215912 0)             (0.972637 0.0215862 0)
       0.5444             (0.972648 -0.0213336 0)             (0.972699 0.0213288 0)
       0.5448             (0.972711 -0.0210750 0)             (0.972762 0.0210704 0)
       0.5452             (0.972774 -0.0208155 0)             (0.972825 0.0208110 0)
       0.5456             (0.972838 -0.0205550 0)             (0.972889 0.0205507 0)
        0.546             (0.972903 -0.0202936 0)             (0.972953 0.0202895 0)
       0.5464             (0.972967 -0.0200313 0)             (0.973018 0.0200274 0)
       0.5468             (0.973033 -0.0197681 0)             (0.973083 0.0197643 0)
       0.5472             (0.973099 -0.0195040 0)             (0.973148 0.0195004 0)
       0.5476             (0.973165 -0.0192389 0)             (0.973215 0.0192356 0)
        0.548             (0.973232 -0.0189730 0)             (0.973281 0.0189698 0)
       0.5484             (0.973300 -0.0187063 0)             (0.973348 0.0187033 0)
       0.5488             (0.973368 -0.0184386 0)             (0.973416 0.0184358 0)
       0.5492             (0.973436 -0.0181701 0)             (0.973484 0.0181675 0)
       0.5496             (0.973505 -0.0179008 0)             (0.973553 0.0178984 0)
         0.55             (0.973575 -0.0176307 0)             (0.973622 0.0176284 0)
       0.5504             (0.973645 -0.0173597 0)             (0.973691 0.0173577 0)
       0.5508             (0.973715 -0.0170879 0)             (0.973761 0.0170861 0)
       0.5512             (0.973786 -0.0168153 0)             (0.973832 0.0168137 0)
       0.5516             (0.973857 -0.0165420 0)             (0.973903 0.0165405 0)
        0.552             (0.973929 -0.0162678 0)             (0.973974 0.0162666 0)
       0.5524             (0.974001 -0.0159929 0)             (0.974046 0.0159919 0)
       0.5528             (0.974074 -0.0157173 0)             (0.974118 0.0157164 0)
       0.5532             (0.974147 -0.0154408 0)             (0.974191 0.0154402 0)
       0.5536             (0.974221 -0.0151637 0)             (0.974265 0.0151632 0)
        0.554             (0.974295 -0.0148858 0)             (0.974338 0.0148856 0)
       0.5544             (0.974369 -0.0146072 0)             (0.974413 0.0146072 0)
       0.5548             (0.974444 -0.0143279 0)             (0.974487 0.0143281 0)
       0.5552             (0.974520 -0.0140480 0)             (0.974562 0.0140483 0)
       0.5556             (0.974596 -0.0137673 0)             (0.974638 0.0137678 0)
        0.556             (0.974672 -0.0134859 0)             (0.974714 0.0134867 0)
       0.5564             (0.974749 -0.0132039 0)             (0.974790 0.0132049 0)
       0.5568             (0.974826 -0.0129213 0)             (0.974867 0.0129225 0)
       0.5572             (0.974904 -0.0126380 0)             (0.974945 0.0126394 0)
       0.5576             (0.974982 -0.0123541 0)             (0.975022 0.0123556 0)
        0.558             (0.975061 -0.0120695 0)             (0.975101 0.0120713 0)
       0.5584             (0.975140 -0.0117844 0)             (0.975179 0.0117864 0)
       0.5588             (0.975220 -0.0114986 0)             (0.975258 0.0115008 0)
       0.5592             (0.975299 -0.0112123 0)             (0.975338 0.0112147 0)
       0.5596             (0.975380 -0.0109253 0)             (0.975418 0.0109280 0)
         0.56             (0.975461 -0.0106379 0)             (0.975498 0.0106407 0)
       0.5604             (0.975542 -0.0103498 0)             (0.975579 0.0103529 0)
       0.5608             (0.975623 -0.0100612 0)             (0.975660 0.0100645 0)
       0.5612             (0.975705 -0.0097721 0)             (0.975742 0.0097756 0)
       0.5616             (0.975788 -0.0094825 0)             (0.975824 0.0094862 0)
        0.562             (0.975871 -0.0091923 0)             (0.975906 0.0091962 0)
       0.5624             (0.975954 -0.0089017 0)             (0.975989 0.0089058 0)
       0.5628             (0.976038 -0.0086105 0)             (0.976072 0.0086149 0)
       0.5632             (0.976122 -0.0083189 0)             (0.976156 0.0083235 0)
       0.5636             (0.976206 -0.0080268 0)             (0.976240 0.0080316 0)
        0.564             (0.976291 -0.0077343 0)             (0.976325 0.0077392 0)
       0.5644             (0.976376 -0.0074413 0)             (0.976409 0.0074465 0)
       0.5648             (0.976462 -0.0071479 0)             (0.976495 0.0071532 0)
       0.5652             (0.976548 -0.0068540 0)             (0.976580 0.0068596 0)
       0.5656             (0.976635 -0.0065597 0)             (0.976666 0.0065656 0)
        0.566             (0.976721 -0.0062651 0)             (0.976753 0.0062711 0)
       0.5664             (0.976809 -0.0059700 0)             (0.976839 0.0059762 0)
       0.5668             (0.976896 -0.0056746 0)             (0.976927 0.0056810 0)
       0.5672             (0.976984 -0.0053787 0)             (0.977014 0.0053854 0)
       0.5676             (0.977072 -0.0050826 0)             (0.977102 0.0050894 0)
        0.568             (0.977161 -0.0047860 0)             (0.977190 0.0047931 0)
       0.5684             (0.977250 -0.0044892 0)             (0.977279 0.0044965 0)
       0.5688             (0.977339 -0.0041920 0)             (0.977368 0.0041995 0)
       0.5692             (0.977429 -0.0038945 0)             (0.977457 0.0039022 0)
       0.5696             (0.977519 -0.0035966 0)             (0.977547 0.0036046 0)
         0.57             (0.977610 -0.0032985 0)             (0.977637 0.0033067 0)
       0.5704             (0.977701 -0.0030001 0)             (0.977727 0.0030085 0)
       0.5708             (0.977792 -0.0027014 0)             (0.977818 0.0027101 0)
       0.5712             (0.977883 -0.0024025 0)             (0.977909 0.0024113 0)
       0.5716             (0.977975 -0.0021033 0)             (0.978000 0.0021124 0)
        0.572             (0.978067 -0.0018039 0)             (0.978092 0.0018131 0)
       0.5724             (0.978160 -0.0015042 0)             (0.978184 0.0015137 0)
       0.5728             (0.978253 -0.0012044 0)             (0.978277 0.0012140 0)
       0.5732             (0.978346 -0.0009043 0)             (0.978369 0.0009142 0)
       0.5736             (0.978439 -0.0006040 0)             (0.978462 0.0006141 0)
        0.574             (0.978533 -0.0003035 0)             (0.978556 0.0003138 0)
       0.5744             (0.978627 -0.0000029 0)             (0.978649 0.0000134 0)
       0.5748             (0.978722 0.0002980 0)             (0.978743 -0.0002872 0)
       0.5752             (0.978817 0.0005989 0)             (0.978838 -0.0005880 0)
       0.5756             (0.978912 0.0009000 0)             (0.978932 -0.0008889 0)
        0.576             (0.979007 0.0012013 0)             (0.979027 -0.0011899 0)
       0.5764             (0.979103 0.0015027 0)             (0.979122 -0.0014911 0)
       0.5768             (0.979199 0.0018041 0)             (0.979218 -0.0017923 0)
       0.5772             (0.979295 0.0021057 0)             (0.979313 -0.0020937 0)
       0.5776             (0.979391 0.0024074 0)             (0.979409 -0.0023952 0)
        0.578             (0.979488 0.0027092 0)             (0.979506 -0.0026967 0)
       0.5784             (0.979585 0.0030110 0)             (0.979602 -0.0029983 0)
       0.5788             (0.979683 0.0033129 0)             (0.979699 -0.0033000 0)
       0.5792             (0.979780 0.0036148 0)             (0.979796 -0.0036017 0)
       0.5796             (0.979878 0.0039168 0)             (0.979894 -0.0039035 0)
         0.58             (0.979976 0.0042188 0)             (0.979992 -0.0042053 0)
       0.5804             (0.980075 0.0045208 0)             (0.980089 -0.0045071 0)
       0.5808             (0.980174 0.0048229 0)             (0.980188 -0.0048089 0)
       0.5812             (0.980273 0.0051249 0)             (0.980286 -0.0051107 0)
       0.5816             (0.980372 0.0054269 0)             (0.980385 -0.0054126 0)
        0.582             (0.980471 0.0057289 0)             (0.980484 -0.0057143 0)
       0.5824             (0.980571 0.0060309 0)             (0.980583 -0.0060161 0)
       0.5828             (0.980671 0.0063328 0)             (0.980682 -0.0063178 0)
       0.5832             (0.980771 0.0066346 0)             (0.980782 -0.0066194 0)
       0.5836             (0.980871 0.0069364 0)             (0.980882 -0.0069210 0)
        0.584             (0.980972 0.0072381 0)             (0.980982 -0.0072225 0)
       0.5844             (0.981073 0.0075397 0)             (0.981083 -0.0075239 0)
       0.5848             (0.981174 0.0078413 0)             (0.981183 -0.0078252 0)
       0.5852             (0.981275 0.0081427 0)             (0.981284 -0.0081265 0)
       0.5856             (0.981377 0.0084440 0)             (0.981385 -0.0084276 0)
        0.586             (0.981479 0.0087452 0)             (0.981486 -0.0087285 0)
       0.5864             (0.981580 0.0090462 0)             (0.981588 -0.0090294 0)
       0.5868             (0.981683 0.0093471 0)             (0.981689 -0.0093301 0)
       0.5872             (0.981785 0.0096478 0)             (0.981791 -0.0096306 0)
       0.5876             (0.981887 0.0099484 0)             (0.981893 -0.0099309 0)
        0.588             (0.981990 0.0102488 0)             (0.981995 -0.0102311 0)
       0.5884             (0.982093 0.0105490 0)             (0.982098 -0.0105311 0)
       0.5888             (0.982196 0.0108490 0)             (0.982200 -0.0108309 0)
       0.5892             (0.982299 0.0111488 0)             (0.982303 -0.0111305 0)
       0.5896             (0.982403 0.0114483 0)             (0.982406 -0.0114299 0)
         0.59             (0.982507 0.0117477 0)             (0.982509 -0.0117291 0)
       0.5904             (0.982610 0.0120468 0)             (0.982612 -0.0120280 0)
       0.5908             (0.982714 0.0123457 0)             (0.982716 -0.0123266 0)
       0.5912             (0.982818 0.0126443 0)             (0.982819 -0.0126251 0)
       0.5916             (0.982923 0.0129426 0)             (0.982923 -0.0129232 0)
        0.592             (0.983027 0.0132407 0)             (0.983027 -0.0132211 0)
       0.5924             (0.983132 0.0135385 0)             (0.983131 -0.0135187 0)
       0.5928             (0.983236 0.0138359 0)             (0.983235 -0.0138159 0)
       0.5932             (0.983341 0.0141331 0)             (0.983339 -0.0141129 0)
       0.5936             (0.983446 0.0144300 0)             (0.983444 -0.0144096 0)
        0.594             (0.983551 0.0147265 0)             (0.983548 -0.0147059 0)
       0.5944             (0.983656 0.0150227 0)             (0.983653 -0.0150020 0)
       0.5948             (0.983762 0.0153186 0)             (0.983758 -0.0152976 0)
       0.5952             (0.983867 0.0156141 0)             (0.983863 -0.0155929 0)
       0.5956             (0.983973 0.0159092 0)             (0.983968 -0.0158879 0)
        0.596             (0.984079 0.0162040 0)             (0.984073 -0.0161825 0)
       0.5964             (0.984184 0.0164983 0)             (0.984178 -0.0164767 0)
       0.5968             (0.984290 0.0167923 0)             (0.984284 -0.0167705 0)
       0.5972             (0.984396 0.0170859 0)             (0.984389 -0.0170639 0)
       0.5976             (0.984502 0.0173791 0)             (0.984495 -0.0173569 0)
        0.598             (0.984609 0.0176719 0)             (0.984601 -0.0176495 0)
       0.5984             (0.984715 0.0179642 0)             (0.984706 -0.0179417 0)
       0.5988             (0.984821 0.0182561 0)             (0.984812 -0.0182334 0)
       0.5992             (0.984928 0.0185476 0)             (0.984918 -0.0185247 0)
       0.5996             (0.985034 0.0188386 0)             (0.985024 -0.0188155 0)
          0.6             (0.985141 0.0191291 0)             (0.985130 -0.0191059 0)
       0.6004             (0.985247 0.0194192 0)             (0.985236 -0.0193957 0)
       0.6008             (0.985354 0.0197088 0)             (0.985342 -0.0196852 0)
       0.6012             (0.985461 0.0199978 0)             (0.985449 -0.0199741 0)
       0.6016             (0.985568 0.0202864 0)             (0.985555 -0.0202625 0)
        0.602             (0.985675 0.0205745 0)             (0.985661 -0.0205504 0)
       0.6024             (0.985782 0.0208621 0)             (0.985768 -0.0208378 0)
       0.6028             (0.985888 0.0211491 0)             (0.985874 -0.0211247 0)
       0.6032             (0.985995 0.0214356 0)             (0.985981 -0.0214110 0)
       0.6036             (0.986103 0.0217216 0)             (0.986087 -0.0216968 0)
        0.604             (0.986210 0.0220070 0)             (0.986194 -0.0219821 0)
       0.6044             (0.986317 0.0222918 0)             (0.986300 -0.0222668 0)
       0.6048             (0.986424 0.0225761 0)             (0.986407 -0.0225509 0)
       0.6052             (0.986531 0.0228598 0)             (0.986513 -0.0228344 0)
       0.6056             (0.986638 0.0231429 0)             (0.986620 -0.0231174 0)
        0.606             (0.986745 0.0234254 0)             (0.986726 -0.0233997 0)
       0.6064             (0.986852 0.0237074 0)             (0.986833 -0.0236815 0)
       0.6068             (0.986959 0.0239887 0)             (0.986940 -0.0239627 0)
       0.6072             (0.987067 0.0242694 0)             (0.987046 -0.0242432 0)
       0.6076             (0.987174 0.0245494 0)             (0.987153 -0.0245231 0)
        0.608             (0.987281 0.0248288 0)             (0.987259 -0.0248024 0)
       0.6084             (0.987388 0.0251076 0)             (0.987366 -0.0250810 0)
       0.6088             (0.987495 0.0253858 0)             (0.987473 -0.0253590 0)
       0.6092             (0.987602 0.0256632 0)             (0.987579 -0.0256363 0)
       0.6096             (0.987709 0.0259400 0)             (0.987686 -0.0259130 0)
         0.61             (0.987816 0.0262162 0)             (0.987792 -0.0261890 0)
       0.6104             (0.987923 0.0264916 0)             (0.987899 -0.0264643 0)
       0.6108             (0.988030 0.0267663 0)             (0.988005 -0.0267389 0)
       0.6112             (0.988137 0.0270404 0)             (0.988111 -0.0270128 0)
       0.6116             (0.988244 0.0273137 0)             (0.988218 -0.0272860 0)
        0.612             (0.988351 0.0275864 0)             (0.988324 -0.0275585 0)
       0.6124             (0.988457 0.0278583 0)             (0.988430 -0.0278303 0)
       0.6128             (0.988564 0.0281295 0)             (0.988536 -0.0281014 0)
       0.6132             (0.988670 0.0283999 0)             (0.988642 -0.0283717 0)
       0.6136             (0.988777 0.0286696 0)             (0.988748 -0.0286413 0)
        0.614             (0.988883 0.0289386 0)             (0.988854 -0.0289101 0)
       0.6144             (0.988990 0.0292068 0)             (0.988960 -0.0291781 0)
       0.6148             (0.989096 0.0294742 0)             (0.989066 -0.0294454 0)
       0.6152             (0.989202 0.0297408 0)             (0.989171 -0.0297120 0)
       0.6156             (0.989308 0.0300067 0)             (0.989277 -0.0299777 0)
        0.616             (0.989414 0.0302718 0)             (0.989382 -0.0302427 0)
       0.6164             (0.989520 0.0305361 0)             (0.989488 -0.0305068 0)
       0.6168             (0.989626 0.0307995 0)             (0.989593 -0.0307702 0)
       0.6172             (0.989732 0.0310622 0)             (0.989698 -0.0310328 0)
       0.6176             (0.989837 0.0313241 0)             (0.989803 -0.0312945 0)
        0.618             (0.989943 0.0315851 0)             (0.989908 -0.0315554 0)
       0.6184             (0.990048 0.0318453 0)             (0.990013 -0.0318155 0)
       0.6188             (0.990153 0.0321047 0)             (0.990118 -0.0320748 0)
       0.6192             (0.990259 0.0323632 0)             (0.990222 -0.0323332 0)
       0.6196             (0.990364 0.0326209 0)             (0.990327 -0.0325908 0)
         0.62             (0.990468 0.0328777 0)             (0.990431 -0.0328475 0)
       0.6204             (0.990573 0.0331336 0)             (0.990535 -0.0331033 0)
       0.6208             (0.990678 0.0333887 0)             (0.990639 -0.0333583 0)
       0.6212             (0.990782 0.0336429 0)             (0.990743 -0.0336124 0)
       0.6216             (0.990886 0.0338962 0)             (0.990847 -0.0338657 0)
        0.622             (0.990990 0.0341487 0)             (0.990950 -0.0341180 0)
       0.6224             (0.991094 0.0344002 0)             (0.991054 -0.0343694 0)
       0.6228             (0.991198 0.0346508 0)             (0.991157 -0.0346200 0)
       0.6232             (0.991302 0.0349005 0)             (0.991260 -0.0348696 0)
       0.6236             (0.991405 0.0351494 0)             (0.991363 -0.0351184 0)
        0.624             (0.991508 0.0353972 0)             (0.991466 -0.0353662 0)
       0.6244             (0.991612 0.0356442 0)             (0.991569 -0.0356130 0)
       0.6248             (0.991714 0.0358902 0)             (0.991671 -0.0358590 0)
       0.6252             (0.991817 0.0361353 0)             (0.991773 -0.0361040 0)
       0.6256             (0.991920 0.0363795 0)             (0.991875 -0.0363481 0)
        0.626             (0.992022 0.0366227 0)             (0.991977 -0.0365912 0)
       0.6264             (0.992124 0.0368649 0)             (0.992079 -0.0368334 0)
       0.6268             (0.992226 0.0371062 0)             (0.992180 -0.0370746 0)
       0.6272             (0.992328 0.0373465 0)             (0.992281 -0.0373148 0)
       0.6276             (0.992429 0.0375858 0)             (0.992382 -0.0375541 0)
        0.628             (0.992531 0.0378242 0)             (0.992483 -0.0377924 0)
       0.6284             (0.992632 0.0380616 0)             (0.992584 -0.0380297 0)
       0.6288             (0.992733 0.0382979 0)             (0.992684 -0.0382660 0)
       0.6292             (0.992833 0.0385333 0)             (0.992784 -0.0385013 0)
       0.6296             (0.992934 0.0387677 0)             (0.992884 -0.0387357 0)
         0.63             (0.993034 0.0390011 0)             (0.992984 -0.0389690 0)
       0.6304             (0.993134 0.0392335 0)             (0.993083 -0.0392013 0)
       0.6308             (0.993234 0.0394648 0)             (0.993182 -0.0394326 0)
       0.6312             (0.993333 0.0396952 0)             (0.993281 -0.0396629 0)
       0.6316             (0.993432 0.0399245 0)             (0.993380 -0.0398921 0)
        0.632             (0.993531 0.0401527 0)             (0.993479 -0.0401204 0)
       0.6324             (0.993630 0.0403800 0)             (0.993577 -0.0403476 0)
       0.6328             (0.993728 0.0406062 0)             (0.993675 -0.0405737 0)
       0.6332             (0.993827 0.0408313 0)             (0.993772 -0.0407988 0)
       0.6336             (0.993924 0.0410554 0)             (0.993870 -0.0410229 0)
        0.634             (0.994022 0.0412784 0)             (0.993967 -0.0412459 0)
       0.6344             (0.994120 0.0415004 0)             (0.994064 -0.0414678 0)
       0.6348             (0.994217 0.0417213 0)             (0.994161 -0.0416887 0)
       0.6352             (0.994313 0.0419412 0)             (0.994257 -0.0419085 0)
       0.6356             (0.994410 0.0421600 0)             (0.994353 -0.0421273 0)
        0.636             (0.994506 0.0423776 0)             (0.994449 -0.0423450 0)
       0.6364             (0.994602 0.0425943 0)             (0.994544 -0.0425615 0)
       0.6368             (0.994698 0.0428098 0)             (0.994639 -0.0427770 0)
       0.6372             (0.994793 0.0430242 0)             (0.994734 -0.0429914 0)
       0.6376             (0.994888 0.0432375 0)             (0.994829 -0.0432048 0)
        0.638             (0.994983 0.0434498 0)             (0.994923 -0.0434170 0)
       0.6384             (0.995078 0.0436609 0)             (0.995017 -0.0436281 0)
       0.6388             (0.995172 0.0438709 0)             (0.995111 -0.0438381 0)
       0.6392             (0.995265 0.0440798 0)             (0.995204 -0.0440470 0)
       0.6396             (0.995359 0.0442876 0)             (0.995297 -0.0442548 0)
         0.64             (0.995452 0.0444943 0)             (0.995390 -0.0444614 0)
       0.6404             (0.995545 0.0446998 0)             (0.995482 -0.0446670 0)
       0.6408             (0.995638 0.0449042 0)             (0.995574 -0.0448714 0)
       0.6412             (0.995730 0.0451075 0)             (0.995666 -0.0450747 0)
       0.6416             (0.995822 0.0453096 0)             (0.995758 -0.0452768 0)
        0.642             (0.995913 0.0455107 0)             (0.995849 -0.0454778 0)
       0.6424             (0.996004 0.0457105 0)             (0.995939 -0.0456777 0)
       0.6428             (0.996095 0.0459092 0)             (0.996030 -0.0458764 0)
       0.6432             (0.996186 0.0461068 0)             (0.996120 -0.0460740 0)
       0.6436             (0.996276 0.0463032 0)             (0.996209 -0.0462704 0)
        0.644             (0.996366 0.0464985 0)             (0.996299 -0.0464657 0)
       0.6444             (0.996455 0.0466926 0)             (0.996388 -0.0466598 0)
       0.6448             (0.996544 0.0468855 0)             (0.996476 -0.0468528 0)
       0.6452             (0.996633 0.0470773 0)             (0.996565 -0.0470446 0)
       0.6456             (0.996721 0.0472679 0)             (0.996652 -0.0472352 0)
        0.646             (0.996809 0.0474573 0)             (0.996740 -0.0474246 0)
       0.6464             (0.996897 0.0476455 0)             (0.996827 -0.0476129 0)
       0.6468             (0.996984 0.0478326 0)             (0.996914 -0.0478000 0)
       0.6472             (0.997071 0.0480185 0)             (0.997000 -0.0479859 0)
       0.6476             (0.997157 0.0482032 0)             (0.997086 -0.0481707 0)
        0.648             (0.997243 0.0483867 0)             (0.997172 -0.0483542 0)
       0.6484             (0.997329 0.0485690 0)             (0.997257 -0.0485366 0)
       0.6488             (0.997414 0.0487502 0)             (0.997342 -0.0487178 0)
       0.6492             (0.997499 0.0489301 0)             (0.997426 -0.0488977 0)
       0.6496             (0.997583 0.0491088 0)             (0.997511 -0.0490765 0)
         0.65             (0.997668 0.0492864 0)             (0.997594 -0.0492541 0)
       0.6504             (0.997751 0.0494627 0)             (0.997677 -0.0494305 0)
       0.6508             (0.997834 0.0496378 0)             (0.997760 -0.0496057 0)
       0.6512             (0.997917 0.0498117 0)             (0.997843 -0.0497796 0)
       0.6516             (0.998000 0.0499844 0)             (0.997925 -0.0499524 0)
        0.652             (0.998082 0.0501559 0)             (0.998006 -0.0501240 0)
       0.6524             (0.998163 0.0503262 0)             (0.998088 -0.0502943 0)
       0.6528             (0.998245 0.0504953 0)             (0.998168 -0.0504634 0)
       0.6532             (0.998325 0.0506631 0)             (0.998249 -0.0506313 0)
       0.6536             (0.998406 0.0508297 0)             (0.998329 -0.0507980 0)
        0.654             (0.998486 0.0509951 0)             (0.998408 -0.0509635 0)
       0.6544             (0.998565 0.0511593 0)             (0.998487 -0.0511277 0)
       0.6548             (0.998644 0.0513222 0)             (0.998566 -0.0512908 0)
       0.6552             (0.998723 0.0514840 0)             (0.998644 -0.0514525 0)
       0.6556             (0.998801 0.0516444 0)             (0.998722 -0.0516131 0)
        0.656             (0.998879 0.0518037 0)             (0.998799 -0.0517724 0)
       0.6564             (0.998956 0.0519617 0)             (0.998876 -0.0519305 0)
       0.6568             (0.999033 0.0521185 0)             (0.998953 -0.0520874 0)
       0.6572             (0.999109 0.0522740 0)             (0.999029 -0.0522430 0)
       0.6576             (0.999185 0.0524283 0)             (0.999104 -0.0523974 0)
        0.658             (0.999261 0.0525814 0)             (0.999179 -0.0525506 0)
       0.6584             (0.999336 0.0527332 0)             (0.999254 -0.0527025 0)
       0.6588             (0.999410 0.0528838 0)             (0.999328 -0.0528532 0)
       0.6592             (0.999484 0.0530331 0)             (0.999402 -0.0530026 0)
       0.6596             (0.999558 0.0531812 0)             (0.999475 -0.0531508 0)
         0.66             (0.999631 0.0533280 0)             (0.999548 -0.0532977 0)
       0.6604             (0.999704 0.0534736 0)             (0.999620 -0.0534434 0)
       0.6608             (0.999776 0.0536179 0)             (0.999692 -0.0535878 0)
       0.6612             (0.999848 0.0537610 0)             (0.999763 -0.0537310 0)
       0.6616             (0.999919 0.0539029 0)             (0.999834 -0.0538730 0)
        0.662             (0.999990 0.0540434 0)             (0.999905 -0.0540137 0)
       0.6624             (1.000060 0.0541828 0)             (0.999975 -0.0541531 0)
       0.6628             (1.000130 0.0543208 0)             (1.000044 -0.0542913 0)
       0.6632             (1.000199 0.0544576 0)             (1.000113 -0.0544282 0)
       0.6636             (1.000268 0.0545932 0)             (1.000182 -0.0545639 0)
        0.664             (1.000336 0.0547275 0)             (1.000250 -0.0546983 0)
       0.6644             (1.000404 0.0548605 0)             (1.000317 -0.0548315 0)
       0.6648             (1.000472 0.0549923 0)             (1.000384 -0.0549634 0)
       0.6652             (1.000538 0.0551228 0)             (1.000451 -0.0550940 0)
       0.6656             (1.000605 0.0552521 0)             (1.000517 -0.0552234 0)
        0.666             (1.000671 0.0553801 0)             (1.000582 -0.0553516 0)
       0.6664             (1.000736 0.0555068 0)             (1.000647 -0.0554784 0)
       0.6668             (1.000801 0.0556323 0)             (1.000712 -0.0556041 0)
       0.6672             (1.000865 0.0557565 0)             (1.000776 -0.0557284 0)
       0.6676             (1.000929 0.0558794 0)             (1.000839 -0.0558515 0)
        0.668             (1.000992 0.0560011 0)             (1.000902 -0.0559733 0)
       0.6684             (1.001055 0.0561215 0)             (1.000965 -0.0560939 0)
       0.6688             (1.001118 0.0562407 0)             (1.001027 -0.0562132 0)
       0.6692             (1.001179 0.0563586 0)             (1.001088 -0.0563313 0)
       0.6696             (1.001241 0.0564752 0)             (1.001149 -0.0564481 0)
         0.67             (1.001301 0.0565906 0)             (1.001210 -0.0565636 0)
       0.6704             (1.001362 0.0567047 0)             (1.001270 -0.0566779 0)
       0.6708             (1.001421 0.0568176 0)             (1.001329 -0.0567909 0)
       0.6712             (1.001481 0.0569291 0)             (1.001388 -0.0569026 0)
       0.6716             (1.001539 0.0570394 0)             (1.001447 -0.0570131 0)
        0.672             (1.001597 0.0571485 0)             (1.001504 -0.0571223 0)
       0.6724             (1.001655 0.0572563 0)             (1.001562 -0.0572303 0)
       0.6728             (1.001712 0.0573628 0)             (1.001619 -0.0573370 0)
       0.6732             (1.001769 0.0574681 0)             (1.001675 -0.0574424 0)
       0.6736             (1.001825 0.0575721 0)             (1.001731 -0.0575466 0)
        0.674             (1.001880 0.0576748 0)             (1.001786 -0.0576495 0)
       0.6744             (1.001935 0.0577763 0)             (1.001840 -0.0577512 0)
       0.6748             (1.001990 0.0578765 0)             (1.001895 -0.0578516 0)
       0.6752             (1.002043 0.0579755 0)             (1.001948 -0.0579507 0)
       0.6756             (1.002097 0.0580732 0)             (1.002001 -0.0580486 0)
        0.676             (1.002149 0.0581696 0)             (1.002054 -0.0581452 0)
       0.6764             (1.002202 0.0582648 0)             (1.002106 -0.0582406 0)
       0.6768             (1.002253 0.0583587 0)             (1.002157 -0.0583347 0)
       0.6772             (1.002305 0.0584513 0)             (1.002208 -0.0584275 0)
       0.6776             (1.002355 0.0585428 0)             (1.002258 -0.0585191 0)
        0.678             (1.002405 0.0586329 0)             (1.002308 -0.0586095 0)
       0.6784             (1.002455 0.0587218 0)             (1.002357 -0.0586986 0)
       0.6788             (1.002504 0.0588094 0)             (1.002406 -0.0587864 0)
       0.6792             (1.002552 0.0588958 0)             (1.002454 -0.0588730 0)
       0.6796             (1.002600 0.0589810 0)             (1.002502 -0.0589584 0)
         0.68             (1.002647 0.0590648 0)             (1.002549 -0.0590425 0)
       0.6804             (1.002694 0.0591475 0)             (1.002595 -0.0591253 0)
       0.6808             (1.002740 0.0592288 0)             (1.002641 -0.0592069 0)
       0.6812             (1.002786 0.0593090 0)             (1.002687 -0.0592873 0)
       0.6816             (1.002831 0.0593879 0)             (1.002732 -0.0593664 0)
        0.682             (1.002875 0.0594655 0)             (1.002776 -0.0594442 0)
       0.6824             (1.002919 0.0595419 0)             (1.002820 -0.0595208 0)
       0.6828             (1.002963 0.0596171 0)             (1.002863 -0.0595962 0)
       0.6832             (1.003005 0.0596910 0)             (1.002905 -0.0596704 0)
       0.6836             (1.003048 0.0597636 0)             (1.002947 -0.0597433 0)
        0.684             (1.003089 0.0598351 0)             (1.002989 -0.0598149 0)
       0.6844             (1.003130 0.0599053 0)             (1.003030 -0.0598853 0)
       0.6848             (1.003171 0.0599742 0)             (1.003070 -0.0599545 0)
       0.6852             (1.003211 0.0600419 0)             (1.003110 -0.0600225 0)
       0.6856             (1.003250 0.0601084 0)             (1.003149 -0.0600892 0)
        0.686             (1.003289 0.0601737 0)             (1.003188 -0.0601547 0)
       0.6864             (1.003327 0.0602377 0)             (1.003226 -0.0602190 0)
       0.6868             (1.003365 0.0603005 0)             (1.003263 -0.0602820 0)
       0.6872             (1.003402 0.0603620 0)             (1.003300 -0.0603438 0)
       0.6876             (1.003439 0.0604224 0)             (1.003337 -0.0604044 0)
        0.688             (1.003475 0.0604815 0)             (1.003372 -0.0604638 0)
       0.6884             (1.003510 0.0605394 0)             (1.003408 -0.0605219 0)
       0.6888             (1.003545 0.0605961 0)             (1.003442 -0.0605789 0)
       0.6892             (1.003579 0.0606515 0)             (1.003476 -0.0606346 0)
       0.6896             (1.003613 0.0607058 0)             (1.003510 -0.0606891 0)
         0.69             (1.003646 0.0607588 0)             (1.003543 -0.0607424 0)
       0.6904             (1.003679 0.0608106 0)             (1.003575 -0.0607944 0)
       0.6908             (1.003711 0.0608612 0)             (1.003607 -0.0608453 0)
       0.6912             (1.003742 0.0609106 0)             (1.003638 -0.0608950 0)
       0.6916             (1.003773 0.0609588 0)             (1.003669 -0.0609434 0)
        0.692             (1.003803 0.0610057 0)             (1.003699 -0.0609906 0)
       0.6924             (1.003833 0.0610515 0)             (1.003729 -0.0610367 0)
       0.6928             (1.003862 0.0610961 0)             (1.003758 -0.0610815 0)
       0.6932             (1.003890 0.0611394 0)             (1.003786 -0.0611252 0)
       0.6936             (1.003918 0.0611816 0)             (1.003814 -0.0611676 0)
        0.694             (1.003946 0.0612226 0)             (1.003841 -0.0612089 0)
       0.6944             (1.003973 0.0612624 0)             (1.003868 -0.0612490 0)
       0.6948             (1.003999 0.0613010 0)             (1.003894 -0.0612878 0)
       0.6952             (1.004024 0.0613384 0)             (1.003919 -0.0613255 0)
       0.6956             (1.004049 0.0613746 0)             (1.003944 -0.0613621 0)
        0.696             (1.004074 0.0614096 0)             (1.003969 -0.0613974 0)
       0.6964             (1.004098 0.0614435 0)             (1.003992 -0.0614315 0)
       0.6968             (1.004121 0.0614762 0)             (1.004016 -0.0614645 0)
       0.6972             (1.004144 0.0615077 0)             (1.004038 -0.0614963 0)
       0.6976             (1.004166 0.0615380 0)             (1.004060 -0.0615269 0)
        0.698             (1.004188 0.0615672 0)             (1.004082 -0.0615564 0)
       0.6984             (1.004209 0.0615952 0)             (1.004103 -0.0615847 0)
       0.6988             (1.004229 0.0616220 0)             (1.004123 -0.0616118 0)
       0.6992             (1.004249 0.0616476 0)             (1.004143 -0.0616378 0)
       0.6996             (1.004268 0.0616721 0)             (1.004162 -0.0616626 0)
          0.7             (1.004287 0.0616955 0)             (1.004180 -0.0616862 0)
       0.7004             (1.004305 0.0617176 0)             (1.004198 -0.0617087 0)
       0.7008             (1.004322 0.0617387 0)             (1.004216 -0.0617300 0)
       0.7012             (1.004339 0.0617585 0)             (1.004233 -0.0617502 0)
       0.7016             (1.004356 0.0617773 0)             (1.004249 -0.0617693 0)
        0.702             (1.004372 0.0617948 0)             (1.004265 -0.0617871 0)
       0.7024             (1.004387 0.0618113 0)             (1.004280 -0.0618039 0)
       0.7028             (1.004402 0.0618266 0)             (1.004294 -0.0618195 0)
       0.7032             (1.004416 0.0618407 0)             (1.004309 -0.0618340 0)
       0.7036             (1.004429 0.0618537 0)             (1.004322 -0.0618473 0)
        0.704             (1.004442 0.0618656 0)             (1.004335 -0.0618596 0)
       0.7044             (1.004454 0.0618764 0)             (1.004347 -0.0618706 0)
       0.7048             (1.004466 0.0618860 0)             (1.004359 -0.0618806 0)
       0.7052             (1.004477 0.0618945 0)             (1.004370 -0.0618894 0)
       0.7056             (1.004488 0.0619019 0)             (1.004381 -0.0618972 0)
        0.706             (1.004498 0.0619082 0)             (1.004391 -0.0619038 0)
       0.7064             (1.004508 0.0619133 0)             (1.004400 -0.0619093 0)
       0.7068             (1.004517 0.0619174 0)             (1.004409 -0.0619136 0)
       0.7072             (1.004525 0.0619203 0)             (1.004417 -0.0619169 0)
       0.7076             (1.004533 0.0619221 0)             (1.004425 -0.0619191 0)
        0.708             (1.004540 0.0619229 0)             (1.004432 -0.0619202 0)
       0.7084             (1.004547 0.0619225 0)             (1.004439 -0.0619201 0)
       0.7088             (1.004553 0.0619210 0)             (1.004445 -0.0619190 0)
       0.7092             (1.004558 0.0619185 0)             (1.004450 -0.0619168 0)
       0.7096             (1.004563 0.0619148 0)             (1.004455 -0.0619135 0)
         0.71             (1.004567 0.0619100 0)             (1.004460 -0.0619091 0)
       0.7104             (1.004571 0.0619042 0)             (1.004463 -0.0619036 0)
       0.7108             (1.004575 0.0618973 0)             (1.004467 -0.0618970 0)
       0.7112             (1.004577 0.0618893 0)             (1.004469 -0.0618894 0)
       0.7116             (1.004579 0.0618802 0)             (1.004471 -0.0618807 0)
        0.712             (1.004581 0.0618701 0)             (1.004473 -0.0618709 0)
       0.7124             (1.004582 0.0618589 0)             (1.004474 -0.0618600 0)
       0.7128             (1.004582 0.0618466 0)             (1.004475 -0.0618481 0)
       0.7132             (1.004582 0.0618333 0)             (1.004474 -0.0618351 0)
       0.7136             (1.004582 0.0618189 0)             (1.004474 -0.0618211 0)
        0.714             (1.004580 0.0618034 0)             (1.004473 -0.0618060 0)
       0.7144             (1.004579 0.0617869 0)             (1.004471 -0.0617899 0)
       0.7148             (1.004576 0.0617693 0)             (1.004468 -0.0617727 0)
       0.7152             (1.004573 0.0617507 0)             (1.004466 -0.0617544 0)
       0.7156             (1.004570 0.0617311 0)             (1.004462 -0.0617352 0)
        0.716             (1.004566 0.0617104 0)             (1.004458 -0.0617148 0)
       0.7164             (1.004562 0.0616886 0)             (1.004454 -0.0616935 0)
       0.7168             (1.004556 0.0616659 0)             (1.004449 -0.0616711 0)
       0.7172             (1.004551 0.0616421 0)             (1.004443 -0.0616477 0)
       0.7176             (1.004545 0.0616173 0)             (1.004437 -0.0616232 0)
        0.718             (1.004538 0.0615914 0)             (1.004430 -0.0615978 0)
       0.7184             (1.004531 0.0615645 0)             (1.004423 -0.0615713 0)
       0.7188             (1.004523 0.0615367 0)             (1.004415 -0.0615438 0)
       0.7192             (1.004515 0.0615078 0)             (1.004407 -0.0615153 0)
       0.7196             (1.004506 0.0614778 0)             (1.004398 -0.0614858 0)
         0.72             (1.004496 0.0614469 0)             (1.004389 -0.0614552 0)
       0.7204             (1.004486 0.0614150 0)             (1.004379 -0.0614237 0)
       0.7208             (1.004476 0.0613821 0)             (1.004369 -0.0613912 0)
       0.7212             (1.004465 0.0613482 0)             (1.004358 -0.0613576 0)
       0.7216             (1.004453 0.0613133 0)             (1.004346 -0.0613231 0)
        0.722             (1.004441 0.0612774 0)             (1.004334 -0.0612876 0)
       0.7224             (1.004429 0.0612405 0)             (1.004322 -0.0612511 0)
       0.7228             (1.004416 0.0612026 0)             (1.004308 -0.0612137 0)
       0.7232             (1.004402 0.0611638 0)             (1.004295 -0.0611752 0)
       0.7236             (1.004388 0.0611239 0)             (1.004281 -0.0611358 0)
        0.724             (1.004373 0.0610831 0)             (1.004266 -0.0610954 0)
       0.7244             (1.004358 0.0610414 0)             (1.004251 -0.0610540 0)
       0.7248             (1.004342 0.0609986 0)             (1.004235 -0.0610117 0)
       0.7252             (1.004326 0.0609549 0)             (1.004219 -0.0609684 0)
       0.7256             (1.004309 0.0609103 0)             (1.004202 -0.0609242 0)
        0.726             (1.004292 0.0608647 0)             (1.004185 -0.0608790 0)
       0.7264             (1.004274 0.0608181 0)             (1.004168 -0.0608328 0)
       0.7268             (1.004256 0.0607706 0)             (1.004149 -0.0607857 0)
       0.7272             (1.004237 0.0607221 0)             (1.004131 -0.0607376 0)
       0.7276             (1.004217 0.0606727 0)             (1.004111 -0.0606887 0)
        0.728             (1.004198 0.0606224 0)             (1.004092 -0.0606387 0)
       0.7284             (1.004177 0.0605711 0)             (1.004071 -0.0605879 0)
       0.7288             (1.004156 0.0605189 0)             (1.004051 -0.0605361 0)
       0.7292             (1.004135 0.0604658 0)             (1.004029 -0.0604834 0)
       0.7296             (1.004113 0.0604117 0)             (1.004008 -0.0604297 0)
         0.73             (1.004091 0.0603567 0)             (1.003985 -0.0603752 0)
       0.7304             (1.004068 0.0603009 0)             (1.003963 -0.0603197 0)
       0.7308             (1.004045 0.0602440 0)             (1.003939 -0.0602633 0)
       0.7312             (1.004021 0.0601863 0)             (1.003916 -0.0602060 0)
       0.7316             (1.003996 0.0601277 0)             (1.003892 -0.0601478 0)
        0.732             (1.003972 0.0600682 0)             (1.003867 -0.0600887 0)
       0.7324             (1.003946 0.0600078 0)             (1.003842 -0.0600288 0)
       0.7328             (1.003921 0.0599464 0)             (1.003816 -0.0599679 0)
       0.7332             (1.003894 0.0598842 0)             (1.003790 -0.0599061 0)
       0.7336             (1.003868 0.0598211 0)             (1.003763 -0.0598434 0)
        0.734             (1.003840 0.0597571 0)             (1.003736 -0.0597798 0)
       0.7344             (1.003813 0.0596923 0)             (1.003709 -0.0597154 0)
       0.7348             (1.003785 0.0596265 0)             (1.003681 -0.0596501 0)
       0.7352             (1.003756 0.0595599 0)             (1.003652 -0.0595839 0)
       0.7356             (1.003727 0.0594924 0)             (1.003623 -0.0595168 0)
        0.736             (1.003697 0.0594240 0)             (1.003594 -0.0594489 0)
       0.7364             (1.003667 0.0593548 0)             (1.003564 -0.0593801 0)
       0.7368             (1.003637 0.0592847 0)             (1.003533 -0.0593105 0)
       0.7372             (1.003606 0.0592138 0)             (1.003503 -0.0592400 0)
       0.7376             (1.003574 0.0591420 0)             (1.003471 -0.0591686 0)
        0.738             (1.003542 0.0590693 0)             (1.003440 -0.0590964 0)
       0.7384             (1.003510 0.0589958 0)             (1.003407 -0.0590234 0)
       0.7388             (1.003477 0.0589215 0)             (1.003375 -0.0589495 0)
       0.7392             (1.003444 0.0588463 0)             (1.003342 -0.0588747 0)
       0.7396             (1.003410 0.0587703 0)             (1.003308 -0.0587992 0)
         0.74             (1.003376 0.0586934 0)             (1.003274 -0.0587228 0)
       0.7404             (1.003341 0.0586157 0)             (1.003240 -0.0586455 0)
       0.7408             (1.003306 0.0585372 0)             (1.003205 -0.0585675 0)
       0.7412             (1.003271 0.0584579 0)             (1.003170 -0.0584886 0)
       0.7416             (1.003235 0.0583778 0)             (1.003134 -0.0584089 0)
        0.742             (1.003199 0.0582968 0)             (1.003098 -0.0583284 0)
       0.7424             (1.003162 0.0582150 0)             (1.003061 -0.0582471 0)
       0.7428             (1.003125 0.0581324 0)             (1.003024 -0.0581649 0)
       0.7432             (1.003087 0.0580490 0)             (1.002987 -0.0580820 0)
       0.7436             (1.003049 0.0579649 0)             (1.002949 -0.0579983 0)
        0.744             (1.003011 0.0578799 0)             (1.002910 -0.0579137 0)
       0.7444             (1.002972 0.0577941 0)             (1.002872 -0.0578284 0)
       0.7448             (1.002932 0.0577075 0)             (1.002833 -0.0577423 0)
       0.7452             (1.002893 0.0576201 0)             (1.002793 -0.0576554 0)
       0.7456             (1.002852 0.0575320 0)             (1.002753 -0.0575677 0)
        0.746             (1.002812 0.0574431 0)             (1.002713 -0.0574792 0)
       0.7464             (1.002771 0.0573533 0)             (1.002672 -0.0573900 0)
       0.7468             (1.002729 0.0572629 0)             (1.002631 -0.0572999 0)
       0.7472             (1.002688 0.0571716 0)             (1.002589 -0.0572092 0)
       0.7476             (1.002645 0.0570796 0)             (1.002547 -0.0571176 0)
        0.748             (1.002603 0.0569868 0)             (1.002505 -0.0570253 0)
       0.7484             (1.002560 0.0568932 0)             (1.002462 -0.0569322 0)
       0.7488             (1.002516 0.0567989 0)             (1.002419 -0.0568383 0)
       0.7492             (1.002473 0.0567039 0)             (1.002375 -0.0567438 0)
       0.7496             (1.002429 0.0566081 0)             (1.002331 -0.0566484 0)
         0.75             (1.002384 0.0565115 0)             (1.002287 -0.0565523 0)
       0.7504             (1.002339 0.0564142 0)             (1.002242 -0.0564555 0)
       0.7508             (1.002294 0.0563161 0)             (1.002197 -0.0563579 0)
       0.7512             (1.002248 0.0562174 0)             (1.002152 -0.0562596 0)
       0.7516             (1.002202 0.0561178 0)             (1.002106 -0.0561605 0)
        0.752             (1.002155 0.0560176 0)             (1.002060 -0.0560608 0)
       0.7524             (1.002109 0.0559166 0)             (1.002013 -0.0559603 0)
       0.7528             (1.002061 0.0558149 0)             (1.001966 -0.0558590 0)
       0.7532             (1.002014 0.0557125 0)             (1.001919 -0.0557571 0)
       0.7536             (1.001966 0.0556093 0)             (1.001871 -0.0556544 0)
        0.754             (1.001918 0.0555055 0)             (1.001823 -0.0555510 0)
       0.7544             (1.001869 0.0554009 0)             (1.001775 -0.0554469 0)
       0.7548             (1.001820 0.0552956 0)             (1.001726 -0.0553421 0)
       0.7552             (1.001771 0.0551896 0)             (1.001677 -0.0552366 0)
       0.7556             (1.001721 0.0550829 0)             (1.001627 -0.0551304 0)
        0.756             (1.001671 0.0549755 0)             (1.001577 -0.0550235 0)
       0.7564             (1.001620 0.0548674 0)             (1.001527 -0.0549159 0)
       0.7568             (1.001570 0.0547586 0)             (1.001477 -0.0548076 0)
       0.7572             (1.001519 0.0546492 0)             (1.001426 -0.0546986 0)
       0.7576             (1.001467 0.0545390 0)             (1.001375 -0.0545889 0)
        0.758             (1.001415 0.0544282 0)             (1.001323 -0.0544785 0)
       0.7584             (1.001363 0.0543166 0)             (1.001271 -0.0543675 0)
       0.7588             (1.001311 0.0542044 0)             (1.001219 -0.0542558 0)
       0.7592             (1.001258 0.0540916 0)             (1.001167 -0.0541434 0)
       0.7596             (1.001205 0.0539780 0)             (1.001114 -0.0540303 0)
         0.76             (1.001152 0.0538638 0)             (1.001061 -0.0539166 0)
       0.7604             (1.001098 0.0537489 0)             (1.001007 -0.0538022 0)
       0.7608             (1.001044 0.0536333 0)             (1.000954 -0.0536871 0)
       0.7612             (1.000989 0.0535171 0)             (1.000899 -0.0535714 0)
       0.7616             (1.000935 0.0534003 0)             (1.000845 -0.0534550 0)
        0.762             (1.000880 0.0532827 0)             (1.000790 -0.0533380 0)
       0.7624             (1.000824 0.0531646 0)             (1.000735 -0.0532203 0)
       0.7628             (1.000769 0.0530458 0)             (1.000680 -0.0531020 0)
       0.7632             (1.000713 0.0529263 0)             (1.000624 -0.0529830 0)
       0.7636             (1.000657 0.0528062 0)             (1.000568 -0.0528634 0)
        0.764             (1.000600 0.0526854 0)             (1.000512 -0.0527431 0)
       0.7644             (1.000543 0.0525641 0)             (1.000456 -0.0526222 0)
       0.7648             (1.000486 0.0524420 0)             (1.000399 -0.0525007 0)
       0.7652             (1.000429 0.0523194 0)             (1.000342 -0.0523785 0)
       0.7656             (1.000371 0.0521961 0)             (1.000284 -0.0522558 0)
        0.766             (1.000313 0.0520722 0)             (1.000227 -0.0521324 0)
       0.7664             (1.000255 0.0519477 0)             (1.000169 -0.0520083 0)
       0.7668             (1.000197 0.0518225 0)             (1.000111 -0.0518837 0)
       0.7672             (1.000138 0.0516968 0)             (1.000052 -0.0517584 0)
       0.7676             (1.000079 0.0515704 0)             (0.999994 -0.0516325 0)
        0.768             (1.000020 0.0514434 0)             (0.999935 -0.0515060 0)
       0.7684             (0.999960 0.0513158 0)             (0.999875 -0.0513789 0)
       0.7688             (0.999900 0.0511876 0)             (0.999816 -0.0512512 0)
       0.7692             (0.999840 0.0510588 0)             (0.999756 -0.0511229 0)
       0.7696             (0.999780 0.0509294 0)             (0.999696 -0.0509940 0)
         0.77             (0.999719 0.0507994 0)             (0.999636 -0.0508645 0)
       0.7704             (0.999658 0.0506688 0)             (0.999575 -0.0507344 0)
       0.7708             (0.999597 0.0505376 0)             (0.999514 -0.0506037 0)
       0.7712             (0.999536 0.0504058 0)             (0.999453 -0.0504724 0)
       0.7716             (0.999474 0.0502734 0)             (0.999392 -0.0503406 0)
        0.772             (0.999412 0.0501405 0)             (0.999330 -0.0502081 0)
       0.7724             (0.999350 0.0500069 0)             (0.999269 -0.0500751 0)
       0.7728             (0.999288 0.0498728 0)             (0.999207 -0.0499414 0)
       0.7732             (0.999225 0.0497381 0)             (0.999144 -0.0498072 0)
       0.7736             (0.999163 0.0496029 0)             (0.999082 -0.0496725 0)
        0.774             (0.999100 0.0494670 0)             (0.999019 -0.0495371 0)
       0.7744             (0.999036 0.0493306 0)             (0.998956 -0.0494012 0)
       0.7748             (0.998973 0.0491936 0)             (0.998893 -0.0492647 0)
       0.7752             (0.998909 0.0490561 0)             (0.998830 -0.0491277 0)
       0.7756             (0.998845 0.0489180 0)             (0.998766 -0.0489901 0)
        0.776             (0.998781 0.0487793 0)             (0.998702 -0.0488519 0)
       0.7764             (0.998717 0.0486401 0)             (0.998638 -0.0487132 0)
       0.7768             (0.998652 0.0485003 0)             (0.998574 -0.0485739 0)
       0.7772             (0.998588 0.0483599 0)             (0.998510 -0.0484341 0)
       0.7776             (0.998523 0.0482191 0)             (0.998445 -0.0482937 0)
        0.778             (0.998458 0.0480776 0)             (0.998380 -0.0481528 0)
       0.7784             (0.998392 0.0479356 0)             (0.998315 -0.0480113 0)
       0.7788             (0.998327 0.0477931 0)             (0.998250 -0.0478693 0)
       0.7792             (0.998261 0.0476500 0)             (0.998185 -0.0477267 0)
       0.7796             (0.998195 0.0475064 0)             (0.998119 -0.0475836 0)
         0.78             (0.998129 0.0473623 0)             (0.998053 -0.0474400 0)
       0.7804             (0.998063 0.0472176 0)             (0.997987 -0.0472958 0)
       0.7808             (0.997996 0.0470724 0)             (0.997921 -0.0471511 0)
       0.7812             (0.997930 0.0469267 0)             (0.997855 -0.0470059 0)
       0.7816             (0.997863 0.0467804 0)             (0.997789 -0.0468601 0)
        0.782             (0.997796 0.0466336 0)             (0.997722 -0.0467138 0)
       0.7824             (0.997729 0.0464863 0)             (0.997655 -0.0465670 0)
       0.7828             (0.997661 0.0463384 0)             (0.997588 -0.0464197 0)
       0.7832             (0.997594 0.0461901 0)             (0.997521 -0.0462719 0)
       0.7836             (0.997526 0.0460412 0)             (0.997454 -0.0461235 0)
        0.784             (0.997458 0.0458918 0)             (0.997386 -0.0459746 0)
       0.7844             (0.997390 0.0457419 0)             (0.997318 -0.0458252 0)
       0.7848             (0.997322 0.0455915 0)             (0.997251 -0.0456753 0)
       0.7852             (0.997254 0.0454406 0)             (0.997183 -0.0455249 0)
       0.7856             (0.997186 0.0452891 0)             (0.997115 -0.0453740 0)
        0.786             (0.997117 0.0451372 0)             (0.997046 -0.0452225 0)
       0.7864             (0.997048 0.0449848 0)             (0.996978 -0.0450706 0)
       0.7868             (0.996979 0.0448318 0)             (0.996909 -0.0449182 0)
       0.7872             (0.996910 0.0446784 0)             (0.996841 -0.0447652 0)
       0.7876             (0.996841 0.0445244 0)             (0.996772 -0.0446118 0)
        0.788             (0.996772 0.0443700 0)             (0.996703 -0.0444579 0)
       0.7884             (0.996702 0.0442151 0)             (0.996634 -0.0443035 0)
       0.7888             (0.996633 0.0440597 0)             (0.996565 -0.0441486 0)
       0.7892             (0.996563 0.0439037 0)             (0.996495 -0.0439932 0)
       0.7896             (0.996493 0.0437473 0)             (0.996426 -0.0438373 0)
         0.79             (0.996424 0.0435905 0)             (0.996356 -0.0436809 0)
       0.7904             (0.996353 0.0434331 0)             (0.996287 -0.0435241 0)
       0.7908             (0.996283 0.0432752 0)             (0.996217 -0.0433667 0)
       0.7912             (0.996213 0.0431169 0)             (0.996147 -0.0432089 0)
       0.7916             (0.996143 0.0429581 0)             (0.996077 -0.0430506 0)
        0.792             (0.996072 0.0427988 0)             (0.996007 -0.0428918 0)
       0.7924             (0.996002 0.0426391 0)             (0.995937 -0.0427326 0)
       0.7928             (0.995931 0.0424788 0)             (0.995866 -0.0425729 0)
       0.7932             (0.995860 0.0423181 0)             (0.995796 -0.0424127 0)
       0.7936             (0.995789 0.0421569 0)             (0.995725 -0.0422520 0)
        0.794             (0.995718 0.0419953 0)             (0.995655 -0.0420909 0)
       0.7944             (0.995647 0.0418332 0)             (0.995584 -0.0419293 0)
       0.7948             (0.995576 0.0416706 0)             (0.995513 -0.0417672 0)
       0.7952             (0.995505 0.0415075 0)             (0.995442 -0.0416047 0)
       0.7956             (0.995433 0.0413440 0)             (0.995371 -0.0414417 0)
        0.796             (0.995362 0.0411801 0)             (0.995300 -0.0412782 0)
       0.7964             (0.995290 0.0410157 0)             (0.995229 -0.0411143 0)
       0.7968             (0.995219 0.0408508 0)             (0.995158 -0.0409500 0)
       0.7972             (0.995147 0.0406854 0)             (0.995086 -0.0407851 0)
       0.7976             (0.995075 0.0405196 0)             (0.995015 -0.0406199 0)
        0.798             (0.995003 0.0403534 0)             (0.994943 -0.0404541 0)
       0.7984             (0.994932 0.0401867 0)             (0.994872 -0.0402879 0)
       0.7988             (0.994860 0.0400196 0)             (0.994800 -0.0401213 0)
       0.7992             (0.994788 0.0398520 0)             (0.994729 -0.0399542 0)
       0.7996             (0.994715 0.0396839 0)             (0.994657 -0.0397867 0)
          0.8             (0.994643 0.0395155 0)             (0.994585 -0.0396187 0)
       0.8004             (0.994571 0.0393465 0)             (0.994513 -0.0394503 0)
       0.8008             (0.994499 0.0391772 0)             (0.994441 -0.0392815 0)
       0.8012             (0.994426 0.0390074 0)             (0.994369 -0.0391122 0)
       0.8016             (0.994354 0.0388371 0)             (0.994297 -0.0389424 0)
        0.802             (0.994282 0.0386664 0)             (0.994225 -0.0387723 0)
       0.8024             (0.994209 0.0384953 0)             (0.994153 -0.0386017 0)
       0.8028             (0.994137 0.0383237 0)             (0.994081 -0.0384306 0)
       0.8032             (0.994064 0.0381517 0)             (0.994009 -0.0382591 0)
       0.8036             (0.993991 0.0379793 0)             (0.993936 -0.0380872 0)
        0.804             (0.993919 0.0378065 0)             (0.993864 -0.0379149 0)
       0.8044             (0.993846 0.0376332 0)             (0.993792 -0.0377421 0)
       0.8048             (0.993773 0.0374595 0)             (0.993720 -0.0375689 0)
       0.8052             (0.993701 0.0372853 0)             (0.993647 -0.0373953 0)
       0.8056             (0.993628 0.0371107 0)             (0.993575 -0.0372212 0)
        0.806             (0.993555 0.0369358 0)             (0.993502 -0.0370468 0)
       0.8064             (0.993482 0.0367603 0)             (0.993430 -0.0368718 0)
       0.8068             (0.993409 0.0365845 0)             (0.993357 -0.0366965 0)
       0.8072             (0.993337 0.0364082 0)             (0.993285 -0.0365208 0)
       0.8076             (0.993264 0.0362316 0)             (0.993212 -0.0363446 0)
        0.808             (0.993191 0.0360545 0)             (0.993140 -0.0361680 0)
       0.8084             (0.993118 0.0358769 0)             (0.993067 -0.0359910 0)
       0.8088             (0.993045 0.0356990 0)             (0.992995 -0.0358136 0)
       0.8092             (0.992972 0.0355207 0)             (0.992922 -0.0356358 0)
       0.8096             (0.992899 0.0353419 0)             (0.992850 -0.0354575 0)
         0.81             (0.992826 0.0351627 0)             (0.992777 -0.0352789 0)
       0.8104             (0.992753 0.0349831 0)             (0.992704 -0.0350998 0)
       0.8108             (0.992680 0.0348031 0)             (0.992632 -0.0349203 0)
       0.8112             (0.992607 0.0346227 0)             (0.992559 -0.0347404 0)
       0.8116             (0.992534 0.0344419 0)             (0.992486 -0.0345601 0)
        0.812             (0.992461 0.0342607 0)             (0.992414 -0.0343794 0)
       0.8124             (0.992388 0.0340791 0)             (0.992341 -0.0341983 0)
       0.8128             (0.992315 0.0338970 0)             (0.992269 -0.0340168 0)
       0.8132             (0.992242 0.0337146 0)             (0.992196 -0.0338348 0)
       0.8136             (0.992169 0.0335317 0)             (0.992124 -0.0336525 0)
        0.814             (0.992096 0.0333485 0)             (0.992051 -0.0334698 0)
       0.8144             (0.992024 0.0331649 0)             (0.991978 -0.0332866 0)
       0.8148             (0.991951 0.0329808 0)             (0.991906 -0.0331031 0)
       0.8152             (0.991878 0.0327964 0)             (0.991833 -0.0329192 0)
       0.8156             (0.991805 0.0326115 0)             (0.991761 -0.0327349 0)
        0.816             (0.991732 0.0324263 0)             (0.991688 -0.0325501 0)
       0.8164             (0.991659 0.0322406 0)             (0.991616 -0.0323650 0)
       0.8168             (0.991587 0.0320546 0)             (0.991544 -0.0321795 0)
       0.8172             (0.991514 0.0318682 0)             (0.991471 -0.0319936 0)
       0.8176             (0.991441 0.0316814 0)             (0.991399 -0.0318073 0)
        0.818             (0.991368 0.0314942 0)             (0.991327 -0.0316206 0)
       0.8184             (0.991296 0.0313066 0)             (0.991254 -0.0314335 0)
       0.8188             (0.991223 0.0311186 0)             (0.991182 -0.0312460 0)
       0.8192             (0.991151 0.0309302 0)             (0.991110 -0.0310581 0)
       0.8196             (0.991078 0.0307414 0)             (0.991038 -0.0308699 0)
         0.82             (0.991005 0.0305523 0)             (0.990965 -0.0306812 0)
       0.8204             (0.990933 0.0303627 0)             (0.990893 -0.0304922 0)
       0.8208             (0.990861 0.0301728 0)             (0.990821 -0.0303028 0)
       0.8212             (0.990788 0.0299825 0)             (0.990749 -0.0301130 0)
       0.8216             (0.990716 0.0297918 0)             (0.990677 -0.0299228 0)
        0.822             (0.990644 0.0296007 0)             (0.990605 -0.0297322 0)
       0.8224             (0.990571 0.0294092 0)             (0.990533 -0.0295413 0)
       0.8228             (0.990499 0.0292174 0)             (0.990462 -0.0293499 0)
       0.8232             (0.990427 0.0290252 0)             (0.990390 -0.0291582 0)
       0.8236             (0.990355 0.0288325 0)             (0.990318 -0.0289661 0)
        0.824             (0.990283 0.0286396 0)             (0.990246 -0.0287736 0)
       0.8244             (0.990211 0.0284462 0)             (0.990175 -0.0285808 0)
       0.8248             (0.990139 0.0282525 0)             (0.990103 -0.0283876 0)
       0.8252             (0.990067 0.0280583 0)             (0.990032 -0.0281940 0)
       0.8256             (0.989995 0.0278639 0)             (0.989960 -0.0280000 0)
        0.826             (0.989924 0.0276690 0)             (0.989889 -0.0278056 0)
       0.8264             (0.989852 0.0274737 0)             (0.989818 -0.0276109 0)
       0.8268             (0.989780 0.0272781 0)             (0.989746 -0.0274158 0)
       0.8272             (0.989709 0.0270821 0)             (0.989675 -0.0272203 0)
       0.8276             (0.989637 0.0268858 0)             (0.989604 -0.0270245 0)
        0.828             (0.989566 0.0266891 0)             (0.989533 -0.0268282 0)
       0.8284             (0.989495 0.0264920 0)             (0.989462 -0.0266317 0)
       0.8288             (0.989423 0.0262945 0)             (0.989391 -0.0264347 0)
       0.8292             (0.989352 0.0260967 0)             (0.989320 -0.0262374 0)
       0.8296             (0.989281 0.0258985 0)             (0.989250 -0.0260397 0)
         0.83             (0.989210 0.0256999 0)             (0.989179 -0.0258416 0)
       0.8304             (0.989139 0.0255010 0)             (0.989108 -0.0256432 0)
       0.8308             (0.989068 0.0253017 0)             (0.989038 -0.0254444 0)
       0.8312             (0.988997 0.0251020 0)             (0.988967 -0.0252452 0)
       0.8316             (0.988927 0.0249020 0)             (0.988897 -0.0250457 0)
        0.832             (0.988856 0.0247016 0)             (0.988827 -0.0248458 0)
       0.8324             (0.988785 0.0245008 0)             (0.988756 -0.0246456 0)
       0.8328             (0.988715 0.0242997 0)             (0.988686 -0.0244450 0)
       0.8332             (0.988645 0.0240982 0)             (0.988616 -0.0242440 0)
       0.8336             (0.988574 0.0238964 0)             (0.988546 -0.0240427 0)
        0.834             (0.988504 0.0236942 0)             (0.988477 -0.0238410 0)
       0.8344             (0.988434 0.0234917 0)             (0.988407 -0.0236390 0)
       0.8348             (0.988364 0.0232888 0)             (0.988337 -0.0234366 0)
       0.8352             (0.988294 0.0230855 0)             (0.988267 -0.0232338 0)
       0.8356             (0.988224 0.0228819 0)             (0.988198 -0.0230307 0)
        0.836             (0.988154 0.0226779 0)             (0.988129 -0.0228272 0)
       0.8364             (0.988085 0.0224736 0)             (0.988059 -0.0226234 0)
       0.8368             (0.988015 0.0222689 0)             (0.987990 -0.0224192 0)
       0.8372             (0.987946 0.0220639 0)             (0.987921 -0.0222147 0)
       0.8376             (0.987876 0.0218585 0)             (0.987852 -0.0220098 0)
        0.838             (0.987807 0.0216527 0)             (0.987783 -0.0218046 0)
       0.8384             (0.987738 0.0214467 0)             (0.987714 -0.0215990 0)
       0.8388             (0.987669 0.0212402 0)             (0.987645 -0.0213931 0)
       0.8392             (0.987600 0.0210334 0)             (0.987577 -0.0211868 0)
       0.8396             (0.987531 0.0208263 0)             (0.987508 -0.0209802 0)
         0.84             (0.987462 0.0206188 0)             (0.987440 -0.0207732 0)
       0.8404             (0.987393 0.0204110 0)             (0.987372 -0.0205659 0)
       0.8408             (0.987325 0.0202028 0)             (0.987303 -0.0203582 0)
       0.8412             (0.987256 0.0199943 0)             (0.987235 -0.0201502 0)
       0.8416             (0.987188 0.0197854 0)             (0.987167 -0.0199418 0)
        0.842             (0.987120 0.0195762 0)             (0.987099 -0.0197331 0)
       0.8424             (0.987052 0.0193667 0)             (0.987031 -0.0195241 0)
       0.8428             (0.986984 0.0191568 0)             (0.986964 -0.0193147 0)
       0.8432             (0.986916 0.0189466 0)             (0.986896 -0.0191050 0)
       0.8436             (0.986848 0.0187360 0)             (0.986829 -0.0188949 0)
        0.844             (0.986780 0.0185251 0)             (0.986761 -0.0186845 0)
       0.8444             (0.986713 0.0183139 0)             (0.986694 -0.0184738 0)
       0.8448             (0.986645 0.0181023 0)             (0.986627 -0.0182627 0)
       0.8452             (0.986578 0.0178904 0)             (0.986560 -0.0180513 0)
       0.8456             (0.986511 0.0176781 0)             (0.986493 -0.0178395 0)
        0.846             (0.986443 0.0174655 0)             (0.986426 -0.0176274 0)
       0.8464             (0.986376 0.0172526 0)             (0.986360 -0.0174150 0)
       0.8468             (0.986310 0.0170393 0)             (0.986293 -0.0172022 0)
       0.8472             (0.986243 0.0168258 0)             (0.986227 -0.0169892 0)
       0.8476             (0.986176 0.0166118 0)             (0.986160 -0.0167757 0)
        0.848             (0.986109 0.0163976 0)             (0.986094 -0.0165620 0)
       0.8484             (0.986043 0.0161830 0)             (0.986028 -0.0163479 0)
       0.8488             (0.985977 0.0159681 0)             (0.985962 -0.0161335 0)
       0.8492             (0.985911 0.0157529 0)             (0.985896 -0.0159188 0)
       0.8496             (0.985844 0.0155373 0)             (0.985830 -0.0157037 0)
         0.85             (0.985778 0.0153214 0)             (0.985765 -0.0154883 0)
       0.8504             (0.985713 0.0151052 0)             (0.985699 -0.0152726 0)
       0.8508             (0.985647 0.0148887 0)             (0.985634 -0.0150566 0)
       0.8512             (0.985581 0.0146718 0)             (0.985568 -0.0148402 0)
       0.8516             (0.985516 0.0144547 0)             (0.985503 -0.0146235 0)
        0.852             (0.985450 0.0142372 0)             (0.985438 -0.0144065 0)
       0.8524             (0.985385 0.0140193 0)             (0.985373 -0.0141892 0)
       0.8528             (0.985320 0.0138012 0)             (0.985309 -0.0139716 0)
       0.8532             (0.985255 0.0135828 0)             (0.985244 -0.0137536 0)
       0.8536             (0.985190 0.0133640 0)             (0.985179 -0.0135353 0)
        0.854             (0.985125 0.0131449 0)             (0.985115 -0.0133167 0)
       0.8544             (0.985061 0.0129255 0)             (0.985051 -0.0130978 0)
       0.8548             (0.984996 0.0127058 0)             (0.984986 -0.0128786 0)
       0.8552             (0.984932 0.0124858 0)             (0.984922 -0.0126591 0)
       0.8556             (0.984868 0.0122654 0)             (0.984858 -0.0124392 0)
        0.856             (0.984804 0.0120448 0)             (0.984795 -0.0122191 0)
       0.8564             (0.984740 0.0118238 0)             (0.984731 -0.0119986 0)
       0.8568             (0.984676 0.0116025 0)             (0.984667 -0.0117778 0)
       0.8572             (0.984612 0.0113810 0)             (0.984604 -0.0115568 0)
       0.8576             (0.984548 0.0111591 0)             (0.984541 -0.0113354 0)
        0.858             (0.984485 0.0109369 0)             (0.984477 -0.0111137 0)
       0.8584             (0.984422 0.0107144 0)             (0.984414 -0.0108917 0)
       0.8588             (0.984358 0.0104916 0)             (0.984351 -0.0106694 0)
       0.8592             (0.984295 0.0102685 0)             (0.984289 -0.0104468 0)
       0.8596             (0.984232 0.0100451 0)             (0.984226 -0.0102239 0)
         0.86             (0.984169 0.0098214 0)             (0.984163 -0.0100007 0)
       0.8604             (0.984107 0.0095974 0)             (0.984101 -0.0097772 0)
       0.8608             (0.984044 0.0093732 0)             (0.984039 -0.0095534 0)
       0.8612             (0.983981 0.0091486 0)             (0.983977 -0.0093293 0)
       0.8616             (0.983919 0.0089237 0)             (0.983915 -0.0091049 0)
        0.862             (0.983857 0.0086985 0)             (0.983853 -0.0088802 0)
       0.8624             (0.983795 0.0084731 0)             (0.983791 -0.0086552 0)
       0.8628             (0.983733 0.0082473 0)             (0.983729 -0.0084300 0)
       0.8632             (0.983671 0.0080213 0)             (0.983668 -0.0082044 0)
       0.8636             (0.983609 0.0077950 0)             (0.983606 -0.0079786 0)
        0.864             (0.983548 0.0075684 0)             (0.983545 -0.0077525 0)
       0.8644             (0.983486 0.0073415 0)             (0.983484 -0.0075260 0)
       0.8648             (0.983425 0.0071143 0)             (0.983423 -0.0072994 0)
       0.8652             (0.983364 0.0068868 0)             (0.983362 -0.0070724 0)
       0.8656             (0.983303 0.0066591 0)             (0.983301 -0.0068451 0)
        0.866             (0.983242 0.0064310 0)             (0.983240 -0.0066176 0)
       0.8664             (0.983181 0.0062027 0)             (0.983180 -0.0063898 0)
       0.8668             (0.983120 0.0059742 0)             (0.983120 -0.0061617 0)
       0.8672             (0.983060 0.0057453 0)             (0.983059 -0.0059333 0)
       0.8676             (0.982999 0.0055162 0)             (0.982999 -0.0057047 0)
        0.868             (0.982939 0.0052868 0)             (0.982939 -0.0054758 0)
       0.8684             (0.982879 0.0050571 0)             (0.982879 -0.0052466 0)
       0.8688             (0.982819 0.0048272 0)             (0.982819 -0.0050171 0)
       0.8692             (0.982759 0.0045970 0)             (0.982760 -0.0047874 0)
       0.8696             (0.982699 0.0043665 0)             (0.982700 -0.0045574 0)
         0.87             (0.982639 0.0041358 0)             (0.982641 -0.0043272 0)
       0.8704             (0.982580 0.0039048 0)             (0.982582 -0.0040966 0)
       0.8708             (0.982520 0.0036736 0)             (0.982523 -0.0038659 0)
       0.8712             (0.982461 0.0034420 0)             (0.982464 -0.0036348 0)
       0.8716             (0.982402 0.0032103 0)             (0.982405 -0.0034035 0)
        0.872             (0.982343 0.0029782 0)             (0.982346 -0.0031720 0)
       0.8724             (0.982284 0.0027460 0)             (0.982287 -0.0029402 0)
       0.8728             (0.982225 0.0025134 0)             (0.982229 -0.0027081 0)
       0.8732             (0.982166 0.0022806 0)             (0.982170 -0.0024758 0)
       0.8736             (0.982108 0.0020476 0)             (0.982112 -0.0022433 0)
        0.874             (0.982049 0.0018143 0)             (0.982054 -0.0020105 0)
       0.8744             (0.981991 0.0015808 0)             (0.981996 -0.0017774 0)
       0.8748             (0.981933 0.0013470 0)             (0.981938 -0.0015441 0)
       0.8752             (0.981875 0.0011130 0)             (0.981880 -0.0013106 0)
       0.8756             (0.981817 0.0008788 0)             (0.981823 -0.0010768 0)
        0.876             (0.981759 0.0006443 0)             (0.981765 -0.0008428 0)
       0.8764             (0.981701 0.0004096 0)             (0.981708 -0.0006086 0)
       0.8768             (0.981644 0.0001746 0)             (0.981650 -0.0003741 0)
       0.8772             (0.981586 -0.0000606 0)             (0.981593 -0.0001394 0)
       0.8776             (0.981529 -0.0002960 0)             (0.981536 0.0000956 0)
        0.878             (0.981472 -0.0005316 0)             (0.981479 0.0003307 0)
       0.8784             (0.981414 -0.0007675 0)             (0.981422 0.0005661 0)
       0.8788             (0.981357 -0.0010036 0)             (0.981366 0.0008018 0)
       0.8792             (0.981301 -0.0012399 0)             (0.981309 0.0010376 0)
       0.8796             (0.981244 -0.0014764 0)             (0.981253 0.0012737 0)
         0.88             (0.981187 -0.0017132 0)             (0.981196 0.0015100 0)
       0.8804             (0.981131 -0.0019502 0)             (0.981140 0.0017465 0)
       0.8808             (0.981074 -0.0021874 0)             (0.981084 0.0019832 0)
       0.8812             (0.981018 -0.0024248 0)             (0.981028 0.0022201 0)
       0.8816             (0.980962 -0.0026624 0)             (0.980972 0.0024572 0)
        0.882             (0.980906 -0.0029002 0)             (0.980916 0.0026946 0)
       0.8824             (0.980850 -0.0031382 0)             (0.980861 0.0029321 0)
       0.8828             (0.980794 -0.0033764 0)             (0.980805 0.0031699 0)
       0.8832             (0.980738 -0.0036148 0)             (0.980750 0.0034078 0)
       0.8836             (0.980683 -0.0038534 0)             (0.980694 0.0036460 0)
        0.884             (0.980627 -0.0040922 0)             (0.980639 0.0038843 0)
       0.8844             (0.980572 -0.0043313 0)             (0.980584 0.0041229 0)
       0.8848             (0.980517 -0.0045705 0)             (0.980529 0.0043616 0)
       0.8852             (0.980462 -0.0048098 0)             (0.980474 0.0046005 0)
       0.8856             (0.980407 -0.0050494 0)             (0.980419 0.0048396 0)
        0.886             (0.980352 -0.0052892 0)             (0.980365 0.0050789 0)
       0.8864             (0.980297 -0.0055291 0)             (0.980310 0.0053184 0)
       0.8868             (0.980242 -0.0057692 0)             (0.980256 0.0055581 0)
       0.8872             (0.980188 -0.0060095 0)             (0.980202 0.0057979 0)
       0.8876             (0.980133 -0.0062500 0)             (0.980147 0.0060379 0)
        0.888             (0.980079 -0.0064906 0)             (0.980093 0.0062781 0)
       0.8884             (0.980024 -0.0067314 0)             (0.980039 0.0065184 0)
       0.8888             (0.979970 -0.0069724 0)             (0.979985 0.0067589 0)
       0.8892             (0.979916 -0.0072135 0)             (0.979932 0.0069996 0)
       0.8896             (0.979862 -0.0074548 0)             (0.979878 0.0072404 0)
         0.89             (0.979808 -0.0076963 0)             (0.979824 0.0074814 0)
       0.8904             (0.979755 -0.0079379 0)             (0.979771 0.0077226 0)
       0.8908             (0.979701 -0.0081796 0)             (0.979718 0.0079639 0)
       0.8912             (0.979647 -0.0084215 0)             (0.979664 0.0082053 0)
       0.8916             (0.979594 -0.0086636 0)             (0.979611 0.0084470 0)
        0.892             (0.979541 -0.0089058 0)             (0.979558 0.0086887 0)
       0.8924             (0.979487 -0.0091481 0)             (0.979505 0.0089306 0)
       0.8928             (0.979434 -0.0093906 0)             (0.979452 0.0091726 0)
       0.8932             (0.979381 -0.0096332 0)             (0.979399 0.0094148 0)
       0.8936             (0.979328 -0.0098760 0)             (0.979347 0.0096571 0)
        0.894             (0.979276 -0.0101188 0)             (0.979294 0.0098995 0)
       0.8944             (0.979223 -0.0103619 0)             (0.979242 0.0101421 0)
       0.8948             (0.979170 -0.0106050 0)             (0.979189 0.0103847 0)
       0.8952             (0.979118 -0.0108482 0)             (0.979137 0.0106276 0)
       0.8956             (0.979065 -0.0110916 0)             (0.979085 0.0108705 0)
        0.896             (0.979013 -0.0113351 0)             (0.979033 0.0111135 0)
       0.8964             (0.978961 -0.0115787 0)             (0.978981 0.0113567 0)
       0.8968             (0.978908 -0.0118224 0)             (0.978929 0.0115999 0)
       0.8972             (0.978856 -0.0120662 0)             (0.978877 0.0118433 0)
       0.8976             (0.978804 -0.0123101 0)             (0.978825 0.0120868 0)
        0.898             (0.978752 -0.0125541 0)             (0.978774 0.0123303 0)
       0.8984             (0.978701 -0.0127982 0)             (0.978722 0.0125740 0)
       0.8988             (0.978649 -0.0130424 0)             (0.978671 0.0128177 0)
       0.8992             (0.978597 -0.0132867 0)             (0.978619 0.0130616 0)
       0.8996             (0.978546 -0.0135311 0)             (0.978568 0.0133055 0)
          0.9             (0.978494 -0.0137755 0)             (0.978517 0.0135495 0)
       0.9004             (0.978443 -0.0140201 0)             (0.978466 0.0137936 0)
       0.9008             (0.978392 -0.0142647 0)             (0.978415 0.0140378 0)
       0.9012             (0.978341 -0.0145094 0)             (0.978364 0.0142821 0)
       0.9016             (0.978289 -0.0147541 0)             (0.978313 0.0145264 0)
        0.902             (0.978238 -0.0149990 0)             (0.978262 0.0147708 0)
       0.9024             (0.978187 -0.0152439 0)             (0.978212 0.0150152 0)
       0.9028             (0.978137 -0.0154888 0)             (0.978161 0.0152598 0)
       0.9032             (0.978086 -0.0157338 0)             (0.978110 0.0155043 0)
       0.9036             (0.978035 -0.0159789 0)             (0.978060 0.0157489 0)
        0.904             (0.977985 -0.0162240 0)             (0.978010 0.0159936 0)
       0.9044             (0.977934 -0.0164691 0)             (0.977959 0.0162383 0)
       0.9048             (0.977884 -0.0167143 0)             (0.977909 0.0164831 0)
       0.9052             (0.977833 -0.0169595 0)             (0.977859 0.0167279 0)
       0.9056             (0.977783 -0.0172048 0)             (0.977809 0.0169727 0)
        0.906             (0.977733 -0.0174501 0)             (0.977759 0.0172176 0)
       0.9064             (0.977683 -0.0176954 0)             (0.977709 0.0174625 0)
       0.9068             (0.977632 -0.0179407 0)             (0.977659 0.0177074 0)
       0.9072             (0.977582 -0.0181861 0)             (0.977610 0.0179523 0)
       0.9076             (0.977533 -0.0184314 0)             (0.977560 0.0181973 0)
        0.908             (0.977483 -0.0186768 0)             (0.977510 0.0184422 0)
       0.9084             (0.977433 -0.0189222 0)             (0.977461 0.0186872 0)
       0.9088             (0.977383 -0.0191676 0)             (0.977411 0.0189322 0)
       0.9092             (0.977334 -0.0194130 0)             (0.977362 0.0191771 0)
       0.9096             (0.977284 -0.0196584 0)             (0.977313 0.0194221 0)
         0.91             (0.977235 -0.0199038 0)             (0.977263 0.0196671 0)
       0.9104             (0.977185 -0.0201492 0)             (0.977214 0.0199120 0)
       0.9108             (0.977136 -0.0203945 0)             (0.977165 0.0201570 0)
       0.9112             (0.977087 -0.0206398 0)             (0.977116 0.0204019 0)
       0.9116             (0.977037 -0.0208852 0)             (0.977067 0.0206468 0)
        0.912             (0.976988 -0.0211304 0)             (0.977018 0.0208917 0)
       0.9124             (0.976939 -0.0213757 0)             (0.976969 0.0211365 0)
       0.9128             (0.976890 -0.0216209 0)             (0.976921 0.0213813 0)
       0.9132             (0.976841 -0.0218661 0)             (0.976872 0.0216261 0)
       0.9136             (0.976792 -0.0221112 0)             (0.976823 0.0218708 0)
        0.914             (0.976743 -0.0223563 0)             (0.976775 0.0221155 0)
       0.9144             (0.976695 -0.0226013 0)             (0.976726 0.0223601 0)
       0.9148             (0.976646 -0.0228463 0)             (0.976678 0.0226046 0)
       0.9152             (0.976597 -0.0230912 0)             (0.976629 0.0228491 0)
       0.9156             (0.976549 -0.0233360 0)             (0.976581 0.0230936 0)
        0.916             (0.976500 -0.0235808 0)             (0.976533 0.0233379 0)
       0.9164             (0.976452 -0.0238255 0)             (0.976484 0.0235822 0)
       0.9168             (0.976403 -0.0240701 0)             (0.976436 0.0238264 0)
       0.9172             (0.976355 -0.0243146 0)             (0.976388 0.0240706 0)
       0.9176             (0.976307 -0.0245591 0)             (0.976340 0.0243146 0)
        0.918             (0.976258 -0.0248034 0)             (0.976292 0.0245586 0)
       0.9184             (0.976210 -0.0250477 0)             (0.976244 0.0248024 0)
       0.9188             (0.976162 -0.0252918 0)             (0.976196 0.0250462 0)
       0.9192             (0.976114 -0.0255359 0)             (0.976148 0.0252898 0)
       0.9196             (0.976066 -0.0257798 0)             (0.976101 0.0255334 0)
         0.92             (0.976018 -0.0260236 0)             (0.976053 0.0257768 0)
       0.9204             (0.975970 -0.0262673 0)             (0.976005 0.0260201 0)
       0.9208             (0.975922 -0.0265109 0)             (0.975957 0.0262633 0)
       0.9212             (0.975874 -0.0267544 0)             (0.975910 0.0265064 0)
       0.9216             (0.975826 -0.0269977 0)             (0.975862 0.0267493 0)
        0.922             (0.975779 -0.0272409 0)             (0.975815 0.0269921 0)
       0.9224             (0.975731 -0.0274839 0)             (0.975767 0.0272347 0)
       0.9228             (0.975683 -0.0277268 0)             (0.975720 0.0274772 0)
       0.9232             (0.975636 -0.0279695 0)             (0.975673 0.0277196 0)
       0.9236             (0.975588 -0.0282121 0)             (0.975625 0.0279618 0)
        0.924             (0.975541 -0.0284545 0)             (0.975578 0.0282038 0)
       0.9244             (0.975493 -0.0286967 0)             (0.975531 0.0284457 0)
       0.9248             (0.975446 -0.0289388 0)             (0.975484 0.0286874 0)
       0.9252             (0.975399 -0.0291807 0)             (0.975437 0.0289289 0)
       0.9256             (0.975351 -0.0294224 0)             (0.975390 0.0291702 0)
        0.926             (0.975304 -0.0296639 0)             (0.975343 0.0294114 0)
       0.9264             (0.975257 -0.0299053 0)             (0.975296 0.0296523 0)
       0.9268             (0.975210 -0.0301464 0)             (0.975249 0.0298931 0)
       0.9272             (0.975162 -0.0303873 0)             (0.975202 0.0301337 0)
       0.9276             (0.975115 -0.0306281 0)             (0.975155 0.0303740 0)
        0.928             (0.975068 -0.0308686 0)             (0.975108 0.0306142 0)
       0.9284             (0.975021 -0.0311089 0)             (0.975061 0.0308541 0)
       0.9288             (0.974974 -0.0313490 0)             (0.975014 0.0310938 0)
       0.9292             (0.974927 -0.0315888 0)             (0.974968 0.0313333 0)
       0.9296             (0.974880 -0.0318284 0)             (0.974921 0.0315726 0)
         0.93             (0.974834 -0.0320678 0)             (0.974874 0.0318116 0)
       0.9304             (0.974787 -0.0323069 0)             (0.974828 0.0320504 0)
       0.9308             (0.974740 -0.0325458 0)             (0.974781 0.0322889 0)
       0.9312             (0.974693 -0.0327845 0)             (0.974735 0.0325272 0)
       0.9316             (0.974646 -0.0330228 0)             (0.974688 0.0327652 0)
        0.932             (0.974600 -0.0332610 0)             (0.974642 0.0330029 0)
       0.9324             (0.974553 -0.0334988 0)             (0.974595 0.0332404 0)
       0.9328             (0.974506 -0.0337364 0)             (0.974549 0.0334777 0)
       0.9332             (0.974460 -0.0339737 0)             (0.974503 0.0337146 0)
       0.9336             (0.974413 -0.0342107 0)             (0.974456 0.0339513 0)
        0.934             (0.974367 -0.0344474 0)             (0.974410 0.0341876 0)
       0.9344             (0.974320 -0.0346838 0)             (0.974364 0.0344237 0)
       0.9348             (0.974274 -0.0349199 0)             (0.974318 0.0346595 0)
       0.9352             (0.974227 -0.0351557 0)             (0.974271 0.0348950 0)
       0.9356             (0.974181 -0.0353912 0)             (0.974225 0.0351301 0)
        0.936             (0.974135 -0.0356264 0)             (0.974179 0.0353650 0)
       0.9364             (0.974088 -0.0358613 0)             (0.974133 0.0355995 0)
       0.9368             (0.974042 -0.0360958 0)             (0.974087 0.0358337 0)
       0.9372             (0.973996 -0.0363300 0)             (0.974041 0.0360675 0)
       0.9376             (0.973950 -0.0365639 0)             (0.973995 0.0363011 0)
        0.938             (0.973903 -0.0367974 0)             (0.973949 0.0365343 0)
       0.9384             (0.973857 -0.0370306 0)             (0.973903 0.0367671 0)
       0.9388             (0.973811 -0.0372634 0)             (0.973857 0.0369996 0)
       0.9392             (0.973765 -0.0374958 0)             (0.973811 0.0372317 0)
       0.9396             (0.973719 -0.0377279 0)             (0.973765 0.0374634 0)
         0.94             (0.973673 -0.0379596 0)             (0.973719 0.0376948 0)
       0.9404             (0.973627 -0.0381909 0)             (0.973674 0.0379258 0)
       0.9408             (0.973581 -0.0384219 0)             (0.973628 0.0381564 0)
       0.9412             (0.973535 -0.0386524 0)             (0.973582 0.0383867 0)
       0.9416             (0.973489 -0.0388826 0)             (0.973536 0.0386165 0)
        0.942             (0.973443 -0.0391123 0)             (0.973491 0.0388460 0)
       0.9424             (0.973397 -0.0393417 0)             (0.973445 0.0390750 0)
       0.9428             (0.973351 -0.0395706 0)             (0.973399 0.0393036 0)
       0.9432             (0.973305 -0.0397991 0)             (0.973354 0.0395318 0)
       0.9436             (0.973259 -0.0400272 0)             (0.973308 0.0397596 0)
        0.944             (0.973214 -0.0402549 0)             (0.973263 0.0399870 0)
       0.9444             (0.973168 -0.0404821 0)             (0.973217 0.0402139 0)
       0.9448             (0.973122 -0.0407089 0)             (0.973171 0.0404404 0)
       0.9452             (0.973076 -0.0409352 0)             (0.973126 0.0406664 0)
       0.9456             (0.973031 -0.0411611 0)             (0.973080 0.0408920 0)
        0.946             (0.972985 -0.0413865 0)             (0.973035 0.0411171 0)
       0.9464             (0.972939 -0.0416115 0)             (0.972990 0.0413417 0)
       0.9468             (0.972894 -0.0418360 0)             (0.972944 0.0415659 0)
       0.9472             (0.972848 -0.0420600 0)             (0.972899 0.0417897 0)
       0.9476             (0.972803 -0.0422835 0)             (0.972854 0.0420129 0)
        0.948             (0.972757 -0.0425065 0)             (0.972808 0.0422356 0)
       0.9484             (0.972711 -0.0427291 0)             (0.972763 0.0424579 0)
       0.9488             (0.972666 -0.0429511 0)             (0.972718 0.0426796 0)
       0.9492             (0.972620 -0.0431726 0)             (0.972672 0.0429009 0)
       0.9496             (0.972575 -0.0433936 0)             (0.972627 0.0431216 0)
         0.95             (0.972530 -0.0436141 0)             (0.972582 0.0433418 0)
       0.9504             (0.972484 -0.0438341 0)             (0.972537 0.0435615 0)
       0.9508             (0.972439 -0.0440536 0)             (0.972492 0.0437807 0)
       0.9512             (0.972393 -0.0442725 0)             (0.972446 0.0439993 0)
       0.9516             (0.972348 -0.0444908 0)             (0.972401 0.0442174 0)
        0.952             (0.972303 -0.0447086 0)             (0.972356 0.0444350 0)
       0.9524             (0.972258 -0.0449259 0)             (0.972311 0.0446520 0)
       0.9528             (0.972212 -0.0451426 0)             (0.972266 0.0448684 0)
       0.9532             (0.972167 -0.0453587 0)             (0.972221 0.0450843 0)
       0.9536             (0.972122 -0.0455743 0)             (0.972176 0.0452996 0)
        0.954             (0.972077 -0.0457893 0)             (0.972131 0.0455143 0)
       0.9544             (0.972031 -0.0460036 0)             (0.972086 0.0457284 0)
       0.9548             (0.971986 -0.0462174 0)             (0.972041 0.0459419 0)
       0.9552             (0.971941 -0.0464306 0)             (0.971997 0.0461549 0)
       0.9556             (0.971896 -0.0466432 0)             (0.971952 0.0463672 0)
        0.956             (0.971851 -0.0468552 0)             (0.971907 0.0465790 0)
       0.9564             (0.971806 -0.0470666 0)             (0.971862 0.0467901 0)
       0.9568             (0.971761 -0.0472773 0)             (0.971817 0.0470006 0)
       0.9572             (0.971716 -0.0474875 0)             (0.971773 0.0472105 0)
       0.9576             (0.971671 -0.0476969 0)             (0.971728 0.0474197 0)
        0.958             (0.971626 -0.0479058 0)             (0.971683 0.0476283 0)
       0.9584             (0.971581 -0.0481140 0)             (0.971638 0.0478363 0)
       0.9588             (0.971536 -0.0483215 0)             (0.971594 0.0480436 0)
       0.9592             (0.971492 -0.0485284 0)             (0.971549 0.0482502 0)
       0.9596             (0.971447 -0.0487346 0)             (0.971505 0.0484562 0)
         0.96             (0.971402 -0.0489402 0)             (0.971460 0.0486615 0)
       0.9604             (0.971357 -0.0491450 0)             (0.971416 0.0488662 0)
       0.9608             (0.971313 -0.0493492 0)             (0.971371 0.0490701 0)
       0.9612             (0.971268 -0.0495527 0)             (0.971327 0.0492734 0)
       0.9616             (0.971223 -0.0497555 0)             (0.971282 0.0494760 0)
        0.962             (0.971179 -0.0499576 0)             (0.971238 0.0496779 0)
       0.9624             (0.971134 -0.0501590 0)             (0.971193 0.0498790 0)
       0.9628             (0.971089 -0.0503596 0)             (0.971149 0.0500795 0)
       0.9632             (0.971045 -0.0505596 0)             (0.971105 0.0502792 0)
       0.9636             (0.971000 -0.0507588 0)             (0.971060 0.0504782 0)
        0.964             (0.970956 -0.0509573 0)             (0.971016 0.0506765 0)
       0.9644             (0.970911 -0.0511550 0)             (0.970972 0.0508740 0)
       0.9648             (0.970867 -0.0513520 0)             (0.970928 0.0510708 0)
       0.9652             (0.970823 -0.0515483 0)             (0.970883 0.0512669 0)
       0.9656             (0.970778 -0.0517438 0)             (0.970839 0.0514622 0)
        0.966             (0.970734 -0.0519385 0)             (0.970795 0.0516567 0)
       0.9664             (0.970690 -0.0521324 0)             (0.970751 0.0518505 0)
       0.9668             (0.970645 -0.0523256 0)             (0.970707 0.0520434 0)
       0.9672             (0.970601 -0.0525180 0)             (0.970663 0.0522356 0)
       0.9676             (0.970557 -0.0527096 0)             (0.970619 0.0524270 0)
        0.968             (0.970513 -0.0529004 0)             (0.970575 0.0526177 0)
       0.9684             (0.970469 -0.0530904 0)             (0.970531 0.0528075 0)
       0.9688             (0.970425 -0.0532796 0)             (0.970488 0.0529965 0)
       0.9692             (0.970381 -0.0534679 0)             (0.970444 0.0531847 0)
       0.9696             (0.970337 -0.0536555 0)             (0.970400 0.0533721 0)
         0.97             (0.970293 -0.0538422 0)             (0.970356 0.0535586 0)
       0.9704             (0.970249 -0.0540281 0)             (0.970313 0.0537443 0)
       0.9708             (0.970205 -0.0542132 0)             (0.970269 0.0539292 0)
       0.9712             (0.970161 -0.0543974 0)             (0.970225 0.0541133 0)
       0.9716             (0.970117 -0.0545807 0)             (0.970182 0.0542965 0)
        0.972             (0.970074 -0.0547632 0)             (0.970138 0.0544788 0)
       0.9724             (0.970030 -0.0549448 0)             (0.970095 0.0546603 0)
       0.9728             (0.969986 -0.0551256 0)             (0.970052 0.0548409 0)
       0.9732             (0.969943 -0.0553055 0)             (0.970008 0.0550206 0)
       0.9736             (0.969899 -0.0554845 0)             (0.969965 0.0551995 0)
        0.974             (0.969856 -0.0556626 0)             (0.969922 0.0553774 0)
       0.9744             (0.969812 -0.0558398 0)             (0.969878 0.0555545 0)
       0.9748             (0.969769 -0.0560161 0)             (0.969835 0.0557307 0)
       0.9752             (0.969726 -0.0561915 0)             (0.969792 0.0559059 0)
       0.9756             (0.969682 -0.0563660 0)             (0.969749 0.0560803 0)
        0.976             (0.969639 -0.0565396 0)             (0.969706 0.0562537 0)
       0.9764             (0.969596 -0.0567122 0)             (0.969663 0.0564262 0)
       0.9768             (0.969553 -0.0568839 0)             (0.969620 0.0565978 0)
       0.9772             (0.969510 -0.0570547 0)             (0.969577 0.0567685 0)
       0.9776             (0.969467 -0.0572245 0)             (0.969534 0.0569382 0)
        0.978             (0.969424 -0.0573934 0)             (0.969492 0.0571069 0)
       0.9784             (0.969381 -0.0575613 0)             (0.969449 0.0572747 0)
       0.9788             (0.969338 -0.0577282 0)             (0.969406 0.0574416 0)
       0.9792             (0.969295 -0.0578942 0)             (0.969364 0.0576074 0)
       0.9796             (0.969252 -0.0580592 0)             (0.969321 0.0577724 0)
         0.98             (0.969210 -0.0582233 0)             (0.969279 0.0579363 0)
       0.9804             (0.969167 -0.0583863 0)             (0.969236 0.0580992 0)
       0.9808             (0.969124 -0.0585484 0)             (0.969194 0.0582612 0)
       0.9812             (0.969082 -0.0587094 0)             (0.969152 0.0584221 0)
       0.9816             (0.969040 -0.0588695 0)             (0.969109 0.0585821 0)
        0.982             (0.968997 -0.0590285 0)             (0.969067 0.0587410 0)
       0.9824             (0.968955 -0.0591865 0)             (0.969025 0.0588990 0)
       0.9828             (0.968913 -0.0593435 0)             (0.968983 0.0590559 0)
       0.9832             (0.968870 -0.0594995 0)             (0.968941 0.0592118 0)
       0.9836             (0.968828 -0.0596544 0)             (0.968899 0.0593666 0)
        0.984             (0.968786 -0.0598083 0)             (0.968857 0.0595204 0)
       0.9844             (0.968744 -0.0599612 0)             (0.968816 0.0596732 0)
       0.9848             (0.968703 -0.0601130 0)             (0.968774 0.0598249 0)
       0.9852             (0.968661 -0.0602637 0)             (0.968732 0.0599756 0)
       0.9856             (0.968619 -0.0604134 0)             (0.968691 0.0601252 0)
        0.986             (0.968577 -0.0605620 0)             (0.968650 0.0602737 0)
       0.9864             (0.968536 -0.0607095 0)             (0.968608 0.0604212 0)
       0.9868             (0.968494 -0.0608559 0)             (0.968567 0.0605676 0)
       0.9872             (0.968453 -0.0610013 0)             (0.968526 0.0607129 0)
       0.9876             (0.968412 -0.0611455 0)             (0.968485 0.0608571 0)
        0.988             (0.968370 -0.0612887 0)             (0.968444 0.0610002 0)
       0.9884             (0.968329 -0.0614308 0)             (0.968403 0.0611422 0)
       0.9888             (0.968288 -0.0615717 0)             (0.968362 0.0612831 0)
       0.9892             (0.968247 -0.0617115 0)             (0.968321 0.0614229 0)
       0.9896             (0.968206 -0.0618503 0)             (0.968280 0.0615616 0)
         0.99             (0.968165 -0.0619878 0)             (0.968240 0.0616992 0)
       0.9904             (0.968125 -0.0621243 0)             (0.968199 0.0618356 0)
       0.9908             (0.968084 -0.0622596 0)             (0.968159 0.0619709 0)
       0.9912             (0.968044 -0.0623938 0)             (0.968118 0.0621050 0)
       0.9916             (0.968003 -0.0625268 0)             (0.968078 0.0622380 0)
        0.992             (0.967963 -0.0626587 0)             (0.968038 0.0623699 0)
       0.9924             (0.967923 -0.0627894 0)             (0.967998 0.0625005 0)
       0.9928             (0.967882 -0.0629189 0)             (0.967958 0.0626301 0)
       0.9932             (0.967842 -0.0630473 0)             (0.967918 0.0627584 0)
       0.9936             (0.967802 -0.0631745 0)             (0.967878 0.0628856 0)
        0.994             (0.967763 -0.0633005 0)             (0.967839 0.0630116 0)
       0.9944             (0.967723 -0.0634253 0)             (0.967799 0.0631364 0)
       0.9948             (0.967683 -0.0635489 0)             (0.967760 0.0632601 0)
       0.9952             (0.967644 -0.0636713 0)             (0.967720 0.0633825 0)
       0.9956             (0.967604 -0.0637925 0)             (0.967681 0.0635037 0)
        0.996             (0.967565 -0.0639126 0)             (0.967642 0.0636238 0)
       0.9964             (0.967526 -0.0640314 0)             (0.967603 0.0637426 0)
       0.9968             (0.967487 -0.0641489 0)             (0.967564 0.0638602 0)
       0.9972             (0.967448 -0.0642653 0)             (0.967525 0.0639765 0)
       0.9976             (0.967409 -0.0643804 0)             (0.967487 0.0640917 0)
        0.998             (0.967370 -0.0644943 0)             (0.967448 0.0642056 0)
       0.9984             (0.967332 -0.0646069 0)             (0.967410 0.0643183 0)
       0.9988             (0.967293 -0.0647183 0)             (0.967372 0.0644297 0)
       0.9992             (0.967255 -0.0648285 0)             (0.967333 0.0645399 0)
       0.9996             (0.967216 -0.0649374 0)             (0.967295 0.0646488 0)
            1             (0.967178 -0.0650450 0)             (0.967257 0.0647565 0)
       1.0004             (0.967140 -0.0651514 0)             (0.967220 0.0648629 0)
       1.0008             (0.967102 -0.0652565 0)             (0.967182 0.0649681 0)
       1.0012             (0.967065 -0.0653603 0)             (0.967144 0.0650719 0)
       1.0016             (0.967027 -0.0654628 0)             (0.967107 0.0651745 0)
        1.002             (0.966990 -0.0655641 0)             (0.967070 0.0652758 0)
       1.0024             (0.966952 -0.0656640 0)             (0.967033 0.0653759 0)
       1.0028             (0.966915 -0.0657627 0)             (0.966996 0.0654746 0)
       1.0032             (0.966878 -0.0658600 0)             (0.966959 0.0655720 0)
       1.0036             (0.966841 -0.0659561 0)             (0.966922 0.0656682 0)
        1.004             (0.966804 -0.0660508 0)             (0.966885 0.0657630 0)
       1.0044             (0.966768 -0.0661443 0)             (0.966849 0.0658565 0)
       1.0048             (0.966731 -0.0662364 0)             (0.966813 0.0659487 0)
       1.0052             (0.966695 -0.0663272 0)             (0.966776 0.0660396 0)
       1.0056             (0.966659 -0.0664166 0)             (0.966740 0.0661291 0)
        1.006             (0.966623 -0.0665048 0)             (0.966704 0.0662174 0)
       1.0064             (0.966587 -0.0665915 0)             (0.966669 0.0663042 0)
       1.0068             (0.966551 -0.0666770 0)             (0.966633 0.0663898 0)
       1.0072             (0.966515 -0.0667611 0)             (0.966598 0.0664740 0)
       1.0076             (0.966480 -0.0668438 0)             (0.966563 0.0665569 0)
        1.008             (0.966445 -0.0669252 0)             (0.966527 0.0666384 0)
       1.0084             (0.966410 -0.0670052 0)             (0.966493 0.0667185 0)
       1.0088             (0.966375 -0.0670839 0)             (0.966458 0.0667973 0)
       1.0092             (0.966340 -0.0671612 0)             (0.966423 0.0668747 0)
       1.0096             (0.966305 -0.0672371 0)             (0.966389 0.0669508 0)
         1.01             (0.966271 -0.0673117 0)             (0.966354 0.0670254 0)
       1.0104             (0.966236 -0.0673848 0)             (0.966320 0.0670987 0)
       1.0108             (0.966202 -0.0674566 0)             (0.966286 0.0671706 0)
       1.0112             (0.966168 -0.0675270 0)             (0.966253 0.0672412 0)
       1.0116             (0.966135 -0.0675960 0)             (0.966219 0.0673103 0)
        1.012             (0.966101 -0.0676636 0)             (0.966186 0.0673780 0)
       1.0124             (0.966068 -0.0677298 0)             (0.966152 0.0674444 0)
       1.0128             (0.966034 -0.0677946 0)             (0.966119 0.0675093 0)
       1.0132             (0.966001 -0.0678579 0)             (0.966086 0.0675729 0)
       1.0136             (0.965969 -0.0679199 0)             (0.966054 0.0676350 0)
        1.014             (0.965936 -0.0679804 0)             (0.966021 0.0676957 0)
       1.0144             (0.965903 -0.0680395 0)             (0.965989 0.0677550 0)
       1.0148             (0.965871 -0.0680972 0)             (0.965957 0.0678128 0)
       1.0152             (0.965839 -0.0681535 0)             (0.965925 0.0678693 0)
       1.0156             (0.965807 -0.0682083 0)             (0.965893 0.0679243 0)
        1.016             (0.965775 -0.0682617 0)             (0.965861 0.0679779 0)
       1.0164             (0.965744 -0.0683137 0)             (0.965830 0.0680300 0)
       1.0168             (0.965712 -0.0683642 0)             (0.965799 0.0680807 0)
       1.0172             (0.965681 -0.0684132 0)             (0.965768 0.0681299 0)
       1.0176             (0.965650 -0.0684608 0)             (0.965737 0.0681778 0)
        1.018             (0.965620 -0.0685070 0)             (0.965707 0.0682241 0)
       1.0184             (0.965589 -0.0685517 0)             (0.965676 0.0682690 0)
       1.0188             (0.965559 -0.0685949 0)             (0.965646 0.0683124 0)
       1.0192             (0.965529 -0.0686367 0)             (0.965616 0.0683544 0)
       1.0196             (0.965499 -0.0686770 0)             (0.965586 0.0683949 0)
         1.02             (0.965469 -0.0687158 0)             (0.965557 0.0684340 0)
       1.0204             (0.965440 -0.0687532 0)             (0.965528 0.0684716 0)
       1.0208             (0.965411 -0.0687890 0)             (0.965498 0.0685076 0)
       1.0212             (0.965382 -0.0688234 0)             (0.965470 0.0685423 0)
       1.0216             (0.965353 -0.0688563 0)             (0.965441 0.0685754 0)
        1.022             (0.965324 -0.0688877 0)             (0.965413 0.0686071 0)
       1.0224             (0.965296 -0.0689177 0)             (0.965384 0.0686372 0)
       1.0228             (0.965268 -0.0689461 0)             (0.965356 0.0686659 0)
       1.0232             (0.965240 -0.0689730 0)             (0.965329 0.0686931 0)
       1.0236             (0.965212 -0.0689985 0)             (0.965301 0.0687188 0)
        1.024             (0.965185 -0.0690224 0)             (0.965274 0.0687430 0)
       1.0244             (0.965158 -0.0690448 0)             (0.965247 0.0687657 0)
       1.0248             (0.965131 -0.0690658 0)             (0.965220 0.0687868 0)
       1.0252             (0.965104 -0.0690852 0)             (0.965193 0.0688065 0)
       1.0256             (0.965077 -0.0691031 0)             (0.965167 0.0688247 0)
        1.026             (0.965051 -0.0691194 0)             (0.965141 0.0688413 0)
       1.0264             (0.965025 -0.0691343 0)             (0.965115 0.0688565 0)
       1.0268             (0.965000 -0.0691476 0)             (0.965090 0.0688701 0)
       1.0272             (0.964974 -0.0691595 0)             (0.965064 0.0688822 0)
       1.0276             (0.964949 -0.0691698 0)             (0.965039 0.0688928 0)
        1.028             (0.964924 -0.0691785 0)             (0.965014 0.0689018 0)
       1.0284             (0.964899 -0.0691857 0)             (0.964990 0.0689093 0)
       1.0288             (0.964875 -0.0691914 0)             (0.964965 0.0689153 0)
       1.0292             (0.964850 -0.0691956 0)             (0.964941 0.0689198 0)
       1.0296             (0.964827 -0.0691982 0)             (0.964917 0.0689227 0)
         1.03             (0.964803 -0.0691993 0)             (0.964894 0.0689241 0)
       1.0304             (0.964779 -0.0691988 0)             (0.964871 0.0689240 0)
       1.0308             (0.964756 -0.0691968 0)             (0.964848 0.0689223 0)
       1.0312             (0.964733 -0.0691933 0)             (0.964825 0.0689191 0)
       1.0316             (0.964711 -0.0691882 0)             (0.964802 0.0689143 0)
        1.032             (0.964689 -0.0691816 0)             (0.964780 0.0689080 0)
       1.0324             (0.964666 -0.0691734 0)             (0.964758 0.0689001 0)
       1.0328             (0.964645 -0.0691636 0)             (0.964736 0.0688907 0)
       1.0332             (0.964623 -0.0691523 0)             (0.964715 0.0688797 0)
       1.0336             (0.964602 -0.0691394 0)             (0.964694 0.0688672 0)
        1.034             (0.964581 -0.0691250 0)             (0.964673 0.0688531 0)
       1.0344             (0.964560 -0.0691090 0)             (0.964653 0.0688375 0)
       1.0348             (0.964540 -0.0690915 0)             (0.964632 0.0688203 0)
       1.0352             (0.964520 -0.0690724 0)             (0.964612 0.0688016 0)
       1.0356             (0.964500 -0.0690517 0)             (0.964593 0.0687812 0)
        1.036             (0.964481 -0.0690294 0)             (0.964573 0.0687594 0)
       1.0364             (0.964461 -0.0690056 0)             (0.964554 0.0687359 0)
       1.0368             (0.964443 -0.0689802 0)             (0.964535 0.0687109 0)
       1.0372             (0.964424 -0.0689533 0)             (0.964517 0.0686844 0)
       1.0376             (0.964406 -0.0689248 0)             (0.964499 0.0686562 0)
        1.038             (0.964388 -0.0688947 0)             (0.964481 0.0686265 0)
       1.0384             (0.964370 -0.0688630 0)             (0.964463 0.0685952 0)
       1.0388             (0.964353 -0.0688298 0)             (0.964446 0.0685624 0)
       1.0392             (0.964336 -0.0687949 0)             (0.964429 0.0685279 0)
       1.0396             (0.964319 -0.0687585 0)             (0.964412 0.0684919 0)
         1.04             (0.964302 -0.0687206 0)             (0.964396 0.0684544 0)
       1.0404             (0.964286 -0.0686810 0)             (0.964380 0.0684152 0)
       1.0408             (0.964270 -0.0686399 0)             (0.964364 0.0683745 0)
       1.0412             (0.964255 -0.0685972 0)             (0.964349 0.0683322 0)
       1.0416             (0.964240 -0.0685529 0)             (0.964334 0.0682883 0)
        1.042             (0.964225 -0.0685070 0)             (0.964319 0.0682429 0)
       1.0424             (0.964210 -0.0684595 0)             (0.964304 0.0681958 0)
       1.0428             (0.964196 -0.0684105 0)             (0.964290 0.0681472 0)
       1.0432             (0.964182 -0.0683599 0)             (0.964276 0.0680970 0)
       1.0436             (0.964169 -0.0683076 0)             (0.964263 0.0680453 0)
        1.044             (0.964156 -0.0682538 0)             (0.964250 0.0679919 0)
       1.0444             (0.964143 -0.0681985 0)             (0.964237 0.0679370 0)
       1.0448             (0.964130 -0.0681415 0)             (0.964224 0.0678805 0)
       1.0452             (0.964118 -0.0680830 0)             (0.964212 0.0678224 0)
       1.0456             (0.964106 -0.0680228 0)             (0.964200 0.0677627 0)
        1.046             (0.964094 -0.0679611 0)             (0.964189 0.0677014 0)
       1.0464             (0.964083 -0.0678978 0)             (0.964178 0.0676386 0)
       1.0468             (0.964072 -0.0678329 0)             (0.964167 0.0675741 0)
       1.0472             (0.964062 -0.0677664 0)             (0.964157 0.0675081 0)
       1.0476             (0.964052 -0.0676984 0)             (0.964147 0.0674406 0)
        1.048             (0.964042 -0.0676287 0)             (0.964137 0.0673714 0)
       1.0484             (0.964033 -0.0675575 0)             (0.964127 0.0673006 0)
       1.0488             (0.964024 -0.0674846 0)             (0.964118 0.0672283 0)
       1.0492             (0.964015 -0.0674102 0)             (0.964110 0.0671544 0)
       1.0496             (0.964006 -0.0673343 0)             (0.964101 0.0670789 0)
         1.05             (0.963998 -0.0672567 0)             (0.964093 0.0670018 0)
       1.0504             (0.963991 -0.0671775 0)             (0.964086 0.0669232 0)
       1.0508             (0.963984 -0.0670968 0)             (0.964079 0.0668429 0)
       1.0512             (0.963977 -0.0670145 0)             (0.964072 0.0667611 0)
       1.0516             (0.963970 -0.0669306 0)             (0.964065 0.0666777 0)
        1.052             (0.963964 -0.0668451 0)             (0.964059 0.0665928 0)
       1.0524             (0.963958 -0.0667580 0)             (0.964053 0.0665062 0)
       1.0528             (0.963953 -0.0666694 0)             (0.964048 0.0664181 0)
       1.0532             (0.963948 -0.0665792 0)             (0.964043 0.0663284 0)
       1.0536             (0.963943 -0.0664874 0)             (0.964038 0.0662371 0)
        1.054             (0.963939 -0.0663940 0)             (0.964034 0.0661443 0)
       1.0544             (0.963935 -0.0662990 0)             (0.964030 0.0660499 0)
       1.0548             (0.963931 -0.0662025 0)             (0.964026 0.0659539 0)
       1.0552             (0.963928 -0.0661044 0)             (0.964023 0.0658564 0)
       1.0556             (0.963925 -0.0660047 0)             (0.964021 0.0657572 0)
        1.056             (0.963923 -0.0659035 0)             (0.964018 0.0656565 0)
       1.0564             (0.963921 -0.0658007 0)             (0.964016 0.0655543 0)
       1.0568             (0.963919 -0.0656963 0)             (0.964015 0.0654505 0)
       1.0572             (0.963918 -0.0655904 0)             (0.964013 0.0653451 0)
       1.0576             (0.963917 -0.0654828 0)             (0.964013 0.0652381 0)
        1.058             (0.963917 -0.0653738 0)             (0.964012 0.0651296 0)
       1.0584             (0.963917 -0.0652631 0)             (0.964012 0.0650196 0)
       1.0588             (0.963917 -0.0651509 0)             (0.964012 0.0649080 0)
       1.0592             (0.963918 -0.0650372 0)             (0.964013 0.0647948 0)
       1.0596             (0.963919 -0.0649219 0)             (0.964014 0.0646800 0)
         1.06             (0.963921 -0.0648050 0)             (0.964016 0.0645638 0)
       1.0604             (0.963923 -0.0646866 0)             (0.964018 0.0644459 0)
       1.0608             (0.963925 -0.0645666 0)             (0.964020 0.0643266 0)
       1.0612             (0.963928 -0.0644451 0)             (0.964023 0.0642056 0)
       1.0616             (0.963931 -0.0643220 0)             (0.964026 0.0640832 0)
        1.062             (0.963934 -0.0641974 0)             (0.964030 0.0639591 0)
       1.0624             (0.963938 -0.0640712 0)             (0.964034 0.0638336 0)
       1.0628             (0.963943 -0.0639435 0)             (0.964038 0.0637065 0)
       1.0632             (0.963948 -0.0638142 0)             (0.964043 0.0635779 0)
       1.0636             (0.963953 -0.0636835 0)             (0.964048 0.0634477 0)
        1.064             (0.963959 -0.0635511 0)             (0.964054 0.0633160 0)
       1.0644             (0.963965 -0.0634173 0)             (0.964060 0.0631828 0)
       1.0648             (0.963971 -0.0632819 0)             (0.964066 0.0630480 0)
       1.0652             (0.963978 -0.0631450 0)             (0.964073 0.0629118 0)
       1.0656             (0.963986 -0.0630066 0)             (0.964081 0.0627740 0)
        1.066             (0.963993 -0.0628666 0)             (0.964088 0.0626347 0)
       1.0664             (0.964002 -0.0627251 0)             (0.964097 0.0624938 0)
       1.0668             (0.964010 -0.0625821 0)             (0.964105 0.0623515 0)
       1.0672             (0.964019 -0.0624376 0)             (0.964114 0.0622077 0)
       1.0676             (0.964029 -0.0622916 0)             (0.964124 0.0620623 0)
        1.068             (0.964039 -0.0621441 0)             (0.964134 0.0619154 0)
       1.0684             (0.964049 -0.0619951 0)             (0.964144 0.0617671 0)
       1.0688             (0.964060 -0.0618445 0)             (0.964155 0.0616172 0)
       1.0692             (0.964071 -0.0616925 0)             (0.964166 0.0614658 0)
       1.0696             (0.964083 -0.0615390 0)             (0.964178 0.0613130 0)
         1.07             (0.964095 -0.0613840 0)             (0.964190 0.0611586 0)
       1.0704             (0.964108 -0.0612274 0)             (0.964202 0.0610028 0)
       1.0708             (0.964121 -0.0610694 0)             (0.964215 0.0608455 0)
       1.0712             (0.964134 -0.0609100 0)             (0.964228 0.0606867 0)
       1.0716             (0.964148 -0.0607490 0)             (0.964242 0.0605264 0)
        1.072             (0.964162 -0.0605866 0)             (0.964256 0.0603647 0)
       1.0724             (0.964177 -0.0604227 0)             (0.964271 0.0602015 0)
       1.0728             (0.964192 -0.0602573 0)             (0.964286 0.0600368 0)
       1.0732             (0.964208 -0.0600904 0)             (0.964302 0.0598707 0)
       1.0736             (0.964224 -0.0599221 0)             (0.964318 0.0597031 0)
        1.074             (0.964241 -0.0597524 0)             (0.964334 0.0595340 0)
       1.0744             (0.964258 -0.0595811 0)             (0.964351 0.0593635 0)
       1.0748             (0.964275 -0.0594085 0)             (0.964369 0.0591916 0)
       1.0752             (0.964293 -0.0592343 0)             (0.964387 0.0590182 0)
       1.0756             (0.964311 -0.0590588 0)             (0.964405 0.0588433 0)
        1.076             (0.964330 -0.0588818 0)             (0.964424 0.0586670 0)
       1.0764             (0.964350 -0.0587033 0)             (0.964443 0.0584893 0)
       1.0768             (0.964369 -0.0585235 0)             (0.964463 0.0583102 0)
       1.0772             (0.964390 -0.0583422 0)             (0.964483 0.0581297 0)
       1.0776             (0.964410 -0.0581594 0)             (0.964503 0.0579477 0)
        1.078             (0.964431 -0.0579753 0)             (0.964524 0.0577643 0)
       1.0784             (0.964453 -0.0577898 0)             (0.964546 0.0575795 0)
       1.0788             (0.964475 -0.0576028 0)             (0.964568 0.0573933 0)
       1.0792             (0.964498 -0.0574144 0)             (0.964590 0.0572057 0)
       1.0796             (0.964521 -0.0572247 0)             (0.964613 0.0570166 0)
         1.08             (0.964544 -0.0570335 0)             (0.964636 0.0568262 0)
       1.0804             (0.964568 -0.0568409 0)             (0.964660 0.0566344 0)
       1.0808             (0.964592 -0.0566470 0)             (0.964684 0.0564413 0)
       1.0812             (0.964617 -0.0564516 0)             (0.964709 0.0562467 0)
       1.0816             (0.964642 -0.0562549 0)             (0.964734 0.0560508 0)
        1.082             (0.964668 -0.0560569 0)             (0.964760 0.0558535 0)
       1.0824             (0.964695 -0.0558574 0)             (0.964786 0.0556548 0)
       1.0828             (0.964721 -0.0556566 0)             (0.964813 0.0554548 0)
       1.0832             (0.964748 -0.0554544 0)             (0.964840 0.0552534 0)
       1.0836             (0.964776 -0.0552509 0)             (0.964867 0.0550506 0)
        1.084             (0.964804 -0.0550460 0)             (0.964895 0.0548465 0)
       1.0844             (0.964833 -0.0548398 0)             (0.964924 0.0546411 0)
       1.0848             (0.964862 -0.0546322 0)             (0.964953 0.0544344 0)
       1.0852             (0.964892 -0.0544233 0)             (0.964982 0.0542263 0)
       1.0856             (0.964922 -0.0542131 0)             (0.965012 0.0540168 0)
        1.086             (0.964952 -0.0540015 0)             (0.965042 0.0538061 0)
       1.0864             (0.964983 -0.0537887 0)             (0.965073 0.0535940 0)
       1.0868             (0.965015 -0.0535745 0)             (0.965105 0.0533807 0)
       1.0872             (0.965047 -0.0533590 0)             (0.965136 0.0531660 0)
       1.0876             (0.965079 -0.0531422 0)             (0.965169 0.0529500 0)
        1.088             (0.965112 -0.0529241 0)             (0.965201 0.0527328 0)
       1.0884             (0.965145 -0.0527047 0)             (0.965235 0.0525142 0)
       1.0888             (0.965179 -0.0524841 0)             (0.965268 0.0522944 0)
       1.0892             (0.965214 -0.0522621 0)             (0.965302 0.0520733 0)
       1.0896             (0.965248 -0.0520389 0)             (0.965337 0.0518509 0)
         1.09             (0.965284 -0.0518144 0)             (0.965372 0.0516272 0)
       1.0904             (0.965319 -0.0515886 0)             (0.965408 0.0514023 0)
       1.0908             (0.965356 -0.0513616 0)             (0.965444 0.0511761 0)
       1.0912             (0.965393 -0.0511334 0)             (0.965481 0.0509487 0)
       1.0916             (0.965430 -0.0509038 0)             (0.965518 0.0507201 0)
        1.092             (0.965467 -0.0506731 0)             (0.965555 0.0504902 0)
       1.0924             (0.965506 -0.0504411 0)             (0.965593 0.0502590 0)
       1.0928             (0.965544 -0.0502079 0)             (0.965632 0.0500267 0)
       1.0932             (0.965584 -0.0499735 0)             (0.965671 0.0497931 0)
       1.0936             (0.965623 -0.0497378 0)             (0.965710 0.0495583 0)
        1.094             (0.965663 -0.0495010 0)             (0.965750 0.0493223 0)
       1.0944             (0.965704 -0.0492629 0)             (0.965790 0.0490851 0)
       1.0948             (0.965745 -0.0490236 0)             (0.965831 0.0488467 0)
       1.0952             (0.965787 -0.0487832 0)             (0.965873 0.0486072 0)
       1.0956             (0.965829 -0.0485415 0)             (0.965915 0.0483664 0)
        1.096             (0.965871 -0.0482987 0)             (0.965957 0.0481245 0)
       1.0964             (0.965914 -0.0480547 0)             (0.966000 0.0478814 0)
       1.0968             (0.965958 -0.0478096 0)             (0.966043 0.0476371 0)
       1.0972             (0.966002 -0.0475633 0)             (0.966087 0.0473917 0)
       1.0976             (0.966046 -0.0473158 0)             (0.966131 0.0471451 0)
        1.098             (0.966091 -0.0470672 0)             (0.966176 0.0468974 0)
       1.0984             (0.966137 -0.0468175 0)             (0.966221 0.0466485 0)
       1.0988             (0.966183 -0.0465666 0)             (0.966267 0.0463986 0)
       1.0992             (0.966229 -0.0463146 0)             (0.966313 0.0461475 0)
       1.0996             (0.966276 -0.0460614 0)             (0.966360 0.0458952 0)
          1.1             (0.966323 -0.0458072 0)             (0.966407 0.0456419 0)
       1.1004             (0.966371 -0.0455519 0)             (0.966454 0.0453875 0)
       1.1008             (0.966420 -0.0452954 0)             (0.966503 0.0451319 0)
       1.1012             (0.966469 -0.0450379 0)             (0.966551 0.0448753 0)
       1.1016             (0.966518 -0.0447793 0)             (0.966600 0.0446176 0)
        1.102             (0.966568 -0.0445196 0)             (0.966650 0.0443588 0)
       1.1024             (0.966618 -0.0442588 0)             (0.966700 0.0440990 0)
       1.1028             (0.966669 -0.0439970 0)             (0.966750 0.0438381 0)
       1.1032             (0.966720 -0.0437341 0)             (0.966801 0.0435761 0)
       1.1036             (0.966772 -0.0434701 0)             (0.966853 0.0433131 0)
        1.104             (0.966824 -0.0432052 0)             (0.966905 0.0430491 0)
       1.1044             (0.966877 -0.0429391 0)             (0.966957 0.0427840 0)
       1.1048             (0.966930 -0.0426721 0)             (0.967010 0.0425179 0)
       1.1052             (0.966984 -0.0424040 0)             (0.967064 0.0422508 0)
       1.1056             (0.967038 -0.0421349 0)             (0.967117 0.0419826 0)
        1.106             (0.967092 -0.0418649 0)             (0.967172 0.0417135 0)
       1.1064             (0.967147 -0.0415938 0)             (0.967227 0.0414433 0)
       1.1068             (0.967203 -0.0413217 0)             (0.967282 0.0411722 0)
       1.1072             (0.967259 -0.0410486 0)             (0.967338 0.0409001 0)
       1.1076             (0.967316 -0.0407746 0)             (0.967394 0.0406270 0)
        1.108             (0.967373 -0.0404996 0)             (0.967451 0.0403530 0)
       1.1084             (0.967430 -0.0402236 0)             (0.967508 0.0400780 0)
       1.1088             (0.967488 -0.0399467 0)             (0.967566 0.0398020 0)
       1.1092             (0.967546 -0.0396689 0)             (0.967624 0.0395251 0)
       1.1096             (0.967605 -0.0393900 0)             (0.967682 0.0392473 0)
         1.11             (0.967665 -0.0391103 0)             (0.967741 0.0389685 0)
       1.1104             (0.967725 -0.0388297 0)             (0.967801 0.0386888 0)
       1.1108             (0.967785 -0.0385481 0)             (0.967861 0.0384082 0)
       1.1112             (0.967846 -0.0382656 0)             (0.967921 0.0381267 0)
       1.1116             (0.967907 -0.0379822 0)             (0.967982 0.0378443 0)
        1.112             (0.967969 -0.0376979 0)             (0.968044 0.0375610 0)
       1.1124             (0.968031 -0.0374128 0)             (0.968106 0.0372768 0)
       1.1128             (0.968094 -0.0371268 0)             (0.968168 0.0369918 0)
       1.1132             (0.968157 -0.0368399 0)             (0.968231 0.0367058 0)
       1.1136             (0.968220 -0.0365521 0)             (0.968294 0.0364191 0)
        1.114             (0.968284 -0.0362635 0)             (0.968358 0.0361314 0)
       1.1144             (0.968349 -0.0359740 0)             (0.968422 0.0358430 0)
       1.1148             (0.968414 -0.0356837 0)             (0.968487 0.0355537 0)
       1.1152             (0.968479 -0.0353926 0)             (0.968552 0.0352635 0)
       1.1156             (0.968545 -0.0351007 0)             (0.968618 0.0349726 0)
        1.116             (0.968612 -0.0348079 0)             (0.968684 0.0346808 0)
       1.1164             (0.968679 -0.0345143 0)             (0.968750 0.0343883 0)
       1.1168             (0.968746 -0.0342200 0)             (0.968817 0.0340949 0)
       1.1172             (0.968814 -0.0339249 0)             (0.968884 0.0338008 0)
       1.1176             (0.968882 -0.0336289 0)             (0.968952 0.0335059 0)
        1.118             (0.968950 -0.0333322 0)             (0.969021 0.0332102 0)
       1.1184             (0.969020 -0.0330348 0)             (0.969089 0.0329137 0)
       1.1188             (0.969089 -0.0327366 0)             (0.969159 0.0326165 0)
       1.1192             (0.969159 -0.0324376 0)             (0.969228 0.0323186 0)
       1.1196             (0.969230 -0.0321379 0)             (0.969298 0.0320199 0)
         1.12             (0.969300 -0.0318375 0)             (0.969369 0.0317205 0)
       1.1204             (0.969372 -0.0315364 0)             (0.969440 0.0314204 0)
       1.1208             (0.969444 -0.0312345 0)             (0.969511 0.0311195 0)
       1.1212             (0.969516 -0.0309320 0)             (0.969583 0.0308180 0)
       1.1216             (0.969589 -0.0306287 0)             (0.969656 0.0305158 0)
        1.122             (0.969662 -0.0303248 0)             (0.969728 0.0302129 0)
       1.1224             (0.969735 -0.0300201 0)             (0.969802 0.0299093 0)
       1.1228             (0.969809 -0.0297149 0)             (0.969875 0.0296050 0)
       1.1232             (0.969884 -0.0294089 0)             (0.969949 0.0293001 0)
       1.1236             (0.969959 -0.0291023 0)             (0.970024 0.0289945 0)
        1.124             (0.970034 -0.0287950 0)             (0.970099 0.0286883 0)
       1.1244             (0.970110 -0.0284872 0)             (0.970174 0.0283814 0)
       1.1248             (0.970186 -0.0281787 0)             (0.970250 0.0280740 0)
       1.1252             (0.970263 -0.0278695 0)             (0.970326 0.0277659 0)
       1.1256             (0.970340 -0.0275598 0)             (0.970403 0.0274572 0)
        1.126             (0.970417 -0.0272495 0)             (0.970480 0.0271479 0)
       1.1264             (0.970495 -0.0269385 0)             (0.970558 0.0268380 0)
       1.1268             (0.970573 -0.0266270 0)             (0.970635 0.0265275 0)
       1.1272             (0.970652 -0.0263149 0)             (0.970714 0.0262165 0)
       1.1276             (0.970731 -0.0260023 0)             (0.970793 0.0259048 0)
        1.128             (0.970811 -0.0256891 0)             (0.970872 0.0255927 0)
       1.1284             (0.970891 -0.0253753 0)             (0.970951 0.0252800 0)
       1.1288             (0.970971 -0.0250610 0)             (0.971031 0.0249667 0)
       1.1292             (0.971052 -0.0247462 0)             (0.971112 0.0246529 0)
       1.1296             (0.971133 -0.0244308 0)             (0.971193 0.0243386 0)
         1.13             (0.971215 -0.0241150 0)             (0.971274 0.0240238 0)
       1.1304             (0.971297 -0.0237986 0)             (0.971355 0.0237085 0)
       1.1308             (0.971379 -0.0234817 0)             (0.971438 0.0233927 0)
       1.1312             (0.971462 -0.0231644 0)             (0.971520 0.0230764 0)
       1.1316             (0.971546 -0.0228465 0)             (0.971603 0.0227596 0)
        1.132             (0.971629 -0.0225283 0)             (0.971686 0.0224424 0)
       1.1324             (0.971713 -0.0222095 0)             (0.971770 0.0221247 0)
       1.1328             (0.971798 -0.0218903 0)             (0.971854 0.0218065 0)
       1.1332             (0.971883 -0.0215706 0)             (0.971938 0.0214880 0)
       1.1336             (0.971968 -0.0212506 0)             (0.972023 0.0211689 0)
        1.134             (0.972053 -0.0209301 0)             (0.972108 0.0208495 0)
       1.1344             (0.972140 -0.0206091 0)             (0.972194 0.0205296 0)
       1.1348             (0.972226 -0.0202878 0)             (0.972280 0.0202094 0)
       1.1352             (0.972313 -0.0199661 0)             (0.972366 0.0198887 0)
       1.1356             (0.972400 -0.0196440 0)             (0.972453 0.0195677 0)
        1.136             (0.972487 -0.0193215 0)             (0.972540 0.0192463 0)
       1.1364             (0.972575 -0.0189987 0)             (0.972628 0.0189245 0)
       1.1368             (0.972664 -0.0186754 0)             (0.972715 0.0186023 0)
       1.1372             (0.972752 -0.0183519 0)             (0.972804 0.0182798 0)
       1.1376             (0.972841 -0.0180280 0)             (0.972892 0.0179570 0)
        1.138             (0.972931 -0.0177037 0)             (0.972981 0.0176338 0)
       1.1384             (0.973021 -0.0173791 0)             (0.973071 0.0173103 0)
       1.1388             (0.973111 -0.0170543 0)             (0.973160 0.0169865 0)
       1.1392             (0.973201 -0.0167291 0)             (0.973250 0.0166624 0)
       1.1396             (0.973292 -0.0164036 0)             (0.973341 0.0163380 0)
         1.14             (0.973383 -0.0160778 0)             (0.973431 0.0160133 0)
       1.1404             (0.973475 -0.0157518 0)             (0.973523 0.0156883 0)
       1.1408             (0.973567 -0.0154254 0)             (0.973614 0.0153631 0)
       1.1412             (0.973659 -0.0150989 0)             (0.973706 0.0150376 0)
       1.1416             (0.973752 -0.0147720 0)             (0.973798 0.0147118 0)
        1.142             (0.973845 -0.0144450 0)             (0.973891 0.0143858 0)
       1.1424             (0.973938 -0.0141176 0)             (0.973983 0.0140596 0)
       1.1428             (0.974032 -0.0137901 0)             (0.974077 0.0137331 0)
       1.1432             (0.974126 -0.0134624 0)             (0.974170 0.0134065 0)
       1.1436             (0.974220 -0.0131344 0)             (0.974264 0.0130796 0)
        1.144             (0.974315 -0.0128063 0)             (0.974358 0.0127525 0)
       1.1444             (0.974410 -0.0124779 0)             (0.974453 0.0124253 0)
       1.1448             (0.974505 -0.0121494 0)             (0.974548 0.0120978 0)
       1.1452             (0.974601 -0.0118207 0)             (0.974643 0.0117702 0)
       1.1456             (0.974697 -0.0114919 0)             (0.974738 0.0114425 0)
        1.146             (0.974793 -0.0111629 0)             (0.974834 0.0111146 0)
       1.1464             (0.974890 -0.0108337 0)             (0.974930 0.0107865 0)
       1.1468             (0.974987 -0.0105045 0)             (0.975027 0.0104583 0)
       1.1472             (0.975084 -0.0101751 0)             (0.975123 0.0101300 0)
       1.1476             (0.975181 -0.0098455 0)             (0.975220 0.0098016 0)
        1.148             (0.975279 -0.0095159 0)             (0.975318 0.0094730 0)
       1.1484             (0.975377 -0.0091862 0)             (0.975415 0.0091444 0)
       1.1488             (0.975476 -0.0088564 0)             (0.975513 0.0088157 0)
       1.1492             (0.975575 -0.0085265 0)             (0.975612 0.0084869 0)
       1.1496             (0.975674 -0.0081966 0)             (0.975710 0.0081580 0)
         1.15             (0.975773 -0.0078666 0)             (0.975809 0.0078291 0)
       1.1504             (0.975873 -0.0075365 0)             (0.975908 0.0075001 0)
       1.1508             (0.975973 -0.0072064 0)             (0.976008 0.0071711 0)
       1.1512             (0.976073 -0.0068763 0)             (0.976107 0.0068421 0)
       1.1516             (0.976173 -0.0065461 0)             (0.976207 0.0065130 0)
        1.152             (0.976274 -0.0062159 0)             (0.976308 0.0061839 0)
       1.1524             (0.976375 -0.0058858 0)             (0.976408 0.0058548 0)
       1.1528             (0.976476 -0.0055556 0)             (0.976509 0.0055257 0)
       1.1532             (0.976578 -0.0052254 0)             (0.976610 0.0051967 0)
       1.1536             (0.976680 -0.0048953 0)             (0.976711 0.0048676 0)
        1.154             (0.976782 -0.0045652 0)             (0.976813 0.0045386 0)
       1.1544             (0.976884 -0.0042351 0)             (0.976915 0.0042096 0)
       1.1548             (0.976987 -0.0039051 0)             (0.977017 0.0038807 0)
       1.1552             (0.977090 -0.0035751 0)             (0.977119 0.0035518 0)
       1.1556             (0.977193 -0.0032452 0)             (0.977222 0.0032230 0)
        1.156             (0.977296 -0.0029154 0)             (0.977325 0.0028942 0)
       1.1564             (0.977400 -0.0025856 0)             (0.977428 0.0025656 0)
       1.1568             (0.977504 -0.0022560 0)             (0.977531 0.0022370 0)
       1.1572             (0.977608 -0.0019264 0)             (0.977635 0.0019085 0)
       1.1576             (0.977712 -0.0015970 0)             (0.977739 0.0015802 0)
        1.158             (0.977817 -0.0012677 0)             (0.977843 0.0012520 0)
       1.1584             (0.977922 -0.0009385 0)             (0.977947 0.0009239 0)
       1.1588             (0.978027 -0.0006094 0)             (0.978051 0.0005959 0)
       1.1592             (0.978132 -0.0002805 0)             (0.978156 0.0002681 0)
       1.1596             (0.978237 0.0000482 0)             (0.978261 -0.0000596 0)
         1.16             (0.978343 0.0003768 0)             (0.978366 -0.0003871 0)
       1.1604             (0.978449 0.0007052 0)             (0.978472 -0.0007144 0)
       1.1608             (0.978555 0.0010335 0)             (0.978577 -0.0010416 0)
       1.1612             (0.978661 0.0013615 0)             (0.978683 -0.0013685 0)
       1.1616             (0.978768 0.0016893 0)             (0.978789 -0.0016953 0)
        1.162             (0.978875 0.0020170 0)             (0.978895 -0.0020218 0)
       1.1624             (0.978982 0.0023444 0)             (0.979002 -0.0023481 0)
       1.1628             (0.979089 0.0026716 0)             (0.979108 -0.0026743 0)
       1.1632             (0.979196 0.0029985 0)             (0.979215 -0.0030001 0)
       1.1636             (0.979304 0.0033253 0)             (0.979322 -0.0033258 0)
        1.164             (0.979411 0.0036517 0)             (0.979429 -0.0036511 0)
       1.1644             (0.979519 0.0039779 0)             (0.979537 -0.0039763 0)
       1.1648             (0.979627 0.0043039 0)             (0.979644 -0.0043011 0)
       1.1652             (0.979735 0.0046295 0)             (0.979752 -0.0046257 0)
       1.1656             (0.979844 0.0049549 0)             (0.979860 -0.0049500 0)
        1.166             (0.979952 0.0052800 0)             (0.979968 -0.0052740 0)
       1.1664             (0.980061 0.0056047 0)             (0.980076 -0.0055977 0)
       1.1668             (0.980170 0.0059292 0)             (0.980184 -0.0059211 0)
       1.1672             (0.980279 0.0062533 0)             (0.980293 -0.0062441 0)
       1.1676             (0.980388 0.0065772 0)             (0.980401 -0.0065669 0)
        1.168             (0.980498 0.0069006 0)             (0.980510 -0.0068893 0)
       1.1684             (0.980607 0.0072238 0)             (0.980619 -0.0072113 0)
       1.1688             (0.980717 0.0075465 0)             (0.980728 -0.0075330 0)
       1.1692             (0.980827 0.0078690 0)             (0.980837 -0.0078544 0)
       1.1696             (0.980936 0.0081910 0)             (0.980947 -0.0081754 0)
         1.17             (0.981046 0.0085127 0)             (0.981056 -0.0084960 0)
       1.1704             (0.981157 0.0088340 0)             (0.981166 -0.0088162 0)
       1.1708             (0.981267 0.0091548 0)             (0.981276 -0.0091360 0)
       1.1712             (0.981377 0.0094753 0)             (0.981386 -0.0094554 0)
       1.1716             (0.981488 0.0097954 0)             (0.981496 -0.0097744 0)
        1.172             (0.981599 0.0101150 0)             (0.981606 -0.0100930 0)
       1.1724             (0.981709 0.0104343 0)             (0.981716 -0.0104111 0)
       1.1728             (0.981820 0.0107531 0)             (0.981826 -0.0107288 0)
       1.1732             (0.981931 0.0110714 0)             (0.981937 -0.0110461 0)
       1.1736             (0.982042 0.0113893 0)             (0.982047 -0.0113629 0)
        1.174             (0.982154 0.0117067 0)             (0.982158 -0.0116793 0)
       1.1744             (0.982265 0.0120237 0)             (0.982269 -0.0119952 0)
       1.1748             (0.982376 0.0123401 0)             (0.982379 -0.0123106 0)
       1.1752             (0.982488 0.0126561 0)             (0.982490 -0.0126255 0)
       1.1756             (0.982599 0.0129716 0)             (0.982601 -0.0129400 0)
        1.176             (0.982711 0.0132866 0)             (0.982712 -0.0132539 0)
       1.1764             (0.982823 0.0136011 0)             (0.982824 -0.0135674 0)
       1.1768             (0.982935 0.0139151 0)             (0.982935 -0.0138803 0)
       1.1772             (0.983046 0.0142286 0)             (0.983046 -0.0141927 0)
       1.1776             (0.983158 0.0145415 0)             (0.983158 -0.0145045 0)
        1.178             (0.983270 0.0148539 0)             (0.983269 -0.0148159 0)
       1.1784             (0.983382 0.0151657 0)             (0.983380 -0.0151266 0)
       1.1788             (0.983494 0.0154770 0)             (0.983492 -0.0154369 0)
       1.1792             (0.983607 0.0157877 0)             (0.983604 -0.0157465 0)
       1.1796             (0.983719 0.0160978 0)             (0.983715 -0.0160556 0)
         1.18             (0.983831 0.0164074 0)             (0.983827 -0.0163641 0)
       1.1804             (0.983943 0.0167164 0)             (0.983939 -0.0166721 0)
       1.1808             (0.984056 0.0170247 0)             (0.984050 -0.0169794 0)
       1.1812             (0.984168 0.0173325 0)             (0.984162 -0.0172861 0)
       1.1816             (0.984280 0.0176397 0)             (0.984274 -0.0175923 0)
        1.182             (0.984393 0.0179462 0)             (0.984386 -0.0178978 0)
       1.1824             (0.984505 0.0182522 0)             (0.984498 -0.0182027 0)
       1.1828             (0.984618 0.0185575 0)             (0.984610 -0.0185069 0)
       1.1832             (0.984730 0.0188621 0)             (0.984721 -0.0188105 0)
       1.1836             (0.984843 0.0191661 0)             (0.984833 -0.0191135 0)
        1.184             (0.984955 0.0194695 0)             (0.984945 -0.0194158 0)
       1.1844             (0.985068 0.0197722 0)             (0.985057 -0.0197175 0)
       1.1848             (0.985180 0.0200742 0)             (0.985169 -0.0200185 0)
       1.1852             (0.985293 0.0203756 0)             (0.985281 -0.0203188 0)
       1.1856             (0.985405 0.0206763 0)             (0.985393 -0.0206185 0)
        1.186             (0.985517 0.0209762 0)             (0.985505 -0.0209174 0)
       1.1864             (0.985630 0.0212755 0)             (0.985617 -0.0212157 0)
       1.1868             (0.985742 0.0215741 0)             (0.985729 -0.0215132 0)
       1.1872             (0.985855 0.0218720 0)             (0.985840 -0.0218101 0)
       1.1876             (0.985967 0.0221691 0)             (0.985952 -0.0221062 0)
        1.188             (0.986080 0.0224656 0)             (0.986064 -0.0224016 0)
       1.1884             (0.986192 0.0227613 0)             (0.986176 -0.0226963 0)
       1.1888             (0.986304 0.0230562 0)             (0.986288 -0.0229902 0)
       1.1892             (0.986416 0.0233504 0)             (0.986399 -0.0232834 0)
       1.1896             (0.986529 0.0236439 0)             (0.986511 -0.0235759 0)
         1.19             (0.986641 0.0239366 0)             (0.986622 -0.0238676 0)
       1.1904             (0.986753 0.0242285 0)             (0.986734 -0.0241585 0)
       1.1908             (0.986865 0.0245197 0)             (0.986845 -0.0244487 0)
       1.1912             (0.986977 0.0248101 0)             (0.986957 -0.0247380 0)
       1.1916             (0.987089 0.0250997 0)             (0.987068 -0.0250266 0)
        1.192             (0.987201 0.0253885 0)             (0.987180 -0.0253144 0)
       1.1924             (0.987312 0.0256765 0)             (0.987291 -0.0256014 0)
       1.1928             (0.987424 0.0259637 0)             (0.987402 -0.0258876 0)
       1.1932             (0.987536 0.0262501 0)             (0.987513 -0.0261730 0)
       1.1936             (0.987647 0.0265356 0)             (0.987624 -0.0264576 0)
        1.194             (0.987759 0.0268204 0)             (0.987735 -0.0267413 0)
       1.1944             (0.987870 0.0271043 0)             (0.987846 -0.0270242 0)
       1.1948             (0.987981 0.0273874 0)             (0.987956 -0.0273063 0)
       1.1952             (0.988092 0.0276696 0)             (0.988067 -0.0275876 0)
       1.1956             (0.988204 0.0279510 0)             (0.988178 -0.0278680 0)
        1.196             (0.988314 0.0282315 0)             (0.988288 -0.0281475 0)
       1.1964             (0.988425 0.0285112 0)             (0.988398 -0.0284262 0)
       1.1968             (0.988536 0.0287900 0)             (0.988508 -0.0287040 0)
       1.1972             (0.988647 0.0290679 0)             (0.988619 -0.0289809 0)
       1.1976             (0.988757 0.0293449 0)             (0.988728 -0.0292570 0)
        1.198             (0.988868 0.0296211 0)             (0.988838 -0.0295322 0)
       1.1984             (0.988978 0.0298963 0)             (0.988948 -0.0298064 0)
       1.1988             (0.989088 0.0301707 0)             (0.989058 -0.0300798 0)
       1.1992             (0.989198 0.0304441 0)             (0.989167 -0.0303523 0)
       1.1996             (0.989308 0.0307167 0)             (0.989276 -0.0306239 0)
          1.2             (0.989418 0.0309883 0)             (0.989386 -0.0308946 0)
       1.2004             (0.989527 0.0312590 0)             (0.989495 -0.0311643 0)
       1.2008             (0.989637 0.0315288 0)             (0.989603 -0.0314331 0)
       1.2012             (0.989746 0.0317977 0)             (0.989712 -0.0317010 0)
       1.2016             (0.989855 0.0320656 0)             (0.989821 -0.0319680 0)
        1.202             (0.989964 0.0323325 0)             (0.989929 -0.0322340 0)
       1.2024             (0.990073 0.0325985 0)             (0.990037 -0.0324990 0)
       1.2028             (0.990181 0.0328636 0)             (0.990145 -0.0327631 0)
       1.2032             (0.990290 0.0331277 0)             (0.990253 -0.0330263 0)
       1.2036             (0.990398 0.0333908 0)             (0.990361 -0.0332885 0)
        1.204             (0.990506 0.0336530 0)             (0.990469 -0.0335497 0)
       1.2044             (0.990614 0.0339142 0)             (0.990576 -0.0338099 0)
       1.2048             (0.990722 0.0341744 0)             (0.990683 -0.0340692 0)
       1.2052             (0.990829 0.0344336 0)             (0.990790 -0.0343275 0)
       1.2056             (0.990937 0.0346918 0)             (0.990897 -0.0345847 0)
        1.206             (0.991044 0.0349490 0)             (0.991004 -0.0348410 0)
       1.2064             (0.991151 0.0352053 0)             (0.991110 -0.0350963 0)
       1.2068             (0.991258 0.0354605 0)             (0.991216 -0.0353506 0)
       1.2072             (0.991364 0.0357147 0)             (0.991322 -0.0356039 0)
       1.2076             (0.991471 0.0359679 0)             (0.991428 -0.0358561 0)
        1.208             (0.991577 0.0362200 0)             (0.991534 -0.0361074 0)
       1.2084             (0.991683 0.0364712 0)             (0.991639 -0.0363576 0)
       1.2088             (0.991788 0.0367213 0)             (0.991744 -0.0366068 0)
       1.2092             (0.991894 0.0369703 0)             (0.991849 -0.0368549 0)
       1.2096             (0.991999 0.0372184 0)             (0.991954 -0.0371020 0)
         1.21             (0.992104 0.0374653 0)             (0.992058 -0.0373481 0)
       1.2104             (0.992209 0.0377113 0)             (0.992163 -0.0375931 0)
       1.2108             (0.992313 0.0379561 0)             (0.992267 -0.0378371 0)
       1.2112             (0.992418 0.0382000 0)             (0.992370 -0.0380800 0)
       1.2116             (0.992522 0.0384427 0)             (0.992474 -0.0383218 0)
        1.212             (0.992625 0.0386844 0)             (0.992577 -0.0385626 0)
       1.2124             (0.992729 0.0389250 0)             (0.992680 -0.0388023 0)
       1.2128             (0.992832 0.0391645 0)             (0.992783 -0.0390409 0)
       1.2132             (0.992935 0.0394030 0)             (0.992886 -0.0392785 0)
       1.2136             (0.993038 0.0396403 0)             (0.992988 -0.0395149 0)
        1.214             (0.993140 0.0398766 0)             (0.993090 -0.0397503 0)
       1.2144             (0.993243 0.0401118 0)             (0.993191 -0.0399846 0)
       1.2148             (0.993345 0.0403459 0)             (0.993293 -0.0402178 0)
       1.2152             (0.993446 0.0405788 0)             (0.993394 -0.0404499 0)
       1.2156             (0.993548 0.0408107 0)             (0.993495 -0.0406809 0)
        1.216             (0.993649 0.0410414 0)             (0.993596 -0.0409108 0)
       1.2164             (0.993750 0.0412711 0)             (0.993696 -0.0411395 0)
       1.2168             (0.993850 0.0414996 0)             (0.993796 -0.0413672 0)
       1.2172             (0.993950 0.0417270 0)             (0.993896 -0.0415937 0)
       1.2176             (0.994050 0.0419533 0)             (0.993995 -0.0418191 0)
        1.218             (0.994150 0.0421784 0)             (0.994094 -0.0420434 0)
       1.2184             (0.994249 0.0424024 0)             (0.994193 -0.0422665 0)
       1.2188             (0.994348 0.0426253 0)             (0.994292 -0.0424885 0)
       1.2192             (0.994447 0.0428471 0)             (0.994390 -0.0427094 0)
       1.2196             (0.994546 0.0430676 0)             (0.994488 -0.0429292 0)
         1.22             (0.994644 0.0432871 0)             (0.994585 -0.0431477 0)
       1.2204             (0.994741 0.0435054 0)             (0.994683 -0.0433652 0)
       1.2208             (0.994839 0.0437225 0)             (0.994780 -0.0435815 0)
       1.2212             (0.994936 0.0439385 0)             (0.994876 -0.0437966 0)
       1.2216             (0.995033 0.0441533 0)             (0.994973 -0.0440106 0)
        1.222             (0.995129 0.0443669 0)             (0.995069 -0.0442234 0)
       1.2224             (0.995225 0.0445794 0)             (0.995164 -0.0444350 0)
       1.2228             (0.995321 0.0447907 0)             (0.995260 -0.0446455 0)
       1.2232             (0.995417 0.0450009 0)             (0.995355 -0.0448548 0)
       1.2236             (0.995512 0.0452098 0)             (0.995449 -0.0450629 0)
        1.224             (0.995607 0.0454176 0)             (0.995544 -0.0452699 0)
       1.2244             (0.995701 0.0456242 0)             (0.995637 -0.0454757 0)
       1.2248             (0.995795 0.0458296 0)             (0.995731 -0.0456802 0)
       1.2252             (0.995889 0.0460338 0)             (0.995824 -0.0458836 0)
       1.2256             (0.995982 0.0462369 0)             (0.995917 -0.0460859 0)
        1.226             (0.996075 0.0464387 0)             (0.996010 -0.0462869 0)
       1.2264             (0.996168 0.0466393 0)             (0.996102 -0.0464867 0)
       1.2268             (0.996260 0.0468388 0)             (0.996194 -0.0466853 0)
       1.2272             (0.996352 0.0470370 0)             (0.996285 -0.0468828 0)
       1.2276             (0.996443 0.0472340 0)             (0.996376 -0.0470790 0)
        1.228             (0.996534 0.0474299 0)             (0.996467 -0.0472740 0)
       1.2284             (0.996625 0.0476245 0)             (0.996557 -0.0474678 0)
       1.2288             (0.996716 0.0478179 0)             (0.996647 -0.0476604 0)
       1.2292             (0.996805 0.0480100 0)             (0.996736 -0.0478518 0)
       1.2296             (0.996895 0.0482010 0)             (0.996826 -0.0480420 0)
         1.23             (0.996984 0.0483907 0)             (0.996914 -0.0482309 0)
       1.2304             (0.997073 0.0485793 0)             (0.997003 -0.0484187 0)
       1.2308             (0.997161 0.0487666 0)             (0.997091 -0.0486052 0)
       1.2312             (0.997249 0.0489526 0)             (0.997178 -0.0487905 0)
       1.2316             (0.997337 0.0491375 0)             (0.997265 -0.0489745 0)
        1.232             (0.997424 0.0493211 0)             (0.997352 -0.0491574 0)
       1.2324             (0.997511 0.0495035 0)             (0.997438 -0.0493390 0)
       1.2328             (0.997597 0.0496846 0)             (0.997524 -0.0495193 0)
       1.2332             (0.997683 0.0498645 0)             (0.997610 -0.0496985 0)
       1.2336             (0.997769 0.0500432 0)             (0.997695 -0.0498764 0)
        1.234             (0.997854 0.0502206 0)             (0.997780 -0.0500530 0)
       1.2344             (0.997939 0.0503968 0)             (0.997864 -0.0502285 0)
       1.2348             (0.998023 0.0505717 0)             (0.997948 -0.0504027 0)
       1.2352             (0.998107 0.0507454 0)             (0.998031 -0.0505756 0)
       1.2356             (0.998190 0.0509178 0)             (0.998114 -0.0507473 0)
        1.236             (0.998273 0.0510890 0)             (0.998197 -0.0509177 0)
       1.2364             (0.998356 0.0512590 0)             (0.998279 -0.0510869 0)
       1.2368             (0.998438 0.0514277 0)             (0.998361 -0.0512549 0)
       1.2372             (0.998519 0.0515951 0)             (0.998442 -0.0514216 0)
       1.2376             (0.998601 0.0517613 0)             (0.998523 -0.0515870 0)
        1.238             (0.998681 0.0519262 0)             (0.998603 -0.0517512 0)
       1.2384             (0.998762 0.0520899 0)             (0.998683 -0.0519142 0)
       1.2388             (0.998842 0.0522523 0)             (0.998762 -0.0520758 0)
       1.2392             (0.998921 0.0524134 0)             (0.998841 -0.0522363 0)
       1.2396             (0.999000 0.0525733 0)             (0.998920 -0.0523954 0)
         1.24             (0.999079 0.0527319 0)             (0.998998 -0.0525533 0)
       1.2404             (0.999157 0.0528893 0)             (0.999076 -0.0527100 0)
       1.2408             (0.999234 0.0530454 0)             (0.999153 -0.0528654 0)
       1.2412             (0.999311 0.0532002 0)             (0.999230 -0.0530195 0)
       1.2416             (0.999388 0.0533538 0)             (0.999306 -0.0531723 0)
        1.242             (0.999464 0.0535061 0)             (0.999382 -0.0533239 0)
       1.2424             (0.999540 0.0536571 0)             (0.999457 -0.0534742 0)
       1.2428             (0.999615 0.0538068 0)             (0.999532 -0.0536233 0)
       1.2432             (0.999690 0.0539553 0)             (0.999606 -0.0537711 0)
       1.2436             (0.999764 0.0541025 0)             (0.999680 -0.0539176 0)
        1.244             (0.999838 0.0542484 0)             (0.999754 -0.0540628 0)
       1.2444             (0.999911 0.0543931 0)             (0.999827 -0.0542068 0)
       1.2448             (0.999984 0.0545365 0)             (0.999899 -0.0543495 0)
       1.2452             (1.000056 0.0546786 0)             (0.999971 -0.0544909 0)
       1.2456             (1.000128 0.0548194 0)             (1.000043 -0.0546311 0)
        1.246             (1.000200 0.0549590 0)             (1.000114 -0.0547700 0)
       1.2464             (1.000271 0.0550973 0)             (1.000184 -0.0549076 0)
       1.2468             (1.000341 0.0552343 0)             (1.000254 -0.0550440 0)
       1.2472             (1.000411 0.0553700 0)             (1.000324 -0.0551790 0)
       1.2476             (1.000480 0.0555045 0)             (1.000393 -0.0553128 0)
        1.248             (1.000549 0.0556377 0)             (1.000461 -0.0554454 0)
       1.2484             (1.000618 0.0557696 0)             (1.000530 -0.0555766 0)
       1.2488             (1.000685 0.0559002 0)             (1.000597 -0.0557066 0)
       1.2492             (1.000753 0.0560296 0)             (1.000664 -0.0558353 0)
       1.2496             (1.000820 0.0561576 0)             (1.000731 -0.0559627 0)
         1.25             (1.000886 0.0562844 0)             (1.000797 -0.0560888 0)
       1.2504             (1.000952 0.0564099 0)             (1.000862 -0.0562137 0)
       1.2508             (1.001017 0.0565342 0)             (1.000927 -0.0563373 0)
       1.2512             (1.001082 0.0566571 0)             (1.000992 -0.0564596 0)
       1.2516             (1.001146 0.0567788 0)             (1.001056 -0.0565807 0)
        1.252             (1.001210 0.0568992 0)             (1.001119 -0.0567005 0)
       1.2524             (1.001273 0.0570183 0)             (1.001182 -0.0568190 0)
       1.2528             (1.001336 0.0571362 0)             (1.001245 -0.0569362 0)
       1.2532             (1.001398 0.0572528 0)             (1.001306 -0.0570521 0)
       1.2536             (1.001460 0.0573681 0)             (1.001368 -0.0571668 0)
        1.254             (1.001521 0.0574821 0)             (1.001429 -0.0572802 0)
       1.2544             (1.001582 0.0575948 0)             (1.001489 -0.0573923 0)
       1.2548             (1.001642 0.0577063 0)             (1.001549 -0.0575032 0)
       1.2552             (1.001702 0.0578165 0)             (1.001608 -0.0576128 0)
       1.2556             (1.001761 0.0579254 0)             (1.001667 -0.0577211 0)
        1.256             (1.001819 0.0580330 0)             (1.001725 -0.0578281 0)
       1.2564             (1.001877 0.0581394 0)             (1.001783 -0.0579339 0)
       1.2568             (1.001935 0.0582445 0)             (1.001840 -0.0580384 0)
       1.2572             (1.001991 0.0583483 0)             (1.001896 -0.0581416 0)
       1.2576             (1.002048 0.0584508 0)             (1.001953 -0.0582436 0)
        1.258             (1.002104 0.0585521 0)             (1.002008 -0.0583443 0)
       1.2584             (1.002159 0.0586521 0)             (1.002063 -0.0584437 0)
       1.2588             (1.002214 0.0587508 0)             (1.002118 -0.0585418 0)
       1.2592             (1.002268 0.0588483 0)             (1.002171 -0.0586387 0)
       1.2596             (1.002321 0.0589445 0)             (1.002225 -0.0587343 0)
         1.26             (1.002374 0.0590394 0)             (1.002278 -0.0588287 0)
       1.2604             (1.002427 0.0591331 0)             (1.002330 -0.0589218 0)
       1.2608             (1.002479 0.0592255 0)             (1.002382 -0.0590136 0)
       1.2612             (1.002530 0.0593166 0)             (1.002433 -0.0591042 0)
       1.2616             (1.002581 0.0594065 0)             (1.002483 -0.0591935 0)
        1.262             (1.002632 0.0594951 0)             (1.002533 -0.0592816 0)
       1.2624             (1.002681 0.0595825 0)             (1.002583 -0.0593684 0)
       1.2628             (1.002731 0.0596686 0)             (1.002632 -0.0594539 0)
       1.2632             (1.002779 0.0597534 0)             (1.002680 -0.0595382 0)
       1.2636             (1.002827 0.0598370 0)             (1.002728 -0.0596212 0)
        1.264             (1.002875 0.0599193 0)             (1.002775 -0.0597030 0)
       1.2644             (1.002922 0.0600003 0)             (1.002822 -0.0597835 0)
       1.2648             (1.002968 0.0600801 0)             (1.002868 -0.0598628 0)
       1.2652             (1.003014 0.0601587 0)             (1.002914 -0.0599408 0)
       1.2656             (1.003059 0.0602360 0)             (1.002959 -0.0600176 0)
        1.266             (1.003104 0.0603121 0)             (1.003004 -0.0600931 0)
       1.2664             (1.003148 0.0603869 0)             (1.003048 -0.0601674 0)
       1.2668             (1.003192 0.0604604 0)             (1.003091 -0.0602404 0)
       1.2672             (1.003235 0.0605327 0)             (1.003134 -0.0603122 0)
       1.2676             (1.003277 0.0606038 0)             (1.003176 -0.0603828 0)
        1.268             (1.003319 0.0606736 0)             (1.003218 -0.0604521 0)
       1.2684             (1.003361 0.0607422 0)             (1.003259 -0.0605202 0)
       1.2688             (1.003401 0.0608096 0)             (1.003299 -0.0605870 0)
       1.2692             (1.003441 0.0608757 0)             (1.003339 -0.0606526 0)
       1.2696             (1.003481 0.0609406 0)             (1.003379 -0.0607170 0)
         1.27             (1.003520 0.0610042 0)             (1.003418 -0.0607802 0)
       1.2704             (1.003559 0.0610666 0)             (1.003456 -0.0608421 0)
       1.2708             (1.003596 0.0611278 0)             (1.003493 -0.0609028 0)
       1.2712             (1.003634 0.0611878 0)             (1.003531 -0.0609622 0)
       1.2716             (1.003671 0.0612465 0)             (1.003567 -0.0610205 0)
        1.272             (1.003707 0.0613040 0)             (1.003603 -0.0610775 0)
       1.2724             (1.003742 0.0613603 0)             (1.003639 -0.0611333 0)
       1.2728             (1.003777 0.0614153 0)             (1.003673 -0.0611879 0)
       1.2732             (1.003812 0.0614692 0)             (1.003708 -0.0612413 0)
       1.2736             (1.003846 0.0615218 0)             (1.003741 -0.0612934 0)
        1.274             (1.003879 0.0615732 0)             (1.003774 -0.0613444 0)
       1.2744             (1.003912 0.0616234 0)             (1.003807 -0.0613941 0)
       1.2748             (1.003944 0.0616724 0)             (1.003839 -0.0614426 0)
       1.2752             (1.003975 0.0617202 0)             (1.003870 -0.0614900 0)
       1.2756             (1.004006 0.0617668 0)             (1.003901 -0.0615361 0)
        1.276             (1.004037 0.0618121 0)             (1.003931 -0.0615810 0)
       1.2764             (1.004066 0.0618563 0)             (1.003961 -0.0616247 0)
       1.2768             (1.004096 0.0618993 0)             (1.003990 -0.0616672 0)
       1.2772             (1.004124 0.0619411 0)             (1.004019 -0.0617086 0)
       1.2776             (1.004152 0.0619816 0)             (1.004047 -0.0617487 0)
        1.278             (1.004180 0.0620210 0)             (1.004074 -0.0617877 0)
       1.2784             (1.004207 0.0620592 0)             (1.004101 -0.0618254 0)
       1.2788             (1.004233 0.0620962 0)             (1.004127 -0.0618620 0)
       1.2792             (1.004259 0.0621321 0)             (1.004153 -0.0618974 0)
       1.2796             (1.004284 0.0621667 0)             (1.004178 -0.0619316 0)
         1.28             (1.004309 0.0622002 0)             (1.004202 -0.0619646 0)
       1.2804             (1.004333 0.0622324 0)             (1.004226 -0.0619965 0)
       1.2808             (1.004356 0.0622635 0)             (1.004250 -0.0620272 0)
       1.2812             (1.004379 0.0622935 0)             (1.004272 -0.0620567 0)
       1.2816             (1.004401 0.0623222 0)             (1.004294 -0.0620850 0)
        1.282             (1.004423 0.0623498 0)             (1.004316 -0.0621122 0)
       1.2824             (1.004444 0.0623763 0)             (1.004337 -0.0621382 0)
       1.2828             (1.004465 0.0624015 0)             (1.004358 -0.0621631 0)
       1.2832             (1.004485 0.0624256 0)             (1.004377 -0.0621868 0)
       1.2836             (1.004504 0.0624486 0)             (1.004397 -0.0622094 0)
        1.284             (1.004523 0.0624704 0)             (1.004415 -0.0622308 0)
       1.2844             (1.004541 0.0624910 0)             (1.004434 -0.0622510 0)
       1.2848             (1.004559 0.0625105 0)             (1.004451 -0.0622701 0)
       1.2852             (1.004576 0.0625288 0)             (1.004468 -0.0622881 0)
       1.2856             (1.004593 0.0625460 0)             (1.004485 -0.0623049 0)
        1.286             (1.004608 0.0625621 0)             (1.004500 -0.0623206 0)
       1.2864             (1.004624 0.0625770 0)             (1.004516 -0.0623351 0)
       1.2868             (1.004639 0.0625908 0)             (1.004530 -0.0623485 0)
       1.2872             (1.004653 0.0626035 0)             (1.004545 -0.0623608 0)
       1.2876             (1.004666 0.0626150 0)             (1.004558 -0.0623719 0)
        1.288             (1.004679 0.0626254 0)             (1.004571 -0.0623820 0)
       1.2884             (1.004692 0.0626347 0)             (1.004583 -0.0623909 0)
       1.2888             (1.004704 0.0626428 0)             (1.004595 -0.0623987 0)
       1.2892             (1.004715 0.0626498 0)             (1.004607 -0.0624053 0)
       1.2896             (1.004726 0.0626558 0)             (1.004617 -0.0624109 0)
         1.29             (1.004736 0.0626606 0)             (1.004627 -0.0624153 0)
       1.2904             (1.004746 0.0626643 0)             (1.004637 -0.0624187 0)
       1.2908             (1.004755 0.0626668 0)             (1.004646 -0.0624209 0)
       1.2912             (1.004763 0.0626683 0)             (1.004654 -0.0624221 0)
       1.2916             (1.004771 0.0626687 0)             (1.004662 -0.0624221 0)
        1.292             (1.004779 0.0626680 0)             (1.004670 -0.0624211 0)
       1.2924             (1.004785 0.0626662 0)             (1.004676 -0.0624189 0)
       1.2928             (1.004791 0.0626633 0)             (1.004683 -0.0624157 0)
       1.2932             (1.004797 0.0626593 0)             (1.004688 -0.0624114 0)
       1.2936             (1.004802 0.0626542 0)             (1.004693 -0.0624060 0)
        1.294             (1.004807 0.0626481 0)             (1.004698 -0.0623995 0)
       1.2944             (1.004811 0.0626408 0)             (1.004702 -0.0623919 0)
       1.2948             (1.004814 0.0626325 0)             (1.004705 -0.0623833 0)
       1.2952             (1.004817 0.0626231 0)             (1.004708 -0.0623736 0)
       1.2956             (1.004819 0.0626127 0)             (1.004710 -0.0623628 0)
        1.296             (1.004821 0.0626012 0)             (1.004712 -0.0623510 0)
       1.2964             (1.004822 0.0625886 0)             (1.004713 -0.0623381 0)
       1.2968             (1.004822 0.0625750 0)             (1.004713 -0.0623242 0)
       1.2972             (1.004822 0.0625603 0)             (1.004713 -0.0623092 0)
       1.2976             (1.004822 0.0625445 0)             (1.004713 -0.0622931 0)
        1.298             (1.004821 0.0625277 0)             (1.004712 -0.0622760 0)
       1.2984             (1.004819 0.0625099 0)             (1.004710 -0.0622579 0)
       1.2988             (1.004817 0.0624910 0)             (1.004708 -0.0622387 0)
       1.2992             (1.004814 0.0624710 0)             (1.004705 -0.0622185 0)
       1.2996             (1.004811 0.0624501 0)             (1.004702 -0.0621972 0)
          1.3             (1.004807 0.0624281 0)             (1.004698 -0.0621749 0)
       1.3004             (1.004803 0.0624050 0)             (1.004694 -0.0621516 0)
       1.3008             (1.004798 0.0623810 0)             (1.004689 -0.0621273 0)
       1.3012             (1.004792 0.0623559 0)             (1.004683 -0.0621019 0)
       1.3016             (1.004786 0.0623298 0)             (1.004677 -0.0620755 0)
        1.302             (1.004780 0.0623027 0)             (1.004671 -0.0620481 0)
       1.3024             (1.004772 0.0622745 0)             (1.004664 -0.0620197 0)
       1.3028             (1.004765 0.0622454 0)             (1.004656 -0.0619903 0)
       1.3032             (1.004757 0.0622153 0)             (1.004648 -0.0619599 0)
       1.3036             (1.004748 0.0621841 0)             (1.004639 -0.0619285 0)
        1.304             (1.004738 0.0621520 0)             (1.004630 -0.0618961 0)
       1.3044             (1.004729 0.0621188 0)             (1.004620 -0.0618627 0)
       1.3048             (1.004718 0.0620847 0)             (1.004610 -0.0618283 0)
       1.3052             (1.004707 0.0620495 0)             (1.004599 -0.0617929 0)
       1.3056             (1.004696 0.0620134 0)             (1.004587 -0.0617565 0)
        1.306             (1.004684 0.0619763 0)             (1.004576 -0.0617192 0)
       1.3064             (1.004671 0.0619382 0)             (1.004563 -0.0616809 0)
       1.3068             (1.004658 0.0618992 0)             (1.004550 -0.0616416 0)
       1.3072             (1.004645 0.0618591 0)             (1.004537 -0.0616013 0)
       1.3076             (1.004631 0.0618181 0)             (1.004523 -0.0615601 0)
        1.308             (1.004616 0.0617762 0)             (1.004508 -0.0615179 0)
       1.3084             (1.004601 0.0617333 0)             (1.004493 -0.0614747 0)
       1.3088             (1.004586 0.0616894 0)             (1.004478 -0.0614306 0)
       1.3092             (1.004569 0.0616445 0)             (1.004462 -0.0613855 0)
       1.3096             (1.004553 0.0615987 0)             (1.004445 -0.0613395 0)
         1.31             (1.004536 0.0615520 0)             (1.004428 -0.0612925 0)
       1.3104             (1.004518 0.0615043 0)             (1.004410 -0.0612446 0)
       1.3108             (1.004500 0.0614557 0)             (1.004392 -0.0611958 0)
       1.3112             (1.004481 0.0614061 0)             (1.004374 -0.0611460 0)
       1.3116             (1.004462 0.0613556 0)             (1.004354 -0.0610953 0)
        1.312             (1.004442 0.0613042 0)             (1.004335 -0.0610437 0)
       1.3124             (1.004422 0.0612518 0)             (1.004315 -0.0609911 0)
       1.3128             (1.004401 0.0611986 0)             (1.004294 -0.0609376 0)
       1.3132             (1.004380 0.0611444 0)             (1.004273 -0.0608832 0)
       1.3136             (1.004358 0.0610893 0)             (1.004251 -0.0608279 0)
        1.314             (1.004336 0.0610332 0)             (1.004229 -0.0607717 0)
       1.3144             (1.004313 0.0609763 0)             (1.004206 -0.0607146 0)
       1.3148             (1.004290 0.0609184 0)             (1.004183 -0.0606565 0)
       1.3152             (1.004266 0.0608597 0)             (1.004160 -0.0605976 0)
       1.3156             (1.004242 0.0608000 0)             (1.004136 -0.0605378 0)
        1.316             (1.004217 0.0607395 0)             (1.004111 -0.0604770 0)
       1.3164             (1.004192 0.0606781 0)             (1.004086 -0.0604154 0)
       1.3168             (1.004166 0.0606157 0)             (1.004060 -0.0603529 0)
       1.3172             (1.004140 0.0605525 0)             (1.004034 -0.0602895 0)
       1.3176             (1.004113 0.0604884 0)             (1.004008 -0.0602253 0)
        1.318             (1.004086 0.0604235 0)             (1.003981 -0.0601601 0)
       1.3184             (1.004059 0.0603576 0)             (1.003953 -0.0600941 0)
       1.3188             (1.004031 0.0602909 0)             (1.003926 -0.0600272 0)
       1.3192             (1.004002 0.0602233 0)             (1.003897 -0.0599595 0)
       1.3196             (1.003973 0.0601549 0)             (1.003868 -0.0598909 0)
         1.32             (1.003944 0.0600856 0)             (1.003839 -0.0598214 0)
       1.3204             (1.003914 0.0600154 0)             (1.003809 -0.0597511 0)
       1.3208             (1.003883 0.0599444 0)             (1.003779 -0.0596799 0)
       1.3212             (1.003852 0.0598725 0)             (1.003748 -0.0596079 0)
       1.3216             (1.003821 0.0597998 0)             (1.003717 -0.0595350 0)
        1.322             (1.003789 0.0597263 0)             (1.003685 -0.0594613 0)
       1.3224             (1.003757 0.0596519 0)             (1.003653 -0.0593868 0)
       1.3228             (1.003724 0.0595766 0)             (1.003621 -0.0593114 0)
       1.3232             (1.003691 0.0595006 0)             (1.003588 -0.0592352 0)
       1.3236             (1.003658 0.0594237 0)             (1.003554 -0.0591582 0)
        1.324             (1.003624 0.0593460 0)             (1.003520 -0.0590803 0)
       1.3244             (1.003589 0.0592674 0)             (1.003486 -0.0590016 0)
       1.3248             (1.003554 0.0591881 0)             (1.003451 -0.0589221 0)
       1.3252             (1.003519 0.0591079 0)             (1.003416 -0.0588418 0)
       1.3256             (1.003483 0.0590269 0)             (1.003381 -0.0587607 0)
        1.326             (1.003447 0.0589451 0)             (1.003344 -0.0586788 0)
       1.3264             (1.003410 0.0588625 0)             (1.003308 -0.0585961 0)
       1.3268             (1.003373 0.0587791 0)             (1.003271 -0.0585126 0)
       1.3272             (1.003335 0.0586949 0)             (1.003234 -0.0584282 0)
       1.3276             (1.003297 0.0586099 0)             (1.003196 -0.0583431 0)
        1.328             (1.003259 0.0585241 0)             (1.003158 -0.0582572 0)
       1.3284             (1.003220 0.0584375 0)             (1.003119 -0.0581705 0)
       1.3288             (1.003181 0.0583502 0)             (1.003080 -0.0580831 0)
       1.3292             (1.003141 0.0582620 0)             (1.003041 -0.0579948 0)
       1.3296             (1.003101 0.0581731 0)             (1.003001 -0.0579058 0)
         1.33             (1.003061 0.0580834 0)             (1.002960 -0.0578160 0)
       1.3304             (1.003020 0.0579930 0)             (1.002920 -0.0577254 0)
       1.3308             (1.002978 0.0579017 0)             (1.002879 -0.0576341 0)
       1.3312             (1.002937 0.0578097 0)             (1.002837 -0.0575420 0)
       1.3316             (1.002895 0.0577170 0)             (1.002795 -0.0574492 0)
        1.332             (1.002852 0.0576235 0)             (1.002753 -0.0573556 0)
       1.3324             (1.002809 0.0575292 0)             (1.002710 -0.0572612 0)
       1.3328             (1.002766 0.0574342 0)             (1.002667 -0.0571661 0)
       1.3332             (1.002722 0.0573384 0)             (1.002624 -0.0570702 0)
       1.3336             (1.002678 0.0572419 0)             (1.002580 -0.0569736 0)
        1.334             (1.002634 0.0571446 0)             (1.002535 -0.0568763 0)
       1.3344             (1.002589 0.0570466 0)             (1.002491 -0.0567782 0)
       1.3348             (1.002543 0.0569479 0)             (1.002446 -0.0566794 0)
       1.3352             (1.002498 0.0568484 0)             (1.002400 -0.0565799 0)
       1.3356             (1.002452 0.0567483 0)             (1.002354 -0.0564797 0)
        1.336             (1.002405 0.0566474 0)             (1.002308 -0.0563787 0)
       1.3364             (1.002359 0.0565457 0)             (1.002262 -0.0562770 0)
       1.3368             (1.002311 0.0564434 0)             (1.002215 -0.0561746 0)
       1.3372             (1.002264 0.0563403 0)             (1.002168 -0.0560714 0)
       1.3376             (1.002216 0.0562365 0)             (1.002120 -0.0559676 0)
        1.338             (1.002168 0.0561320 0)             (1.002072 -0.0558630 0)
       1.3384             (1.002119 0.0560268 0)             (1.002024 -0.0557578 0)
       1.3388             (1.002070 0.0559209 0)             (1.001975 -0.0556518 0)
       1.3392             (1.002021 0.0558144 0)             (1.001926 -0.0555452 0)
       1.3396             (1.001971 0.0557071 0)             (1.001876 -0.0554379 0)
         1.34             (1.001921 0.0555991 0)             (1.001827 -0.0553298 0)
       1.3404             (1.001871 0.0554904 0)             (1.001776 -0.0552211 0)
       1.3408             (1.001820 0.0553810 0)             (1.001726 -0.0551117 0)
       1.3412             (1.001769 0.0552710 0)             (1.001675 -0.0550016 0)
       1.3416             (1.001718 0.0551603 0)             (1.001624 -0.0548908 0)
        1.342             (1.001666 0.0550489 0)             (1.001573 -0.0547794 0)
       1.3424             (1.001614 0.0549368 0)             (1.001521 -0.0546673 0)
       1.3428             (1.001561 0.0548240 0)             (1.001469 -0.0545545 0)
       1.3432             (1.001509 0.0547106 0)             (1.001416 -0.0544411 0)
       1.3436             (1.001456 0.0545965 0)             (1.001363 -0.0543270 0)
        1.344             (1.001402 0.0544818 0)             (1.001310 -0.0542122 0)
       1.3444             (1.001348 0.0543664 0)             (1.001257 -0.0540967 0)
       1.3448             (1.001294 0.0542503 0)             (1.001203 -0.0539807 0)
       1.3452             (1.001240 0.0541336 0)             (1.001149 -0.0538639 0)
       1.3456             (1.001185 0.0540162 0)             (1.001095 -0.0537465 0)
        1.346             (1.001130 0.0538982 0)             (1.001040 -0.0536285 0)
       1.3464             (1.001075 0.0537796 0)             (1.000985 -0.0535098 0)
       1.3468             (1.001020 0.0536603 0)             (1.000929 -0.0533905 0)
       1.3472             (1.000964 0.0535403 0)             (1.000874 -0.0532706 0)
       1.3476             (1.000908 0.0534198 0)             (1.000818 -0.0531500 0)
        1.348             (1.000851 0.0532985 0)             (1.000762 -0.0530288 0)
       1.3484             (1.000794 0.0531767 0)             (1.000705 -0.0529069 0)
       1.3488             (1.000737 0.0530542 0)             (1.000648 -0.0527845 0)
       1.3492             (1.000680 0.0529311 0)             (1.000591 -0.0526614 0)
       1.3496             (1.000622 0.0528074 0)             (1.000534 -0.0525377 0)
         1.35             (1.000564 0.0526831 0)             (1.000476 -0.0524133 0)
       1.3504             (1.000506 0.0525582 0)             (1.000418 -0.0522884 0)
       1.3508             (1.000447 0.0524326 0)             (1.000360 -0.0521628 0)
       1.3512             (1.000389 0.0523064 0)             (1.000302 -0.0520367 0)
       1.3516             (1.000330 0.0521796 0)             (1.000243 -0.0519099 0)
        1.352             (1.000270 0.0520522 0)             (1.000184 -0.0517825 0)
       1.3524             (1.000211 0.0519243 0)             (1.000125 -0.0516545 0)
       1.3528             (1.000151 0.0517957 0)             (1.000065 -0.0515260 0)
       1.3532             (1.000091 0.0516665 0)             (1.000005 -0.0513968 0)
       1.3536             (1.000030 0.0515367 0)             (0.999945 -0.0512670 0)
        1.354             (0.999970 0.0514063 0)             (0.999885 -0.0511367 0)
       1.3544             (0.999909 0.0512754 0)             (0.999824 -0.0510058 0)
       1.3548             (0.999848 0.0511438 0)             (0.999763 -0.0508742 0)
       1.3552             (0.999786 0.0510117 0)             (0.999702 -0.0507421 0)
       1.3556             (0.999725 0.0508790 0)             (0.999641 -0.0506094 0)
        1.356             (0.999663 0.0507457 0)             (0.999579 -0.0504762 0)
       1.3564             (0.999601 0.0506118 0)             (0.999518 -0.0503423 0)
       1.3568             (0.999538 0.0504773 0)             (0.999455 -0.0502079 0)
       1.3572             (0.999476 0.0503423 0)             (0.999393 -0.0500730 0)
       1.3576             (0.999413 0.0502067 0)             (0.999331 -0.0499374 0)
        1.358             (0.999350 0.0500706 0)             (0.999268 -0.0498013 0)
       1.3584             (0.999286 0.0499339 0)             (0.999205 -0.0496646 0)
       1.3588             (0.999223 0.0497966 0)             (0.999142 -0.0495274 0)
       1.3592             (0.999159 0.0496588 0)             (0.999078 -0.0493896 0)
       1.3596             (0.999095 0.0495204 0)             (0.999015 -0.0492513 0)
         1.36             (0.999031 0.0493814 0)             (0.998951 -0.0491124 0)
       1.3604             (0.998967 0.0492419 0)             (0.998887 -0.0489729 0)
       1.3608             (0.998902 0.0491019 0)             (0.998822 -0.0488329 0)
       1.3612             (0.998837 0.0489613 0)             (0.998758 -0.0486924 0)
       1.3616             (0.998772 0.0488201 0)             (0.998693 -0.0485513 0)
        1.362             (0.998707 0.0486784 0)             (0.998628 -0.0484097 0)
       1.3624             (0.998641 0.0485362 0)             (0.998563 -0.0482675 0)
       1.3628             (0.998576 0.0483934 0)             (0.998498 -0.0481248 0)
       1.3632             (0.998510 0.0482501 0)             (0.998432 -0.0479816 0)
       1.3636             (0.998444 0.0481063 0)             (0.998367 -0.0478378 0)
        1.364             (0.998378 0.0479620 0)             (0.998301 -0.0476935 0)
       1.3644             (0.998311 0.0478171 0)             (0.998235 -0.0475487 0)
       1.3648             (0.998245 0.0476716 0)             (0.998169 -0.0474034 0)
       1.3652             (0.998178 0.0475257 0)             (0.998102 -0.0472575 0)
       1.3656             (0.998111 0.0473792 0)             (0.998036 -0.0471111 0)
        1.366             (0.998044 0.0472322 0)             (0.997969 -0.0469642 0)
       1.3664             (0.997977 0.0470847 0)             (0.997902 -0.0468168 0)
       1.3668             (0.997909 0.0469367 0)             (0.997835 -0.0466688 0)
       1.3672             (0.997842 0.0467882 0)             (0.997767 -0.0465204 0)
       1.3676             (0.997774 0.0466391 0)             (0.997700 -0.0463714 0)
        1.368             (0.997706 0.0464896 0)             (0.997632 -0.0462220 0)
       1.3684             (0.997638 0.0463395 0)             (0.997565 -0.0460720 0)
       1.3688             (0.997570 0.0461889 0)             (0.997497 -0.0459215 0)
       1.3692             (0.997501 0.0460379 0)             (0.997429 -0.0457705 0)
       1.3696             (0.997433 0.0458863 0)             (0.997360 -0.0456191 0)
         1.37             (0.997364 0.0457342 0)             (0.997292 -0.0454671 0)
       1.3704             (0.997295 0.0455816 0)             (0.997223 -0.0453146 0)
       1.3708             (0.997226 0.0454286 0)             (0.997155 -0.0451616 0)
       1.3712             (0.997157 0.0452750 0)             (0.997086 -0.0450082 0)
       1.3716             (0.997087 0.0451210 0)             (0.997017 -0.0448542 0)
        1.372             (0.997018 0.0449664 0)             (0.996948 -0.0446998 0)
       1.3724             (0.996948 0.0448114 0)             (0.996879 -0.0445449 0)
       1.3728             (0.996879 0.0446559 0)             (0.996809 -0.0443895 0)
       1.3732             (0.996809 0.0444999 0)             (0.996740 -0.0442336 0)
       1.3736             (0.996739 0.0443434 0)             (0.996670 -0.0440772 0)
        1.374             (0.996669 0.0441864 0)             (0.996600 -0.0439204 0)
       1.3744             (0.996599 0.0440290 0)             (0.996531 -0.0437630 0)
       1.3748             (0.996528 0.0438710 0)             (0.996461 -0.0436052 0)
       1.3752             (0.996458 0.0437126 0)             (0.996390 -0.0434470 0)
       1.3756             (0.996387 0.0435538 0)             (0.996320 -0.0432882 0)
        1.376             (0.996317 0.0433944 0)             (0.996250 -0.0431290 0)
       1.3764             (0.996246 0.0432346 0)             (0.996179 -0.0429693 0)
       1.3768             (0.996175 0.0430743 0)             (0.996109 -0.0428092 0)
       1.3772             (0.996104 0.0429136 0)             (0.996038 -0.0426485 0)
       1.3776             (0.996033 0.0427524 0)             (0.995968 -0.0424875 0)
        1.378             (0.995962 0.0425907 0)             (0.995897 -0.0423259 0)
       1.3784             (0.995890 0.0424286 0)             (0.995826 -0.0421639 0)
       1.3788             (0.995819 0.0422660 0)             (0.995755 -0.0420015 0)
       1.3792             (0.995747 0.0421029 0)             (0.995684 -0.0418385 0)
       1.3796             (0.995676 0.0419394 0)             (0.995612 -0.0416752 0)
         1.38             (0.995604 0.0417754 0)             (0.995541 -0.0415113 0)
       1.3804             (0.995532 0.0416110 0)             (0.995470 -0.0413471 0)
       1.3808             (0.995460 0.0414461 0)             (0.995398 -0.0411823 0)
       1.3812             (0.995389 0.0412808 0)             (0.995327 -0.0410172 0)
       1.3816             (0.995317 0.0411150 0)             (0.995255 -0.0408515 0)
        1.382             (0.995245 0.0409488 0)             (0.995183 -0.0406855 0)
       1.3824             (0.995172 0.0407822 0)             (0.995112 -0.0405190 0)
       1.3828             (0.995100 0.0406150 0)             (0.995040 -0.0403520 0)
       1.3832             (0.995028 0.0404475 0)             (0.994968 -0.0401846 0)
       1.3836             (0.994956 0.0402795 0)             (0.994896 -0.0400168 0)
        1.384             (0.994883 0.0401111 0)             (0.994824 -0.0398485 0)
       1.3844             (0.994811 0.0399422 0)             (0.994752 -0.0396798 0)
       1.3848             (0.994738 0.0397729 0)             (0.994679 -0.0395106 0)
       1.3852             (0.994666 0.0396031 0)             (0.994607 -0.0393411 0)
       1.3856             (0.994593 0.0394330 0)             (0.994535 -0.0391710 0)
        1.386             (0.994520 0.0392623 0)             (0.994463 -0.0390006 0)
       1.3864             (0.994447 0.0390913 0)             (0.994390 -0.0388297 0)
       1.3868             (0.994375 0.0389198 0)             (0.994318 -0.0386584 0)
       1.3872             (0.994302 0.0387479 0)             (0.994245 -0.0384867 0)
       1.3876             (0.994229 0.0385756 0)             (0.994173 -0.0383145 0)
        1.388             (0.994156 0.0384028 0)             (0.994100 -0.0381419 0)
       1.3884             (0.994083 0.0382296 0)             (0.994028 -0.0379689 0)
       1.3888             (0.994010 0.0380560 0)             (0.993955 -0.0377955 0)
       1.3892             (0.993937 0.0378820 0)             (0.993882 -0.0376217 0)
       1.3896             (0.993864 0.0377076 0)             (0.993810 -0.0374474 0)
         1.39             (0.993791 0.0375327 0)             (0.993737 -0.0372727 0)
       1.3904             (0.993718 0.0373574 0)             (0.993664 -0.0370976 0)
       1.3908             (0.993645 0.0371817 0)             (0.993591 -0.0369221 0)
       1.3912             (0.993571 0.0370056 0)             (0.993519 -0.0367462 0)
       1.3916             (0.993498 0.0368290 0)             (0.993446 -0.0365698 0)
        1.392             (0.993425 0.0366521 0)             (0.993373 -0.0363931 0)
       1.3924             (0.993352 0.0364747 0)             (0.993300 -0.0362159 0)
       1.3928             (0.993279 0.0362969 0)             (0.993227 -0.0360383 0)
       1.3932             (0.993205 0.0361187 0)             (0.993154 -0.0358603 0)
       1.3936             (0.993132 0.0359401 0)             (0.993081 -0.0356819 0)
        1.394             (0.993059 0.0357611 0)             (0.993009 -0.0355031 0)
       1.3944             (0.992986 0.0355817 0)             (0.992936 -0.0353239 0)
       1.3948             (0.992912 0.0354019 0)             (0.992863 -0.0351443 0)
       1.3952             (0.992839 0.0352217 0)             (0.992790 -0.0349643 0)
       1.3956             (0.992766 0.0350411 0)             (0.992717 -0.0347839 0)
        1.396             (0.992692 0.0348600 0)             (0.992644 -0.0346030 0)
       1.3964             (0.992619 0.0346786 0)             (0.992571 -0.0344218 0)
       1.3968             (0.992546 0.0344968 0)             (0.992498 -0.0342402 0)
       1.3972             (0.992472 0.0343145 0)             (0.992425 -0.0340582 0)
       1.3976             (0.992399 0.0341319 0)             (0.992352 -0.0338758 0)
        1.398             (0.992326 0.0339489 0)             (0.992279 -0.0336930 0)
       1.3984             (0.992253 0.0337654 0)             (0.992206 -0.0335098 0)
       1.3988             (0.992179 0.0335816 0)             (0.992134 -0.0333262 0)
       1.3992             (0.992106 0.0333974 0)             (0.992061 -0.0331422 0)
       1.3996             (0.992033 0.0332128 0)             (0.991988 -0.0329578 0)
          1.4             (0.991960 0.0330278 0)             (0.991915 -0.0327730 0)
       1.4004             (0.991887 0.0328424 0)             (0.991842 -0.0325879 0)
       1.4008             (0.991814 0.0326566 0)             (0.991770 -0.0324023 0)
       1.4012             (0.991740 0.0324704 0)             (0.991697 -0.0322164 0)
       1.4016             (0.991667 0.0322839 0)             (0.991624 -0.0320300 0)
        1.402             (0.991594 0.0320969 0)             (0.991551 -0.0318433 0)
       1.4024             (0.991521 0.0319096 0)             (0.991479 -0.0316562 0)
       1.4028             (0.991448 0.0317219 0)             (0.991406 -0.0314687 0)
       1.4032             (0.991375 0.0315338 0)             (0.991333 -0.0312809 0)
       1.4036             (0.991302 0.0313453 0)             (0.991261 -0.0310926 0)
        1.404             (0.991230 0.0311564 0)             (0.991188 -0.0309040 0)
       1.4044             (0.991157 0.0309671 0)             (0.991116 -0.0307150 0)
       1.4048             (0.991084 0.0307775 0)             (0.991043 -0.0305256 0)
       1.4052             (0.991011 0.0305875 0)             (0.990971 -0.0303358 0)
       1.4056             (0.990938 0.0303971 0)             (0.990899 -0.0301456 0)
        1.406             (0.990866 0.0302063 0)             (0.990826 -0.0299551 0)
       1.4064             (0.990793 0.0300151 0)             (0.990754 -0.0297642 0)
       1.4068             (0.990721 0.0298236 0)             (0.990682 -0.0295729 0)
       1.4072             (0.990648 0.0296317 0)             (0.990610 -0.0293813 0)
       1.4076             (0.990575 0.0294394 0)             (0.990538 -0.0291892 0)
        1.408             (0.990503 0.0292467 0)             (0.990466 -0.0289968 0)
       1.4084             (0.990431 0.0290537 0)             (0.990394 -0.0288041 0)
       1.4088             (0.990358 0.0288603 0)             (0.990322 -0.0286109 0)
       1.4092             (0.990286 0.0286665 0)             (0.990250 -0.0284174 0)
       1.4096             (0.990214 0.0284723 0)             (0.990178 -0.0282235 0)
         1.41             (0.990142 0.0282778 0)             (0.990106 -0.0280293 0)
       1.4104             (0.990070 0.0280829 0)             (0.990034 -0.0278346 0)
       1.4108             (0.989998 0.0278876 0)             (0.989963 -0.0276396 0)
       1.4112             (0.989926 0.0276920 0)             (0.989891 -0.0274443 0)
       1.4116             (0.989854 0.0274960 0)             (0.989820 -0.0272485 0)
        1.412             (0.989782 0.0272996 0)             (0.989748 -0.0270524 0)
       1.4124             (0.989710 0.0271029 0)             (0.989677 -0.0268560 0)
       1.4128             (0.989639 0.0269058 0)             (0.989605 -0.0266592 0)
       1.4132             (0.989567 0.0267083 0)             (0.989534 -0.0264620 0)
       1.4136             (0.989496 0.0265105 0)             (0.989463 -0.0262644 0)
        1.414             (0.989424 0.0263123 0)             (0.989392 -0.0260665 0)
       1.4144             (0.989353 0.0261138 0)             (0.989321 -0.0258683 0)
       1.4148             (0.989281 0.0259148 0)             (0.989250 -0.0256696 0)
       1.4152             (0.989210 0.0257156 0)             (0.989179 -0.0254706 0)
       1.4156             (0.989139 0.0255159 0)             (0.989108 -0.0252713 0)
        1.416             (0.989068 0.0253159 0)             (0.989038 -0.0250716 0)
       1.4164             (0.988997 0.0251156 0)             (0.988967 -0.0248715 0)
       1.4168             (0.988926 0.0249149 0)             (0.988896 -0.0246711 0)
       1.4172             (0.988855 0.0247138 0)             (0.988826 -0.0244703 0)
       1.4176             (0.988785 0.0245124 0)             (0.988756 -0.0242692 0)
        1.418             (0.988714 0.0243106 0)             (0.988685 -0.0240677 0)
       1.4184             (0.988643 0.0241084 0)             (0.988615 -0.0238659 0)
       1.4188             (0.988573 0.0239059 0)             (0.988545 -0.0236637 0)
       1.4192             (0.988502 0.0237031 0)             (0.988475 -0.0234612 0)
       1.4196             (0.988432 0.0234999 0)             (0.988405 -0.0232583 0)
         1.42             (0.988362 0.0232964 0)             (0.988335 -0.0230550 0)
       1.4204             (0.988292 0.0230924 0)             (0.988265 -0.0228514 0)
       1.4208             (0.988222 0.0228882 0)             (0.988196 -0.0226475 0)
       1.4212             (0.988152 0.0226836 0)             (0.988126 -0.0224432 0)
       1.4216             (0.988082 0.0224786 0)             (0.988057 -0.0222386 0)
        1.422             (0.988012 0.0222733 0)             (0.987987 -0.0220336 0)
       1.4224             (0.987943 0.0220677 0)             (0.987918 -0.0218283 0)
       1.4228             (0.987873 0.0218617 0)             (0.987849 -0.0216226 0)
       1.4232             (0.987804 0.0216554 0)             (0.987780 -0.0214166 0)
       1.4236             (0.987735 0.0214487 0)             (0.987711 -0.0212102 0)
        1.424             (0.987665 0.0212416 0)             (0.987642 -0.0210035 0)
       1.4244             (0.987596 0.0210343 0)             (0.987573 -0.0207965 0)
       1.4248             (0.987527 0.0208266 0)             (0.987505 -0.0205891 0)
       1.4252             (0.987458 0.0206185 0)             (0.987436 -0.0203813 0)
       1.4256             (0.987390 0.0204101 0)             (0.987368 -0.0201733 0)
        1.426             (0.987321 0.0202014 0)             (0.987299 -0.0199649 0)
       1.4264             (0.987252 0.0199923 0)             (0.987231 -0.0197561 0)
       1.4268             (0.987184 0.0197829 0)             (0.987163 -0.0195470 0)
       1.4272             (0.987115 0.0195731 0)             (0.987095 -0.0193376 0)
       1.4276             (0.987047 0.0193630 0)             (0.987027 -0.0191278 0)
        1.428             (0.986979 0.0191526 0)             (0.986959 -0.0189178 0)
       1.4284             (0.986911 0.0189418 0)             (0.986891 -0.0187073 0)
       1.4288             (0.986843 0.0187307 0)             (0.986824 -0.0184966 0)
       1.4292             (0.986775 0.0185193 0)             (0.986756 -0.0182855 0)
       1.4296             (0.986708 0.0183075 0)             (0.986689 -0.0180741 0)
         1.43             (0.986640 0.0180954 0)             (0.986622 -0.0178623 0)
       1.4304             (0.986572 0.0178830 0)             (0.986555 -0.0176502 0)
       1.4308             (0.986505 0.0176702 0)             (0.986488 -0.0174378 0)
       1.4312             (0.986438 0.0174571 0)             (0.986421 -0.0172251 0)
       1.4316             (0.986371 0.0172437 0)             (0.986354 -0.0170120 0)
        1.432             (0.986304 0.0170299 0)             (0.986287 -0.0167986 0)
       1.4324             (0.986237 0.0168158 0)             (0.986221 -0.0165849 0)
       1.4328             (0.986170 0.0166014 0)             (0.986154 -0.0163708 0)
       1.4332             (0.986103 0.0163867 0)             (0.986088 -0.0161564 0)
       1.4336             (0.986037 0.0161716 0)             (0.986022 -0.0159417 0)
        1.434             (0.985970 0.0159562 0)             (0.985956 -0.0157267 0)
       1.4344             (0.985904 0.0157405 0)             (0.985890 -0.0155114 0)
       1.4348             (0.985838 0.0155245 0)             (0.985824 -0.0152957 0)
       1.4352             (0.985772 0.0153081 0)             (0.985758 -0.0150797 0)
       1.4356             (0.985706 0.0150915 0)             (0.985692 -0.0148634 0)
        1.436             (0.985640 0.0148745 0)             (0.985627 -0.0146468 0)
       1.4364             (0.985574 0.0146572 0)             (0.985562 -0.0144299 0)
       1.4368             (0.985509 0.0144395 0)             (0.985496 -0.0142126 0)
       1.4372             (0.985443 0.0142216 0)             (0.985431 -0.0139950 0)
       1.4376             (0.985378 0.0140033 0)             (0.985366 -0.0137772 0)
        1.438             (0.985313 0.0137847 0)             (0.985301 -0.0135590 0)
       1.4384             (0.985248 0.0135659 0)             (0.985237 -0.0133404 0)
       1.4388             (0.985183 0.0133467 0)             (0.985172 -0.0131216 0)
       1.4392             (0.985118 0.0131271 0)             (0.985107 -0.0129025 0)
       1.4396             (0.985053 0.0129073 0)             (0.985043 -0.0126831 0)
         1.44             (0.984989 0.0126872 0)             (0.984979 -0.0124633 0)
       1.4404             (0.984924 0.0124667 0)             (0.984915 -0.0122432 0)
       1.4408             (0.984860 0.0122460 0)             (0.984851 -0.0120229 0)
       1.4412             (0.984796 0.0120249 0)             (0.984787 -0.0118022 0)
       1.4416             (0.984732 0.0118036 0)             (0.984723 -0.0115812 0)
        1.442             (0.984668 0.0115819 0)             (0.984659 -0.0113600 0)
       1.4424             (0.984604 0.0113599 0)             (0.984596 -0.0111384 0)
       1.4428             (0.984540 0.0111376 0)             (0.984533 -0.0109165 0)
       1.4432             (0.984477 0.0109151 0)             (0.984469 -0.0106943 0)
       1.4436             (0.984413 0.0106922 0)             (0.984406 -0.0104719 0)
        1.444             (0.984350 0.0104690 0)             (0.984343 -0.0102491 0)
       1.4444             (0.984287 0.0102455 0)             (0.984280 -0.0100260 0)
       1.4448             (0.984224 0.0100218 0)             (0.984218 -0.0098027 0)
       1.4452             (0.984161 0.0097977 0)             (0.984155 -0.0095790 0)
       1.4456             (0.984098 0.0095733 0)             (0.984093 -0.0093550 0)
        1.446             (0.984035 0.0093487 0)             (0.984030 -0.0091308 0)
       1.4464             (0.983973 0.0091237 0)             (0.983968 -0.0089063 0)
       1.4468             (0.983910 0.0088985 0)             (0.983906 -0.0086814 0)
       1.4472             (0.983848 0.0086730 0)             (0.983844 -0.0084563 0)
       1.4476             (0.983786 0.0084472 0)             (0.983782 -0.0082309 0)
        1.448             (0.983724 0.0082211 0)             (0.983720 -0.0080052 0)
       1.4484             (0.983662 0.0079947 0)             (0.983659 -0.0077793 0)
       1.4488             (0.983600 0.0077680 0)             (0.983597 -0.0075530 0)
       1.4492             (0.983539 0.0075410 0)             (0.983536 -0.0073265 0)
       1.4496             (0.983477 0.0073138 0)             (0.983475 -0.0070997 0)
         1.45             (0.983416 0.0070863 0)             (0.983414 -0.0068726 0)
       1.4504             (0.983355 0.0068585 0)             (0.983353 -0.0066452 0)
       1.4508             (0.983293 0.0066304 0)             (0.983292 -0.0064176 0)
       1.4512             (0.983232 0.0064021 0)             (0.983231 -0.0061897 0)
       1.4516             (0.983172 0.0061735 0)             (0.983171 -0.0059615 0)
        1.452             (0.983111 0.0059446 0)             (0.983110 -0.0057330 0)
       1.4524             (0.983050 0.0057154 0)             (0.983050 -0.0055043 0)
       1.4528             (0.982990 0.0054860 0)             (0.982990 -0.0052753 0)
       1.4532             (0.982929 0.0052563 0)             (0.982930 -0.0050460 0)
       1.4536             (0.982869 0.0050263 0)             (0.982870 -0.0048165 0)
        1.454             (0.982809 0.0047961 0)             (0.982810 -0.0045867 0)
       1.4544             (0.982749 0.0045656 0)             (0.982750 -0.0043566 0)
       1.4548             (0.982689 0.0043348 0)             (0.982691 -0.0041263 0)
       1.4552             (0.982629 0.0041038 0)             (0.982631 -0.0038957 0)
       1.4556             (0.982570 0.0038725 0)             (0.982572 -0.0036649 0)
        1.456             (0.982510 0.0036409 0)             (0.982513 -0.0034338 0)
       1.4564             (0.982451 0.0034091 0)             (0.982454 -0.0032024 0)
       1.4568             (0.982392 0.0031771 0)             (0.982395 -0.0029708 0)
       1.4572             (0.982333 0.0029448 0)             (0.982336 -0.0027390 0)
       1.4576             (0.982274 0.0027122 0)             (0.982277 -0.0025069 0)
        1.458             (0.982215 0.0024794 0)             (0.982219 -0.0022745 0)
       1.4584             (0.982156 0.0022464 0)             (0.982160 -0.0020419 0)
       1.4588             (0.982098 0.0020131 0)             (0.982102 -0.0018091 0)
       1.4592             (0.982039 0.0017795 0)             (0.982044 -0.0015760 0)
       1.4596             (0.981981 0.0015457 0)             (0.981986 -0.0013427 0)
         1.46             (0.981923 0.0013117 0)             (0.981928 -0.0011091 0)
       1.4604             (0.981864 0.0010774 0)             (0.981870 -0.0008753 0)
       1.4608             (0.981807 0.0008429 0)             (0.981812 -0.0006413 0)
       1.4612             (0.981749 0.0006082 0)             (0.981755 -0.0004070 0)
       1.4616             (0.981691 0.0003732 0)             (0.981697 -0.0001725 0)
        1.462             (0.981633 0.0001380 0)             (0.981640 0.0000623 0)
       1.4624             (0.981576 -0.0000974 0)             (0.981583 0.0002972 0)
       1.4628             (0.981518 -0.0003331 0)             (0.981526 0.0005324 0)
       1.4632             (0.981461 -0.0005690 0)             (0.981469 0.0007678 0)
       1.4636             (0.981404 -0.0008051 0)             (0.981412 0.0010035 0)
        1.464             (0.981347 -0.0010414 0)             (0.981355 0.0012393 0)
       1.4644             (0.981290 -0.0012779 0)             (0.981299 0.0014754 0)
       1.4648             (0.981233 -0.0015147 0)             (0.981242 0.0017117 0)
       1.4652             (0.981177 -0.0017517 0)             (0.981186 0.0019482 0)
       1.4656             (0.981120 -0.0019889 0)             (0.981130 0.0021849 0)
        1.466             (0.981064 -0.0022263 0)             (0.981074 0.0024218 0)
       1.4664             (0.981008 -0.0024639 0)             (0.981018 0.0026589 0)
       1.4668             (0.980951 -0.0027017 0)             (0.980962 0.0028963 0)
       1.4672             (0.980895 -0.0029397 0)             (0.980906 0.0031338 0)
       1.4676             (0.980839 -0.0031780 0)             (0.980850 0.0033715 0)
        1.468             (0.980784 -0.0034164 0)             (0.980795 0.0036095 0)
       1.4684             (0.980728 -0.0036550 0)             (0.980739 0.0038476 0)
       1.4688             (0.980672 -0.0038938 0)             (0.980684 0.0040859 0)
       1.4692             (0.980617 -0.0041329 0)             (0.980629 0.0043245 0)
       1.4696             (0.980561 -0.0043721 0)             (0.980574 0.0045632 0)
         1.47             (0.980506 -0.0046114 0)             (0.980519 0.0048021 0)
       1.4704             (0.980451 -0.0048510 0)             (0.980464 0.0050412 0)
       1.4708             (0.980396 -0.0050908 0)             (0.980409 0.0052804 0)
       1.4712             (0.980341 -0.0053307 0)             (0.980354 0.0055199 0)
       1.4716             (0.980286 -0.0055709 0)             (0.980300 0.0057595 0)
        1.472             (0.980231 -0.0058112 0)             (0.980245 0.0059993 0)
       1.4724             (0.980177 -0.0060516 0)             (0.980191 0.0062393 0)
       1.4728             (0.980122 -0.0062923 0)             (0.980137 0.0064794 0)
       1.4732             (0.980068 -0.0065331 0)             (0.980083 0.0067197 0)
       1.4736             (0.980014 -0.0067741 0)             (0.980029 0.0069602 0)
        1.474             (0.979960 -0.0070152 0)             (0.979975 0.0072008 0)
       1.4744             (0.979905 -0.0072565 0)             (0.979921 0.0074416 0)
       1.4748             (0.979852 -0.0074980 0)             (0.979867 0.0076826 0)
       1.4752             (0.979798 -0.0077396 0)             (0.979814 0.0079237 0)
       1.4756             (0.979744 -0.0079814 0)             (0.979760 0.0081649 0)
        1.476             (0.979690 -0.0082233 0)             (0.979707 0.0084063 0)
       1.4764             (0.979637 -0.0084653 0)             (0.979654 0.0086479 0)
       1.4768             (0.979583 -0.0087076 0)             (0.979600 0.0088896 0)
       1.4772             (0.979530 -0.0089499 0)             (0.979547 0.0091314 0)
       1.4776             (0.979477 -0.0091924 0)             (0.979494 0.0093734 0)
        1.478             (0.979424 -0.0094350 0)             (0.979441 0.0096155 0)
       1.4784             (0.979371 -0.0096778 0)             (0.979389 0.0098577 0)
       1.4788             (0.979318 -0.0099207 0)             (0.979336 0.0101001 0)
       1.4792             (0.979265 -0.0101637 0)             (0.979283 0.0103426 0)
       1.4796             (0.979212 -0.0104069 0)             (0.979231 0.0105852 0)
         1.48             (0.979159 -0.0106501 0)             (0.979179 0.0108280 0)
       1.4804             (0.979107 -0.0108935 0)             (0.979126 0.0110708 0)
       1.4808             (0.979054 -0.0111370 0)             (0.979074 0.0113138 0)
       1.4812             (0.979002 -0.0113806 0)             (0.979022 0.0115569 0)
       1.4816             (0.978950 -0.0116244 0)             (0.978970 0.0118001 0)
        1.482             (0.978898 -0.0118682 0)             (0.978918 0.0120434 0)
       1.4824             (0.978846 -0.0121121 0)             (0.978866 0.0122868 0)
       1.4828             (0.978794 -0.0123562 0)             (0.978815 0.0125303 0)
       1.4832             (0.978742 -0.0126003 0)             (0.978763 0.0127739 0)
       1.4836             (0.978690 -0.0128445 0)             (0.978711 0.0130176 0)
        1.484             (0.978638 -0.0130888 0)             (0.978660 0.0132614 0)
       1.4844             (0.978587 -0.0133333 0)             (0.978609 0.0135052 0)
       1.4848             (0.978535 -0.0135777 0)             (0.978557 0.0137492 0)
       1.4852             (0.978484 -0.0138223 0)             (0.978506 0.0139932 0)
       1.4856             (0.978432 -0.0140670 0)             (0.978455 0.0142373 0)
        1.486             (0.978381 -0.0143117 0)             (0.978404 0.0144815 0)
       1.4864             (0.978330 -0.0145565 0)             (0.978353 0.0147258 0)
       1.4868             (0.978279 -0.0148013 0)             (0.978302 0.0149701 0)
       1.4872             (0.978228 -0.0150463 0)             (0.978251 0.0152145 0)
       1.4876             (0.978177 -0.0152912 0)             (0.978201 0.0154589 0)
        1.488             (0.978126 -0.0155363 0)             (0.978150 0.0157034 0)
       1.4884             (0.978075 -0.0157814 0)             (0.978100 0.0159479 0)
       1.4888             (0.978024 -0.0160265 0)             (0.978049 0.0161925 0)
       1.4892             (0.977974 -0.0162717 0)             (0.977999 0.0164372 0)
       1.4896             (0.977923 -0.0165170 0)             (0.977949 0.0166819 0)
         1.49             (0.977873 -0.0167622 0)             (0.977898 0.0169266 0)
       1.4904             (0.977822 -0.0170076 0)             (0.977848 0.0171714 0)
       1.4908             (0.977772 -0.0172529 0)             (0.977798 0.0174161 0)
       1.4912             (0.977722 -0.0174983 0)             (0.977748 0.0176610 0)
       1.4916             (0.977672 -0.0177437 0)             (0.977698 0.0179058 0)
        1.492             (0.977622 -0.0179891 0)             (0.977649 0.0181507 0)
       1.4924             (0.977572 -0.0182345 0)             (0.977599 0.0183955 0)
       1.4928             (0.977522 -0.0184800 0)             (0.977549 0.0186404 0)
       1.4932             (0.977472 -0.0187254 0)             (0.977500 0.0188853 0)
       1.4936             (0.977422 -0.0189709 0)             (0.977450 0.0191302 0)
        1.494             (0.977372 -0.0192164 0)             (0.977401 0.0193751 0)
       1.4944             (0.977323 -0.0194618 0)             (0.977351 0.0196200 0)
       1.4948             (0.977273 -0.0197073 0)             (0.977302 0.0198649 0)
       1.4952             (0.977224 -0.0199527 0)             (0.977253 0.0201098 0)
       1.4956             (0.977174 -0.0201982 0)             (0.977204 0.0203547 0)
        1.496             (0.977125 -0.0204436 0)             (0.977154 0.0205995 0)
       1.4964             (0.977076 -0.0206890 0)             (0.977105 0.0208444 0)
       1.4968             (0.977027 -0.0209343 0)             (0.977056 0.0210892 0)
       1.4972             (0.976977 -0.0211797 0)             (0.977007 0.0213339 0)
       1.4976             (0.976928 -0.0214250 0)             (0.976959 0.0215787 0)
        1.498             (0.976879 -0.0216702 0)             (0.976910 0.0218233 0)
       1.4984             (0.976830 -0.0219155 0)             (0.976861 0.0220680 0)
       1.4988             (0.976781 -0.0221606 0)             (0.976813 0.0223126 0)
       1.4992             (0.976733 -0.0224058 0)             (0.976764 0.0225572 0)
       1.4996             (0.976684 -0.0226508 0)             (0.976715 0.0228016 0)
          1.5             (0.976635 -0.0228958 0)             (0.976667 0.0230461 0)
       1.5004             (0.976586 -0.0231408 0)             (0.976619 0.0232905 0)
       1.5008             (0.976538 -0.0233857 0)             (0.976570 0.0235348 0)
       1.5012             (0.976489 -0.0236305 0)             (0.976522 0.0237790 0)
       1.5016             (0.976441 -0.0238752 0)             (0.976474 0.0240231 0)
        1.502             (0.976392 -0.0241199 0)             (0.976426 0.0242672 0)
       1.5024             (0.976344 -0.0243644 0)             (0.976377 0.0245112 0)
       1.5028             (0.976296 -0.0246089 0)             (0.976329 0.0247551 0)
       1.5032             (0.976248 -0.0248533 0)             (0.976281 0.0249989 0)
       1.5036             (0.976199 -0.0250976 0)             (0.976233 0.0252426 0)
        1.504             (0.976151 -0.0253417 0)             (0.976186 0.0254862 0)
       1.5044             (0.976103 -0.0255858 0)             (0.976138 0.0257297 0)
       1.5048             (0.976055 -0.0258298 0)             (0.976090 0.0259731 0)
       1.5052             (0.976007 -0.0260736 0)             (0.976042 0.0262163 0)
       1.5056             (0.975959 -0.0263173 0)             (0.975994 0.0264594 0)
        1.506             (0.975911 -0.0265609 0)             (0.975947 0.0267024 0)
       1.5064             (0.975864 -0.0268044 0)             (0.975899 0.0269453 0)
       1.5068             (0.975816 -0.0270477 0)             (0.975852 0.0271881 0)
       1.5072             (0.975768 -0.0272909 0)             (0.975804 0.0274307 0)
       1.5076             (0.975720 -0.0275339 0)             (0.975757 0.0276731 0)
        1.508             (0.975673 -0.0277768 0)             (0.975709 0.0279154 0)
       1.5084             (0.975625 -0.0280196 0)             (0.975662 0.0281576 0)
       1.5088             (0.975578 -0.0282621 0)             (0.975615 0.0283996 0)
       1.5092             (0.975530 -0.0285046 0)             (0.975568 0.0286414 0)
       1.5096             (0.975483 -0.0287468 0)             (0.975520 0.0288830 0)
         1.51             (0.975435 -0.0289889 0)             (0.975473 0.0291245 0)
       1.5104             (0.975388 -0.0292308 0)             (0.975426 0.0293658 0)
       1.5108             (0.975341 -0.0294725 0)             (0.975379 0.0296069 0)
       1.5112             (0.975293 -0.0297140 0)             (0.975332 0.0298479 0)
       1.5116             (0.975246 -0.0299553 0)             (0.975285 0.0300886 0)
        1.512             (0.975199 -0.0301965 0)             (0.975238 0.0303291 0)
       1.5124             (0.975152 -0.0304374 0)             (0.975191 0.0305695 0)
       1.5128             (0.975105 -0.0306781 0)             (0.975144 0.0308096 0)
       1.5132             (0.975058 -0.0309186 0)             (0.975097 0.0310495 0)
       1.5136             (0.975011 -0.0311589 0)             (0.975051 0.0312892 0)
        1.514             (0.974964 -0.0313989 0)             (0.975004 0.0315286 0)
       1.5144             (0.974917 -0.0316388 0)             (0.974957 0.0317679 0)
       1.5148             (0.974870 -0.0318784 0)             (0.974911 0.0320069 0)
       1.5152             (0.974823 -0.0321177 0)             (0.974864 0.0322456 0)
       1.5156             (0.974776 -0.0323568 0)             (0.974817 0.0324842 0)
        1.516             (0.974729 -0.0325957 0)             (0.974771 0.0327224 0)
       1.5164             (0.974683 -0.0328343 0)             (0.974724 0.0329604 0)
       1.5168             (0.974636 -0.0330727 0)             (0.974678 0.0331982 0)
       1.5172             (0.974589 -0.0333108 0)             (0.974631 0.0334357 0)
       1.5176             (0.974543 -0.0335486 0)             (0.974585 0.0336729 0)
        1.518             (0.974496 -0.0337861 0)             (0.974539 0.0339098 0)
       1.5184             (0.974449 -0.0340234 0)             (0.974492 0.0341465 0)
       1.5188             (0.974403 -0.0342603 0)             (0.974446 0.0343829 0)
       1.5192             (0.974356 -0.0344970 0)             (0.974400 0.0346189 0)
       1.5196             (0.974310 -0.0347334 0)             (0.974353 0.0348547 0)
         1.52             (0.974263 -0.0349695 0)             (0.974307 0.0350902 0)
       1.5204             (0.974217 -0.0352053 0)             (0.974261 0.0353254 0)
       1.5208             (0.974171 -0.0354407 0)             (0.974215 0.0355602 0)
       1.5212             (0.974124 -0.0356759 0)             (0.974169 0.0357948 0)
       1.5216             (0.974078 -0.0359107 0)             (0.974123 0.0360290 0)
        1.522             (0.974032 -0.0361452 0)             (0.974077 0.0362629 0)
       1.5224             (0.973985 -0.0363793 0)             (0.974031 0.0364964 0)
       1.5228             (0.973939 -0.0366131 0)             (0.973985 0.0367296 0)
       1.5232             (0.973893 -0.0368466 0)             (0.973939 0.0369625 0)
       1.5236             (0.973847 -0.0370797 0)             (0.973893 0.0371950 0)
        1.524             (0.973801 -0.0373124 0)             (0.973847 0.0374271 0)
       1.5244             (0.973755 -0.0375448 0)             (0.973801 0.0376589 0)
       1.5248             (0.973708 -0.0377768 0)             (0.973755 0.0378903 0)
       1.5252             (0.973662 -0.0380085 0)             (0.973709 0.0381214 0)
       1.5256             (0.973616 -0.0382398 0)             (0.973663 0.0383520 0)
        1.526             (0.973570 -0.0384706 0)             (0.973618 0.0385823 0)
       1.5264             (0.973524 -0.0387011 0)             (0.973572 0.0388122 0)
       1.5268             (0.973478 -0.0389312 0)             (0.973526 0.0390417 0)
       1.5272             (0.973433 -0.0391609 0)             (0.973480 0.0392708 0)
       1.5276             (0.973387 -0.0393902 0)             (0.973435 0.0394994 0)
        1.528             (0.973341 -0.0396190 0)             (0.973389 0.0397277 0)
       1.5284             (0.973295 -0.0398475 0)             (0.973343 0.0399555 0)
       1.5288             (0.973249 -0.0400755 0)             (0.973298 0.0401829 0)
       1.5292             (0.973203 -0.0403031 0)             (0.973252 0.0404099 0)
       1.5296             (0.973158 -0.0405302 0)             (0.973207 0.0406365 0)
         1.53             (0.973112 -0.0407569 0)             (0.973161 0.0408626 0)
       1.5304             (0.973066 -0.0409832 0)             (0.973116 0.0410882 0)
       1.5308             (0.973020 -0.0412090 0)             (0.973070 0.0413134 0)
       1.5312             (0.972975 -0.0414343 0)             (0.973025 0.0415382 0)
       1.5316             (0.972929 -0.0416592 0)             (0.972979 0.0417624 0)
        1.532             (0.972884 -0.0418836 0)             (0.972934 0.0419862 0)
       1.5324             (0.972838 -0.0421075 0)             (0.972889 0.0422095 0)
       1.5328             (0.972792 -0.0423310 0)             (0.972843 0.0424324 0)
       1.5332             (0.972747 -0.0425539 0)             (0.972798 0.0426547 0)
       1.5336             (0.972701 -0.0427764 0)             (0.972753 0.0428766 0)
        1.534             (0.972656 -0.0429983 0)             (0.972708 0.0430979 0)
       1.5344             (0.972610 -0.0432198 0)             (0.972662 0.0433187 0)
       1.5348             (0.972565 -0.0434407 0)             (0.972617 0.0435391 0)
       1.5352             (0.972519 -0.0436611 0)             (0.972572 0.0437589 0)
       1.5356             (0.972474 -0.0438810 0)             (0.972527 0.0439781 0)
        1.536             (0.972429 -0.0441003 0)             (0.972482 0.0441969 0)
       1.5364             (0.972383 -0.0443191 0)             (0.972436 0.0444151 0)
       1.5368             (0.972338 -0.0445374 0)             (0.972391 0.0446327 0)
       1.5372             (0.972293 -0.0447551 0)             (0.972346 0.0448498 0)
       1.5376             (0.972247 -0.0449722 0)             (0.972301 0.0450664 0)
        1.538             (0.972202 -0.0451888 0)             (0.972256 0.0452824 0)
       1.5384             (0.972157 -0.0454049 0)             (0.972211 0.0454978 0)
       1.5388             (0.972112 -0.0456203 0)             (0.972166 0.0457127 0)
       1.5392             (0.972067 -0.0458352 0)             (0.972121 0.0459269 0)
       1.5396             (0.972021 -0.0460494 0)             (0.972076 0.0461406 0)
         1.54             (0.971976 -0.0462631 0)             (0.972031 0.0463537 0)
       1.5404             (0.971931 -0.0464762 0)             (0.971987 0.0465662 0)
       1.5408             (0.971886 -0.0466887 0)             (0.971942 0.0467781 0)
       1.5412             (0.971841 -0.0469006 0)             (0.971897 0.0469893 0)
       1.5416             (0.971796 -0.0471118 0)             (0.971852 0.0472000 0)
        1.542             (0.971751 -0.0473225 0)             (0.971807 0.0474100 0)
       1.5424             (0.971706 -0.0475325 0)             (0.971763 0.0476194 0)
       1.5428             (0.971661 -0.0477418 0)             (0.971718 0.0478282 0)
       1.5432             (0.971616 -0.0479505 0)             (0.971673 0.0480363 0)
       1.5436             (0.971571 -0.0481586 0)             (0.971629 0.0482438 0)
        1.544             (0.971527 -0.0483660 0)             (0.971584 0.0484506 0)
       1.5444             (0.971482 -0.0485728 0)             (0.971539 0.0486568 0)
       1.5448             (0.971437 -0.0487789 0)             (0.971495 0.0488623 0)
       1.5452             (0.971392 -0.0489843 0)             (0.971450 0.0490671 0)
       1.5456             (0.971347 -0.0491890 0)             (0.971406 0.0492712 0)
        1.546             (0.971303 -0.0493931 0)             (0.971361 0.0494747 0)
       1.5464             (0.971258 -0.0495964 0)             (0.971317 0.0496774 0)
       1.5468             (0.971213 -0.0497991 0)             (0.971272 0.0498795 0)
       1.5472             (0.971169 -0.0500010 0)             (0.971228 0.0500809 0)
       1.5476             (0.971124 -0.0502023 0)             (0.971184 0.0502815 0)
        1.548             (0.971080 -0.0504028 0)             (0.971139 0.0504815 0)
       1.5484             (0.971035 -0.0506026 0)             (0.971095 0.0506807 0)
       1.5488             (0.970991 -0.0508017 0)             (0.971051 0.0508792 0)
       1.5492             (0.970946 -0.0510000 0)             (0.971006 0.0510769 0)
       1.5496             (0.970902 -0.0511976 0)             (0.970962 0.0512739 0)
         1.55             (0.970857 -0.0513945 0)             (0.970918 0.0514702 0)
       1.5504             (0.970813 -0.0515906 0)             (0.970874 0.0516657 0)
       1.5508             (0.970769 -0.0517859 0)             (0.970830 0.0518605 0)
       1.5512             (0.970724 -0.0519805 0)             (0.970786 0.0520545 0)
       1.5516             (0.970680 -0.0521743 0)             (0.970742 0.0522477 0)
        1.552             (0.970636 -0.0523673 0)             (0.970698 0.0524401 0)
       1.5524             (0.970592 -0.0525596 0)             (0.970654 0.0526318 0)
       1.5528             (0.970547 -0.0527510 0)             (0.970610 0.0528226 0)
       1.5532             (0.970503 -0.0529416 0)             (0.970566 0.0530127 0)
       1.5536             (0.970459 -0.0531315 0)             (0.970522 0.0532019 0)
        1.554             (0.970415 -0.0533205 0)             (0.970478 0.0533904 0)
       1.5544             (0.970371 -0.0535087 0)             (0.970434 0.0535780 0)
       1.5548             (0.970327 -0.0536961 0)             (0.970391 0.0537648 0)
       1.5552             (0.970283 -0.0538827 0)             (0.970347 0.0539508 0)
       1.5556             (0.970239 -0.0540684 0)             (0.970303 0.0541360 0)
        1.556             (0.970196 -0.0542533 0)             (0.970260 0.0543203 0)
       1.5564             (0.970152 -0.0544373 0)             (0.970216 0.0545038 0)
       1.5568             (0.970108 -0.0546205 0)             (0.970172 0.0546864 0)
       1.5572             (0.970064 -0.0548029 0)             (0.970129 0.0548681 0)
       1.5576             (0.970021 -0.0549843 0)             (0.970086 0.0550490 0)
        1.558             (0.969977 -0.0551649 0)             (0.970042 0.0552290 0)
       1.5584             (0.969933 -0.0553446 0)             (0.969999 0.0554082 0)
       1.5588             (0.969890 -0.0555234 0)             (0.969955 0.0555864 0)
       1.5592             (0.969846 -0.0557014 0)             (0.969912 0.0557638 0)
       1.5596             (0.969803 -0.0558784 0)             (0.969869 0.0559403 0)
         1.56             (0.969760 -0.0560546 0)             (0.969826 0.0561158 0)
       1.5604             (0.969716 -0.0562298 0)             (0.969783 0.0562905 0)
       1.5608             (0.969673 -0.0564041 0)             (0.969740 0.0564643 0)
       1.5612             (0.969630 -0.0565775 0)             (0.969697 0.0566371 0)
       1.5616             (0.969587 -0.0567499 0)             (0.969654 0.0568090 0)
        1.562             (0.969543 -0.0569215 0)             (0.969611 0.0569799 0)
       1.5624             (0.969500 -0.0570921 0)             (0.969568 0.0571500 0)
       1.5628             (0.969457 -0.0572617 0)             (0.969525 0.0573191 0)
       1.5632             (0.969414 -0.0574304 0)             (0.969482 0.0574872 0)
       1.5636             (0.969371 -0.0575981 0)             (0.969440 0.0576544 0)
        1.564             (0.969329 -0.0577649 0)             (0.969397 0.0578206 0)
       1.5644             (0.969286 -0.0579307 0)             (0.969354 0.0579858 0)
       1.5648             (0.969243 -0.0580955 0)             (0.969312 0.0581501 0)
       1.5652             (0.969200 -0.0582594 0)             (0.969269 0.0583134 0)
       1.5656             (0.969158 -0.0584222 0)             (0.969227 0.0584757 0)
        1.566             (0.969115 -0.0585841 0)             (0.969185 0.0586370 0)
       1.5664             (0.969073 -0.0587449 0)             (0.969142 0.0587973 0)
       1.5668             (0.969030 -0.0589048 0)             (0.969100 0.0589566 0)
       1.5672             (0.968988 -0.0590636 0)             (0.969058 0.0591149 0)
       1.5676             (0.968946 -0.0592215 0)             (0.969016 0.0592722 0)
        1.568             (0.968904 -0.0593783 0)             (0.968974 0.0594285 0)
       1.5684             (0.968861 -0.0595340 0)             (0.968932 0.0595837 0)
       1.5688             (0.968819 -0.0596888 0)             (0.968890 0.0597379 0)
       1.5692             (0.968777 -0.0598425 0)             (0.968849 0.0598910 0)
       1.5696             (0.968735 -0.0599951 0)             (0.968807 0.0600431 0)
         1.57             (0.968694 -0.0601467 0)             (0.968765 0.0601942 0)
       1.5704             (0.968652 -0.0602972 0)             (0.968724 0.0603442 0)
       1.5708             (0.968610 -0.0604467 0)             (0.968682 0.0604931 0)
       1.5712             (0.968569 -0.0605951 0)             (0.968641 0.0606410 0)
       1.5716             (0.968527 -0.0607424 0)             (0.968599 0.0607878 0)
        1.572             (0.968486 -0.0608886 0)             (0.968558 0.0609335 0)
       1.5724             (0.968444 -0.0610338 0)             (0.968517 0.0610781 0)
       1.5728             (0.968403 -0.0611778 0)             (0.968476 0.0612216 0)
       1.5732             (0.968362 -0.0613208 0)             (0.968435 0.0613641 0)
       1.5736             (0.968320 -0.0614626 0)             (0.968394 0.0615054 0)
        1.574             (0.968279 -0.0616034 0)             (0.968353 0.0616456 0)
       1.5744             (0.968238 -0.0617430 0)             (0.968312 0.0617847 0)
       1.5748             (0.968198 -0.0618815 0)             (0.968272 0.0619227 0)
       1.5752             (0.968157 -0.0620189 0)             (0.968231 0.0620595 0)
       1.5756             (0.968116 -0.0621551 0)             (0.968191 0.0621952 0)
        1.576             (0.968075 -0.0622902 0)             (0.968150 0.0623298 0)
       1.5764             (0.968035 -0.0624241 0)             (0.968110 0.0624633 0)
       1.5768             (0.967995 -0.0625569 0)             (0.968070 0.0625956 0)
       1.5772             (0.967954 -0.0626886 0)             (0.968029 0.0627267 0)
       1.5776             (0.967914 -0.0628191 0)             (0.967989 0.0628567 0)
        1.578             (0.967874 -0.0629484 0)             (0.967950 0.0629855 0)
       1.5784             (0.967834 -0.0630765 0)             (0.967910 0.0631131 0)
       1.5788             (0.967794 -0.0632035 0)             (0.967870 0.0632396 0)
       1.5792             (0.967754 -0.0633293 0)             (0.967830 0.0633648 0)
       1.5796             (0.967714 -0.0634539 0)             (0.967791 0.0634889 0)
         1.58             (0.967675 -0.0635773 0)             (0.967751 0.0636118 0)
       1.5804             (0.967635 -0.0636995 0)             (0.967712 0.0637335 0)
       1.5808             (0.967596 -0.0638205 0)             (0.967673 0.0638540 0)
       1.5812             (0.967557 -0.0639402 0)             (0.967634 0.0639733 0)
       1.5816             (0.967517 -0.0640588 0)             (0.967595 0.0640914 0)
        1.582             (0.967478 -0.0641762 0)             (0.967556 0.0642083 0)
       1.5824             (0.967439 -0.0642923 0)             (0.967517 0.0643239 0)
       1.5828             (0.967401 -0.0644072 0)             (0.967479 0.0644383 0)
       1.5832             (0.967362 -0.0645208 0)             (0.967440 0.0645515 0)
       1.5836             (0.967323 -0.0646332 0)             (0.967402 0.0646634 0)
        1.584             (0.967285 -0.0647444 0)             (0.967363 0.0647741 0)
       1.5844             (0.967247 -0.0648543 0)             (0.967325 0.0648835 0)
       1.5848             (0.967208 -0.0649630 0)             (0.967287 0.0649917 0)
       1.5852             (0.967170 -0.0650704 0)             (0.967249 0.0650986 0)
       1.5856             (0.967132 -0.0651765 0)             (0.967212 0.0652042 0)
        1.586             (0.967094 -0.0652813 0)             (0.967174 0.0653086 0)
       1.5864             (0.967057 -0.0653849 0)             (0.967136 0.0654117 0)
       1.5868             (0.967019 -0.0654872 0)             (0.967099 0.0655136 0)
       1.5872             (0.966982 -0.0655882 0)             (0.967062 0.0656141 0)
       1.5876             (0.966944 -0.0656879 0)             (0.967025 0.0657133 0)
        1.588             (0.966907 -0.0657864 0)             (0.966988 0.0658113 0)
       1.5884             (0.966870 -0.0658835 0)             (0.966951 0.0659080 0)
       1.5888             (0.966833 -0.0659793 0)             (0.966914 0.0660033 0)
       1.5892             (0.966797 -0.0660738 0)             (0.966878 0.0660974 0)
       1.5896             (0.966760 -0.0661670 0)             (0.966841 0.0661901 0)
         1.59             (0.966723 -0.0662588 0)             (0.966805 0.0662815 0)
       1.5904             (0.966687 -0.0663494 0)             (0.966769 0.0663716 0)
       1.5908             (0.966651 -0.0664386 0)             (0.966733 0.0664604 0)
       1.5912             (0.966615 -0.0665265 0)             (0.966697 0.0665478 0)
       1.5916             (0.966579 -0.0666130 0)             (0.966661 0.0666339 0)
        1.592             (0.966543 -0.0666982 0)             (0.966626 0.0667186 0)
       1.5924             (0.966508 -0.0667821 0)             (0.966590 0.0668020 0)
       1.5928             (0.966472 -0.0668645 0)             (0.966555 0.0668841 0)
       1.5932             (0.966437 -0.0669457 0)             (0.966520 0.0669648 0)
       1.5936             (0.966402 -0.0670255 0)             (0.966485 0.0670441 0)
        1.594             (0.966367 -0.0671039 0)             (0.966450 0.0671221 0)
       1.5944             (0.966332 -0.0671809 0)             (0.966416 0.0671987 0)
       1.5948             (0.966298 -0.0672566 0)             (0.966381 0.0672739 0)
       1.5952             (0.966263 -0.0673309 0)             (0.966347 0.0673478 0)
       1.5956             (0.966229 -0.0674038 0)             (0.966313 0.0674203 0)
        1.596             (0.966195 -0.0674753 0)             (0.966279 0.0674914 0)
       1.5964             (0.966161 -0.0675454 0)             (0.966245 0.0675611 0)
       1.5968             (0.966128 -0.0676142 0)             (0.966212 0.0676294 0)
       1.5972             (0.966094 -0.0676815 0)             (0.966178 0.0676963 0)
       1.5976             (0.966061 -0.0677474 0)             (0.966145 0.0677618 0)
        1.598             (0.966027 -0.0678120 0)             (0.966112 0.0678260 0)
       1.5984             (0.965994 -0.0678751 0)             (0.966079 0.0678887 0)
       1.5988             (0.965962 -0.0679368 0)             (0.966047 0.0679499 0)
       1.5992             (0.965929 -0.0679971 0)             (0.966014 0.0680098 0)
       1.5996             (0.965896 -0.0680559 0)             (0.965982 0.0680683 0)
          1.6             (0.965864 -0.0681133 0)             (0.965950 0.0681253 0)
       1.6004             (0.965832 -0.0681693 0)             (0.965918 0.0681809 0)
       1.6008             (0.965800 -0.0682239 0)             (0.965886 0.0682351 0)
       1.6012             (0.965769 -0.0682770 0)             (0.965855 0.0682878 0)
       1.6016             (0.965737 -0.0683287 0)             (0.965823 0.0683391 0)
        1.602             (0.965706 -0.0683790 0)             (0.965792 0.0683889 0)
       1.6024             (0.965675 -0.0684278 0)             (0.965761 0.0684373 0)
       1.6028             (0.965644 -0.0684751 0)             (0.965731 0.0684843 0)
       1.6032             (0.965613 -0.0685210 0)             (0.965700 0.0685298 0)
       1.6036             (0.965583 -0.0685654 0)             (0.965670 0.0685738 0)
        1.604             (0.965552 -0.0686084 0)             (0.965640 0.0686164 0)
       1.6044             (0.965522 -0.0686499 0)             (0.965610 0.0686576 0)
       1.6048             (0.965493 -0.0686899 0)             (0.965580 0.0686972 0)
       1.6052             (0.965463 -0.0687285 0)             (0.965551 0.0687354 0)
       1.6056             (0.965433 -0.0687656 0)             (0.965521 0.0687721 0)
        1.606             (0.965404 -0.0688012 0)             (0.965492 0.0688073 0)
       1.6064             (0.965375 -0.0688353 0)             (0.965463 0.0688411 0)
       1.6068             (0.965347 -0.0688679 0)             (0.965435 0.0688734 0)
       1.6072             (0.965318 -0.0688991 0)             (0.965406 0.0689041 0)
       1.6076             (0.965290 -0.0689287 0)             (0.965378 0.0689334 0)
        1.608             (0.965262 -0.0689569 0)             (0.965350 0.0689612 0)
       1.6084             (0.965234 -0.0689835 0)             (0.965323 0.0689875 0)
       1.6088             (0.965206 -0.0690087 0)             (0.965295 0.0690124 0)
       1.6092             (0.965179 -0.0690324 0)             (0.965268 0.0690357 0)
       1.6096             (0.965152 -0.0690545 0)             (0.965241 0.0690575 0)
         1.61             (0.965125 -0.0690752 0)             (0.965214 0.0690778 0)
       1.6104             (0.965098 -0.0690943 0)             (0.965188 0.0690966 0)
       1.6108             (0.965072 -0.0691119 0)             (0.965161 0.0691139 0)
       1.6112             (0.965046 -0.0691280 0)             (0.965135 0.0691296 0)
       1.6116             (0.965020 -0.0691426 0)             (0.965110 0.0691439 0)
        1.612             (0.964994 -0.0691557 0)             (0.965084 0.0691566 0)
       1.6124             (0.964969 -0.0691672 0)             (0.965059 0.0691678 0)
       1.6128             (0.964943 -0.0691772 0)             (0.965034 0.0691775 0)
       1.6132             (0.964918 -0.0691857 0)             (0.965009 0.0691857 0)
       1.6136             (0.964894 -0.0691927 0)             (0.964984 0.0691923 0)
        1.614             (0.964869 -0.0691981 0)             (0.964960 0.0691974 0)
       1.6144             (0.964845 -0.0692020 0)             (0.964936 0.0692009 0)
       1.6148             (0.964821 -0.0692043 0)             (0.964912 0.0692030 0)
       1.6152             (0.964798 -0.0692051 0)             (0.964889 0.0692035 0)
       1.6156             (0.964774 -0.0692044 0)             (0.964865 0.0692024 0)
        1.616             (0.964751 -0.0692021 0)             (0.964842 0.0691998 0)
       1.6164             (0.964728 -0.0691983 0)             (0.964820 0.0691957 0)
       1.6168             (0.964706 -0.0691929 0)             (0.964797 0.0691900 0)
       1.6172             (0.964684 -0.0691860 0)             (0.964775 0.0691828 0)
       1.6176             (0.964662 -0.0691775 0)             (0.964753 0.0691740 0)
        1.618             (0.964640 -0.0691675 0)             (0.964732 0.0691637 0)
       1.6184             (0.964618 -0.0691559 0)             (0.964710 0.0691518 0)
       1.6188             (0.964597 -0.0691428 0)             (0.964689 0.0691384 0)
       1.6192             (0.964576 -0.0691281 0)             (0.964668 0.0691234 0)
       1.6196             (0.964556 -0.0691118 0)             (0.964648 0.0691068 0)
         1.62             (0.964535 -0.0690940 0)             (0.964628 0.0690887 0)
       1.6204             (0.964515 -0.0690746 0)             (0.964608 0.0690690 0)
       1.6208             (0.964496 -0.0690536 0)             (0.964588 0.0690478 0)
       1.6212             (0.964476 -0.0690311 0)             (0.964569 0.0690250 0)
       1.6216             (0.964457 -0.0690070 0)             (0.964550 0.0690006 0)
        1.622             (0.964438 -0.0689814 0)             (0.964531 0.0689747 0)
       1.6224             (0.964420 -0.0689541 0)             (0.964513 0.0689472 0)
       1.6228             (0.964401 -0.0689253 0)             (0.964494 0.0689181 0)
       1.6232             (0.964384 -0.0688949 0)             (0.964477 0.0688875 0)
       1.6236             (0.964366 -0.0688630 0)             (0.964459 0.0688553 0)
        1.624             (0.964349 -0.0688295 0)             (0.964442 0.0688215 0)
       1.6244             (0.964332 -0.0687944 0)             (0.964425 0.0687861 0)
       1.6248             (0.964315 -0.0687577 0)             (0.964408 0.0687492 0)
       1.6252             (0.964298 -0.0687194 0)             (0.964392 0.0687107 0)
       1.6256             (0.964282 -0.0686796 0)             (0.964376 0.0686706 0)
        1.626             (0.964267 -0.0686382 0)             (0.964360 0.0686290 0)
       1.6264             (0.964251 -0.0685952 0)             (0.964345 0.0685857 0)
       1.6268             (0.964236 -0.0685506 0)             (0.964330 0.0685409 0)
       1.6272             (0.964221 -0.0685045 0)             (0.964315 0.0684945 0)
       1.6276             (0.964207 -0.0684567 0)             (0.964301 0.0684465 0)
        1.628             (0.964193 -0.0684074 0)             (0.964287 0.0683970 0)
       1.6284             (0.964179 -0.0683565 0)             (0.964273 0.0683458 0)
       1.6288             (0.964165 -0.0683040 0)             (0.964260 0.0682931 0)
       1.6292             (0.964152 -0.0682499 0)             (0.964246 0.0682388 0)
       1.6296             (0.964139 -0.0681943 0)             (0.964234 0.0681829 0)
         1.63             (0.964127 -0.0681370 0)             (0.964221 0.0681255 0)
       1.6304             (0.964115 -0.0680782 0)             (0.964209 0.0680664 0)
       1.6308             (0.964103 -0.0680178 0)             (0.964197 0.0680058 0)
       1.6312             (0.964091 -0.0679558 0)             (0.964186 0.0679436 0)
       1.6316             (0.964080 -0.0678922 0)             (0.964175 0.0678798 0)
        1.632             (0.964070 -0.0678270 0)             (0.964164 0.0678144 0)
       1.6324             (0.964059 -0.0677602 0)             (0.964154 0.0677474 0)
       1.6328             (0.964049 -0.0676919 0)             (0.964144 0.0676789 0)
       1.6332             (0.964039 -0.0676220 0)             (0.964134 0.0676088 0)
       1.6336             (0.964030 -0.0675505 0)             (0.964125 0.0675370 0)
        1.634             (0.964021 -0.0674774 0)             (0.964116 0.0674637 0)
       1.6344             (0.964012 -0.0674027 0)             (0.964107 0.0673889 0)
       1.6348             (0.964004 -0.0673264 0)             (0.964099 0.0673124 0)
       1.6352             (0.963996 -0.0672486 0)             (0.964091 0.0672344 0)
       1.6356             (0.963988 -0.0671691 0)             (0.964084 0.0671548 0)
        1.636             (0.963981 -0.0670881 0)             (0.964076 0.0670736 0)
       1.6364             (0.963974 -0.0670055 0)             (0.964070 0.0669908 0)
       1.6368             (0.963968 -0.0669213 0)             (0.964063 0.0669064 0)
       1.6372             (0.963962 -0.0668356 0)             (0.964057 0.0668205 0)
       1.6376             (0.963956 -0.0667482 0)             (0.964051 0.0667330 0)
        1.638             (0.963951 -0.0666593 0)             (0.964046 0.0666439 0)
       1.6384             (0.963946 -0.0665688 0)             (0.964041 0.0665532 0)
       1.6388             (0.963941 -0.0664768 0)             (0.964036 0.0664610 0)
       1.6392             (0.963937 -0.0663831 0)             (0.964032 0.0663672 0)
       1.6396             (0.963933 -0.0662879 0)             (0.964028 0.0662718 0)
         1.64             (0.963930 -0.0661911 0)             (0.964025 0.0661748 0)
       1.6404             (0.963926 -0.0660927 0)             (0.964022 0.0660763 0)
       1.6408             (0.963924 -0.0659928 0)             (0.964019 0.0659762 0)
       1.6412             (0.963921 -0.0658912 0)             (0.964017 0.0658746 0)
       1.6416             (0.963919 -0.0657882 0)             (0.964015 0.0657713 0)
        1.642             (0.963918 -0.0656835 0)             (0.964013 0.0656665 0)
       1.6424             (0.963917 -0.0655773 0)             (0.964012 0.0655602 0)
       1.6428             (0.963916 -0.0654695 0)             (0.964011 0.0654523 0)
       1.6432             (0.963916 -0.0653602 0)             (0.964011 0.0653428 0)
       1.6436             (0.963916 -0.0652492 0)             (0.964011 0.0652317 0)
        1.644             (0.963916 -0.0651368 0)             (0.964012 0.0651191 0)
       1.6444             (0.963917 -0.0650227 0)             (0.964012 0.0650050 0)
       1.6448             (0.963918 -0.0649072 0)             (0.964014 0.0648893 0)
       1.6452             (0.963920 -0.0647900 0)             (0.964015 0.0647720 0)
       1.6456             (0.963922 -0.0646713 0)             (0.964017 0.0646532 0)
        1.646             (0.963924 -0.0645511 0)             (0.964020 0.0645328 0)
       1.6464             (0.963927 -0.0644293 0)             (0.964023 0.0644109 0)
       1.6468             (0.963930 -0.0643059 0)             (0.964026 0.0642874 0)
       1.6472             (0.963934 -0.0641810 0)             (0.964029 0.0641624 0)
       1.6476             (0.963938 -0.0640546 0)             (0.964033 0.0640359 0)
        1.648             (0.963943 -0.0639266 0)             (0.964038 0.0639078 0)
       1.6484             (0.963948 -0.0637971 0)             (0.964043 0.0637782 0)
       1.6488             (0.963953 -0.0636661 0)             (0.964048 0.0636471 0)
       1.6492             (0.963959 -0.0635335 0)             (0.964054 0.0635144 0)
       1.6496             (0.963965 -0.0633994 0)             (0.964060 0.0633802 0)
         1.65             (0.963971 -0.0632637 0)             (0.964067 0.0632444 0)
       1.6504             (0.963978 -0.0631266 0)             (0.964074 0.0631072 0)
       1.6508             (0.963986 -0.0629879 0)             (0.964081 0.0629684 0)
       1.6512             (0.963994 -0.0628476 0)             (0.964089 0.0628281 0)
       1.6516             (0.964002 -0.0627059 0)             (0.964097 0.0626863 0)
        1.652             (0.964011 -0.0625626 0)             (0.964106 0.0625429 0)
       1.6524             (0.964020 -0.0624179 0)             (0.964115 0.0623981 0)
       1.6528             (0.964030 -0.0622716 0)             (0.964124 0.0622518 0)
       1.6532             (0.964040 -0.0621238 0)             (0.964134 0.0621039 0)
       1.6536             (0.964050 -0.0619745 0)             (0.964145 0.0619545 0)
        1.654             (0.964061 -0.0618237 0)             (0.964156 0.0618037 0)
       1.6544             (0.964072 -0.0616714 0)             (0.964167 0.0616513 0)
       1.6548             (0.964084 -0.0615177 0)             (0.964179 0.0614975 0)
       1.6552             (0.964096 -0.0613624 0)             (0.964191 0.0613421 0)
       1.6556             (0.964109 -0.0612056 0)             (0.964203 0.0611853 0)
        1.656             (0.964122 -0.0610474 0)             (0.964216 0.0610270 0)
       1.6564             (0.964135 -0.0608876 0)             (0.964230 0.0608672 0)
       1.6568             (0.964149 -0.0607264 0)             (0.964244 0.0607060 0)
       1.6572             (0.964164 -0.0605637 0)             (0.964258 0.0605432 0)
       1.6576             (0.964179 -0.0603996 0)             (0.964273 0.0603790 0)
        1.658             (0.964194 -0.0602339 0)             (0.964288 0.0602134 0)
       1.6584             (0.964210 -0.0600668 0)             (0.964304 0.0600462 0)
       1.6588             (0.964226 -0.0598983 0)             (0.964320 0.0598776 0)
       1.6592             (0.964242 -0.0597282 0)             (0.964336 0.0597076 0)
       1.6596             (0.964260 -0.0595568 0)             (0.964353 0.0595361 0)
         1.66             (0.964277 -0.0593839 0)             (0.964371 0.0593631 0)
       1.6604             (0.964295 -0.0592095 0)             (0.964389 0.0591887 0)
       1.6608             (0.964314 -0.0590337 0)             (0.964407 0.0590129 0)
       1.6612             (0.964333 -0.0588564 0)             (0.964426 0.0588356 0)
       1.6616             (0.964352 -0.0586777 0)             (0.964445 0.0586569 0)
        1.662             (0.964372 -0.0584976 0)             (0.964465 0.0584768 0)
       1.6624             (0.964392 -0.0583161 0)             (0.964485 0.0582952 0)
       1.6628             (0.964413 -0.0581331 0)             (0.964506 0.0581123 0)
       1.6632             (0.964434 -0.0579487 0)             (0.964527 0.0579279 0)
       1.6636             (0.964456 -0.0577629 0)             (0.964548 0.0577421 0)
        1.664             (0.964478 -0.0575757 0)             (0.964570 0.0575549 0)
       1.6644             (0.964500 -0.0573871 0)             (0.964593 0.0573662 0)
       1.6648             (0.964523 -0.0571971 0)             (0.964616 0.0571762 0)
       1.6652             (0.964547 -0.0570057 0)             (0.964639 0.0569848 0)
       1.6656             (0.964571 -0.0568129 0)             (0.964663 0.0567920 0)
        1.666             (0.964595 -0.0566187 0)             (0.964687 0.0565979 0)
       1.6664             (0.964620 -0.0564232 0)             (0.964712 0.0564023 0)
       1.6668             (0.964646 -0.0562262 0)             (0.964738 0.0562054 0)
       1.6672             (0.964672 -0.0560279 0)             (0.964763 0.0560071 0)
       1.6676             (0.964698 -0.0558282 0)             (0.964790 0.0558074 0)
        1.668             (0.964725 -0.0556272 0)             (0.964816 0.0556064 0)
       1.6684             (0.964752 -0.0554248 0)             (0.964843 0.0554040 0)
       1.6688             (0.964780 -0.0552210 0)             (0.964871 0.0552002 0)
       1.6692             (0.964808 -0.0550159 0)             (0.964899 0.0549952 0)
       1.6696             (0.964837 -0.0548094 0)             (0.964928 0.0547887 0)
         1.67             (0.964866 -0.0546016 0)             (0.964957 0.0545810 0)
       1.6704             (0.964896 -0.0543925 0)             (0.964986 0.0543719 0)
       1.6708             (0.964926 -0.0541821 0)             (0.965016 0.0541615 0)
       1.6712             (0.964956 -0.0539703 0)             (0.965047 0.0539497 0)
       1.6716             (0.964987 -0.0537572 0)             (0.965077 0.0537367 0)
        1.672             (0.965019 -0.0535428 0)             (0.965109 0.0535223 0)
       1.6724             (0.965051 -0.0533271 0)             (0.965141 0.0533066 0)
       1.6728             (0.965084 -0.0531100 0)             (0.965173 0.0530897 0)
       1.6732             (0.965117 -0.0528917 0)             (0.965206 0.0528714 0)
       1.6736             (0.965150 -0.0526721 0)             (0.965239 0.0526518 0)
        1.674             (0.965184 -0.0524512 0)             (0.965273 0.0524310 0)
       1.6744             (0.965218 -0.0522291 0)             (0.965307 0.0522089 0)
       1.6748             (0.965253 -0.0520056 0)             (0.965342 0.0519855 0)
       1.6752             (0.965289 -0.0517809 0)             (0.965377 0.0517609 0)
       1.6756             (0.965325 -0.0515550 0)             (0.965413 0.0515350 0)
        1.676             (0.965361 -0.0513277 0)             (0.965449 0.0513078 0)
       1.6764             (0.965398 -0.0510993 0)             (0.965486 0.0510794 0)
       1.6768             (0.965435 -0.0508695 0)             (0.965523 0.0508497 0)
       1.6772             (0.965473 -0.0506386 0)             (0.965560 0.0506188 0)
       1.6776             (0.965511 -0.0504064 0)             (0.965599 0.0503867 0)
        1.678             (0.965550 -0.0501730 0)             (0.965637 0.0501534 0)
       1.6784             (0.965589 -0.0499383 0)             (0.965676 0.0499188 0)
       1.6788             (0.965629 -0.0497025 0)             (0.965716 0.0496830 0)
       1.6792             (0.965669 -0.0494654 0)             (0.965756 0.0494460 0)
       1.6796             (0.965710 -0.0492271 0)             (0.965796 0.0492078 0)
         1.68             (0.965751 -0.0489877 0)             (0.965837 0.0489685 0)
       1.6804             (0.965793 -0.0487470 0)             (0.965879 0.0487279 0)
       1.6808             (0.965835 -0.0485052 0)             (0.965921 0.0484861 0)
       1.6812             (0.965877 -0.0482622 0)             (0.965963 0.0482432 0)
       1.6816             (0.965921 -0.0480180 0)             (0.966006 0.0479991 0)
        1.682             (0.965964 -0.0477726 0)             (0.966049 0.0477539 0)
       1.6824             (0.966008 -0.0475261 0)             (0.966093 0.0475075 0)
       1.6828             (0.966053 -0.0472785 0)             (0.966138 0.0472599 0)
       1.6832             (0.966098 -0.0470296 0)             (0.966182 0.0470112 0)
       1.6836             (0.966143 -0.0467797 0)             (0.966228 0.0467614 0)
        1.684             (0.966189 -0.0465286 0)             (0.966274 0.0465104 0)
       1.6844             (0.966236 -0.0462764 0)             (0.966320 0.0462583 0)
       1.6848             (0.966283 -0.0460231 0)             (0.966367 0.0460051 0)
       1.6852             (0.966330 -0.0457687 0)             (0.966414 0.0457508 0)
       1.6856             (0.966378 -0.0455132 0)             (0.966461 0.0454954 0)
        1.686             (0.966427 -0.0452565 0)             (0.966510 0.0452388 0)
       1.6864             (0.966476 -0.0449988 0)             (0.966558 0.0449812 0)
       1.6868             (0.966525 -0.0447400 0)             (0.966608 0.0447225 0)
       1.6872             (0.966575 -0.0444801 0)             (0.966657 0.0444628 0)
       1.6876             (0.966625 -0.0442192 0)             (0.966707 0.0442020 0)
        1.688             (0.966676 -0.0439572 0)             (0.966758 0.0439401 0)
       1.6884             (0.966728 -0.0436941 0)             (0.966809 0.0436771 0)
       1.6888             (0.966779 -0.0434300 0)             (0.966861 0.0434131 0)
       1.6892             (0.966832 -0.0431648 0)             (0.966913 0.0431481 0)
       1.6896             (0.966885 -0.0428986 0)             (0.966965 0.0428820 0)
         1.69             (0.966938 -0.0426314 0)             (0.967018 0.0426150 0)
       1.6904             (0.966992 -0.0423632 0)             (0.967072 0.0423468 0)
       1.6908             (0.967046 -0.0420939 0)             (0.967126 0.0420777 0)
       1.6912             (0.967100 -0.0418237 0)             (0.967180 0.0418076 0)
       1.6916             (0.967156 -0.0415524 0)             (0.967235 0.0415365 0)
        1.692             (0.967211 -0.0412802 0)             (0.967290 0.0412644 0)
       1.6924             (0.967267 -0.0410069 0)             (0.967346 0.0409913 0)
       1.6928             (0.967324 -0.0407327 0)             (0.967402 0.0407173 0)
       1.6932             (0.967381 -0.0404576 0)             (0.967459 0.0404422 0)
       1.6936             (0.967439 -0.0401814 0)             (0.967516 0.0401662 0)
        1.694             (0.967497 -0.0399044 0)             (0.967574 0.0398893 0)
       1.6944             (0.967555 -0.0396263 0)             (0.967632 0.0396114 0)
       1.6948             (0.967614 -0.0393474 0)             (0.967691 0.0393326 0)
       1.6952             (0.967674 -0.0390675 0)             (0.967750 0.0390529 0)
       1.6956             (0.967734 -0.0387867 0)             (0.967810 0.0387722 0)
        1.696             (0.967794 -0.0385049 0)             (0.967870 0.0384907 0)
       1.6964             (0.967855 -0.0382223 0)             (0.967931 0.0382082 0)
       1.6968             (0.967916 -0.0379388 0)             (0.967992 0.0379248 0)
       1.6972             (0.967978 -0.0376543 0)             (0.968053 0.0376405 0)
       1.6976             (0.968040 -0.0373690 0)             (0.968115 0.0373554 0)
        1.698             (0.968103 -0.0370829 0)             (0.968178 0.0370694 0)
       1.6984             (0.968166 -0.0367958 0)             (0.968240 0.0367825 0)
       1.6988             (0.968230 -0.0365079 0)             (0.968304 0.0364947 0)
       1.6992             (0.968294 -0.0362191 0)             (0.968368 0.0362062 0)
       1.6996             (0.968359 -0.0359295 0)             (0.968432 0.0359167 0)
          1.7             (0.968424 -0.0356391 0)             (0.968497 0.0356265 0)
       1.7004             (0.968489 -0.0353478 0)             (0.968562 0.0353354 0)
       1.7008             (0.968555 -0.0350558 0)             (0.968628 0.0350435 0)
       1.7012             (0.968622 -0.0347629 0)             (0.968694 0.0347507 0)
       1.7016             (0.968689 -0.0344692 0)             (0.968760 0.0344572 0)
        1.702             (0.968756 -0.0341747 0)             (0.968827 0.0341629 0)
       1.7024             (0.968824 -0.0338794 0)             (0.968895 0.0338678 0)
       1.7028             (0.968892 -0.0335834 0)             (0.968963 0.0335719 0)
       1.7032             (0.968961 -0.0332865 0)             (0.969031 0.0332753 0)
       1.7036             (0.969030 -0.0329890 0)             (0.969100 0.0329779 0)
        1.704             (0.969100 -0.0326906 0)             (0.969169 0.0326797 0)
       1.7044             (0.969170 -0.0323915 0)             (0.969239 0.0323808 0)
       1.7048             (0.969240 -0.0320917 0)             (0.969309 0.0320812 0)
       1.7052             (0.969311 -0.0317912 0)             (0.969380 0.0317809 0)
       1.7056             (0.969383 -0.0314899 0)             (0.969451 0.0314798 0)
        1.706             (0.969455 -0.0311879 0)             (0.969522 0.0311780 0)
       1.7064             (0.969527 -0.0308853 0)             (0.969594 0.0308755 0)
       1.7068             (0.969600 -0.0305819 0)             (0.969667 0.0305723 0)
       1.7072             (0.969673 -0.0302778 0)             (0.969740 0.0302685 0)
       1.7076             (0.969747 -0.0299731 0)             (0.969813 0.0299639 0)
        1.708             (0.969821 -0.0296677 0)             (0.969887 0.0296587 0)
       1.7084             (0.969895 -0.0293616 0)             (0.969961 0.0293529 0)
       1.7088             (0.969970 -0.0290549 0)             (0.970035 0.0290463 0)
       1.7092             (0.970046 -0.0287476 0)             (0.970110 0.0287392 0)
       1.7096             (0.970121 -0.0284396 0)             (0.970186 0.0284314 0)
         1.71             (0.970198 -0.0281310 0)             (0.970262 0.0281230 0)
       1.7104             (0.970274 -0.0278217 0)             (0.970338 0.0278139 0)
       1.7108             (0.970351 -0.0275119 0)             (0.970415 0.0275043 0)
       1.7112             (0.970429 -0.0272014 0)             (0.970492 0.0271941 0)
       1.7116             (0.970507 -0.0268904 0)             (0.970569 0.0268832 0)
        1.712             (0.970585 -0.0265788 0)             (0.970647 0.0265718 0)
       1.7124             (0.970664 -0.0262666 0)             (0.970726 0.0262599 0)
       1.7128             (0.970743 -0.0259539 0)             (0.970805 0.0259473 0)
       1.7132             (0.970823 -0.0256406 0)             (0.970884 0.0256342 0)
       1.7136             (0.970903 -0.0253267 0)             (0.970964 0.0253206 0)
        1.714             (0.970984 -0.0250123 0)             (0.971044 0.0250064 0)
       1.7144             (0.971064 -0.0246974 0)             (0.971124 0.0246917 0)
       1.7148             (0.971146 -0.0243819 0)             (0.971205 0.0243764 0)
       1.7152             (0.971227 -0.0240660 0)             (0.971286 0.0240607 0)
       1.7156             (0.971310 -0.0237495 0)             (0.971368 0.0237445 0)
        1.716             (0.971392 -0.0234326 0)             (0.971450 0.0234277 0)
       1.7164             (0.971475 -0.0231152 0)             (0.971533 0.0231105 0)
       1.7168             (0.971558 -0.0227973 0)             (0.971616 0.0227928 0)
       1.7172             (0.971642 -0.0224789 0)             (0.971699 0.0224747 0)
       1.7176             (0.971726 -0.0221600 0)             (0.971783 0.0221560 0)
        1.718             (0.971811 -0.0218408 0)             (0.971867 0.0218370 0)
       1.7184             (0.971896 -0.0215210 0)             (0.971951 0.0215175 0)
       1.7188             (0.971981 -0.0212009 0)             (0.972036 0.0211975 0)
       1.7192             (0.972067 -0.0208803 0)             (0.972121 0.0208772 0)
       1.7196             (0.972153 -0.0205593 0)             (0.972207 0.0205564 0)
         1.72             (0.972239 -0.0202379 0)             (0.972293 0.0202352 0)
       1.7204             (0.972326 -0.0199161 0)             (0.972380 0.0199137 0)
       1.7208             (0.972413 -0.0195940 0)             (0.972466 0.0195917 0)
       1.7212             (0.972501 -0.0192714 0)             (0.972553 0.0192694 0)
       1.7216             (0.972589 -0.0189485 0)             (0.972641 0.0189467 0)
        1.722             (0.972677 -0.0186252 0)             (0.972729 0.0186236 0)
       1.7224             (0.972766 -0.0183016 0)             (0.972817 0.0183002 0)
       1.7228             (0.972855 -0.0179776 0)             (0.972906 0.0179765 0)
       1.7232             (0.972945 -0.0176533 0)             (0.972995 0.0176524 0)
       1.7236             (0.973035 -0.0173287 0)             (0.973084 0.0173280 0)
        1.724             (0.973125 -0.0170037 0)             (0.973174 0.0170033 0)
       1.7244             (0.973215 -0.0166785 0)             (0.973264 0.0166783 0)
       1.7248             (0.973306 -0.0163530 0)             (0.973355 0.0163530 0)
       1.7252             (0.973398 -0.0160271 0)             (0.973446 0.0160274 0)
       1.7256             (0.973489 -0.0157010 0)             (0.973537 0.0157015 0)
        1.726             (0.973581 -0.0153747 0)             (0.973628 0.0153754 0)
       1.7264             (0.973674 -0.0150480 0)             (0.973720 0.0150490 0)
       1.7268             (0.973766 -0.0147212 0)             (0.973812 0.0147223 0)
       1.7272             (0.973859 -0.0143940 0)             (0.973905 0.0143954 0)
       1.7276             (0.973953 -0.0140667 0)             (0.973998 0.0140683 0)
        1.728             (0.974046 -0.0137391 0)             (0.974091 0.0137410 0)
       1.7284             (0.974140 -0.0134113 0)             (0.974185 0.0134134 0)
       1.7288             (0.974235 -0.0130833 0)             (0.974279 0.0130857 0)
       1.7292             (0.974329 -0.0127552 0)             (0.974373 0.0127577 0)
       1.7296             (0.974425 -0.0124268 0)             (0.974467 0.0124296 0)
         1.73             (0.974520 -0.0120982 0)             (0.974562 0.0121012 0)
       1.7304             (0.974616 -0.0117695 0)             (0.974658 0.0117728 0)
       1.7308             (0.974712 -0.0114406 0)             (0.974753 0.0114441 0)
       1.7312             (0.974808 -0.0111116 0)             (0.974849 0.0111153 0)
       1.7316             (0.974905 -0.0107824 0)             (0.974945 0.0107864 0)
        1.732             (0.975002 -0.0104531 0)             (0.975042 0.0104573 0)
       1.7324             (0.975099 -0.0101237 0)             (0.975138 0.0101281 0)
       1.7328             (0.975197 -0.0097942 0)             (0.975236 0.0097988 0)
       1.7332             (0.975294 -0.0094646 0)             (0.975333 0.0094694 0)
       1.7336             (0.975393 -0.0091348 0)             (0.975431 0.0091399 0)
        1.734             (0.975491 -0.0088050 0)             (0.975529 0.0088103 0)
       1.7344             (0.975590 -0.0084751 0)             (0.975627 0.0084807 0)
       1.7348             (0.975689 -0.0081451 0)             (0.975726 0.0081509 0)
       1.7352             (0.975788 -0.0078151 0)             (0.975824 0.0078211 0)
       1.7356             (0.975888 -0.0074850 0)             (0.975924 0.0074913 0)
        1.736             (0.975988 -0.0071549 0)             (0.976023 0.0071614 0)
       1.7364             (0.976088 -0.0068248 0)             (0.976123 0.0068315 0)
       1.7368             (0.976189 -0.0064946 0)             (0.976223 0.0065016 0)
       1.7372             (0.976290 -0.0061644 0)             (0.976323 0.0061716 0)
       1.7376             (0.976391 -0.0058343 0)             (0.976424 0.0058417 0)
        1.738             (0.976492 -0.0055041 0)             (0.976525 0.0055117 0)
       1.7384             (0.976594 -0.0051739 0)             (0.976626 0.0051818 0)
       1.7388             (0.976696 -0.0048438 0)             (0.976727 0.0048519 0)
       1.7392             (0.976798 -0.0045137 0)             (0.976829 0.0045220 0)
       1.7396             (0.976900 -0.0041836 0)             (0.976931 0.0041922 0)
         1.74             (0.977003 -0.0038536 0)             (0.977033 0.0038624 0)
       1.7404             (0.977106 -0.0035236 0)             (0.977135 0.0035327 0)
       1.7408             (0.977209 -0.0031937 0)             (0.977238 0.0032030 0)
       1.7412             (0.977312 -0.0028639 0)             (0.977341 0.0028734 0)
       1.7416             (0.977416 -0.0025342 0)             (0.977444 0.0025439 0)
        1.742             (0.977520 -0.0022045 0)             (0.977547 0.0022145 0)
       1.7424             (0.977624 -0.0018750 0)             (0.977651 0.0018852 0)
       1.7428             (0.977728 -0.0015456 0)             (0.977755 0.0015560 0)
       1.7432             (0.977833 -0.0012163 0)             (0.977859 0.0012269 0)
       1.7436             (0.977938 -0.0008871 0)             (0.977963 0.0008980 0)
        1.744             (0.978043 -0.0005580 0)             (0.978068 0.0005692 0)
       1.7444             (0.978148 -0.0002292 0)             (0.978173 0.0002405 0)
       1.7448             (0.978254 0.0000996 0)             (0.978278 -0.0000880 0)
       1.7452             (0.978360 0.0004281 0)             (0.978383 -0.0004163 0)
       1.7456             (0.978465 0.0007565 0)             (0.978488 -0.0007445 0)
        1.746             (0.978572 0.0010847 0)             (0.978594 -0.0010725 0)
       1.7464             (0.978678 0.0014127 0)             (0.978700 -0.0014002 0)
       1.7468             (0.978785 0.0017406 0)             (0.978806 -0.0017278 0)
       1.7472             (0.978891 0.0020682 0)             (0.978912 -0.0020552 0)
       1.7476             (0.978998 0.0023955 0)             (0.979018 -0.0023824 0)
        1.748             (0.979105 0.0027227 0)             (0.979125 -0.0027093 0)
       1.7484             (0.979213 0.0030496 0)             (0.979232 -0.0030360 0)
       1.7488             (0.979320 0.0033763 0)             (0.979339 -0.0033625 0)
       1.7492             (0.979428 0.0037027 0)             (0.979446 -0.0036887 0)
       1.7496             (0.979536 0.0040289 0)             (0.979553 -0.0040146 0)
         1.75             (0.979644 0.0043548 0)             (0.979661 -0.0043403 0)
       1.7504             (0.979752 0.0046804 0)             (0.979769 -0.0046657 0)
       1.7508             (0.979861 0.0050057 0)             (0.979876 -0.0049908 0)
       1.7512             (0.979969 0.0053308 0)             (0.979984 -0.0053156 0)
       1.7516             (0.980078 0.0056555 0)             (0.980093 -0.0056401 0)
        1.752             (0.980187 0.0059799 0)             (0.980201 -0.0059643 0)
       1.7524             (0.980296 0.0063040 0)             (0.980310 -0.0062882 0)
       1.7528             (0.980405 0.0066278 0)             (0.980418 -0.0066117 0)
       1.7532             (0.980515 0.0069512 0)             (0.980527 -0.0069349 0)
       1.7536             (0.980624 0.0072743 0)             (0.980636 -0.0072578 0)
        1.754             (0.980734 0.0075970 0)             (0.980745 -0.0075803 0)
       1.7544             (0.980844 0.0079194 0)             (0.980854 -0.0079025 0)
       1.7548             (0.980954 0.0082414 0)             (0.980964 -0.0082242 0)
       1.7552             (0.981064 0.0085630 0)             (0.981073 -0.0085456 0)
       1.7556             (0.981174 0.0088842 0)             (0.981183 -0.0088666 0)
        1.756             (0.981284 0.0092050 0)             (0.981293 -0.0091873 0)
       1.7564             (0.981395 0.0095255 0)             (0.981403 -0.0095075 0)
       1.7568             (0.981505 0.0098455 0)             (0.981513 -0.0098273 0)
       1.7572             (0.981616 0.0101650 0)             (0.981623 -0.0101466 0)
       1.7576             (0.981727 0.0104842 0)             (0.981733 -0.0104656 0)
        1.758             (0.981838 0.0108029 0)             (0.981843 -0.0107841 0)
       1.7584             (0.981949 0.0111212 0)             (0.981954 -0.0111022 0)
       1.7588             (0.982060 0.0114390 0)             (0.982065 -0.0114198 0)
       1.7592             (0.982171 0.0117564 0)             (0.982175 -0.0117369 0)
       1.7596             (0.982282 0.0120732 0)             (0.982286 -0.0120536 0)
         1.76             (0.982394 0.0123897 0)             (0.982397 -0.0123698 0)
       1.7604             (0.982505 0.0127056 0)             (0.982508 -0.0126855 0)
       1.7608             (0.982617 0.0130210 0)             (0.982619 -0.0130007 0)
       1.7612             (0.982728 0.0133359 0)             (0.982730 -0.0133155 0)
       1.7616             (0.982840 0.0136503 0)             (0.982841 -0.0136297 0)
        1.762             (0.982952 0.0139642 0)             (0.982952 -0.0139434 0)
       1.7624             (0.983064 0.0142776 0)             (0.983064 -0.0142566 0)
       1.7628             (0.983176 0.0145904 0)             (0.983175 -0.0145692 0)
       1.7632             (0.983288 0.0149027 0)             (0.983286 -0.0148813 0)
       1.7636             (0.983400 0.0152145 0)             (0.983398 -0.0151928 0)
        1.764             (0.983512 0.0155257 0)             (0.983509 -0.0155038 0)
       1.7644             (0.983624 0.0158363 0)             (0.983621 -0.0158143 0)
       1.7648             (0.983736 0.0161464 0)             (0.983733 -0.0161241 0)
       1.7652             (0.983849 0.0164558 0)             (0.983844 -0.0164334 0)
       1.7656             (0.983961 0.0167647 0)             (0.983956 -0.0167421 0)
        1.766             (0.984073 0.0170730 0)             (0.984068 -0.0170502 0)
       1.7664             (0.984186 0.0173807 0)             (0.984180 -0.0173577 0)
       1.7668             (0.984298 0.0176878 0)             (0.984291 -0.0176646 0)
       1.7672             (0.984410 0.0179942 0)             (0.984403 -0.0179709 0)
       1.7676             (0.984523 0.0183001 0)             (0.984515 -0.0182765 0)
        1.768             (0.984635 0.0186053 0)             (0.984627 -0.0185816 0)
       1.7684             (0.984748 0.0189098 0)             (0.984739 -0.0188859 0)
       1.7688             (0.984860 0.0192137 0)             (0.984851 -0.0191897 0)
       1.7692             (0.984973 0.0195170 0)             (0.984963 -0.0194927 0)
       1.7696             (0.985085 0.0198196 0)             (0.985075 -0.0197952 0)
         1.77             (0.985198 0.0201215 0)             (0.985187 -0.0200969 0)
       1.7704             (0.985310 0.0204228 0)             (0.985299 -0.0203980 0)
       1.7708             (0.985423 0.0207233 0)             (0.985410 -0.0206984 0)
       1.7712             (0.985535 0.0210232 0)             (0.985522 -0.0209981 0)
       1.7716             (0.985648 0.0213224 0)             (0.985634 -0.0212971 0)
        1.772             (0.985760 0.0216209 0)             (0.985746 -0.0215954 0)
       1.7724             (0.985872 0.0219186 0)             (0.985858 -0.0218930 0)
       1.7728             (0.985985 0.0222157 0)             (0.985970 -0.0221899 0)
       1.7732             (0.986097 0.0225120 0)             (0.986082 -0.0224860 0)
       1.7736             (0.986209 0.0228076 0)             (0.986193 -0.0227814 0)
        1.774             (0.986322 0.0231024 0)             (0.986305 -0.0230761 0)
       1.7744             (0.986434 0.0233965 0)             (0.986417 -0.0233701 0)
       1.7748             (0.986546 0.0236898 0)             (0.986528 -0.0236632 0)
       1.7752             (0.986658 0.0239824 0)             (0.986640 -0.0239557 0)
       1.7756             (0.986770 0.0242742 0)             (0.986751 -0.0242473 0)
        1.776             (0.986882 0.0245653 0)             (0.986863 -0.0245382 0)
       1.7764             (0.986994 0.0248555 0)             (0.986974 -0.0248283 0)
       1.7768             (0.987106 0.0251450 0)             (0.987086 -0.0251176 0)
       1.7772             (0.987218 0.0254337 0)             (0.987197 -0.0254062 0)
       1.7776             (0.987330 0.0257216 0)             (0.987308 -0.0256939 0)
        1.778             (0.987441 0.0260087 0)             (0.987419 -0.0259808 0)
       1.7784             (0.987553 0.0262949 0)             (0.987530 -0.0262669 0)
       1.7788             (0.987665 0.0265804 0)             (0.987641 -0.0265522 0)
       1.7792             (0.987776 0.0268650 0)             (0.987752 -0.0268367 0)
       1.7796             (0.987887 0.0271488 0)             (0.987863 -0.0271204 0)
         1.78             (0.987999 0.0274317 0)             (0.987974 -0.0274032 0)
       1.7804             (0.988110 0.0277138 0)             (0.988084 -0.0276851 0)
       1.7808             (0.988221 0.0279950 0)             (0.988195 -0.0279662 0)
       1.7812             (0.988332 0.0282754 0)             (0.988305 -0.0282465 0)
       1.7816             (0.988443 0.0285550 0)             (0.988415 -0.0285259 0)
        1.782             (0.988553 0.0288336 0)             (0.988526 -0.0288044 0)
       1.7824             (0.988664 0.0291114 0)             (0.988636 -0.0290821 0)
       1.7828             (0.988775 0.0293883 0)             (0.988746 -0.0293588 0)
       1.7832             (0.988885 0.0296643 0)             (0.988855 -0.0296347 0)
       1.7836             (0.988995 0.0299394 0)             (0.988965 -0.0299097 0)
        1.784             (0.989105 0.0302137 0)             (0.989075 -0.0301838 0)
       1.7844             (0.989215 0.0304870 0)             (0.989184 -0.0304570 0)
       1.7848             (0.989325 0.0307594 0)             (0.989293 -0.0307293 0)
       1.7852             (0.989435 0.0310309 0)             (0.989403 -0.0310007 0)
       1.7856             (0.989544 0.0313014 0)             (0.989512 -0.0312711 0)
        1.786             (0.989654 0.0315711 0)             (0.989620 -0.0315406 0)
       1.7864             (0.989763 0.0318398 0)             (0.989729 -0.0318092 0)
       1.7868             (0.989872 0.0321075 0)             (0.989838 -0.0320769 0)
       1.7872             (0.989981 0.0323743 0)             (0.989946 -0.0323436 0)
       1.7876             (0.990090 0.0326402 0)             (0.990054 -0.0326093 0)
        1.788             (0.990198 0.0329051 0)             (0.990162 -0.0328741 0)
       1.7884             (0.990307 0.0331691 0)             (0.990270 -0.0331380 0)
       1.7888             (0.990415 0.0334321 0)             (0.990378 -0.0334008 0)
       1.7892             (0.990523 0.0336941 0)             (0.990486 -0.0336628 0)
       1.7896             (0.990631 0.0339551 0)             (0.990593 -0.0339237 0)
         1.79             (0.990739 0.0342151 0)             (0.990700 -0.0341836 0)
       1.7904             (0.990846 0.0344742 0)             (0.990807 -0.0344426 0)
       1.7908             (0.990954 0.0347323 0)             (0.990914 -0.0347006 0)
       1.7912             (0.991061 0.0349893 0)             (0.991020 -0.0349576 0)
       1.7916             (0.991168 0.0352454 0)             (0.991127 -0.0352135 0)
        1.792             (0.991274 0.0355005 0)             (0.991233 -0.0354685 0)
       1.7924             (0.991381 0.0357545 0)             (0.991339 -0.0357225 0)
       1.7928             (0.991487 0.0360075 0)             (0.991445 -0.0359754 0)
       1.7932             (0.991593 0.0362595 0)             (0.991550 -0.0362273 0)
       1.7936             (0.991699 0.0365105 0)             (0.991656 -0.0364782 0)
        1.794             (0.991805 0.0367605 0)             (0.991761 -0.0367281 0)
       1.7944             (0.991910 0.0370094 0)             (0.991866 -0.0369769 0)
       1.7948             (0.992015 0.0372572 0)             (0.991970 -0.0372247 0)
       1.7952             (0.992120 0.0375040 0)             (0.992075 -0.0374714 0)
       1.7956             (0.992225 0.0377498 0)             (0.992179 -0.0377171 0)
        1.796             (0.992330 0.0379945 0)             (0.992283 -0.0379618 0)
       1.7964             (0.992434 0.0382382 0)             (0.992387 -0.0382053 0)
       1.7968             (0.992538 0.0384807 0)             (0.992490 -0.0384479 0)
       1.7972             (0.992642 0.0387222 0)             (0.992593 -0.0386893 0)
       1.7976             (0.992745 0.0389627 0)             (0.992696 -0.0389297 0)
        1.798             (0.992848 0.0392020 0)             (0.992799 -0.0391690 0)
       1.7984             (0.992951 0.0394403 0)             (0.992902 -0.0394072 0)
       1.7988             (0.993054 0.0396775 0)             (0.993004 -0.0396443 0)
       1.7992             (0.993157 0.0399136 0)             (0.993106 -0.0398804 0)
       1.7996             (0.993259 0.0401486 0)             (0.993207 -0.0401153 0)
          1.8             (0.993361 0.0403825 0)             (0.993309 -0.0403492 0)
       1.8004             (0.993462 0.0406153 0)             (0.993410 -0.0405819 0)
       1.8008             (0.993564 0.0408470 0)             (0.993511 -0.0408136 0)
       1.8012             (0.993665 0.0410776 0)             (0.993611 -0.0410441 0)
       1.8016             (0.993765 0.0413071 0)             (0.993712 -0.0412735 0)
        1.802             (0.993866 0.0415354 0)             (0.993812 -0.0415018 0)
       1.8024             (0.993966 0.0417626 0)             (0.993911 -0.0417290 0)
       1.8028             (0.994066 0.0419887 0)             (0.994011 -0.0419551 0)
       1.8032             (0.994166 0.0422137 0)             (0.994110 -0.0421800 0)
       1.8036             (0.994265 0.0424375 0)             (0.994209 -0.0424038 0)
        1.804             (0.994364 0.0426602 0)             (0.994307 -0.0426265 0)
       1.8044             (0.994463 0.0428818 0)             (0.994405 -0.0428480 0)
       1.8048             (0.994561 0.0431022 0)             (0.994503 -0.0430684 0)
       1.8052             (0.994659 0.0433215 0)             (0.994601 -0.0432876 0)
       1.8056             (0.994757 0.0435396 0)             (0.994698 -0.0435057 0)
        1.806             (0.994854 0.0437565 0)             (0.994795 -0.0437227 0)
       1.8064             (0.994951 0.0439723 0)             (0.994891 -0.0439384 0)
       1.8068             (0.995048 0.0441869 0)             (0.994988 -0.0441531 0)
       1.8072             (0.995144 0.0444004 0)             (0.995084 -0.0443665 0)
       1.8076             (0.995240 0.0446127 0)             (0.995179 -0.0445788 0)
        1.808             (0.995336 0.0448238 0)             (0.995275 -0.0447899 0)
       1.8084             (0.995432 0.0450338 0)             (0.995369 -0.0449999 0)
       1.8088             (0.995527 0.0452426 0)             (0.995464 -0.0452086 0)
       1.8092             (0.995621 0.0454502 0)             (0.995558 -0.0454162 0)
       1.8096             (0.995716 0.0456566 0)             (0.995652 -0.0456226 0)
         1.81             (0.995810 0.0458618 0)             (0.995746 -0.0458279 0)
       1.8104             (0.995903 0.0460658 0)             (0.995839 -0.0460319 0)
       1.8108             (0.995997 0.0462687 0)             (0.995932 -0.0462347 0)
       1.8112             (0.996090 0.0464703 0)             (0.996024 -0.0464364 0)
       1.8116             (0.996182 0.0466708 0)             (0.996116 -0.0466368 0)
        1.812             (0.996274 0.0468700 0)             (0.996208 -0.0468361 0)
       1.8124             (0.996366 0.0470681 0)             (0.996299 -0.0470342 0)
       1.8128             (0.996458 0.0472649 0)             (0.996390 -0.0472310 0)
       1.8132             (0.996549 0.0474605 0)             (0.996481 -0.0474267 0)
       1.8136             (0.996639 0.0476549 0)             (0.996571 -0.0476211 0)
        1.814             (0.996730 0.0478482 0)             (0.996661 -0.0478143 0)
       1.8144             (0.996820 0.0480401 0)             (0.996750 -0.0480063 0)
       1.8148             (0.996909 0.0482309 0)             (0.996840 -0.0481971 0)
       1.8152             (0.996998 0.0484205 0)             (0.996928 -0.0483867 0)
       1.8156             (0.997087 0.0486088 0)             (0.997016 -0.0485751 0)
        1.816             (0.997175 0.0487959 0)             (0.997104 -0.0487622 0)
       1.8164             (0.997263 0.0489818 0)             (0.997192 -0.0489481 0)
       1.8168             (0.997351 0.0491664 0)             (0.997279 -0.0491328 0)
       1.8172             (0.997438 0.0493498 0)             (0.997366 -0.0493163 0)
       1.8176             (0.997525 0.0495320 0)             (0.997452 -0.0494985 0)
        1.818             (0.997611 0.0497130 0)             (0.997538 -0.0496795 0)
       1.8184             (0.997697 0.0498927 0)             (0.997623 -0.0498592 0)
       1.8188             (0.997782 0.0500711 0)             (0.997708 -0.0500378 0)
       1.8192             (0.997867 0.0502484 0)             (0.997793 -0.0502150 0)
       1.8196             (0.997952 0.0504244 0)             (0.997877 -0.0503911 0)
         1.82             (0.998036 0.0505991 0)             (0.997961 -0.0505659 0)
       1.8204             (0.998120 0.0507726 0)             (0.998044 -0.0507394 0)
       1.8208             (0.998203 0.0509448 0)             (0.998127 -0.0509117 0)
       1.8212             (0.998286 0.0511158 0)             (0.998210 -0.0510828 0)
       1.8216             (0.998369 0.0512856 0)             (0.998292 -0.0512526 0)
        1.822             (0.998451 0.0514541 0)             (0.998373 -0.0514212 0)
       1.8224             (0.998532 0.0516213 0)             (0.998455 -0.0515885 0)
       1.8228             (0.998613 0.0517873 0)             (0.998535 -0.0517545 0)
       1.8232             (0.998694 0.0519520 0)             (0.998616 -0.0519193 0)
       1.8236             (0.998774 0.0521155 0)             (0.998695 -0.0520829 0)
        1.824             (0.998854 0.0522777 0)             (0.998775 -0.0522452 0)
       1.8244             (0.998933 0.0524387 0)             (0.998854 -0.0524062 0)
       1.8248             (0.999012 0.0525984 0)             (0.998932 -0.0525660 0)
       1.8252             (0.999091 0.0527568 0)             (0.999010 -0.0527245 0)
       1.8256             (0.999169 0.0529139 0)             (0.999088 -0.0528817 0)
        1.826             (0.999246 0.0530698 0)             (0.999165 -0.0530377 0)
       1.8264             (0.999323 0.0532245 0)             (0.999242 -0.0531924 0)
       1.8268             (0.999400 0.0533778 0)             (0.999318 -0.0533458 0)
       1.8272             (0.999476 0.0535299 0)             (0.999394 -0.0534980 0)
       1.8276             (0.999552 0.0536807 0)             (0.999469 -0.0536489 0)
        1.828             (0.999627 0.0538303 0)             (0.999544 -0.0537986 0)
       1.8284             (0.999702 0.0539786 0)             (0.999618 -0.0539470 0)
       1.8288             (0.999776 0.0541256 0)             (0.999692 -0.0540941 0)
       1.8292             (0.999850 0.0542713 0)             (0.999765 -0.0542399 0)
       1.8296             (0.999923 0.0544158 0)             (0.999838 -0.0543845 0)
         1.83             (0.999996 0.0545589 0)             (0.999911 -0.0545278 0)
       1.8304             (1.000068 0.0547009 0)             (0.999982 -0.0546698 0)
       1.8308             (1.000140 0.0548415 0)             (1.000054 -0.0548106 0)
       1.8312             (1.000211 0.0549809 0)             (1.000125 -0.0549501 0)
       1.8316             (1.000282 0.0551190 0)             (1.000195 -0.0550883 0)
        1.832             (1.000352 0.0552558 0)             (1.000265 -0.0552252 0)
       1.8324             (1.000422 0.0553913 0)             (1.000335 -0.0553609 0)
       1.8328             (1.000491 0.0555256 0)             (1.000404 -0.0554952 0)
       1.8332             (1.000560 0.0556585 0)             (1.000472 -0.0556283 0)
       1.8336             (1.000628 0.0557902 0)             (1.000540 -0.0557602 0)
        1.834             (1.000696 0.0559207 0)             (1.000608 -0.0558907 0)
       1.8344             (1.000763 0.0560498 0)             (1.000675 -0.0560200 0)
       1.8348             (1.000830 0.0561777 0)             (1.000741 -0.0561480 0)
       1.8352             (1.000896 0.0563043 0)             (1.000807 -0.0562748 0)
       1.8356             (1.000962 0.0564296 0)             (1.000872 -0.0564002 0)
        1.836             (1.001027 0.0565536 0)             (1.000937 -0.0565244 0)
       1.8364             (1.001092 0.0566764 0)             (1.001002 -0.0566473 0)
       1.8368             (1.001156 0.0567979 0)             (1.001066 -0.0567689 0)
       1.8372             (1.001220 0.0569181 0)             (1.001129 -0.0568893 0)
       1.8376             (1.001283 0.0570370 0)             (1.001192 -0.0570083 0)
        1.838             (1.001346 0.0571546 0)             (1.001254 -0.0571261 0)
       1.8384             (1.001408 0.0572710 0)             (1.001316 -0.0572427 0)
       1.8388             (1.001470 0.0573861 0)             (1.001377 -0.0573579 0)
       1.8392             (1.001531 0.0574999 0)             (1.001438 -0.0574719 0)
       1.8396             (1.001591 0.0576125 0)             (1.001498 -0.0575846 0)
         1.84             (1.001651 0.0577237 0)             (1.001558 -0.0576960 0)
       1.8404             (1.001711 0.0578337 0)             (1.001617 -0.0578062 0)
       1.8408             (1.001770 0.0579424 0)             (1.001676 -0.0579151 0)
       1.8412             (1.001828 0.0580499 0)             (1.001734 -0.0580227 0)
       1.8416             (1.001886 0.0581560 0)             (1.001792 -0.0581290 0)
        1.842             (1.001944 0.0582609 0)             (1.001849 -0.0582341 0)
       1.8424             (1.002000 0.0583645 0)             (1.001905 -0.0583379 0)
       1.8428             (1.002057 0.0584669 0)             (1.001961 -0.0584404 0)
       1.8432             (1.002112 0.0585680 0)             (1.002017 -0.0585416 0)
       1.8436             (1.002168 0.0586678 0)             (1.002072 -0.0586416 0)
        1.844             (1.002222 0.0587663 0)             (1.002126 -0.0587404 0)
       1.8444             (1.002276 0.0588636 0)             (1.002180 -0.0588378 0)
       1.8448             (1.002330 0.0589596 0)             (1.002233 -0.0589340 0)
       1.8452             (1.002383 0.0590543 0)             (1.002286 -0.0590289 0)
       1.8456             (1.002435 0.0591478 0)             (1.002338 -0.0591226 0)
        1.846             (1.002487 0.0592400 0)             (1.002390 -0.0592150 0)
       1.8464             (1.002538 0.0593309 0)             (1.002441 -0.0593061 0)
       1.8468             (1.002589 0.0594206 0)             (1.002491 -0.0593960 0)
       1.8472             (1.002639 0.0595090 0)             (1.002541 -0.0594846 0)
       1.8476             (1.002689 0.0595961 0)             (1.002591 -0.0595719 0)
        1.848             (1.002738 0.0596820 0)             (1.002640 -0.0596580 0)
       1.8484             (1.002787 0.0597667 0)             (1.002688 -0.0597429 0)
       1.8488             (1.002835 0.0598500 0)             (1.002736 -0.0598265 0)
       1.8492             (1.002882 0.0599322 0)             (1.002783 -0.0599088 0)
       1.8496             (1.002929 0.0600130 0)             (1.002830 -0.0599899 0)
         1.85             (1.002976 0.0600926 0)             (1.002876 -0.0600697 0)
       1.8504             (1.003021 0.0601710 0)             (1.002921 -0.0601483 0)
       1.8508             (1.003066 0.0602481 0)             (1.002966 -0.0602256 0)
       1.8512             (1.003111 0.0603240 0)             (1.003011 -0.0603017 0)
       1.8516             (1.003155 0.0603986 0)             (1.003054 -0.0603765 0)
        1.852             (1.003199 0.0604719 0)             (1.003098 -0.0604501 0)
       1.8524             (1.003242 0.0605441 0)             (1.003140 -0.0605225 0)
       1.8528             (1.003284 0.0606149 0)             (1.003183 -0.0605936 0)
       1.8532             (1.003326 0.0606846 0)             (1.003224 -0.0606634 0)
       1.8536             (1.003367 0.0607530 0)             (1.003265 -0.0607321 0)
        1.854             (1.003408 0.0608201 0)             (1.003306 -0.0607995 0)
       1.8544             (1.003448 0.0608860 0)             (1.003345 -0.0608656 0)
       1.8548             (1.003487 0.0609507 0)             (1.003385 -0.0609306 0)
       1.8552             (1.003526 0.0610142 0)             (1.003424 -0.0609942 0)
       1.8556             (1.003565 0.0610764 0)             (1.003462 -0.0610567 0)
        1.856             (1.003602 0.0611374 0)             (1.003499 -0.0611179 0)
       1.8564             (1.003640 0.0611971 0)             (1.003536 -0.0611780 0)
       1.8568             (1.003676 0.0612557 0)             (1.003573 -0.0612367 0)
       1.8572             (1.003712 0.0613130 0)             (1.003609 -0.0612943 0)
       1.8576             (1.003748 0.0613691 0)             (1.003644 -0.0613507 0)
        1.858             (1.003783 0.0614240 0)             (1.003679 -0.0614058 0)
       1.8584             (1.003817 0.0614776 0)             (1.003713 -0.0614597 0)
       1.8588             (1.003851 0.0615300 0)             (1.003747 -0.0615124 0)
       1.8592             (1.003884 0.0615813 0)             (1.003780 -0.0615639 0)
       1.8596             (1.003917 0.0616313 0)             (1.003812 -0.0616142 0)
         1.86             (1.003949 0.0616801 0)             (1.003844 -0.0616632 0)
       1.8604             (1.003980 0.0617277 0)             (1.003875 -0.0617111 0)
       1.8608             (1.004011 0.0617741 0)             (1.003906 -0.0617577 0)
       1.8612             (1.004041 0.0618192 0)             (1.003936 -0.0618032 0)
       1.8616             (1.004071 0.0618632 0)             (1.003966 -0.0618474 0)
        1.862             (1.004100 0.0619060 0)             (1.003995 -0.0618905 0)
       1.8624             (1.004129 0.0619476 0)             (1.004023 -0.0619324 0)
       1.8628             (1.004157 0.0619880 0)             (1.004051 -0.0619730 0)
       1.8632             (1.004184 0.0620272 0)             (1.004078 -0.0620125 0)
       1.8636             (1.004211 0.0620652 0)             (1.004105 -0.0620508 0)
        1.864             (1.004237 0.0621020 0)             (1.004131 -0.0620879 0)
       1.8644             (1.004263 0.0621377 0)             (1.004157 -0.0621238 0)
       1.8648             (1.004288 0.0621721 0)             (1.004182 -0.0621586 0)
       1.8652             (1.004313 0.0622054 0)             (1.004206 -0.0621922 0)
       1.8656             (1.004337 0.0622375 0)             (1.004230 -0.0622245 0)
        1.866             (1.004360 0.0622684 0)             (1.004253 -0.0622558 0)
       1.8664             (1.004383 0.0622982 0)             (1.004276 -0.0622858 0)
       1.8668             (1.004405 0.0623267 0)             (1.004298 -0.0623147 0)
       1.8672             (1.004427 0.0623541 0)             (1.004319 -0.0623424 0)
       1.8676             (1.004448 0.0623804 0)             (1.004340 -0.0623689 0)
        1.868             (1.004468 0.0624055 0)             (1.004361 -0.0623943 0)
       1.8684             (1.004488 0.0624294 0)             (1.004380 -0.0624186 0)
       1.8688             (1.004507 0.0624522 0)             (1.004400 -0.0624416 0)
       1.8692             (1.004526 0.0624738 0)             (1.004418 -0.0624636 0)
       1.8696             (1.004544 0.0624942 0)             (1.004436 -0.0624843 0)
         1.87             (1.004562 0.0625135 0)             (1.004454 -0.0625040 0)
       1.8704             (1.004579 0.0625317 0)             (1.004471 -0.0625224 0)
       1.8708             (1.004595 0.0625487 0)             (1.004487 -0.0625398 0)
       1.8712             (1.004611 0.0625646 0)             (1.004503 -0.0625560 0)
       1.8716             (1.004626 0.0625794 0)             (1.004518 -0.0625710 0)
        1.872             (1.004641 0.0625930 0)             (1.004533 -0.0625850 0)
       1.8724             (1.004655 0.0626054 0)             (1.004547 -0.0625978 0)
       1.8728             (1.004669 0.0626168 0)             (1.004560 -0.0626094 0)
       1.8732             (1.004682 0.0626270 0)             (1.004573 -0.0626200 0)
       1.8736             (1.004694 0.0626361 0)             (1.004585 -0.0626294 0)
        1.874             (1.004706 0.0626441 0)             (1.004597 -0.0626377 0)
       1.8744             (1.004717 0.0626509 0)             (1.004608 -0.0626449 0)
       1.8748             (1.004728 0.0626567 0)             (1.004619 -0.0626510 0)
       1.8752             (1.004738 0.0626613 0)             (1.004629 -0.0626559 0)
       1.8756             (1.004747 0.0626648 0)             (1.004638 -0.0626598 0)
        1.876             (1.004756 0.0626672 0)             (1.004647 -0.0626625 0)
       1.8764             (1.004765 0.0626685 0)             (1.004656 -0.0626642 0)
       1.8768             (1.004772 0.0626688 0)             (1.004664 -0.0626647 0)
       1.8772             (1.004780 0.0626679 0)             (1.004671 -0.0626642 0)
       1.8776             (1.004786 0.0626659 0)             (1.004677 -0.0626626 0)
        1.878             (1.004792 0.0626628 0)             (1.004683 -0.0626598 0)
       1.8784             (1.004798 0.0626587 0)             (1.004689 -0.0626560 0)
       1.8788             (1.004803 0.0626534 0)             (1.004694 -0.0626511 0)
       1.8792             (1.004807 0.0626471 0)             (1.004698 -0.0626452 0)
       1.8796             (1.004811 0.0626397 0)             (1.004702 -0.0626381 0)
         1.88             (1.004815 0.0626312 0)             (1.004705 -0.0626300 0)
       1.8804             (1.004817 0.0626217 0)             (1.004708 -0.0626208 0)
       1.8808             (1.004819 0.0626111 0)             (1.004710 -0.0626105 0)
       1.8812             (1.004821 0.0625994 0)             (1.004712 -0.0625992 0)
       1.8816             (1.004822 0.0625866 0)             (1.004713 -0.0625868 0)
        1.882             (1.004823 0.0625728 0)             (1.004713 -0.0625734 0)
       1.8824             (1.004822 0.0625580 0)             (1.004713 -0.0625589 0)
       1.8828             (1.004822 0.0625420 0)             (1.004713 -0.0625433 0)
       1.8832             (1.004821 0.0625251 0)             (1.004712 -0.0625267 0)
       1.8836             (1.004819 0.0625071 0)             (1.004710 -0.0625091 0)
        1.884             (1.004817 0.0624880 0)             (1.004708 -0.0624904 0)
       1.8844             (1.004814 0.0624679 0)             (1.004705 -0.0624707 0)
       1.8848             (1.004810 0.0624468 0)             (1.004701 -0.0624499 0)
       1.8852             (1.004806 0.0624246 0)             (1.004697 -0.0624281 0)
       1.8856             (1.004802 0.0624014 0)             (1.004693 -0.0624053 0)
        1.886             (1.004797 0.0623772 0)             (1.004688 -0.0623815 0)
       1.8864             (1.004791 0.0623520 0)             (1.004682 -0.0623566 0)
       1.8868             (1.004785 0.0623257 0)             (1.004676 -0.0623307 0)
       1.8872             (1.004778 0.0622984 0)             (1.004670 -0.0623038 0)
       1.8876             (1.004771 0.0622701 0)             (1.004662 -0.0622759 0)
        1.888             (1.004764 0.0622408 0)             (1.004655 -0.0622470 0)
       1.8884             (1.004755 0.0622105 0)             (1.004646 -0.0622171 0)
       1.8888             (1.004746 0.0621792 0)             (1.004638 -0.0621862 0)
       1.8892             (1.004737 0.0621469 0)             (1.004628 -0.0621542 0)
       1.8896             (1.004727 0.0621136 0)             (1.004618 -0.0621213 0)
         1.89             (1.004717 0.0620793 0)             (1.004608 -0.0620874 0)
       1.8904             (1.004706 0.0620440 0)             (1.004597 -0.0620525 0)
       1.8908             (1.004694 0.0620078 0)             (1.004586 -0.0620166 0)
       1.8912             (1.004682 0.0619705 0)             (1.004574 -0.0619798 0)
       1.8916             (1.004670 0.0619323 0)             (1.004561 -0.0619420 0)
        1.892             (1.004656 0.0618931 0)             (1.004548 -0.0619031 0)
       1.8924             (1.004643 0.0618529 0)             (1.004535 -0.0618634 0)
       1.8928             (1.004629 0.0618117 0)             (1.004521 -0.0618226 0)
       1.8932             (1.004614 0.0617696 0)             (1.004506 -0.0617809 0)
       1.8936             (1.004599 0.0617265 0)             (1.004491 -0.0617382 0)
        1.894             (1.004583 0.0616825 0)             (1.004475 -0.0616946 0)
       1.8944             (1.004567 0.0616375 0)             (1.004459 -0.0616500 0)
       1.8948             (1.004550 0.0615916 0)             (1.004442 -0.0616045 0)
       1.8952             (1.004533 0.0615447 0)             (1.004425 -0.0615580 0)
       1.8956             (1.004515 0.0614969 0)             (1.004407 -0.0615106 0)
        1.896             (1.004497 0.0614481 0)             (1.004389 -0.0614622 0)
       1.8964             (1.004478 0.0613984 0)             (1.004371 -0.0614129 0)
       1.8968             (1.004459 0.0613477 0)             (1.004351 -0.0613627 0)
       1.8972             (1.004439 0.0612962 0)             (1.004332 -0.0613115 0)
       1.8976             (1.004419 0.0612437 0)             (1.004311 -0.0612594 0)
        1.898             (1.004398 0.0611902 0)             (1.004291 -0.0612064 0)
       1.8984             (1.004376 0.0611359 0)             (1.004270 -0.0611525 0)
       1.8988             (1.004355 0.0610806 0)             (1.004248 -0.0610977 0)
       1.8992             (1.004332 0.0610245 0)             (1.004226 -0.0610419 0)
       1.8996             (1.004309 0.0609674 0)             (1.004203 -0.0609853 0)
          1.9             (1.004286 0.0609094 0)             (1.004180 -0.0609277 0)
       1.9004             (1.004262 0.0608505 0)             (1.004156 -0.0608692 0)
       1.9008             (1.004238 0.0607907 0)             (1.004132 -0.0608099 0)
       1.9012             (1.004213 0.0607300 0)             (1.004107 -0.0607496 0)
       1.9016             (1.004188 0.0606684 0)             (1.004082 -0.0606885 0)
        1.902             (1.004162 0.0606060 0)             (1.004056 -0.0606264 0)
       1.9024             (1.004136 0.0605426 0)             (1.004030 -0.0605635 0)
       1.9028             (1.004109 0.0604784 0)             (1.004004 -0.0604997 0)
       1.9032             (1.004082 0.0604133 0)             (1.003977 -0.0604350 0)
       1.9036             (1.004054 0.0603473 0)             (1.003949 -0.0603695 0)
        1.904             (1.004026 0.0602805 0)             (1.003921 -0.0603031 0)
       1.9044             (1.003998 0.0602128 0)             (1.003893 -0.0602358 0)
       1.9048             (1.003969 0.0601442 0)             (1.003864 -0.0601676 0)
       1.9052             (1.003939 0.0600747 0)             (1.003834 -0.0600986 0)
       1.9056             (1.003909 0.0600044 0)             (1.003805 -0.0600288 0)
        1.906             (1.003879 0.0599333 0)             (1.003774 -0.0599581 0)
       1.9064             (1.003848 0.0598613 0)             (1.003743 -0.0598865 0)
       1.9068             (1.003816 0.0597884 0)             (1.003712 -0.0598141 0)
       1.9072             (1.003784 0.0597148 0)             (1.003680 -0.0597409 0)
       1.9076             (1.003752 0.0596402 0)             (1.003648 -0.0596668 0)
        1.908             (1.003719 0.0595649 0)             (1.003616 -0.0595919 0)
       1.9084             (1.003686 0.0594887 0)             (1.003583 -0.0595161 0)
       1.9088             (1.003652 0.0594116 0)             (1.003549 -0.0594395 0)
       1.9092             (1.003618 0.0593338 0)             (1.003515 -0.0593621 0)
       1.9096             (1.003584 0.0592551 0)             (1.003481 -0.0592839 0)
         1.91             (1.003549 0.0591756 0)             (1.003446 -0.0592049 0)
       1.9104             (1.003513 0.0590953 0)             (1.003411 -0.0591250 0)
       1.9108             (1.003477 0.0590142 0)             (1.003375 -0.0590444 0)
       1.9112             (1.003441 0.0589323 0)             (1.003339 -0.0589629 0)
       1.9116             (1.003404 0.0588496 0)             (1.003302 -0.0588806 0)
        1.912             (1.003367 0.0587660 0)             (1.003265 -0.0587975 0)
       1.9124             (1.003329 0.0586817 0)             (1.003228 -0.0587137 0)
       1.9128             (1.003291 0.0585966 0)             (1.003190 -0.0586290 0)
       1.9132             (1.003253 0.0585107 0)             (1.003152 -0.0585435 0)
       1.9136             (1.003214 0.0584240 0)             (1.003113 -0.0584573 0)
        1.914             (1.003175 0.0583365 0)             (1.003074 -0.0583703 0)
       1.9144             (1.003135 0.0582482 0)             (1.003034 -0.0582825 0)
       1.9148             (1.003095 0.0581592 0)             (1.002994 -0.0581939 0)
       1.9152             (1.003054 0.0580694 0)             (1.002954 -0.0581045 0)
       1.9156             (1.003013 0.0579788 0)             (1.002913 -0.0580144 0)
        1.916             (1.002972 0.0578874 0)             (1.002872 -0.0579235 0)
       1.9164             (1.002930 0.0577953 0)             (1.002831 -0.0578319 0)
       1.9168             (1.002888 0.0577025 0)             (1.002789 -0.0577395 0)
       1.9172             (1.002845 0.0576088 0)             (1.002746 -0.0576463 0)
       1.9176             (1.002802 0.0575144 0)             (1.002703 -0.0575524 0)
        1.918             (1.002759 0.0574193 0)             (1.002660 -0.0574577 0)
       1.9184             (1.002715 0.0573234 0)             (1.002617 -0.0573623 0)
       1.9188             (1.002671 0.0572268 0)             (1.002573 -0.0572661 0)
       1.9192             (1.002627 0.0571294 0)             (1.002528 -0.0571692 0)
       1.9196             (1.002582 0.0570313 0)             (1.002484 -0.0570716 0)
         1.92             (1.002536 0.0569325 0)             (1.002439 -0.0569732 0)
       1.9204             (1.002491 0.0568329 0)             (1.002393 -0.0568741 0)
       1.9208             (1.002445 0.0567326 0)             (1.002347 -0.0567743 0)
       1.9212             (1.002398 0.0566316 0)             (1.002301 -0.0566737 0)
       1.9216             (1.002351 0.0565298 0)             (1.002254 -0.0565725 0)
        1.922             (1.002304 0.0564274 0)             (1.002208 -0.0564705 0)
       1.9224             (1.002256 0.0563242 0)             (1.002160 -0.0563678 0)
       1.9228             (1.002209 0.0562203 0)             (1.002112 -0.0562643 0)
       1.9232             (1.002160 0.0561157 0)             (1.002064 -0.0561602 0)
       1.9236             (1.002112 0.0560104 0)             (1.002016 -0.0560554 0)
        1.924             (1.002063 0.0559044 0)             (1.001967 -0.0559499 0)
       1.9244             (1.002013 0.0557977 0)             (1.001918 -0.0558436 0)
       1.9248             (1.001963 0.0556903 0)             (1.001869 -0.0557367 0)
       1.9252             (1.001913 0.0555822 0)             (1.001819 -0.0556291 0)
       1.9256             (1.001863 0.0554734 0)             (1.001769 -0.0555208 0)
        1.926             (1.001812 0.0553639 0)             (1.001718 -0.0554118 0)
       1.9264             (1.001761 0.0552538 0)             (1.001667 -0.0553022 0)
       1.9268             (1.001710 0.0551429 0)             (1.001616 -0.0551918 0)
       1.9272             (1.001658 0.0550314 0)             (1.001564 -0.0550808 0)
       1.9276             (1.001606 0.0549193 0)             (1.001513 -0.0549691 0)
        1.928             (1.001553 0.0548064 0)             (1.001460 -0.0548567 0)
       1.9284             (1.001500 0.0546929 0)             (1.001408 -0.0547437 0)
       1.9288             (1.001447 0.0545787 0)             (1.001355 -0.0546300 0)
       1.9292             (1.001394 0.0544638 0)             (1.001302 -0.0545156 0)
       1.9296             (1.001340 0.0543483 0)             (1.001248 -0.0544006 0)
         1.93             (1.001286 0.0542322 0)             (1.001195 -0.0542849 0)
       1.9304             (1.001232 0.0541154 0)             (1.001140 -0.0541686 0)
       1.9308             (1.001177 0.0539979 0)             (1.001086 -0.0540516 0)
       1.9312             (1.001122 0.0538798 0)             (1.001031 -0.0539340 0)
       1.9316             (1.001067 0.0537610 0)             (1.000976 -0.0538157 0)
        1.932             (1.001011 0.0536416 0)             (1.000921 -0.0536968 0)
       1.9324             (1.000955 0.0535216 0)             (1.000865 -0.0535772 0)
       1.9328             (1.000899 0.0534009 0)             (1.000809 -0.0534571 0)
       1.9332             (1.000842 0.0532796 0)             (1.000753 -0.0533362 0)
       1.9336             (1.000785 0.0531576 0)             (1.000696 -0.0532148 0)
        1.934             (1.000728 0.0530351 0)             (1.000640 -0.0530927 0)
       1.9344             (1.000671 0.0529119 0)             (1.000582 -0.0529700 0)
       1.9348             (1.000613 0.0527881 0)             (1.000525 -0.0528467 0)
       1.9352             (1.000555 0.0526637 0)             (1.000467 -0.0527228 0)
       1.9356             (1.000497 0.0525386 0)             (1.000409 -0.0525982 0)
        1.936             (1.000438 0.0524129 0)             (1.000351 -0.0524730 0)
       1.9364             (1.000379 0.0522867 0)             (1.000293 -0.0523473 0)
       1.9368             (1.000320 0.0521598 0)             (1.000234 -0.0522209 0)
       1.9372             (1.000261 0.0520323 0)             (1.000175 -0.0520939 0)
       1.9376             (1.000201 0.0519042 0)             (1.000115 -0.0519663 0)
        1.938             (1.000141 0.0517756 0)             (1.000056 -0.0518381 0)
       1.9384             (1.000081 0.0516463 0)             (0.999996 -0.0517094 0)
       1.9388             (1.000021 0.0515164 0)             (0.999936 -0.0515800 0)
       1.9392             (0.999960 0.0513859 0)             (0.999875 -0.0514500 0)
       1.9396             (0.999899 0.0512549 0)             (0.999815 -0.0513194 0)
         1.94             (0.999838 0.0511232 0)             (0.999754 -0.0511883 0)
       1.9404             (0.999777 0.0509910 0)             (0.999693 -0.0510566 0)
       1.9408             (0.999715 0.0508582 0)             (0.999631 -0.0509243 0)
       1.9412             (0.999653 0.0507248 0)             (0.999570 -0.0507914 0)
       1.9416             (0.999591 0.0505909 0)             (0.999508 -0.0506579 0)
        1.942             (0.999528 0.0504563 0)             (0.999446 -0.0505239 0)
       1.9424             (0.999466 0.0503212 0)             (0.999383 -0.0503893 0)
       1.9428             (0.999403 0.0501855 0)             (0.999321 -0.0502541 0)
       1.9432             (0.999340 0.0500493 0)             (0.999258 -0.0501184 0)
       1.9436             (0.999276 0.0499125 0)             (0.999195 -0.0499821 0)
        1.944             (0.999213 0.0497751 0)             (0.999132 -0.0498452 0)
       1.9444             (0.999149 0.0496372 0)             (0.999068 -0.0497078 0)
       1.9448             (0.999085 0.0494987 0)             (0.999005 -0.0495698 0)
       1.9452             (0.999021 0.0493597 0)             (0.998941 -0.0494313 0)
       1.9456             (0.998957 0.0492201 0)             (0.998877 -0.0492922 0)
        1.946             (0.998892 0.0490800 0)             (0.998812 -0.0491526 0)
       1.9464             (0.998827 0.0489393 0)             (0.998748 -0.0490124 0)
       1.9468             (0.998762 0.0487980 0)             (0.998683 -0.0488717 0)
       1.9472             (0.998697 0.0486563 0)             (0.998618 -0.0487304 0)
       1.9476             (0.998631 0.0485140 0)             (0.998553 -0.0485886 0)
        1.948             (0.998566 0.0483711 0)             (0.998488 -0.0484462 0)
       1.9484             (0.998500 0.0482277 0)             (0.998422 -0.0483034 0)
       1.9488             (0.998434 0.0480838 0)             (0.998357 -0.0481600 0)
       1.9492             (0.998367 0.0479394 0)             (0.998291 -0.0480160 0)
       1.9496             (0.998301 0.0477944 0)             (0.998225 -0.0478716 0)
         1.95             (0.998234 0.0476489 0)             (0.998158 -0.0477266 0)
       1.9504             (0.998168 0.0475029 0)             (0.998092 -0.0475810 0)
       1.9508             (0.998101 0.0473563 0)             (0.998025 -0.0474350 0)
       1.9512             (0.998034 0.0472093 0)             (0.997958 -0.0472884 0)
       1.9516             (0.997966 0.0470617 0)             (0.997891 -0.0471414 0)
        1.952             (0.997899 0.0469136 0)             (0.997824 -0.0469938 0)
       1.9524             (0.997831 0.0467649 0)             (0.997757 -0.0468457 0)
       1.9528             (0.997763 0.0466158 0)             (0.997689 -0.0466970 0)
       1.9532             (0.997695 0.0464662 0)             (0.997622 -0.0465479 0)
       1.9536             (0.997627 0.0463160 0)             (0.997554 -0.0463983 0)
        1.954             (0.997559 0.0461654 0)             (0.997486 -0.0462481 0)
       1.9544             (0.997490 0.0460142 0)             (0.997418 -0.0460975 0)
       1.9548             (0.997422 0.0458626 0)             (0.997350 -0.0459463 0)
       1.9552             (0.997353 0.0457104 0)             (0.997281 -0.0457947 0)
       1.9556             (0.997284 0.0455578 0)             (0.997213 -0.0456426 0)
        1.956             (0.997215 0.0454046 0)             (0.997144 -0.0454899 0)
       1.9564             (0.997146 0.0452510 0)             (0.997075 -0.0453368 0)
       1.9568             (0.997077 0.0450969 0)             (0.997006 -0.0451832 0)
       1.9572             (0.997007 0.0449422 0)             (0.996937 -0.0450291 0)
       1.9576             (0.996938 0.0447871 0)             (0.996868 -0.0448745 0)
        1.958             (0.996868 0.0446315 0)             (0.996798 -0.0447194 0)
       1.9584             (0.996798 0.0444755 0)             (0.996729 -0.0445638 0)
       1.9588             (0.996728 0.0443189 0)             (0.996659 -0.0444078 0)
       1.9592             (0.996658 0.0441619 0)             (0.996590 -0.0442512 0)
       1.9596             (0.996588 0.0440043 0)             (0.996520 -0.0440942 0)
         1.96             (0.996517 0.0438463 0)             (0.996450 -0.0439367 0)
       1.9604             (0.996447 0.0436879 0)             (0.996380 -0.0437788 0)
       1.9608             (0.996376 0.0435289 0)             (0.996309 -0.0436204 0)
       1.9612             (0.996305 0.0433695 0)             (0.996239 -0.0434615 0)
       1.9616             (0.996235 0.0432096 0)             (0.996168 -0.0433021 0)
        1.962             (0.996164 0.0430493 0)             (0.996098 -0.0431422 0)
       1.9624             (0.996093 0.0428884 0)             (0.996027 -0.0429819 0)
       1.9628             (0.996022 0.0427272 0)             (0.995956 -0.0428212 0)
       1.9632             (0.995950 0.0425654 0)             (0.995886 -0.0426599 0)
       1.9636             (0.995879 0.0424032 0)             (0.995815 -0.0424982 0)
        1.964             (0.995808 0.0422405 0)             (0.995744 -0.0423361 0)
       1.9644             (0.995736 0.0420774 0)             (0.995672 -0.0421735 0)
       1.9648             (0.995665 0.0419138 0)             (0.995601 -0.0420104 0)
       1.9652             (0.995593 0.0417498 0)             (0.995530 -0.0418469 0)
       1.9656             (0.995521 0.0415853 0)             (0.995459 -0.0416829 0)
        1.966             (0.995449 0.0414204 0)             (0.995387 -0.0415184 0)
       1.9664             (0.995377 0.0412550 0)             (0.995315 -0.0413536 0)
       1.9668             (0.995305 0.0410891 0)             (0.995244 -0.0411882 0)
       1.9672             (0.995233 0.0409228 0)             (0.995172 -0.0410225 0)
       1.9676             (0.995161 0.0407561 0)             (0.995100 -0.0408562 0)
        1.968             (0.995089 0.0405889 0)             (0.995028 -0.0406896 0)
       1.9684             (0.995017 0.0404213 0)             (0.994957 -0.0405225 0)
       1.9688             (0.994944 0.0402532 0)             (0.994885 -0.0403549 0)
       1.9692             (0.994872 0.0400847 0)             (0.994812 -0.0401869 0)
       1.9696             (0.994799 0.0399158 0)             (0.994740 -0.0400185 0)
         1.97             (0.994727 0.0397464 0)             (0.994668 -0.0398496 0)
       1.9704             (0.994654 0.0395766 0)             (0.994596 -0.0396803 0)
       1.9708             (0.994582 0.0394063 0)             (0.994524 -0.0395106 0)
       1.9712             (0.994509 0.0392357 0)             (0.994451 -0.0393404 0)
       1.9716             (0.994436 0.0390645 0)             (0.994379 -0.0391698 0)
        1.972             (0.994363 0.0388930 0)             (0.994307 -0.0389988 0)
       1.9724             (0.994290 0.0387210 0)             (0.994234 -0.0388273 0)
       1.9728             (0.994218 0.0385486 0)             (0.994162 -0.0386555 0)
       1.9732             (0.994145 0.0383758 0)             (0.994089 -0.0384832 0)
       1.9736             (0.994072 0.0382026 0)             (0.994016 -0.0383104 0)
        1.974             (0.993999 0.0380289 0)             (0.993944 -0.0381373 0)
       1.9744             (0.993926 0.0378548 0)             (0.993871 -0.0379637 0)
       1.9748             (0.993853 0.0376803 0)             (0.993798 -0.0377897 0)
       1.9752             (0.993780 0.0375053 0)             (0.993726 -0.0376152 0)
       1.9756             (0.993706 0.0373300 0)             (0.993653 -0.0374404 0)
        1.976             (0.993633 0.0371542 0)             (0.993580 -0.0372651 0)
       1.9764             (0.993560 0.0369780 0)             (0.993507 -0.0370895 0)
       1.9768             (0.993487 0.0368014 0)             (0.993434 -0.0369134 0)
       1.9772             (0.993414 0.0366244 0)             (0.993362 -0.0367369 0)
       1.9776             (0.993340 0.0364470 0)             (0.993289 -0.0365600 0)
        1.978             (0.993267 0.0362691 0)             (0.993216 -0.0363826 0)
       1.9784             (0.993194 0.0360909 0)             (0.993143 -0.0362049 0)
       1.9788             (0.993121 0.0359122 0)             (0.993070 -0.0360268 0)
       1.9792             (0.993047 0.0357331 0)             (0.992997 -0.0358482 0)
       1.9796             (0.992974 0.0355537 0)             (0.992924 -0.0356692 0)
         1.98             (0.992901 0.0353738 0)             (0.992851 -0.0354899 0)
       1.9804             (0.992827 0.0351935 0)             (0.992778 -0.0353101 0)
       1.9808             (0.992754 0.0350128 0)             (0.992705 -0.0351299 0)
       1.9812             (0.992681 0.0348317 0)             (0.992633 -0.0349493 0)
       1.9816             (0.992608 0.0346502 0)             (0.992560 -0.0347684 0)
        1.982             (0.992534 0.0344683 0)             (0.992487 -0.0345870 0)
       1.9824             (0.992461 0.0342860 0)             (0.992414 -0.0344052 0)
       1.9828             (0.992388 0.0341033 0)             (0.992341 -0.0342230 0)
       1.9832             (0.992315 0.0339202 0)             (0.992268 -0.0340404 0)
       1.9836             (0.992241 0.0337368 0)             (0.992195 -0.0338575 0)
        1.984             (0.992168 0.0335529 0)             (0.992122 -0.0336741 0)
       1.9844             (0.992095 0.0333686 0)             (0.992049 -0.0334903 0)
       1.9848             (0.992022 0.0331839 0)             (0.991977 -0.0333062 0)
       1.9852             (0.991948 0.0329989 0)             (0.991904 -0.0331216 0)
       1.9856             (0.991875 0.0328134 0)             (0.991831 -0.0329367 0)
        1.986             (0.991802 0.0326276 0)             (0.991758 -0.0327513 0)
       1.9864             (0.991729 0.0324413 0)             (0.991685 -0.0325656 0)
       1.9868             (0.991656 0.0322547 0)             (0.991613 -0.0323795 0)
       1.9872             (0.991583 0.0320677 0)             (0.991540 -0.0321930 0)
       1.9876             (0.991510 0.0318803 0)             (0.991467 -0.0320061 0)
        1.988             (0.991437 0.0316925 0)             (0.991395 -0.0318189 0)
       1.9884             (0.991364 0.0315043 0)             (0.991322 -0.0316312 0)
       1.9888             (0.991291 0.0313158 0)             (0.991250 -0.0314432 0)
       1.9892             (0.991218 0.0311269 0)             (0.991177 -0.0312547 0)
       1.9896             (0.991145 0.0309375 0)             (0.991105 -0.0310659 0)
         1.99             (0.991073 0.0307478 0)             (0.991032 -0.0308767 0)
       1.9904             (0.991000 0.0305578 0)             (0.990960 -0.0306872 0)
       1.9908             (0.990927 0.0303673 0)             (0.990887 -0.0304972 0)
       1.9912             (0.990854 0.0301765 0)             (0.990815 -0.0303069 0)
       1.9916             (0.990782 0.0299852 0)             (0.990743 -0.0301162 0)
        1.992             (0.990709 0.0297936 0)             (0.990671 -0.0299251 0)
       1.9924             (0.990637 0.0296017 0)             (0.990598 -0.0297336 0)
       1.9928             (0.990564 0.0294093 0)             (0.990526 -0.0295418 0)
       1.9932             (0.990492 0.0292166 0)             (0.990454 -0.0293496 0)
       1.9936             (0.990419 0.0290235 0)             (0.990382 -0.0291570 0)
        1.994             (0.990347 0.0288300 0)             (0.990310 -0.0289640 0)
       1.9944             (0.990275 0.0286362 0)             (0.990238 -0.0287707 0)
       1.9948             (0.990203 0.0284420 0)             (0.990167 -0.0285770 0)
       1.9952             (0.990131 0.0282474 0)             (0.990095 -0.0283829 0)
       1.9956             (0.990058 0.0280524 0)             (0.990023 -0.0281885 0)
        1.996             (0.989986 0.0278571 0)             (0.989952 -0.0279937 0)
       1.9964             (0.989915 0.0276614 0)             (0.989880 -0.0277985 0)
       1.9968             (0.989843 0.0274654 0)             (0.989808 -0.0276029 0)
       1.9972             (0.989771 0.0272689 0)             (0.989737 -0.0274070 0)
       1.9976             (0.989699 0.0270721 0)             (0.989666 -0.0272107 0)
        1.998             (0.989627 0.0268750 0)             (0.989594 -0.0270141 0)
       1.9984             (0.989556 0.0266775 0)             (0.989523 -0.0268171 0)
       1.9988             (0.989484 0.0264796 0)             (0.989452 -0.0266197 0)
       1.9992             (0.989413 0.0262813 0)             (0.989381 -0.0264219 0)
       1.9996             (0.989342 0.0260827 0)             (0.989310 -0.0262238 0)
            2             (0.989270 0.0258837 0)             (0.989239 -0.0260254 0)
       2.0004             (0.989199 0.0256844 0)             (0.989168 -0.0258265 0)
       2.0008             (0.989128 0.0254847 0)             (0.989097 -0.0256274 0)
       2.0012             (0.989057 0.0252847 0)             (0.989027 -0.0254278 0)
       2.0016             (0.988986 0.0250842 0)             (0.988956 -0.0252279 0)
        2.002             (0.988915 0.0248835 0)             (0.988885 -0.0250276 0)
       2.0024             (0.988844 0.0246823 0)             (0.988815 -0.0248270 0)
       2.0028             (0.988773 0.0244809 0)             (0.988745 -0.0246260 0)
       2.0032             (0.988703 0.0242790 0)             (0.988674 -0.0244247 0)
       2.0036             (0.988632 0.0240768 0)             (0.988604 -0.0242230 0)
        2.004             (0.988562 0.0238743 0)             (0.988534 -0.0240210 0)
       2.0044             (0.988492 0.0236714 0)             (0.988464 -0.0238186 0)
       2.0048             (0.988421 0.0234681 0)             (0.988394 -0.0236158 0)
       2.0052             (0.988351 0.0232645 0)             (0.988324 -0.0234127 0)
       2.0056             (0.988281 0.0230606 0)             (0.988255 -0.0232093 0)
        2.006             (0.988211 0.0228563 0)             (0.988185 -0.0230055 0)
       2.0064             (0.988141 0.0226516 0)             (0.988115 -0.0228013 0)
       2.0068             (0.988071 0.0224466 0)             (0.988046 -0.0225968 0)
       2.0072             (0.988002 0.0222412 0)             (0.987977 -0.0223920 0)
       2.0076             (0.987932 0.0220355 0)             (0.987907 -0.0221868 0)
        2.008             (0.987862 0.0218295 0)             (0.987838 -0.0219812 0)
       2.0084             (0.987793 0.0216231 0)             (0.987769 -0.0217754 0)
       2.0088             (0.987724 0.0214164 0)             (0.987700 -0.0215691 0)
       2.0092             (0.987655 0.0212093 0)             (0.987631 -0.0213625 0)
       2.0096             (0.987585 0.0210018 0)             (0.987563 -0.0211556 0)
         2.01             (0.987516 0.0207941 0)             (0.987494 -0.0209483 0)
       2.0104             (0.987448 0.0205860 0)             (0.987425 -0.0207407 0)
       2.0108             (0.987379 0.0203775 0)             (0.987357 -0.0205328 0)
       2.0112             (0.987310 0.0201687 0)             (0.987289 -0.0203245 0)
       2.0116             (0.987242 0.0199596 0)             (0.987220 -0.0201159 0)
        2.012             (0.987173 0.0197501 0)             (0.987152 -0.0199069 0)
       2.0124             (0.987105 0.0195403 0)             (0.987084 -0.0196976 0)
       2.0128             (0.987037 0.0193302 0)             (0.987016 -0.0194879 0)
       2.0132             (0.986968 0.0191197 0)             (0.986949 -0.0192780 0)
       2.0136             (0.986900 0.0189088 0)             (0.986881 -0.0190676 0)
        2.014             (0.986832 0.0186977 0)             (0.986813 -0.0188570 0)
       2.0144             (0.986765 0.0184862 0)             (0.986746 -0.0186460 0)
       2.0148             (0.986697 0.0182744 0)             (0.986678 -0.0184347 0)
       2.0152             (0.986629 0.0180622 0)             (0.986611 -0.0182230 0)
       2.0156             (0.986562 0.0178497 0)             (0.986544 -0.0180110 0)
        2.016             (0.986495 0.0176369 0)             (0.986477 -0.0177987 0)
       2.0164             (0.986427 0.0174238 0)             (0.986410 -0.0175861 0)
       2.0168             (0.986360 0.0172103 0)             (0.986343 -0.0173731 0)
       2.0172             (0.986293 0.0169965 0)             (0.986277 -0.0171598 0)
       2.0176             (0.986226 0.0167823 0)             (0.986210 -0.0169461 0)
        2.018             (0.986160 0.0165679 0)             (0.986144 -0.0167322 0)
       2.0184             (0.986093 0.0163531 0)             (0.986078 -0.0165179 0)
       2.0188             (0.986026 0.0161380 0)             (0.986011 -0.0163033 0)
       2.0192             (0.985960 0.0159226 0)             (0.985945 -0.0160883 0)
       2.0196             (0.985894 0.0157068 0)             (0.985879 -0.0158731 0)
         2.02             (0.985828 0.0154907 0)             (0.985813 -0.0156575 0)
       2.0204             (0.985762 0.0152743 0)             (0.985748 -0.0154416 0)
       2.0208             (0.985696 0.0150576 0)             (0.985682 -0.0152253 0)
       2.0212             (0.985630 0.0148405 0)             (0.985617 -0.0150088 0)
       2.0216             (0.985564 0.0146232 0)             (0.985551 -0.0147919 0)
        2.022             (0.985499 0.0144055 0)             (0.985486 -0.0145748 0)
       2.0224             (0.985433 0.0141875 0)             (0.985421 -0.0143573 0)
       2.0228             (0.985368 0.0139692 0)             (0.985356 -0.0141394 0)
       2.0232             (0.985303 0.0137506 0)             (0.985291 -0.0139213 0)
       2.0236             (0.985238 0.0135316 0)             (0.985226 -0.0137029 0)
        2.024             (0.985173 0.0133124 0)             (0.985162 -0.0134841 0)
       2.0244             (0.985108 0.0130928 0)             (0.985097 -0.0132650 0)
       2.0248             (0.985043 0.0128729 0)             (0.985033 -0.0130456 0)
       2.0252             (0.984979 0.0126528 0)             (0.984969 -0.0128260 0)
       2.0256             (0.984914 0.0124323 0)             (0.984905 -0.0126060 0)
        2.026             (0.984850 0.0122115 0)             (0.984841 -0.0123856 0)
       2.0264             (0.984786 0.0119904 0)             (0.984777 -0.0121650 0)
       2.0268             (0.984722 0.0117689 0)             (0.984713 -0.0119441 0)
       2.0272             (0.984658 0.0115472 0)             (0.984650 -0.0117229 0)
       2.0276             (0.984594 0.0113252 0)             (0.984586 -0.0115014 0)
        2.028             (0.984530 0.0111029 0)             (0.984523 -0.0112795 0)
       2.0284             (0.984467 0.0108803 0)             (0.984459 -0.0110574 0)
       2.0288             (0.984403 0.0106573 0)             (0.984396 -0.0108350 0)
       2.0292             (0.984340 0.0104341 0)             (0.984333 -0.0106122 0)
       2.0296             (0.984277 0.0102106 0)             (0.984271 -0.0103892 0)
         2.03             (0.984214 0.0099868 0)             (0.984208 -0.0101659 0)
       2.0304             (0.984151 0.0097627 0)             (0.984145 -0.0099422 0)
       2.0308             (0.984088 0.0095383 0)             (0.984083 -0.0097183 0)
       2.0312             (0.984026 0.0093136 0)             (0.984020 -0.0094941 0)
       2.0316             (0.983963 0.0090886 0)             (0.983958 -0.0092696 0)
        2.032             (0.983901 0.0088633 0)             (0.983896 -0.0090448 0)
       2.0324             (0.983838 0.0086377 0)             (0.983834 -0.0088197 0)
       2.0328             (0.983776 0.0084119 0)             (0.983772 -0.0085944 0)
       2.0332             (0.983714 0.0081857 0)             (0.983711 -0.0083687 0)
       2.0336             (0.983652 0.0079593 0)             (0.983649 -0.0081428 0)
        2.034             (0.983591 0.0077326 0)             (0.983588 -0.0079165 0)
       2.0344             (0.983529 0.0075056 0)             (0.983526 -0.0076900 0)
       2.0348             (0.983468 0.0072783 0)             (0.983465 -0.0074632 0)
       2.0352             (0.983406 0.0070507 0)             (0.983404 -0.0072362 0)
       2.0356             (0.983345 0.0068229 0)             (0.983343 -0.0070088 0)
        2.036             (0.983284 0.0065948 0)             (0.983282 -0.0067812 0)
       2.0364             (0.983223 0.0063664 0)             (0.983222 -0.0065533 0)
       2.0368             (0.983162 0.0061377 0)             (0.983161 -0.0063251 0)
       2.0372             (0.983101 0.0059088 0)             (0.983101 -0.0060966 0)
       2.0376             (0.983041 0.0056796 0)             (0.983041 -0.0058679 0)
        2.038             (0.982980 0.0054501 0)             (0.982980 -0.0056389 0)
       2.0384             (0.982920 0.0052204 0)             (0.982920 -0.0054096 0)
       2.0388             (0.982860 0.0049903 0)             (0.982860 -0.0051801 0)
       2.0392             (0.982800 0.0047601 0)             (0.982801 -0.0049503 0)
       2.0396             (0.982740 0.0045295 0)             (0.982741 -0.0047203 0)
         2.04             (0.982680 0.0042987 0)             (0.982681 -0.0044899 0)
       2.0404             (0.982620 0.0040676 0)             (0.982622 -0.0042593 0)
       2.0408             (0.982561 0.0038363 0)             (0.982563 -0.0040285 0)
       2.0412             (0.982501 0.0036047 0)             (0.982504 -0.0037974 0)
       2.0416             (0.982442 0.0033729 0)             (0.982445 -0.0035660 0)
        2.042             (0.982383 0.0031408 0)             (0.982386 -0.0033344 0)
       2.0424             (0.982324 0.0029085 0)             (0.982327 -0.0031026 0)
       2.0428             (0.982265 0.0026759 0)             (0.982268 -0.0028704 0)
       2.0432             (0.982206 0.0024430 0)             (0.982210 -0.0026381 0)
       2.0436             (0.982147 0.0022099 0)             (0.982151 -0.0024055 0)
        2.044             (0.982088 0.0019766 0)             (0.982093 -0.0021726 0)
       2.0444             (0.982030 0.0017430 0)             (0.982035 -0.0019395 0)
       2.0448             (0.981972 0.0015092 0)             (0.981977 -0.0017061 0)
       2.0452             (0.981914 0.0012751 0)             (0.981919 -0.0014725 0)
       2.0456             (0.981855 0.0010408 0)             (0.981861 -0.0012387 0)
        2.046             (0.981797 0.0008063 0)             (0.981803 -0.0010046 0)
       2.0464             (0.981740 0.0005715 0)             (0.981746 -0.0007703 0)
       2.0468             (0.981682 0.0003365 0)             (0.981689 -0.0005358 0)
       2.0472             (0.981624 0.0001013 0)             (0.981631 -0.0003010 0)
       2.0476             (0.981567 -0.0001342 0)             (0.981574 -0.0000661 0)
        2.048             (0.981510 -0.0003699 0)             (0.981517 0.0001692 0)
       2.0484             (0.981452 -0.0006058 0)             (0.981460 0.0004046 0)
       2.0488             (0.981395 -0.0008420 0)             (0.981403 0.0006403 0)
       2.0492             (0.981338 -0.0010783 0)             (0.981347 0.0008762 0)
       2.0496             (0.981281 -0.0013149 0)             (0.981290 0.0011123 0)
         2.05             (0.981225 -0.0015517 0)             (0.981233 0.0013486 0)
       2.0504             (0.981168 -0.0017887 0)             (0.981177 0.0015852 0)
       2.0508             (0.981111 -0.0020260 0)             (0.981121 0.0018219 0)
       2.0512             (0.981055 -0.0022634 0)             (0.981065 0.0020589 0)
       2.0516             (0.980999 -0.0025010 0)             (0.981009 0.0022961 0)
        2.052             (0.980943 -0.0027389 0)             (0.980953 0.0025335 0)
       2.0524             (0.980887 -0.0029769 0)             (0.980897 0.0027710 0)
       2.0528             (0.980831 -0.0032152 0)             (0.980842 0.0030088 0)
       2.0532             (0.980775 -0.0034537 0)             (0.980786 0.0032468 0)
       2.0536             (0.980719 -0.0036923 0)             (0.980731 0.0034850 0)
        2.054             (0.980664 -0.0039312 0)             (0.980675 0.0037234 0)
       2.0544             (0.980608 -0.0041702 0)             (0.980620 0.0039620 0)
       2.0548             (0.980553 -0.0044094 0)             (0.980565 0.0042008 0)
       2.0552             (0.980497 -0.0046489 0)             (0.980510 0.0044397 0)
       2.0556             (0.980442 -0.0048885 0)             (0.980455 0.0046789 0)
        2.056             (0.980387 -0.0051283 0)             (0.980400 0.0049182 0)
       2.0564             (0.980332 -0.0053682 0)             (0.980346 0.0051577 0)
       2.0568             (0.980278 -0.0056084 0)             (0.980291 0.0053974 0)
       2.0572             (0.980223 -0.0058487 0)             (0.980237 0.0056373 0)
       2.0576             (0.980168 -0.0060892 0)             (0.980183 0.0058773 0)
        2.058             (0.980114 -0.0063299 0)             (0.980128 0.0061175 0)
       2.0584             (0.980060 -0.0065707 0)             (0.980074 0.0063579 0)
       2.0588             (0.980005 -0.0068117 0)             (0.980020 0.0065984 0)
       2.0592             (0.979951 -0.0070529 0)             (0.979966 0.0068391 0)
       2.0596             (0.979897 -0.0072942 0)             (0.979913 0.0070800 0)
         2.06             (0.979843 -0.0075357 0)             (0.979859 0.0073210 0)
       2.0604             (0.979789 -0.0077773 0)             (0.979805 0.0075622 0)
       2.0608             (0.979736 -0.0080191 0)             (0.979752 0.0078036 0)
       2.0612             (0.979682 -0.0082611 0)             (0.979699 0.0080451 0)
       2.0616             (0.979628 -0.0085032 0)             (0.979645 0.0082867 0)
        2.062             (0.979575 -0.0087454 0)             (0.979592 0.0085285 0)
       2.0624             (0.979522 -0.0089878 0)             (0.979539 0.0087704 0)
       2.0628             (0.979468 -0.0092303 0)             (0.979486 0.0090125 0)
       2.0632             (0.979415 -0.0094729 0)             (0.979433 0.0092547 0)
       2.0636             (0.979362 -0.0097157 0)             (0.979380 0.0094970 0)
        2.064             (0.979309 -0.0099586 0)             (0.979328 0.0097395 0)
       2.0644             (0.979257 -0.0102017 0)             (0.979275 0.0099821 0)
       2.0648             (0.979204 -0.0104449 0)             (0.979223 0.0102248 0)
       2.0652             (0.979151 -0.0106881 0)             (0.979170 0.0104676 0)
       2.0656             (0.979099 -0.0109316 0)             (0.979118 0.0107106 0)
        2.066             (0.979046 -0.0111751 0)             (0.979066 0.0109537 0)
       2.0664             (0.978994 -0.0114187 0)             (0.979014 0.0111968 0)
       2.0668             (0.978942 -0.0116624 0)             (0.978962 0.0114401 0)
       2.0672             (0.978889 -0.0119063 0)             (0.978910 0.0116835 0)
       2.0676             (0.978837 -0.0121502 0)             (0.978858 0.0119271 0)
        2.068             (0.978785 -0.0123943 0)             (0.978806 0.0121707 0)
       2.0684             (0.978734 -0.0126384 0)             (0.978755 0.0124144 0)
       2.0688             (0.978682 -0.0128827 0)             (0.978703 0.0126582 0)
       2.0692             (0.978630 -0.0131270 0)             (0.978652 0.0129021 0)
       2.0696             (0.978578 -0.0133714 0)             (0.978601 0.0131460 0)
         2.07             (0.978527 -0.0136159 0)             (0.978549 0.0133901 0)
       2.0704             (0.978475 -0.0138605 0)             (0.978498 0.0136343 0)
       2.0708             (0.978424 -0.0141052 0)             (0.978447 0.0138785 0)
       2.0712             (0.978373 -0.0143499 0)             (0.978396 0.0141228 0)
       2.0716             (0.978322 -0.0145947 0)             (0.978345 0.0143671 0)
        2.072             (0.978271 -0.0148396 0)             (0.978294 0.0146116 0)
       2.0724             (0.978220 -0.0150845 0)             (0.978244 0.0148561 0)
       2.0728             (0.978169 -0.0153295 0)             (0.978193 0.0151006 0)
       2.0732             (0.978118 -0.0155746 0)             (0.978142 0.0153453 0)
       2.0736             (0.978067 -0.0158197 0)             (0.978092 0.0155899 0)
        2.074             (0.978016 -0.0160648 0)             (0.978041 0.0158347 0)
       2.0744             (0.977966 -0.0163100 0)             (0.977991 0.0160794 0)
       2.0748             (0.977915 -0.0165553 0)             (0.977941 0.0163242 0)
       2.0752             (0.977865 -0.0168006 0)             (0.977891 0.0165691 0)
       2.0756             (0.977815 -0.0170459 0)             (0.977840 0.0168140 0)
        2.076             (0.977764 -0.0172912 0)             (0.977790 0.0170589 0)
       2.0764             (0.977714 -0.0175366 0)             (0.977740 0.0173039 0)
       2.0768             (0.977664 -0.0177820 0)             (0.977691 0.0175488 0)
       2.0772             (0.977614 -0.0180274 0)             (0.977641 0.0177938 0)
       2.0776             (0.977564 -0.0182729 0)             (0.977591 0.0180388 0)
        2.078             (0.977514 -0.0185183 0)             (0.977541 0.0182839 0)
       2.0784             (0.977464 -0.0187638 0)             (0.977492 0.0185289 0)
       2.0788             (0.977414 -0.0190092 0)             (0.977442 0.0187740 0)
       2.0792             (0.977365 -0.0192547 0)             (0.977393 0.0190190 0)
       2.0796             (0.977315 -0.0195002 0)             (0.977344 0.0192640 0)
         2.08             (0.977266 -0.0197456 0)             (0.977294 0.0195091 0)
       2.0804             (0.977216 -0.0199911 0)             (0.977245 0.0197541 0)
       2.0808             (0.977167 -0.0202365 0)             (0.977196 0.0199991 0)
       2.0812             (0.977117 -0.0204819 0)             (0.977147 0.0202441 0)
       2.0816             (0.977068 -0.0207273 0)             (0.977098 0.0204891 0)
        2.082             (0.977019 -0.0209727 0)             (0.977049 0.0207340 0)
       2.0824             (0.976970 -0.0212180 0)             (0.977000 0.0209790 0)
       2.0828             (0.976921 -0.0214633 0)             (0.976951 0.0212239 0)
       2.0832             (0.976872 -0.0217086 0)             (0.976902 0.0214687 0)
       2.0836             (0.976823 -0.0219538 0)             (0.976854 0.0217135 0)
        2.084             (0.976774 -0.0221989 0)             (0.976805 0.0219583 0)
       2.0844             (0.976725 -0.0224441 0)             (0.976756 0.0222030 0)
       2.0848             (0.976676 -0.0226891 0)             (0.976708 0.0224476 0)
       2.0852             (0.976628 -0.0229341 0)             (0.976659 0.0226922 0)
       2.0856             (0.976579 -0.0231791 0)             (0.976611 0.0229368 0)
        2.086             (0.976530 -0.0234239 0)             (0.976563 0.0231812 0)
       2.0864             (0.976482 -0.0236687 0)             (0.976514 0.0234256 0)
       2.0868             (0.976433 -0.0239134 0)             (0.976466 0.0236699 0)
       2.0872             (0.976385 -0.0241581 0)             (0.976418 0.0239142 0)
       2.0876             (0.976337 -0.0244026 0)             (0.976370 0.0241583 0)
        2.088             (0.976288 -0.0246471 0)             (0.976322 0.0244024 0)
       2.0884             (0.976240 -0.0248914 0)             (0.976274 0.0246464 0)
       2.0888             (0.976192 -0.0251357 0)             (0.976226 0.0248902 0)
       2.0892             (0.976144 -0.0253799 0)             (0.976178 0.0251340 0)
       2.0896             (0.976096 -0.0256239 0)             (0.976130 0.0253777 0)
         2.09             (0.976048 -0.0258679 0)             (0.976082 0.0256212 0)
       2.0904             (0.976000 -0.0261117 0)             (0.976035 0.0258646 0)
       2.0908             (0.975952 -0.0263554 0)             (0.975987 0.0261079 0)
       2.0912             (0.975904 -0.0265990 0)             (0.975939 0.0263511 0)
       2.0916             (0.975856 -0.0268424 0)             (0.975892 0.0265942 0)
        2.092             (0.975808 -0.0270857 0)             (0.975844 0.0268371 0)
       2.0924             (0.975761 -0.0273289 0)             (0.975797 0.0270799 0)
       2.0928             (0.975713 -0.0275719 0)             (0.975749 0.0273225 0)
       2.0932             (0.975665 -0.0278148 0)             (0.975702 0.0275650 0)
       2.0936             (0.975618 -0.0280575 0)             (0.975655 0.0278073 0)
        2.094             (0.975570 -0.0283000 0)             (0.975607 0.0280495 0)
       2.0944             (0.975523 -0.0285424 0)             (0.975560 0.0282915 0)
       2.0948             (0.975475 -0.0287846 0)             (0.975513 0.0285333 0)
       2.0952             (0.975428 -0.0290267 0)             (0.975466 0.0287750 0)
       2.0956             (0.975381 -0.0292685 0)             (0.975419 0.0290165 0)
        2.096             (0.975333 -0.0295102 0)             (0.975372 0.0292578 0)
       2.0964             (0.975286 -0.0297517 0)             (0.975325 0.0294989 0)
       2.0968             (0.975239 -0.0299930 0)             (0.975278 0.0297399 0)
       2.0972             (0.975192 -0.0302341 0)             (0.975231 0.0299806 0)
       2.0976             (0.975145 -0.0304750 0)             (0.975184 0.0302211 0)
        2.098             (0.975097 -0.0307157 0)             (0.975137 0.0304614 0)
       2.0984             (0.975050 -0.0309562 0)             (0.975090 0.0307015 0)
       2.0988             (0.975003 -0.0311964 0)             (0.975043 0.0309414 0)
       2.0992             (0.974956 -0.0314364 0)             (0.974997 0.0311811 0)
       2.0996             (0.974909 -0.0316762 0)             (0.974950 0.0314205 0)
          2.1             (0.974863 -0.0319158 0)             (0.974903 0.0316597 0)
       2.1004             (0.974816 -0.0321551 0)             (0.974857 0.0318987 0)
       2.1008             (0.974769 -0.0323942 0)             (0.974810 0.0321374 0)
       2.1012             (0.974722 -0.0326330 0)             (0.974764 0.0323758 0)
       2.1016             (0.974675 -0.0328716 0)             (0.974717 0.0326141 0)
        2.102             (0.974629 -0.0331099 0)             (0.974671 0.0328520 0)
       2.1024             (0.974582 -0.0333479 0)             (0.974624 0.0330897 0)
       2.1028             (0.974535 -0.0335857 0)             (0.974578 0.0333271 0)
       2.1032             (0.974489 -0.0338232 0)             (0.974531 0.0335643 0)
       2.1036             (0.974442 -0.0340604 0)             (0.974485 0.0338011 0)
        2.104             (0.974396 -0.0342973 0)             (0.974439 0.0340377 0)
       2.1044             (0.974349 -0.0345340 0)             (0.974392 0.0342740 0)
       2.1048             (0.974303 -0.0347703 0)             (0.974346 0.0345100 0)
       2.1052             (0.974256 -0.0350063 0)             (0.974300 0.0347457 0)
       2.1056             (0.974210 -0.0352421 0)             (0.974254 0.0349811 0)
        2.106             (0.974163 -0.0354775 0)             (0.974208 0.0352161 0)
       2.1064             (0.974117 -0.0357126 0)             (0.974161 0.0354509 0)
       2.1068             (0.974071 -0.0359473 0)             (0.974115 0.0356853 0)
       2.1072             (0.974024 -0.0361818 0)             (0.974069 0.0359194 0)
       2.1076             (0.973978 -0.0364159 0)             (0.974023 0.0361532 0)
        2.108             (0.973932 -0.0366496 0)             (0.973977 0.0363866 0)
       2.1084             (0.973886 -0.0368830 0)             (0.973931 0.0366197 0)
       2.1088             (0.973840 -0.0371161 0)             (0.973885 0.0368524 0)
       2.1092             (0.973793 -0.0373488 0)             (0.973840 0.0370848 0)
       2.1096             (0.973747 -0.0375811 0)             (0.973794 0.0373168 0)
         2.11             (0.973701 -0.0378131 0)             (0.973748 0.0375484 0)
       2.1104             (0.973655 -0.0380446 0)             (0.973702 0.0377797 0)
       2.1108             (0.973609 -0.0382759 0)             (0.973656 0.0380106 0)
       2.1112             (0.973563 -0.0385067 0)             (0.973610 0.0382411 0)
       2.1116             (0.973517 -0.0387371 0)             (0.973565 0.0384712 0)
        2.112             (0.973471 -0.0389671 0)             (0.973519 0.0387009 0)
       2.1124             (0.973425 -0.0391968 0)             (0.973473 0.0389302 0)
       2.1128             (0.973379 -0.0394260 0)             (0.973428 0.0391591 0)
       2.1132             (0.973334 -0.0396548 0)             (0.973382 0.0393876 0)
       2.1136             (0.973288 -0.0398831 0)             (0.973336 0.0396157 0)
        2.114             (0.973242 -0.0401111 0)             (0.973291 0.0398433 0)
       2.1144             (0.973196 -0.0403386 0)             (0.973245 0.0400705 0)
       2.1148             (0.973150 -0.0405657 0)             (0.973200 0.0402973 0)
       2.1152             (0.973105 -0.0407923 0)             (0.973154 0.0405236 0)
       2.1156             (0.973059 -0.0410185 0)             (0.973109 0.0407495 0)
        2.116             (0.973013 -0.0412442 0)             (0.973063 0.0409749 0)
       2.1164             (0.972968 -0.0414695 0)             (0.973018 0.0411999 0)
       2.1168             (0.972922 -0.0416943 0)             (0.972972 0.0414244 0)
       2.1172             (0.972876 -0.0419186 0)             (0.972927 0.0416484 0)
       2.1176             (0.972831 -0.0421425 0)             (0.972882 0.0418720 0)
        2.118             (0.972785 -0.0423658 0)             (0.972836 0.0420951 0)
       2.1184             (0.972740 -0.0425887 0)             (0.972791 0.0423177 0)
       2.1188             (0.972694 -0.0428111 0)             (0.972746 0.0425397 0)
       2.1192             (0.972649 -0.0430329 0)             (0.972700 0.0427613 0)
       2.1196             (0.972603 -0.0432543 0)             (0.972655 0.0429824 0)
         2.12             (0.972558 -0.0434751 0)             (0.972610 0.0432030 0)
       2.1204             (0.972512 -0.0436955 0)             (0.972565 0.0434230 0)
       2.1208             (0.972467 -0.0439153 0)             (0.972520 0.0436425 0)
       2.1212             (0.972422 -0.0441345 0)             (0.972475 0.0438615 0)
       2.1216             (0.972376 -0.0443532 0)             (0.972429 0.0440800 0)
        2.122             (0.972331 -0.0445714 0)             (0.972384 0.0442979 0)
       2.1224             (0.972286 -0.0447890 0)             (0.972339 0.0445152 0)
       2.1228             (0.972240 -0.0450061 0)             (0.972294 0.0447320 0)
       2.1232             (0.972195 -0.0452226 0)             (0.972249 0.0449483 0)
       2.1236             (0.972150 -0.0454386 0)             (0.972204 0.0451639 0)
        2.124             (0.972105 -0.0456539 0)             (0.972159 0.0453790 0)
       2.1244             (0.972060 -0.0458687 0)             (0.972114 0.0455935 0)
       2.1248             (0.972014 -0.0460829 0)             (0.972069 0.0458075 0)
       2.1252             (0.971969 -0.0462965 0)             (0.972024 0.0460208 0)
       2.1256             (0.971924 -0.0465095 0)             (0.971980 0.0462336 0)
        2.126             (0.971879 -0.0467218 0)             (0.971935 0.0464457 0)
       2.1264             (0.971834 -0.0469336 0)             (0.971890 0.0466572 0)
       2.1268             (0.971789 -0.0471448 0)             (0.971845 0.0468681 0)
       2.1272             (0.971744 -0.0473553 0)             (0.971800 0.0470784 0)
       2.1276             (0.971699 -0.0475652 0)             (0.971756 0.0472881 0)
        2.128             (0.971654 -0.0477745 0)             (0.971711 0.0474971 0)
       2.1284             (0.971609 -0.0479831 0)             (0.971666 0.0477055 0)
       2.1288             (0.971564 -0.0481911 0)             (0.971622 0.0479132 0)
       2.1292             (0.971520 -0.0483984 0)             (0.971577 0.0481203 0)
       2.1296             (0.971475 -0.0486050 0)             (0.971532 0.0483267 0)
         2.13             (0.971430 -0.0488110 0)             (0.971488 0.0485325 0)
       2.1304             (0.971385 -0.0490163 0)             (0.971443 0.0487375 0)
       2.1308             (0.971340 -0.0492209 0)             (0.971399 0.0489420 0)
       2.1312             (0.971296 -0.0494249 0)             (0.971354 0.0491457 0)
       2.1316             (0.971251 -0.0496281 0)             (0.971310 0.0493487 0)
        2.132             (0.971206 -0.0498307 0)             (0.971265 0.0495510 0)
       2.1324             (0.971162 -0.0500325 0)             (0.971221 0.0497527 0)
       2.1328             (0.971117 -0.0502337 0)             (0.971177 0.0499536 0)
       2.1332             (0.971073 -0.0504341 0)             (0.971132 0.0501538 0)
       2.1336             (0.971028 -0.0506338 0)             (0.971088 0.0503533 0)
        2.134             (0.970984 -0.0508327 0)             (0.971044 0.0505520 0)
       2.1344             (0.970939 -0.0510310 0)             (0.970999 0.0507501 0)
       2.1348             (0.970895 -0.0512285 0)             (0.970955 0.0509473 0)
       2.1352             (0.970850 -0.0514252 0)             (0.970911 0.0511439 0)
       2.1356             (0.970806 -0.0516212 0)             (0.970867 0.0513396 0)
        2.136             (0.970762 -0.0518164 0)             (0.970823 0.0515347 0)
       2.1364             (0.970717 -0.0520108 0)             (0.970779 0.0517289 0)
       2.1368             (0.970673 -0.0522045 0)             (0.970735 0.0519224 0)
       2.1372             (0.970629 -0.0523974 0)             (0.970691 0.0521151 0)
       2.1376             (0.970585 -0.0525895 0)             (0.970647 0.0523070 0)
        2.138             (0.970541 -0.0527808 0)             (0.970603 0.0524982 0)
       2.1384             (0.970496 -0.0529714 0)             (0.970559 0.0526885 0)
       2.1388             (0.970452 -0.0531611 0)             (0.970515 0.0528781 0)
       2.1392             (0.970408 -0.0533500 0)             (0.970471 0.0530668 0)
       2.1396             (0.970364 -0.0535381 0)             (0.970427 0.0532547 0)
         2.14             (0.970320 -0.0537253 0)             (0.970384 0.0534418 0)
       2.1404             (0.970276 -0.0539118 0)             (0.970340 0.0536281 0)
       2.1408             (0.970233 -0.0540974 0)             (0.970296 0.0538135 0)
       2.1412             (0.970189 -0.0542821 0)             (0.970253 0.0539981 0)
       2.1416             (0.970145 -0.0544660 0)             (0.970209 0.0541818 0)
        2.142             (0.970101 -0.0546491 0)             (0.970166 0.0543647 0)
       2.1424             (0.970057 -0.0548313 0)             (0.970122 0.0545468 0)
       2.1428             (0.970014 -0.0550126 0)             (0.970079 0.0547279 0)
       2.1432             (0.969970 -0.0551930 0)             (0.970035 0.0549082 0)
       2.1436             (0.969927 -0.0553726 0)             (0.969992 0.0550876 0)
        2.144             (0.969883 -0.0555513 0)             (0.969949 0.0552662 0)
       2.1444             (0.969840 -0.0557291 0)             (0.969905 0.0554438 0)
       2.1448             (0.969796 -0.0559060 0)             (0.969862 0.0556206 0)
       2.1452             (0.969753 -0.0560820 0)             (0.969819 0.0557965 0)
       2.1456             (0.969709 -0.0562571 0)             (0.969776 0.0559714 0)
        2.146             (0.969666 -0.0564312 0)             (0.969733 0.0561454 0)
       2.1464             (0.969623 -0.0566045 0)             (0.969690 0.0563186 0)
       2.1468             (0.969580 -0.0567768 0)             (0.969647 0.0564907 0)
       2.1472             (0.969537 -0.0569482 0)             (0.969604 0.0566620 0)
       2.1476             (0.969494 -0.0571186 0)             (0.969561 0.0568323 0)
        2.148             (0.969451 -0.0572881 0)             (0.969518 0.0570017 0)
       2.1484             (0.969408 -0.0574567 0)             (0.969476 0.0571701 0)
       2.1488             (0.969365 -0.0576242 0)             (0.969433 0.0573376 0)
       2.1492             (0.969322 -0.0577909 0)             (0.969390 0.0575041 0)
       2.1496             (0.969279 -0.0579565 0)             (0.969348 0.0576696 0)
         2.15             (0.969236 -0.0581212 0)             (0.969305 0.0578342 0)
       2.1504             (0.969194 -0.0582849 0)             (0.969263 0.0579978 0)
       2.1508             (0.969151 -0.0584476 0)             (0.969220 0.0581604 0)
       2.1512             (0.969109 -0.0586093 0)             (0.969178 0.0583220 0)
       2.1516             (0.969066 -0.0587700 0)             (0.969136 0.0584826 0)
        2.152             (0.969024 -0.0589297 0)             (0.969094 0.0586422 0)
       2.1524             (0.968981 -0.0590884 0)             (0.969052 0.0588008 0)
       2.1528             (0.968939 -0.0592460 0)             (0.969010 0.0589584 0)
       2.1532             (0.968897 -0.0594027 0)             (0.968968 0.0591149 0)
       2.1536             (0.968855 -0.0595583 0)             (0.968926 0.0592705 0)
        2.154             (0.968813 -0.0597128 0)             (0.968884 0.0594250 0)
       2.1544             (0.968771 -0.0598664 0)             (0.968842 0.0595784 0)
       2.1548             (0.968729 -0.0600189 0)             (0.968800 0.0597308 0)
       2.1552             (0.968687 -0.0601703 0)             (0.968759 0.0598822 0)
       2.1556             (0.968645 -0.0603206 0)             (0.968717 0.0600325 0)
        2.156             (0.968604 -0.0604699 0)             (0.968676 0.0601817 0)
       2.1564             (0.968562 -0.0606182 0)             (0.968634 0.0603299 0)
       2.1568             (0.968520 -0.0607653 0)             (0.968593 0.0604770 0)
       2.1572             (0.968479 -0.0609114 0)             (0.968552 0.0606230 0)
       2.1576             (0.968438 -0.0610564 0)             (0.968510 0.0607679 0)
        2.158             (0.968396 -0.0612002 0)             (0.968469 0.0609117 0)
       2.1584             (0.968355 -0.0613430 0)             (0.968428 0.0610545 0)
       2.1588             (0.968314 -0.0614847 0)             (0.968387 0.0611961 0)
       2.1592             (0.968273 -0.0616253 0)             (0.968347 0.0613366 0)
       2.1596             (0.968232 -0.0617647 0)             (0.968306 0.0614760 0)
         2.16             (0.968191 -0.0619030 0)             (0.968265 0.0616143 0)
       2.1604             (0.968150 -0.0620402 0)             (0.968225 0.0617515 0)
       2.1608             (0.968110 -0.0621763 0)             (0.968184 0.0618875 0)
       2.1612             (0.968069 -0.0623112 0)             (0.968144 0.0620224 0)
       2.1616             (0.968029 -0.0624450 0)             (0.968104 0.0621562 0)
        2.162             (0.967988 -0.0625776 0)             (0.968063 0.0622888 0)
       2.1624             (0.967948 -0.0627091 0)             (0.968023 0.0624202 0)
       2.1628             (0.967908 -0.0628394 0)             (0.967983 0.0625505 0)
       2.1632             (0.967868 -0.0629685 0)             (0.967943 0.0626796 0)
       2.1636             (0.967828 -0.0630964 0)             (0.967903 0.0628076 0)
        2.164             (0.967788 -0.0632232 0)             (0.967864 0.0629343 0)
       2.1644             (0.967748 -0.0633488 0)             (0.967824 0.0630599 0)
       2.1648             (0.967708 -0.0634732 0)             (0.967785 0.0631843 0)
       2.1652             (0.967669 -0.0635964 0)             (0.967745 0.0633076 0)
       2.1656             (0.967629 -0.0637185 0)             (0.967706 0.0634296 0)
        2.166             (0.967590 -0.0638393 0)             (0.967667 0.0635504 0)
       2.1664             (0.967551 -0.0639589 0)             (0.967628 0.0636700 0)
       2.1668             (0.967511 -0.0640772 0)             (0.967589 0.0637884 0)
       2.1672             (0.967472 -0.0641944 0)             (0.967550 0.0639056 0)
       2.1676             (0.967433 -0.0643103 0)             (0.967511 0.0640215 0)
        2.168             (0.967395 -0.0644250 0)             (0.967473 0.0641363 0)
       2.1684             (0.967356 -0.0645385 0)             (0.967434 0.0642498 0)
       2.1688             (0.967317 -0.0646507 0)             (0.967396 0.0643620 0)
       2.1692             (0.967279 -0.0647617 0)             (0.967358 0.0644730 0)
       2.1696             (0.967241 -0.0648714 0)             (0.967319 0.0645828 0)
         2.17             (0.967202 -0.0649798 0)             (0.967281 0.0646913 0)
       2.1704             (0.967164 -0.0650870 0)             (0.967243 0.0647985 0)
       2.1708             (0.967126 -0.0651930 0)             (0.967206 0.0649045 0)
       2.1712             (0.967089 -0.0652976 0)             (0.967168 0.0650092 0)
       2.1716             (0.967051 -0.0654010 0)             (0.967131 0.0651126 0)
        2.172             (0.967013 -0.0655031 0)             (0.967093 0.0652148 0)
       2.1724             (0.966976 -0.0656039 0)             (0.967056 0.0653157 0)
       2.1728             (0.966939 -0.0657034 0)             (0.967019 0.0654152 0)
       2.1732             (0.966901 -0.0658016 0)             (0.966982 0.0655135 0)
       2.1736             (0.966864 -0.0658985 0)             (0.966945 0.0656105 0)
        2.174             (0.966828 -0.0659941 0)             (0.966908 0.0657062 0)
       2.1744             (0.966791 -0.0660884 0)             (0.966872 0.0658006 0)
       2.1748             (0.966754 -0.0661814 0)             (0.966835 0.0658937 0)
       2.1752             (0.966718 -0.0662731 0)             (0.966799 0.0659854 0)
       2.1756             (0.966682 -0.0663634 0)             (0.966763 0.0660758 0)
        2.176             (0.966645 -0.0664524 0)             (0.966727 0.0661649 0)
       2.1764             (0.966609 -0.0665401 0)             (0.966691 0.0662527 0)
       2.1768             (0.966574 -0.0666264 0)             (0.966656 0.0663391 0)
       2.1772             (0.966538 -0.0667114 0)             (0.966620 0.0664242 0)
       2.1776             (0.966502 -0.0667950 0)             (0.966585 0.0665080 0)
        2.178             (0.966467 -0.0668773 0)             (0.966550 0.0665903 0)
       2.1784             (0.966432 -0.0669582 0)             (0.966515 0.0666714 0)
       2.1788             (0.966397 -0.0670378 0)             (0.966480 0.0667511 0)
       2.1792             (0.966362 -0.0671160 0)             (0.966445 0.0668294 0)
       2.1796             (0.966327 -0.0671928 0)             (0.966410 0.0669063 0)
         2.18             (0.966292 -0.0672683 0)             (0.966376 0.0669819 0)
       2.1804             (0.966258 -0.0673424 0)             (0.966342 0.0670561 0)
       2.1808             (0.966224 -0.0674151 0)             (0.966308 0.0671290 0)
       2.1812             (0.966190 -0.0674864 0)             (0.966274 0.0672004 0)
       2.1816             (0.966156 -0.0675563 0)             (0.966240 0.0672704 0)
        2.182             (0.966122 -0.0676248 0)             (0.966207 0.0673391 0)
       2.1824             (0.966089 -0.0676919 0)             (0.966173 0.0674064 0)
       2.1828             (0.966055 -0.0677576 0)             (0.966140 0.0674722 0)
       2.1832             (0.966022 -0.0678219 0)             (0.966107 0.0675367 0)
       2.1836             (0.965989 -0.0678848 0)             (0.966074 0.0675998 0)
        2.184             (0.965956 -0.0679463 0)             (0.966042 0.0676614 0)
       2.1844             (0.965924 -0.0680063 0)             (0.966009 0.0677216 0)
       2.1848             (0.965891 -0.0680650 0)             (0.965977 0.0677804 0)
       2.1852             (0.965859 -0.0681222 0)             (0.965945 0.0678378 0)
       2.1856             (0.965827 -0.0681780 0)             (0.965913 0.0678938 0)
        2.186             (0.965795 -0.0682323 0)             (0.965881 0.0679483 0)
       2.1864             (0.965764 -0.0682852 0)             (0.965850 0.0680014 0)
       2.1868             (0.965732 -0.0683367 0)             (0.965819 0.0680530 0)
       2.1872             (0.965701 -0.0683867 0)             (0.965787 0.0681032 0)
       2.1876             (0.965670 -0.0684353 0)             (0.965757 0.0681520 0)
        2.188             (0.965639 -0.0684824 0)             (0.965726 0.0681993 0)
       2.1884             (0.965608 -0.0685280 0)             (0.965695 0.0682452 0)
       2.1888             (0.965578 -0.0685722 0)             (0.965665 0.0682896 0)
       2.1892             (0.965548 -0.0686150 0)             (0.965635 0.0683325 0)
       2.1896             (0.965518 -0.0686562 0)             (0.965605 0.0683740 0)
         2.19             (0.965488 -0.0686960 0)             (0.965575 0.0684140 0)
       2.1904             (0.965458 -0.0687344 0)             (0.965546 0.0684526 0)
       2.1908             (0.965429 -0.0687712 0)             (0.965517 0.0684896 0)
       2.1912             (0.965400 -0.0688066 0)             (0.965488 0.0685252 0)
       2.1916             (0.965371 -0.0688405 0)             (0.965459 0.0685594 0)
        2.192             (0.965342 -0.0688729 0)             (0.965430 0.0685920 0)
       2.1924             (0.965314 -0.0689038 0)             (0.965402 0.0686232 0)
       2.1928             (0.965285 -0.0689332 0)             (0.965374 0.0686528 0)
       2.1932             (0.965257 -0.0689611 0)             (0.965346 0.0686810 0)
       2.1936             (0.965230 -0.0689876 0)             (0.965318 0.0687077 0)
        2.194             (0.965202 -0.0690125 0)             (0.965291 0.0687329 0)
       2.1944             (0.965175 -0.0690359 0)             (0.965264 0.0687565 0)
       2.1948             (0.965148 -0.0690579 0)             (0.965237 0.0687787 0)
       2.1952             (0.965121 -0.0690783 0)             (0.965210 0.0687994 0)
       2.1956             (0.965094 -0.0690972 0)             (0.965184 0.0688186 0)
        2.196             (0.965068 -0.0691145 0)             (0.965157 0.0688362 0)
       2.1964             (0.965042 -0.0691304 0)             (0.965131 0.0688524 0)
       2.1968             (0.965016 -0.0691448 0)             (0.965106 0.0688670 0)
       2.1972             (0.964990 -0.0691576 0)             (0.965080 0.0688801 0)
       2.1976             (0.964965 -0.0691689 0)             (0.965055 0.0688917 0)
        2.198             (0.964939 -0.0691787 0)             (0.965030 0.0689018 0)
       2.1984             (0.964915 -0.0691869 0)             (0.965005 0.0689103 0)
       2.1988             (0.964890 -0.0691936 0)             (0.964980 0.0689173 0)
       2.1992             (0.964866 -0.0691988 0)             (0.964956 0.0689228 0)
       2.1996             (0.964841 -0.0692025 0)             (0.964932 0.0689267 0)
          2.2             (0.964818 -0.0692046 0)             (0.964908 0.0689292 0)
       2.2004             (0.964794 -0.0692051 0)             (0.964885 0.0689300 0)
       2.2008             (0.964771 -0.0692042 0)             (0.964862 0.0689294 0)
       2.2012             (0.964748 -0.0692016 0)             (0.964839 0.0689272 0)
       2.2016             (0.964725 -0.0691976 0)             (0.964816 0.0689234 0)
        2.202             (0.964702 -0.0691919 0)             (0.964794 0.0689181 0)
       2.2024             (0.964680 -0.0691848 0)             (0.964772 0.0689113 0)
       2.2028             (0.964658 -0.0691761 0)             (0.964750 0.0689029 0)
       2.2032             (0.964636 -0.0691658 0)             (0.964728 0.0688930 0)
       2.2036             (0.964615 -0.0691540 0)             (0.964707 0.0688815 0)
        2.204             (0.964594 -0.0691406 0)             (0.964686 0.0688684 0)
       2.2044             (0.964573 -0.0691256 0)             (0.964665 0.0688538 0)
       2.2048             (0.964553 -0.0691091 0)             (0.964645 0.0688377 0)
       2.2052             (0.964532 -0.0690910 0)             (0.964625 0.0688200 0)
       2.2056             (0.964512 -0.0690714 0)             (0.964605 0.0688007 0)
        2.206             (0.964493 -0.0690502 0)             (0.964585 0.0687799 0)
       2.2064             (0.964473 -0.0690274 0)             (0.964566 0.0687575 0)
       2.2068             (0.964454 -0.0690031 0)             (0.964547 0.0687335 0)
       2.2072             (0.964435 -0.0689772 0)             (0.964528 0.0687080 0)
       2.2076             (0.964417 -0.0689497 0)             (0.964510 0.0686809 0)
        2.208             (0.964399 -0.0689207 0)             (0.964492 0.0686522 0)
       2.2084             (0.964381 -0.0688901 0)             (0.964474 0.0686220 0)
       2.2088             (0.964363 -0.0688579 0)             (0.964456 0.0685902 0)
       2.2092             (0.964346 -0.0688241 0)             (0.964439 0.0685568 0)
       2.2096             (0.964329 -0.0687887 0)             (0.964422 0.0685219 0)
         2.21             (0.964312 -0.0687518 0)             (0.964406 0.0684853 0)
       2.2104             (0.964296 -0.0687133 0)             (0.964389 0.0684472 0)
       2.2108             (0.964280 -0.0686732 0)             (0.964374 0.0684076 0)
       2.2112             (0.964264 -0.0686316 0)             (0.964358 0.0683663 0)
       2.2116             (0.964249 -0.0685883 0)             (0.964343 0.0683235 0)
        2.212             (0.964234 -0.0685435 0)             (0.964328 0.0682791 0)
       2.2124             (0.964219 -0.0684971 0)             (0.964313 0.0682331 0)
       2.2128             (0.964205 -0.0684491 0)             (0.964299 0.0681855 0)
       2.2132             (0.964190 -0.0683995 0)             (0.964285 0.0681364 0)
       2.2136             (0.964177 -0.0683484 0)             (0.964271 0.0680857 0)
        2.214             (0.964163 -0.0682956 0)             (0.964257 0.0680334 0)
       2.2144             (0.964150 -0.0682413 0)             (0.964244 0.0679795 0)
       2.2148             (0.964137 -0.0681854 0)             (0.964232 0.0679240 0)
       2.2152             (0.964125 -0.0681279 0)             (0.964219 0.0678670 0)
       2.2156             (0.964113 -0.0680688 0)             (0.964207 0.0678084 0)
        2.216             (0.964101 -0.0680082 0)             (0.964196 0.0677482 0)
       2.2164             (0.964090 -0.0679459 0)             (0.964184 0.0676864 0)
       2.2168             (0.964079 -0.0678821 0)             (0.964173 0.0676230 0)
       2.2172             (0.964068 -0.0678167 0)             (0.964163 0.0675581 0)
       2.2176             (0.964058 -0.0677497 0)             (0.964152 0.0674915 0)
        2.218             (0.964048 -0.0676811 0)             (0.964142 0.0674234 0)
       2.2184             (0.964038 -0.0676109 0)             (0.964133 0.0673537 0)
       2.2188             (0.964029 -0.0675392 0)             (0.964123 0.0672825 0)
       2.2192             (0.964020 -0.0674658 0)             (0.964114 0.0672096 0)
       2.2196             (0.964011 -0.0673909 0)             (0.964106 0.0671352 0)
         2.22             (0.964003 -0.0673144 0)             (0.964098 0.0670591 0)
       2.2204             (0.963995 -0.0672363 0)             (0.964090 0.0669815 0)
       2.2208             (0.963987 -0.0671566 0)             (0.964082 0.0669024 0)
       2.2212             (0.963980 -0.0670753 0)             (0.964075 0.0668216 0)
       2.2216             (0.963973 -0.0669925 0)             (0.964069 0.0667393 0)
        2.222             (0.963967 -0.0669081 0)             (0.964062 0.0666554 0)
       2.2224             (0.963961 -0.0668220 0)             (0.964056 0.0665699 0)
       2.2228             (0.963955 -0.0667345 0)             (0.964050 0.0664828 0)
       2.2232             (0.963950 -0.0666453 0)             (0.964045 0.0663942 0)
       2.2236             (0.963945 -0.0665546 0)             (0.964040 0.0663040 0)
        2.224             (0.963940 -0.0664622 0)             (0.964036 0.0662122 0)
       2.2244             (0.963936 -0.0663683 0)             (0.964032 0.0661188 0)
       2.2248             (0.963932 -0.0662729 0)             (0.964028 0.0660239 0)
       2.2252             (0.963929 -0.0661758 0)             (0.964024 0.0659274 0)
       2.2256             (0.963926 -0.0660772 0)             (0.964021 0.0658293 0)
        2.226             (0.963923 -0.0659770 0)             (0.964019 0.0657297 0)
       2.2264             (0.963921 -0.0658752 0)             (0.964016 0.0656285 0)
       2.2268             (0.963919 -0.0657719 0)             (0.964015 0.0655257 0)
       2.2272             (0.963918 -0.0656670 0)             (0.964013 0.0654213 0)
       2.2276             (0.963917 -0.0655606 0)             (0.964012 0.0653154 0)
        2.228             (0.963916 -0.0654525 0)             (0.964011 0.0652080 0)
       2.2284             (0.963916 -0.0653429 0)             (0.964011 0.0650990 0)
       2.2288             (0.963916 -0.0652318 0)             (0.964011 0.0649884 0)
       2.2292             (0.963916 -0.0651191 0)             (0.964012 0.0648762 0)
       2.2296             (0.963917 -0.0650048 0)             (0.964013 0.0647626 0)
         2.23             (0.963918 -0.0648890 0)             (0.964014 0.0646473 0)
       2.2304             (0.963920 -0.0647716 0)             (0.964016 0.0645305 0)
       2.2308             (0.963922 -0.0646526 0)             (0.964018 0.0644122 0)
       2.2312             (0.963925 -0.0645321 0)             (0.964020 0.0642923 0)
       2.2316             (0.963928 -0.0644101 0)             (0.964023 0.0641709 0)
        2.232             (0.963931 -0.0642865 0)             (0.964026 0.0640479 0)
       2.2324             (0.963935 -0.0641614 0)             (0.964030 0.0639233 0)
       2.2328             (0.963939 -0.0640347 0)             (0.964034 0.0637973 0)
       2.2332             (0.963943 -0.0639065 0)             (0.964039 0.0636697 0)
       2.2336             (0.963948 -0.0637767 0)             (0.964044 0.0635406 0)
        2.234             (0.963954 -0.0636455 0)             (0.964049 0.0634099 0)
       2.2344             (0.963960 -0.0635126 0)             (0.964055 0.0632777 0)
       2.2348             (0.963966 -0.0633783 0)             (0.964061 0.0631440 0)
       2.2352             (0.963973 -0.0632424 0)             (0.964068 0.0630087 0)
       2.2356             (0.963980 -0.0631050 0)             (0.964075 0.0628719 0)
        2.236             (0.963987 -0.0629660 0)             (0.964082 0.0627337 0)
       2.2364             (0.963995 -0.0628256 0)             (0.964090 0.0625938 0)
       2.2368             (0.964003 -0.0626836 0)             (0.964098 0.0624525 0)
       2.2372             (0.964012 -0.0625401 0)             (0.964107 0.0623097 0)
       2.2376             (0.964021 -0.0623951 0)             (0.964116 0.0621653 0)
        2.238             (0.964031 -0.0622486 0)             (0.964126 0.0620195 0)
       2.2384             (0.964041 -0.0621006 0)             (0.964136 0.0618721 0)
       2.2388             (0.964052 -0.0619511 0)             (0.964146 0.0617233 0)
       2.2392             (0.964063 -0.0618000 0)             (0.964157 0.0615729 0)
       2.2396             (0.964074 -0.0616475 0)             (0.964169 0.0614211 0)
         2.24             (0.964086 -0.0614935 0)             (0.964180 0.0612677 0)
       2.2404             (0.964098 -0.0613380 0)             (0.964193 0.0611129 0)
       2.2408             (0.964111 -0.0611810 0)             (0.964205 0.0609566 0)
       2.2412             (0.964124 -0.0610225 0)             (0.964218 0.0607988 0)
       2.2416             (0.964138 -0.0608625 0)             (0.964232 0.0606395 0)
        2.242             (0.964152 -0.0607011 0)             (0.964246 0.0604787 0)
       2.2424             (0.964166 -0.0605382 0)             (0.964260 0.0603165 0)
       2.2428             (0.964181 -0.0603738 0)             (0.964275 0.0601528 0)
       2.2432             (0.964196 -0.0602079 0)             (0.964290 0.0599877 0)
       2.2436             (0.964212 -0.0600406 0)             (0.964306 0.0598210 0)
        2.244             (0.964228 -0.0598718 0)             (0.964322 0.0596530 0)
       2.2444             (0.964245 -0.0597016 0)             (0.964339 0.0594834 0)
       2.2448             (0.964262 -0.0595299 0)             (0.964356 0.0593124 0)
       2.2452             (0.964280 -0.0593567 0)             (0.964374 0.0591400 0)
       2.2456             (0.964298 -0.0591821 0)             (0.964392 0.0589661 0)
        2.246             (0.964317 -0.0590061 0)             (0.964410 0.0587908 0)
       2.2464             (0.964336 -0.0588286 0)             (0.964429 0.0586141 0)
       2.2468             (0.964355 -0.0586497 0)             (0.964448 0.0584359 0)
       2.2472             (0.964375 -0.0584694 0)             (0.964468 0.0582563 0)
       2.2476             (0.964395 -0.0582876 0)             (0.964488 0.0580753 0)
        2.248             (0.964416 -0.0581044 0)             (0.964509 0.0578929 0)
       2.2484             (0.964437 -0.0579198 0)             (0.964530 0.0577090 0)
       2.2488             (0.964459 -0.0577338 0)             (0.964552 0.0575237 0)
       2.2492             (0.964481 -0.0575464 0)             (0.964574 0.0573371 0)
       2.2496             (0.964504 -0.0573575 0)             (0.964596 0.0571490 0)
         2.25             (0.964527 -0.0571673 0)             (0.964619 0.0569595 0)
       2.2504             (0.964551 -0.0569757 0)             (0.964643 0.0567687 0)
       2.2508             (0.964575 -0.0567827 0)             (0.964667 0.0565764 0)
       2.2512             (0.964599 -0.0565883 0)             (0.964691 0.0563828 0)
       2.2516             (0.964624 -0.0563925 0)             (0.964716 0.0561878 0)
        2.252             (0.964650 -0.0561953 0)             (0.964742 0.0559914 0)
       2.2524             (0.964676 -0.0559968 0)             (0.964767 0.0557936 0)
       2.2528             (0.964702 -0.0557969 0)             (0.964794 0.0555945 0)
       2.2532             (0.964729 -0.0555956 0)             (0.964820 0.0553940 0)
       2.2536             (0.964756 -0.0553930 0)             (0.964848 0.0551922 0)
        2.254             (0.964784 -0.0551890 0)             (0.964875 0.0549890 0)
       2.2544             (0.964813 -0.0549837 0)             (0.964903 0.0547845 0)
       2.2548             (0.964841 -0.0547771 0)             (0.964932 0.0545786 0)
       2.2552             (0.964871 -0.0545691 0)             (0.964961 0.0543714 0)
       2.2556             (0.964900 -0.0543597 0)             (0.964991 0.0541629 0)
        2.256             (0.964930 -0.0541491 0)             (0.965021 0.0539531 0)
       2.2564             (0.964961 -0.0539371 0)             (0.965051 0.0537419 0)
       2.2568             (0.964992 -0.0537238 0)             (0.965082 0.0535294 0)
       2.2572             (0.965024 -0.0535092 0)             (0.965114 0.0533156 0)
       2.2576             (0.965056 -0.0532932 0)             (0.965146 0.0531005 0)
        2.258             (0.965089 -0.0530760 0)             (0.965178 0.0528841 0)
       2.2584             (0.965122 -0.0528575 0)             (0.965211 0.0526664 0)
       2.2588             (0.965155 -0.0526377 0)             (0.965244 0.0524474 0)
       2.2592             (0.965189 -0.0524166 0)             (0.965278 0.0522272 0)
       2.2596             (0.965224 -0.0521943 0)             (0.965313 0.0520057 0)
         2.26             (0.965259 -0.0519706 0)             (0.965347 0.0517829 0)
       2.2604             (0.965294 -0.0517457 0)             (0.965383 0.0515588 0)
       2.2608             (0.965330 -0.0515195 0)             (0.965419 0.0513335 0)
       2.2612             (0.965367 -0.0512921 0)             (0.965455 0.0511069 0)
       2.2616             (0.965404 -0.0510634 0)             (0.965492 0.0508791 0)
        2.262             (0.965441 -0.0508335 0)             (0.965529 0.0506500 0)
       2.2624             (0.965479 -0.0506024 0)             (0.965566 0.0504197 0)
       2.2628             (0.965517 -0.0503700 0)             (0.965605 0.0501882 0)
       2.2632             (0.965556 -0.0501364 0)             (0.965643 0.0499554 0)
       2.2636             (0.965595 -0.0499015 0)             (0.965682 0.0497214 0)
        2.264             (0.965635 -0.0496655 0)             (0.965722 0.0494863 0)
       2.2644             (0.965675 -0.0494282 0)             (0.965762 0.0492499 0)
       2.2648             (0.965716 -0.0491898 0)             (0.965803 0.0490123 0)
       2.2652             (0.965757 -0.0489501 0)             (0.965844 0.0487735 0)
       2.2656             (0.965799 -0.0487093 0)             (0.965885 0.0485336 0)
        2.266             (0.965841 -0.0484673 0)             (0.965927 0.0482924 0)
       2.2664             (0.965884 -0.0482241 0)             (0.965970 0.0480501 0)
       2.2668             (0.965927 -0.0479797 0)             (0.966013 0.0478066 0)
       2.2672             (0.965971 -0.0477342 0)             (0.966056 0.0475620 0)
       2.2676             (0.966015 -0.0474875 0)             (0.966100 0.0473162 0)
        2.268             (0.966060 -0.0472397 0)             (0.966145 0.0470692 0)
       2.2684             (0.966105 -0.0469907 0)             (0.966189 0.0468211 0)
       2.2688             (0.966151 -0.0467406 0)             (0.966235 0.0465719 0)
       2.2692             (0.966197 -0.0464893 0)             (0.966281 0.0463216 0)
       2.2696             (0.966243 -0.0462369 0)             (0.966327 0.0460701 0)
         2.27             (0.966290 -0.0459834 0)             (0.966374 0.0458175 0)
       2.2704             (0.966338 -0.0457288 0)             (0.966421 0.0455638 0)
       2.2708             (0.966386 -0.0454731 0)             (0.966469 0.0453090 0)
       2.2712             (0.966434 -0.0452163 0)             (0.966517 0.0450531 0)
       2.2716             (0.966483 -0.0449584 0)             (0.966566 0.0447962 0)
        2.272             (0.966533 -0.0446995 0)             (0.966615 0.0445381 0)
       2.2724             (0.966583 -0.0444394 0)             (0.966665 0.0442790 0)
       2.2728             (0.966633 -0.0441783 0)             (0.966715 0.0440188 0)
       2.2732             (0.966684 -0.0439161 0)             (0.966766 0.0437575 0)
       2.2736             (0.966736 -0.0436529 0)             (0.966817 0.0434952 0)
        2.274             (0.966788 -0.0433886 0)             (0.966869 0.0432319 0)
       2.2744             (0.966840 -0.0431233 0)             (0.966921 0.0429675 0)
       2.2748             (0.966893 -0.0428569 0)             (0.966973 0.0427021 0)
       2.2752             (0.966946 -0.0425896 0)             (0.967026 0.0424357 0)
       2.2756             (0.967000 -0.0423212 0)             (0.967080 0.0421682 0)
        2.276             (0.967054 -0.0420518 0)             (0.967134 0.0418997 0)
       2.2764             (0.967109 -0.0417814 0)             (0.967188 0.0416303 0)
       2.2768             (0.967164 -0.0415099 0)             (0.967243 0.0413598 0)
       2.2772             (0.967220 -0.0412375 0)             (0.967299 0.0410884 0)
       2.2776             (0.967276 -0.0409642 0)             (0.967355 0.0408159 0)
        2.278             (0.967333 -0.0406898 0)             (0.967411 0.0405425 0)
       2.2784             (0.967390 -0.0404145 0)             (0.967468 0.0402682 0)
       2.2788             (0.967448 -0.0401382 0)             (0.967525 0.0399928 0)
       2.2792             (0.967506 -0.0398610 0)             (0.967583 0.0397166 0)
       2.2796             (0.967564 -0.0395828 0)             (0.967642 0.0394394 0)
         2.28             (0.967623 -0.0393037 0)             (0.967700 0.0391612 0)
       2.2804             (0.967683 -0.0390237 0)             (0.967760 0.0388822 0)
       2.2808             (0.967743 -0.0387427 0)             (0.967819 0.0386022 0)
       2.2812             (0.967803 -0.0384608 0)             (0.967879 0.0383213 0)
       2.2816             (0.967864 -0.0381781 0)             (0.967940 0.0380395 0)
        2.282             (0.967926 -0.0378944 0)             (0.968001 0.0377568 0)
       2.2824             (0.967988 -0.0376098 0)             (0.968063 0.0374732 0)
       2.2828             (0.968050 -0.0373244 0)             (0.968125 0.0371887 0)
       2.2832             (0.968113 -0.0370381 0)             (0.968187 0.0369034 0)
       2.2836             (0.968176 -0.0367509 0)             (0.968250 0.0366172 0)
        2.284             (0.968240 -0.0364628 0)             (0.968314 0.0363301 0)
       2.2844             (0.968304 -0.0361740 0)             (0.968378 0.0360422 0)
       2.2848             (0.968369 -0.0358842 0)             (0.968442 0.0357535 0)
       2.2852             (0.968434 -0.0355937 0)             (0.968507 0.0354639 0)
       2.2856             (0.968500 -0.0353023 0)             (0.968572 0.0351735 0)
        2.286             (0.968566 -0.0350101 0)             (0.968638 0.0348823 0)
       2.2864             (0.968632 -0.0347170 0)             (0.968704 0.0345903 0)
       2.2868             (0.968699 -0.0344232 0)             (0.968771 0.0342975 0)
       2.2872             (0.968767 -0.0341286 0)             (0.968838 0.0340038 0)
       2.2876             (0.968835 -0.0338332 0)             (0.968905 0.0337094 0)
        2.288             (0.968903 -0.0335370 0)             (0.968973 0.0334143 0)
       2.2884             (0.968972 -0.0332401 0)             (0.969042 0.0331183 0)
       2.2888             (0.969041 -0.0329424 0)             (0.969111 0.0328217 0)
       2.2892             (0.969111 -0.0326439 0)             (0.969180 0.0325242 0)
       2.2896             (0.969181 -0.0323447 0)             (0.969250 0.0322260 0)
         2.29             (0.969251 -0.0320448 0)             (0.969320 0.0319271 0)
       2.2904             (0.969322 -0.0317442 0)             (0.969391 0.0316275 0)
       2.2908             (0.969394 -0.0314428 0)             (0.969462 0.0313271 0)
       2.2912             (0.969466 -0.0311407 0)             (0.969534 0.0310260 0)
       2.2916             (0.969538 -0.0308379 0)             (0.969606 0.0307243 0)
        2.292             (0.969611 -0.0305344 0)             (0.969678 0.0304218 0)
       2.2924             (0.969684 -0.0302303 0)             (0.969751 0.0301187 0)
       2.2928             (0.969758 -0.0299254 0)             (0.969824 0.0298149 0)
       2.2932             (0.969832 -0.0296199 0)             (0.969898 0.0295104 0)
       2.2936             (0.969907 -0.0293138 0)             (0.969972 0.0292052 0)
        2.294             (0.969982 -0.0290069 0)             (0.970047 0.0288995 0)
       2.2944             (0.970057 -0.0286995 0)             (0.970122 0.0285930 0)
       2.2948             (0.970133 -0.0283914 0)             (0.970198 0.0282860 0)
       2.2952             (0.970210 -0.0280827 0)             (0.970274 0.0279783 0)
       2.2956             (0.970286 -0.0277734 0)             (0.970350 0.0276700 0)
        2.296             (0.970364 -0.0274634 0)             (0.970427 0.0273611 0)
       2.2964             (0.970441 -0.0271529 0)             (0.970504 0.0270516 0)
       2.2968             (0.970519 -0.0268418 0)             (0.970582 0.0267415 0)
       2.2972             (0.970598 -0.0265301 0)             (0.970660 0.0264309 0)
       2.2976             (0.970677 -0.0262178 0)             (0.970738 0.0261196 0)
        2.298             (0.970756 -0.0259049 0)             (0.970817 0.0258078 0)
       2.2984             (0.970836 -0.0255916 0)             (0.970896 0.0254955 0)
       2.2988             (0.970916 -0.0252776 0)             (0.970976 0.0251826 0)
       2.2992             (0.970996 -0.0249631 0)             (0.971056 0.0248692 0)
       2.2996             (0.971077 -0.0246481 0)             (0.971137 0.0245552 0)
          2.3             (0.971159 -0.0243326 0)             (0.971218 0.0242408 0)
       2.3004             (0.971240 -0.0240166 0)             (0.971299 0.0239258 0)
       2.3008             (0.971322 -0.0237001 0)             (0.971381 0.0236103 0)
       2.3012             (0.971405 -0.0233830 0)             (0.971463 0.0232943 0)
       2.3016             (0.971488 -0.0230655 0)             (0.971546 0.0229779 0)
        2.302             (0.971571 -0.0227475 0)             (0.971629 0.0226609 0)
       2.3024             (0.971655 -0.0224291 0)             (0.971712 0.0223436 0)
       2.3028             (0.971739 -0.0221102 0)             (0.971796 0.0220257 0)
       2.3032             (0.971824 -0.0217908 0)             (0.971880 0.0217074 0)
       2.3036             (0.971909 -0.0214710 0)             (0.971964 0.0213887 0)
        2.304             (0.971994 -0.0211508 0)             (0.972049 0.0210695 0)
       2.3044             (0.972080 -0.0208302 0)             (0.972135 0.0207499 0)
       2.3048             (0.972166 -0.0205091 0)             (0.972220 0.0204300 0)
       2.3052             (0.972253 -0.0201877 0)             (0.972307 0.0201096 0)
       2.3056             (0.972340 -0.0198658 0)             (0.972393 0.0197888 0)
        2.306             (0.972427 -0.0195436 0)             (0.972480 0.0194676 0)
       2.3064             (0.972515 -0.0192210 0)             (0.972567 0.0191461 0)
       2.3068             (0.972603 -0.0188980 0)             (0.972655 0.0188242 0)
       2.3072             (0.972691 -0.0185747 0)             (0.972743 0.0185019 0)
       2.3076             (0.972780 -0.0182510 0)             (0.972831 0.0181793 0)
        2.308             (0.972869 -0.0179270 0)             (0.972920 0.0178563 0)
       2.3084             (0.972959 -0.0176026 0)             (0.973009 0.0175331 0)
       2.3088             (0.973049 -0.0172779 0)             (0.973098 0.0172095 0)
       2.3092             (0.973139 -0.0169530 0)             (0.973188 0.0168855 0)
       2.3096             (0.973229 -0.0166277 0)             (0.973278 0.0165613 0)
         2.31             (0.973320 -0.0163021 0)             (0.973369 0.0162368 0)
       2.3104             (0.973412 -0.0159762 0)             (0.973460 0.0159120 0)
       2.3108             (0.973504 -0.0156501 0)             (0.973551 0.0155870 0)
       2.3112             (0.973596 -0.0153237 0)             (0.973643 0.0152616 0)
       2.3116             (0.973688 -0.0149970 0)             (0.973735 0.0149360 0)
        2.312             (0.973781 -0.0146701 0)             (0.973827 0.0146102 0)
       2.3124             (0.973874 -0.0143429 0)             (0.973919 0.0142841 0)
       2.3128             (0.973967 -0.0140155 0)             (0.974012 0.0139578 0)
       2.3132             (0.974061 -0.0136879 0)             (0.974106 0.0136313 0)
       2.3136             (0.974155 -0.0133601 0)             (0.974199 0.0133045 0)
        2.314             (0.974250 -0.0130321 0)             (0.974293 0.0129776 0)
       2.3144             (0.974344 -0.0127039 0)             (0.974388 0.0126505 0)
       2.3148             (0.974439 -0.0123755 0)             (0.974482 0.0123232 0)
       2.3152             (0.974535 -0.0120469 0)             (0.974577 0.0119957 0)
       2.3156             (0.974631 -0.0117181 0)             (0.974672 0.0116680 0)
        2.316             (0.974727 -0.0113892 0)             (0.974768 0.0113402 0)
       2.3164             (0.974823 -0.0110602 0)             (0.974864 0.0110122 0)
       2.3168             (0.974920 -0.0107310 0)             (0.974960 0.0106841 0)
       2.3172             (0.975017 -0.0104017 0)             (0.975057 0.0103559 0)
       2.3176             (0.975114 -0.0100723 0)             (0.975154 0.0100275 0)
        2.318             (0.975212 -0.0097427 0)             (0.975251 0.0096991 0)
       2.3184             (0.975310 -0.0094130 0)             (0.975348 0.0093705 0)
       2.3188             (0.975408 -0.0090833 0)             (0.975446 0.0090418 0)
       2.3192             (0.975507 -0.0087535 0)             (0.975544 0.0087131 0)
       2.3196             (0.975605 -0.0084236 0)             (0.975642 0.0083843 0)
         2.32             (0.975705 -0.0080936 0)             (0.975741 0.0080554 0)
       2.3204             (0.975804 -0.0077636 0)             (0.975840 0.0077264 0)
       2.3208             (0.975904 -0.0074335 0)             (0.975939 0.0073974 0)
       2.3212             (0.976004 -0.0071034 0)             (0.976039 0.0070684 0)
       2.3216             (0.976104 -0.0067732 0)             (0.976138 0.0067393 0)
        2.322             (0.976205 -0.0064430 0)             (0.976239 0.0064103 0)
       2.3224             (0.976305 -0.0061129 0)             (0.976339 0.0060812 0)
       2.3228             (0.976407 -0.0057827 0)             (0.976439 0.0057521 0)
       2.3232             (0.976508 -0.0054525 0)             (0.976540 0.0054230 0)
       2.3236             (0.976610 -0.0051223 0)             (0.976642 0.0050939 0)
        2.324             (0.976712 -0.0047922 0)             (0.976743 0.0047649 0)
       2.3244             (0.976814 -0.0044621 0)             (0.976845 0.0044358 0)
       2.3248             (0.976916 -0.0041320 0)             (0.976947 0.0041069 0)
       2.3252             (0.977019 -0.0038020 0)             (0.977049 0.0037779 0)
       2.3256             (0.977122 -0.0034721 0)             (0.977151 0.0034491 0)
        2.326             (0.977225 -0.0031422 0)             (0.977254 0.0031203 0)
       2.3264             (0.977329 -0.0028124 0)             (0.977357 0.0027916 0)
       2.3268             (0.977432 -0.0024826 0)             (0.977460 0.0024629 0)
       2.3272             (0.977536 -0.0021530 0)             (0.977563 0.0021344 0)
       2.3276             (0.977640 -0.0018235 0)             (0.977667 0.0018060 0)
        2.328             (0.977745 -0.0014941 0)             (0.977771 0.0014776 0)
       2.3284             (0.977849 -0.0011648 0)             (0.977875 0.0011494 0)
       2.3288             (0.977954 -0.0008357 0)             (0.977980 0.0008214 0)
       2.3292             (0.978059 -0.0005067 0)             (0.978084 0.0004935 0)
       2.3296             (0.978165 -0.0001778 0)             (0.978189 0.0001657 0)
         2.33             (0.978270 0.0001509 0)             (0.978294 -0.0001619 0)
       2.3304             (0.978376 0.0004794 0)             (0.978399 -0.0004894 0)
       2.3308             (0.978482 0.0008078 0)             (0.978505 -0.0008167 0)
       2.3312             (0.978588 0.0011360 0)             (0.978610 -0.0011437 0)
       2.3316             (0.978695 0.0014640 0)             (0.978716 -0.0014706 0)
        2.332             (0.978801 0.0017917 0)             (0.978822 -0.0017973 0)
       2.3324             (0.978908 0.0021193 0)             (0.978928 -0.0021238 0)
       2.3328             (0.979015 0.0024467 0)             (0.979035 -0.0024501 0)
       2.3332             (0.979122 0.0027738 0)             (0.979142 -0.0027761 0)
       2.3336             (0.979230 0.0031007 0)             (0.979248 -0.0031019 0)
        2.334             (0.979337 0.0034273 0)             (0.979355 -0.0034275 0)
       2.3344             (0.979445 0.0037537 0)             (0.979463 -0.0037528 0)
       2.3348             (0.979553 0.0040798 0)             (0.979570 -0.0040778 0)
       2.3352             (0.979661 0.0044057 0)             (0.979678 -0.0044026 0)
       2.3356             (0.979769 0.0047313 0)             (0.979785 -0.0047271 0)
        2.336             (0.979878 0.0050565 0)             (0.979893 -0.0050513 0)
       2.3364             (0.979986 0.0053815 0)             (0.980001 -0.0053752 0)
       2.3368             (0.980095 0.0057062 0)             (0.980110 -0.0056988 0)
       2.3372             (0.980204 0.0060306 0)             (0.980218 -0.0060221 0)
       2.3376             (0.980313 0.0063546 0)             (0.980327 -0.0063451 0)
        2.338             (0.980422 0.0066783 0)             (0.980435 -0.0066677 0)
       2.3384             (0.980532 0.0070017 0)             (0.980544 -0.0069900 0)
       2.3388             (0.980641 0.0073247 0)             (0.980653 -0.0073120 0)
       2.3392             (0.980751 0.0076474 0)             (0.980762 -0.0076336 0)
       2.3396             (0.980861 0.0079697 0)             (0.980872 -0.0079548 0)
         2.34             (0.980971 0.0082916 0)             (0.980981 -0.0082757 0)
       2.3404             (0.981081 0.0086132 0)             (0.981090 -0.0085961 0)
       2.3408             (0.981191 0.0089344 0)             (0.981200 -0.0089162 0)
       2.3412             (0.981301 0.0092551 0)             (0.981310 -0.0092359 0)
       2.3416             (0.981412 0.0095755 0)             (0.981420 -0.0095552 0)
        2.342             (0.981523 0.0098954 0)             (0.981530 -0.0098741 0)
       2.3424             (0.981633 0.0102149 0)             (0.981640 -0.0101925 0)
       2.3428             (0.981744 0.0105340 0)             (0.981750 -0.0105105 0)
       2.3432             (0.981855 0.0108527 0)             (0.981861 -0.0108281 0)
       2.3436             (0.981966 0.0111709 0)             (0.981971 -0.0111453 0)
        2.344             (0.982077 0.0114886 0)             (0.982082 -0.0114619 0)
       2.3444             (0.982188 0.0118059 0)             (0.982192 -0.0117782 0)
       2.3448             (0.982300 0.0121227 0)             (0.982303 -0.0120939 0)
       2.3452             (0.982411 0.0124390 0)             (0.982414 -0.0124092 0)
       2.3456             (0.982523 0.0127549 0)             (0.982525 -0.0127240 0)
        2.346             (0.982634 0.0130702 0)             (0.982636 -0.0130382 0)
       2.3464             (0.982746 0.0133851 0)             (0.982747 -0.0133520 0)
       2.3468             (0.982858 0.0136994 0)             (0.982858 -0.0136653 0)
       2.3472             (0.982969 0.0140132 0)             (0.982970 -0.0139781 0)
       2.3476             (0.983081 0.0143265 0)             (0.983081 -0.0142903 0)
        2.348             (0.983193 0.0146393 0)             (0.983192 -0.0146020 0)
       2.3484             (0.983305 0.0149515 0)             (0.983304 -0.0149132 0)
       2.3488             (0.983417 0.0152631 0)             (0.983415 -0.0152238 0)
       2.3492             (0.983529 0.0155742 0)             (0.983527 -0.0155338 0)
       2.3496             (0.983642 0.0158848 0)             (0.983638 -0.0158433 0)
         2.35             (0.983754 0.0161947 0)             (0.983750 -0.0161522 0)
       2.3504             (0.983866 0.0165041 0)             (0.983862 -0.0164605 0)
       2.3508             (0.983978 0.0168129 0)             (0.983974 -0.0167683 0)
       2.3512             (0.984091 0.0171211 0)             (0.984085 -0.0170754 0)
       2.3516             (0.984203 0.0174287 0)             (0.984197 -0.0173820 0)
        2.352             (0.984316 0.0177357 0)             (0.984309 -0.0176879 0)
       2.3524             (0.984428 0.0180420 0)             (0.984421 -0.0179932 0)
       2.3528             (0.984540 0.0183478 0)             (0.984533 -0.0182979 0)
       2.3532             (0.984653 0.0186529 0)             (0.984645 -0.0186020 0)
       2.3536             (0.984765 0.0189573 0)             (0.984756 -0.0189054 0)
        2.354             (0.984878 0.0192612 0)             (0.984868 -0.0192082 0)
       2.3544             (0.984990 0.0195643 0)             (0.984980 -0.0195103 0)
       2.3548             (0.985103 0.0198668 0)             (0.985092 -0.0198118 0)
       2.3552             (0.985215 0.0201686 0)             (0.985204 -0.0201126 0)
       2.3556             (0.985328 0.0204698 0)             (0.985316 -0.0204127 0)
        2.356             (0.985440 0.0207702 0)             (0.985428 -0.0207121 0)
       2.3564             (0.985553 0.0210700 0)             (0.985540 -0.0210109 0)
       2.3568             (0.985665 0.0213691 0)             (0.985652 -0.0213089 0)
       2.3572             (0.985778 0.0216674 0)             (0.985764 -0.0216062 0)
       2.3576             (0.985890 0.0219651 0)             (0.985875 -0.0219029 0)
        2.358             (0.986002 0.0222620 0)             (0.985987 -0.0221988 0)
       2.3584             (0.986115 0.0225582 0)             (0.986099 -0.0224939 0)
       2.3588             (0.986227 0.0228537 0)             (0.986211 -0.0227884 0)
       2.3592             (0.986339 0.0231484 0)             (0.986323 -0.0230821 0)
       2.3596             (0.986451 0.0234424 0)             (0.986434 -0.0233751 0)
         2.36             (0.986564 0.0237356 0)             (0.986546 -0.0236673 0)
       2.3604             (0.986676 0.0240281 0)             (0.986657 -0.0239587 0)
       2.3608             (0.986788 0.0243198 0)             (0.986769 -0.0242494 0)
       2.3612             (0.986900 0.0246107 0)             (0.986880 -0.0245393 0)
       2.3616             (0.987012 0.0249008 0)             (0.986992 -0.0248285 0)
        2.362             (0.987124 0.0251902 0)             (0.987103 -0.0251168 0)
       2.3624             (0.987236 0.0254787 0)             (0.987214 -0.0254044 0)
       2.3628             (0.987347 0.0257665 0)             (0.987326 -0.0256911 0)
       2.3632             (0.987459 0.0260534 0)             (0.987437 -0.0259771 0)
       2.3636             (0.987571 0.0263396 0)             (0.987548 -0.0262622 0)
        2.364             (0.987682 0.0266249 0)             (0.987659 -0.0265465 0)
       2.3644             (0.987793 0.0269094 0)             (0.987770 -0.0268300 0)
       2.3648             (0.987905 0.0271930 0)             (0.987880 -0.0271127 0)
       2.3652             (0.988016 0.0274758 0)             (0.987991 -0.0273945 0)
       2.3656             (0.988127 0.0277578 0)             (0.988102 -0.0276755 0)
        2.366             (0.988238 0.0280389 0)             (0.988212 -0.0279556 0)
       2.3664             (0.988349 0.0283192 0)             (0.988322 -0.0282349 0)
       2.3668             (0.988460 0.0285986 0)             (0.988433 -0.0285133 0)
       2.3672             (0.988571 0.0288771 0)             (0.988543 -0.0287908 0)
       2.3676             (0.988681 0.0291547 0)             (0.988653 -0.0290675 0)
        2.368             (0.988792 0.0294315 0)             (0.988763 -0.0293433 0)
       2.3684             (0.988902 0.0297074 0)             (0.988873 -0.0296182 0)
       2.3688             (0.989012 0.0299823 0)             (0.988982 -0.0298922 0)
       2.3692             (0.989122 0.0302564 0)             (0.989092 -0.0301653 0)
       2.3696             (0.989232 0.0305296 0)             (0.989201 -0.0304375 0)
         2.37             (0.989342 0.0308019 0)             (0.989311 -0.0307088 0)
       2.3704             (0.989452 0.0310732 0)             (0.989420 -0.0309791 0)
       2.3708             (0.989561 0.0313436 0)             (0.989529 -0.0312486 0)
       2.3712             (0.989671 0.0316131 0)             (0.989637 -0.0315171 0)
       2.3716             (0.989780 0.0318817 0)             (0.989746 -0.0317847 0)
        2.372             (0.989889 0.0321493 0)             (0.989855 -0.0320514 0)
       2.3724             (0.989998 0.0324159 0)             (0.989963 -0.0323171 0)
       2.3728             (0.990107 0.0326817 0)             (0.990071 -0.0325818 0)
       2.3732             (0.990215 0.0329464 0)             (0.990179 -0.0328456 0)
       2.3736             (0.990324 0.0332102 0)             (0.990287 -0.0331085 0)
        2.374             (0.990432 0.0334731 0)             (0.990395 -0.0333704 0)
       2.3744             (0.990540 0.0337349 0)             (0.990502 -0.0336313 0)
       2.3748             (0.990648 0.0339958 0)             (0.990610 -0.0338912 0)
       2.3752             (0.990756 0.0342557 0)             (0.990717 -0.0341502 0)
       2.3756             (0.990863 0.0345146 0)             (0.990824 -0.0344081 0)
        2.376             (0.990970 0.0347725 0)             (0.990930 -0.0346651 0)
       2.3764             (0.991077 0.0350294 0)             (0.991037 -0.0349211 0)
       2.3768             (0.991184 0.0352853 0)             (0.991143 -0.0351761 0)
       2.3772             (0.991291 0.0355402 0)             (0.991250 -0.0354300 0)
       2.3776             (0.991398 0.0357941 0)             (0.991356 -0.0356830 0)
        2.378             (0.991504 0.0360470 0)             (0.991461 -0.0359349 0)
       2.3784             (0.991610 0.0362988 0)             (0.991567 -0.0361859 0)
       2.3788             (0.991716 0.0365496 0)             (0.991672 -0.0364357 0)
       2.3792             (0.991821 0.0367994 0)             (0.991777 -0.0366846 0)
       2.3796             (0.991927 0.0370482 0)             (0.991882 -0.0369324 0)
         2.38             (0.992032 0.0372959 0)             (0.991987 -0.0371792 0)
       2.3804             (0.992137 0.0375425 0)             (0.992091 -0.0374250 0)
       2.3808             (0.992241 0.0377881 0)             (0.992195 -0.0376696 0)
       2.3812             (0.992346 0.0380326 0)             (0.992299 -0.0379133 0)
       2.3816             (0.992450 0.0382761 0)             (0.992403 -0.0381558 0)
        2.382             (0.992554 0.0385185 0)             (0.992506 -0.0383974 0)
       2.3824             (0.992658 0.0387599 0)             (0.992610 -0.0386378 0)
       2.3828             (0.992761 0.0390002 0)             (0.992712 -0.0388772 0)
       2.3832             (0.992864 0.0392393 0)             (0.992815 -0.0391155 0)
       2.3836             (0.992967 0.0394775 0)             (0.992918 -0.0393527 0)
        2.384             (0.993070 0.0397145 0)             (0.993020 -0.0395888 0)
       2.3844             (0.993173 0.0399504 0)             (0.993122 -0.0398238 0)
       2.3848             (0.993275 0.0401852 0)             (0.993223 -0.0400578 0)
       2.3852             (0.993377 0.0404190 0)             (0.993325 -0.0402906 0)
       2.3856             (0.993478 0.0406516 0)             (0.993426 -0.0405224 0)
        2.386             (0.993579 0.0408831 0)             (0.993527 -0.0407530 0)
       2.3864             (0.993680 0.0411135 0)             (0.993627 -0.0409826 0)
       2.3868             (0.993781 0.0413428 0)             (0.993727 -0.0412110 0)
       2.3872             (0.993882 0.0415710 0)             (0.993827 -0.0414383 0)
       2.3876             (0.993982 0.0417980 0)             (0.993927 -0.0416645 0)
        2.388             (0.994082 0.0420240 0)             (0.994026 -0.0418895 0)
       2.3884             (0.994181 0.0422487 0)             (0.994125 -0.0421134 0)
       2.3888             (0.994280 0.0424724 0)             (0.994224 -0.0423362 0)
       2.3892             (0.994379 0.0426949 0)             (0.994322 -0.0425579 0)
       2.3896             (0.994478 0.0429163 0)             (0.994421 -0.0427784 0)
         2.39             (0.994576 0.0431365 0)             (0.994518 -0.0429978 0)
       2.3904             (0.994674 0.0433556 0)             (0.994616 -0.0432160 0)
       2.3908             (0.994772 0.0435735 0)             (0.994713 -0.0434331 0)
       2.3912             (0.994869 0.0437903 0)             (0.994810 -0.0436490 0)
       2.3916             (0.994966 0.0440059 0)             (0.994907 -0.0438638 0)
        2.392             (0.995063 0.0442204 0)             (0.995003 -0.0440774 0)
       2.3924             (0.995159 0.0444337 0)             (0.995099 -0.0442898 0)
       2.3928             (0.995255 0.0446458 0)             (0.995194 -0.0445011 0)
       2.3932             (0.995351 0.0448567 0)             (0.995289 -0.0447112 0)
       2.3936             (0.995447 0.0450665 0)             (0.995384 -0.0449202 0)
        2.394             (0.995542 0.0452751 0)             (0.995479 -0.0451279 0)
       2.3944             (0.995636 0.0454825 0)             (0.995573 -0.0453345 0)
       2.3948             (0.995730 0.0456887 0)             (0.995667 -0.0455399 0)
       2.3952             (0.995824 0.0458937 0)             (0.995760 -0.0457441 0)
       2.3956             (0.995918 0.0460976 0)             (0.995853 -0.0459471 0)
        2.396             (0.996011 0.0463003 0)             (0.995946 -0.0461490 0)
       2.3964             (0.996104 0.0465017 0)             (0.996039 -0.0463496 0)
       2.3968             (0.996197 0.0467020 0)             (0.996131 -0.0465491 0)
       2.3972             (0.996289 0.0469010 0)             (0.996222 -0.0467473 0)
       2.3976             (0.996380 0.0470989 0)             (0.996314 -0.0469444 0)
        2.398             (0.996472 0.0472955 0)             (0.996404 -0.0471402 0)
       2.3984             (0.996563 0.0474910 0)             (0.996495 -0.0473349 0)
       2.3988             (0.996653 0.0476852 0)             (0.996585 -0.0475283 0)
       2.3992             (0.996744 0.0478782 0)             (0.996675 -0.0477205 0)
       2.3996             (0.996834 0.0480700 0)             (0.996764 -0.0479115 0)
          2.4             (0.996923 0.0482606 0)             (0.996853 -0.0481013 0)
