# Probe 0 (5.5 -0.5 0)
# Probe 1 (5.5 0.5 0)
#       Probe             0             1
#        Time
       0.0004      -1.026103      -1.026159
       0.0008      -0.682559      -0.682615
       0.0012      -0.442279      -0.442337
       0.0016      -0.275464      -0.275522
        0.002      -0.160805      -0.160864
       0.0024      -0.083076      -0.083136
       0.0028      -0.031406      -0.031466
       0.0032      0.001961      0.001900
       0.0036      0.022550      0.022487
        0.004      0.034289      0.034225
       0.0044      0.039968      0.039903
       0.0048      0.041561      0.041495
       0.0052      0.040460      0.040394
       0.0056      0.037642      0.037575
        0.006      0.033789      0.033721
       0.0064      0.029371      0.029302
       0.0068      0.024712      0.024642
       0.0072      0.020027      0.019956
       0.0076      0.015458      0.015386
        0.008      0.011096      0.011023
       0.0084      0.006994      0.006920
       0.0088      0.003180      0.003105
       0.0092      -0.000334      -0.000410
       0.0096      -0.003549      -0.003626
         0.01      -0.006473      -0.006551
       0.0104      -0.009117      -0.009196
       0.0108      -0.011498      -0.011578
       0.0112      -0.013631      -0.013712
       0.0116      -0.015535      -0.015618
        0.012      -0.017227      -0.017310
       0.0124      -0.018723      -0.018807
       0.0128      -0.020040      -0.020125
       0.0132      -0.021192      -0.021278
       0.0136      -0.022194      -0.022282
        0.014      -0.023059      -0.023148
       0.0144      -0.023800      -0.023890
       0.0148      -0.024428      -0.024519
       0.0152      -0.024953      -0.025045
       0.0156      -0.025385      -0.025478
        0.016      -0.025733      -0.025827
       0.0164      -0.026005      -0.026100
       0.0168      -0.026208      -0.026305
       0.0172      -0.026349      -0.026447
       0.0176      -0.026435      -0.026535
        0.018      -0.026471      -0.026572
       0.0184      -0.026462      -0.026564
       0.0188      -0.026413      -0.026516
       0.0192      -0.026329      -0.026433
       0.0196      -0.026212      -0.026317
         0.02      -0.026067      -0.026174
       0.0204      -0.025897      -0.026005
       0.0208      -0.025705      -0.025814
       0.0212      -0.025494      -0.025604
       0.0216      -0.025265      -0.025377
        0.022      -0.025022      -0.025135
       0.0224      -0.024766      -0.024880
       0.0228      -0.024499      -0.024615
       0.0232      -0.024223      -0.024340
       0.0236      -0.023939      -0.024057
        0.024      -0.023648      -0.023768
       0.0244      -0.023353      -0.023474
       0.0248      -0.023053      -0.023175
       0.0252      -0.022750      -0.022873
       0.0256      -0.022444      -0.022569
        0.026      -0.022138      -0.022264
       0.0264      -0.021830      -0.021958
       0.0268      -0.021523      -0.021652
       0.0272      -0.021216      -0.021346
       0.0276      -0.020910      -0.021042
        0.028      -0.020605      -0.020739
       0.0284      -0.020302      -0.020437
       0.0288      -0.020002      -0.020139
       0.0292      -0.019704      -0.019842
       0.0296      -0.019409      -0.019549
         0.03      -0.019118      -0.019259
       0.0304      -0.018829      -0.018972
       0.0308      -0.018544      -0.018688
       0.0312      -0.018263      -0.018408
       0.0316      -0.017986      -0.018133
        0.032      -0.017712      -0.017861
       0.0324      -0.017443      -0.017593
       0.0328      -0.017177      -0.017329
       0.0332      -0.016916      -0.017069
       0.0336      -0.016659      -0.016814
        0.034      -0.016406      -0.016563
       0.0344      -0.016158      -0.016316
       0.0348      -0.015914      -0.016073
       0.0352      -0.015674      -0.015835
       0.0356      -0.015438      -0.015601
        0.036      -0.015207      -0.015371
       0.0364      -0.014980      -0.015146
       0.0368      -0.014757      -0.014925
       0.0372      -0.014538      -0.014708
       0.0376      -0.014324      -0.014495
        0.038      -0.014114      -0.014286
       0.0384      -0.013907      -0.014082
       0.0388      -0.013705      -0.013881
       0.0392      -0.013507      -0.013685
       0.0396      -0.013312      -0.013492
         0.04      -0.013122      -0.013303
       0.0404      -0.012935      -0.013119
       0.0408      -0.012753      -0.012938
       0.0412      -0.012574      -0.012760
       0.0416      -0.012398      -0.012587
        0.042      -0.012226      -0.012416
       0.0424      -0.012058      -0.012250
       0.0428      -0.011893      -0.012087
       0.0432      -0.011732      -0.011927
       0.0436      -0.011574      -0.011771
        0.044      -0.011419      -0.011618
       0.0444      -0.011267      -0.011469
       0.0448      -0.011119      -0.011322
       0.0452      -0.010974      -0.011179
       0.0456      -0.010832      -0.011038
        0.046      -0.010692      -0.010901
       0.0464      -0.010556      -0.010767
       0.0468      -0.010423      -0.010636
       0.0472      -0.010292      -0.010507
       0.0476      -0.010165      -0.010381
        0.048      -0.010040      -0.010258
       0.0484      -0.009917      -0.010138
       0.0488      -0.009798      -0.010020
       0.0492      -0.009680      -0.009905
       0.0496      -0.009566      -0.009792
         0.05      -0.009454      -0.009682
       0.0504      -0.009344      -0.009574
       0.0508      -0.009236      -0.009469
       0.0512      -0.009131      -0.009366
       0.0516      -0.009028      -0.009265
        0.052      -0.008928      -0.009166
       0.0524      -0.008829      -0.009070
       0.0528      -0.008733      -0.008975
       0.0532      -0.008638      -0.008883
       0.0536      -0.008546      -0.008793
        0.054      -0.008456      -0.008705
       0.0544      -0.008367      -0.008619
       0.0548      -0.008281      -0.008534
       0.0552      -0.008196      -0.008452
       0.0556      -0.008113      -0.008371
        0.056      -0.008032      -0.008292
       0.0564      -0.007953      -0.008215
       0.0568      -0.007876      -0.008140
       0.0572      -0.007800      -0.008066
       0.0576      -0.007725      -0.007994
        0.058      -0.007653      -0.007923
       0.0584      -0.007582      -0.007855
       0.0588      -0.007512      -0.007787
       0.0592      -0.007444      -0.007721
       0.0596      -0.007377      -0.007657
         0.06      -0.007312      -0.007594
       0.0604      -0.007248      -0.007533
       0.0608      -0.007186      -0.007472
       0.0612      -0.007125      -0.007414
       0.0616      -0.007065      -0.007356
        0.062      -0.007006      -0.007300
       0.0624      -0.006949      -0.007245
       0.0628      -0.006893      -0.007191
       0.0632      -0.006838      -0.007139
       0.0636      -0.006785      -0.007088
        0.064      -0.006732      -0.007037
       0.0644      -0.006681      -0.006988
       0.0648      -0.006630      -0.006941
       0.0652      -0.006581      -0.006894
       0.0656      -0.006533      -0.006848
        0.066      -0.006486      -0.006803
       0.0664      -0.006440      -0.006760
       0.0668      -0.006394      -0.006717
       0.0672      -0.006350      -0.006675
       0.0676      -0.006307      -0.006634
        0.068      -0.006265      -0.006594
       0.0684      -0.006223      -0.006555
       0.0688      -0.006183      -0.006517
       0.0692      -0.006143      -0.006480
       0.0696      -0.006104      -0.006444
         0.07      -0.006066      -0.006408
       0.0704      -0.006029      -0.006374
       0.0708      -0.005992      -0.006340
       0.0712      -0.005956      -0.006307
       0.0716      -0.005922      -0.006274
        0.072      -0.005887      -0.006243
       0.0724      -0.005854      -0.006212
       0.0728      -0.005821      -0.006181
       0.0732      -0.005789      -0.006152
       0.0736      -0.005757      -0.006123
        0.074      -0.005727      -0.006095
       0.0744      -0.005697      -0.006067
       0.0748      -0.005667      -0.006041
       0.0752      -0.005638      -0.006014
       0.0756      -0.005610      -0.005989
        0.076      -0.005582      -0.005964
       0.0764      -0.005555      -0.005939
       0.0768      -0.005528      -0.005915
       0.0772      -0.005502      -0.005892
       0.0776      -0.005477      -0.005869
        0.078      -0.005452      -0.005847
       0.0784      -0.005428      -0.005825
       0.0788      -0.005404      -0.005804
       0.0792      -0.005380      -0.005783
       0.0796      -0.005357      -0.005763
         0.08      -0.005335      -0.005744
       0.0804      -0.005313      -0.005724
       0.0808      -0.005291      -0.005705
       0.0812      -0.005270      -0.005687
       0.0816      -0.005249      -0.005669
        0.082      -0.005229      -0.005652
       0.0824      -0.005209      -0.005635
       0.0828      -0.005190      -0.005618
       0.0832      -0.005170      -0.005602
       0.0836      -0.005152      -0.005586
        0.084      -0.005133      -0.005570
       0.0844      -0.005115      -0.005555
       0.0848      -0.005098      -0.005541
       0.0852      -0.005081      -0.005526
       0.0856      -0.005064      -0.005512
        0.086      -0.005047      -0.005498
       0.0864      -0.005031      -0.005485
       0.0868      -0.005015      -0.005472
       0.0872      -0.004999      -0.005459
       0.0876      -0.004984      -0.005447
        0.088      -0.004969      -0.005435
       0.0884      -0.004954      -0.005423
       0.0888      -0.004940      -0.005412
       0.0892      -0.004926      -0.005400
       0.0896      -0.004912      -0.005390
         0.09      -0.004898      -0.005379
       0.0904      -0.004885      -0.005369
       0.0908      -0.004872      -0.005358
       0.0912      -0.004859      -0.005349
       0.0916      -0.004847      -0.005339
        0.092      -0.004834      -0.005330
       0.0924      -0.004822      -0.005321
       0.0928      -0.004810      -0.005312
       0.0932      -0.004799      -0.005303
       0.0936      -0.004787      -0.005295
        0.094      -0.004776      -0.005287
       0.0944      -0.004765      -0.005279
       0.0948      -0.004754      -0.005271
       0.0952      -0.004744      -0.005263
       0.0956      -0.004733      -0.005256
        0.096      -0.004723      -0.005249
       0.0964      -0.004713      -0.005242
       0.0968      -0.004703      -0.005235
       0.0972      -0.004693      -0.005228
       0.0976      -0.004684      -0.005222
        0.098      -0.004675      -0.005216
       0.0984      -0.004666      -0.005210
       0.0988      -0.004657      -0.005204
       0.0992      -0.004648      -0.005198
       0.0996      -0.004639      -0.005192
          0.1      -0.004631      -0.005187
       0.1004      -0.004622      -0.005182
       0.1008      -0.004614      -0.005177
       0.1012      -0.004606      -0.005172
       0.1016      -0.004598      -0.005167
        0.102      -0.004590      -0.005162
       0.1024      -0.004583      -0.005158
       0.1028      -0.004575      -0.005153
       0.1032      -0.004568      -0.005149
       0.1036      -0.004561      -0.005145
        0.104      -0.004553      -0.005141
       0.1044      -0.004546      -0.005137
       0.1048      -0.004539      -0.005133
       0.1052      -0.004533      -0.005130
       0.1056      -0.004526      -0.005126
        0.106      -0.004519      -0.005123
       0.1064      -0.004513      -0.005119
       0.1068      -0.004507      -0.005116
       0.1072      -0.004500      -0.005113
       0.1076      -0.004494      -0.005110
        0.108      -0.004488      -0.005107
       0.1084      -0.004482      -0.005105
       0.1088      -0.004477      -0.005102
       0.1092      -0.004471      -0.005099
       0.1096      -0.004465      -0.005097
         0.11      -0.004460      -0.005094
       0.1104      -0.004454      -0.005092
       0.1108      -0.004449      -0.005090
       0.1112      -0.004443      -0.005088
       0.1116      -0.004438      -0.005085
        0.112      -0.004433      -0.005083
       0.1124      -0.004428      -0.005082
       0.1128      -0.004423      -0.005080
       0.1132      -0.004418      -0.005078
       0.1136      -0.004413      -0.005076
        0.114      -0.004409      -0.005075
       0.1144      -0.004404      -0.005073
       0.1148      -0.004399      -0.005072
       0.1152      -0.004395      -0.005070
       0.1156      -0.004390      -0.005069
        0.116      -0.004386      -0.005067
       0.1164      -0.004381      -0.005066
       0.1168      -0.004377      -0.005065
       0.1172      -0.004373      -0.005064
       0.1176      -0.004369      -0.005063
        0.118      -0.004365      -0.005062
       0.1184      -0.004361      -0.005061
       0.1188      -0.004357      -0.005060
       0.1192      -0.004353      -0.005059
       0.1196      -0.004349      -0.005058
         0.12      -0.004345      -0.005058
       0.1204      -0.004341      -0.005057
       0.1208      -0.004337      -0.005056
       0.1212      -0.004334      -0.005056
       0.1216      -0.004330      -0.005055
        0.122      -0.004327      -0.005054
       0.1224      -0.004323      -0.005054
       0.1228      -0.004320      -0.005054
       0.1232      -0.004316      -0.005053
       0.1236      -0.004313      -0.005053
        0.124      -0.004309      -0.005052
       0.1244      -0.004306      -0.005052
       0.1248      -0.004303      -0.005052
       0.1252      -0.004300      -0.005052
       0.1256      -0.004297      -0.005052
        0.126      -0.004293      -0.005051
       0.1264      -0.004290      -0.005051
       0.1268      -0.004287      -0.005051
       0.1272      -0.004284      -0.005051
       0.1276      -0.004281      -0.005051
        0.128      -0.004278      -0.005051
       0.1284      -0.004275      -0.005051
       0.1288      -0.004273      -0.005051
       0.1292      -0.004270      -0.005051
       0.1296      -0.004267      -0.005051
         0.13      -0.004264      -0.005051
       0.1304      -0.004262      -0.005052
       0.1308      -0.004259      -0.005052
       0.1312      -0.004256      -0.005052
       0.1316      -0.004254      -0.005052
        0.132      -0.004251      -0.005052
       0.1324      -0.004248      -0.005053
       0.1328      -0.004246      -0.005053
       0.1332      -0.004243      -0.005053
       0.1336      -0.004241      -0.005053
        0.134      -0.004239      -0.005054
       0.1344      -0.004236      -0.005054
       0.1348      -0.004234      -0.005054
       0.1352      -0.004232      -0.005055
       0.1356      -0.004229      -0.005055
        0.136      -0.004227      -0.005056
       0.1364      -0.004225      -0.005056
       0.1368      -0.004223      -0.005056
       0.1372      -0.004220      -0.005057
       0.1376      -0.004218      -0.005057
        0.138      -0.004216      -0.005058
       0.1384      -0.004214      -0.005058
       0.1388      -0.004212      -0.005059
       0.1392      -0.004210      -0.005059
       0.1396      -0.004208      -0.005060
         0.14      -0.004206      -0.005060
       0.1404      -0.004204      -0.005061
       0.1408      -0.004202      -0.005061
       0.1412      -0.004200      -0.005062
       0.1416      -0.004198      -0.005062
        0.142      -0.004196      -0.005063
       0.1424      -0.004194      -0.005063
       0.1428      -0.004193      -0.005064
       0.1432      -0.004191      -0.005064
       0.1436      -0.004189      -0.005065
        0.144      -0.004187      -0.005065
       0.1444      -0.004185      -0.005066
       0.1448      -0.004184      -0.005066
       0.1452      -0.004182      -0.005067
       0.1456      -0.004180      -0.005067
        0.146      -0.004179      -0.005068
       0.1464      -0.004177      -0.005068
       0.1468      -0.004176      -0.005069
       0.1472      -0.004174      -0.005070
       0.1476      -0.004173      -0.005070
        0.148      -0.004171      -0.005071
       0.1484      -0.004170      -0.005071
       0.1488      -0.004168      -0.005072
       0.1492      -0.004167      -0.005072
       0.1496      -0.004165      -0.005073
         0.15      -0.004164      -0.005073
       0.1504      -0.004163      -0.005074
       0.1508      -0.004161      -0.005074
       0.1512      -0.004160      -0.005075
       0.1516      -0.004159      -0.005075
        0.152      -0.004157      -0.005076
       0.1524      -0.004156      -0.005076
       0.1528      -0.004155      -0.005077
       0.1532      -0.004154      -0.005077
       0.1536      -0.004153      -0.005078
        0.154      -0.004151      -0.005078
       0.1544      -0.004150      -0.005078
       0.1548      -0.004149      -0.005079
       0.1552      -0.004148      -0.005079
       0.1556      -0.004147      -0.005080
        0.156      -0.004146      -0.005080
       0.1564      -0.004145      -0.005081
       0.1568      -0.004144      -0.005081
       0.1572      -0.004143      -0.005081
       0.1576      -0.004142      -0.005082
        0.158      -0.004141      -0.005082
       0.1584      -0.004140      -0.005082
       0.1588      -0.004140      -0.005083
       0.1592      -0.004139      -0.005083
       0.1596      -0.004138      -0.005083
         0.16      -0.004137      -0.005084
       0.1604      -0.004136      -0.005084
       0.1608      -0.004136      -0.005084
       0.1612      -0.004135      -0.005084
       0.1616      -0.004134      -0.005085
        0.162      -0.004134      -0.005085
       0.1624      -0.004133      -0.005085
       0.1628      -0.004133      -0.005085
       0.1632      -0.004132      -0.005085
       0.1636      -0.004131      -0.005085
        0.164      -0.004131      -0.005086
       0.1644      -0.004130      -0.005086
       0.1648      -0.004130      -0.005086
       0.1652      -0.004129      -0.005086
       0.1656      -0.004129      -0.005086
        0.166      -0.004129      -0.005086
       0.1664      -0.004128      -0.005086
       0.1668      -0.004128      -0.005086
       0.1672      -0.004128      -0.005086
       0.1676      -0.004127      -0.005086
        0.168      -0.004127      -0.005086
       0.1684      -0.004127      -0.005086
       0.1688      -0.004127      -0.005086
       0.1692      -0.004127      -0.005085
       0.1696      -0.004126      -0.005085
         0.17      -0.004126      -0.005085
       0.1704      -0.004126      -0.005085
       0.1708      -0.004126      -0.005085
       0.1712      -0.004126      -0.005084
       0.1716      -0.004126      -0.005084
        0.172      -0.004126      -0.005084
       0.1724      -0.004126      -0.005084
       0.1728      -0.004126      -0.005083
       0.1732      -0.004126      -0.005083
       0.1736      -0.004127      -0.005082
        0.174      -0.004127      -0.005082
       0.1744      -0.004127      -0.005082
       0.1748      -0.004127      -0.005081
       0.1752      -0.004128      -0.005081
       0.1756      -0.004128      -0.005080
        0.176      -0.004128      -0.005080
       0.1764      -0.004129      -0.005079
       0.1768      -0.004129      -0.005078
       0.1772      -0.004129      -0.005078
       0.1776      -0.004130      -0.005077
        0.178      -0.004130      -0.005076
       0.1784      -0.004131      -0.005076
       0.1788      -0.004132      -0.005075
       0.1792      -0.004132      -0.005074
       0.1796      -0.004133      -0.005073
         0.18      -0.004133      -0.005073
       0.1804      -0.004134      -0.005072
       0.1808      -0.004135      -0.005071
       0.1812      -0.004136      -0.005070
       0.1816      -0.004137      -0.005069
        0.182      -0.004137      -0.005068
       0.1824      -0.004138      -0.005067
       0.1828      -0.004139      -0.005066
       0.1832      -0.004140      -0.005065
       0.1836      -0.004141      -0.005064
        0.184      -0.004142      -0.005063
       0.1844      -0.004143      -0.005061
       0.1848      -0.004144      -0.005060
       0.1852      -0.004145      -0.005059
       0.1856      -0.004147      -0.005058
        0.186      -0.004148      -0.005056
       0.1864      -0.004149      -0.005055
       0.1868      -0.004150      -0.005053
       0.1872      -0.004152      -0.005052
       0.1876      -0.004153      -0.005051
        0.188      -0.004155      -0.005049
       0.1884      -0.004156      -0.005047
       0.1888      -0.004158      -0.005046
       0.1892      -0.004159      -0.005044
       0.1896      -0.004161      -0.005043
         0.19      -0.004162      -0.005041
       0.1904      -0.004164      -0.005039
       0.1908      -0.004166      -0.005037
       0.1912      -0.004167      -0.005036
       0.1916      -0.004169      -0.005034
        0.192      -0.004171      -0.005032
       0.1924      -0.004173      -0.005030
       0.1928      -0.004175      -0.005028
       0.1932      -0.004177      -0.005026
       0.1936      -0.004179      -0.005024
        0.194      -0.004181      -0.005022
       0.1944      -0.004183      -0.005020
       0.1948      -0.004185      -0.005017
       0.1952      -0.004187      -0.005015
       0.1956      -0.004189      -0.005013
        0.196      -0.004192      -0.005010
       0.1964      -0.004194      -0.005008
       0.1968      -0.004196      -0.005006
       0.1972      -0.004199      -0.005003
       0.1976      -0.004201      -0.005001
        0.198      -0.004204      -0.004998
       0.1984      -0.004206      -0.004996
       0.1988      -0.004209      -0.004993
       0.1992      -0.004211      -0.004990
       0.1996      -0.004214      -0.004988
          0.2      -0.004217      -0.004985
       0.2004      -0.004220      -0.004982
       0.2008      -0.004222      -0.004979
       0.2012      -0.004225      -0.004976
       0.2016      -0.004228      -0.004973
        0.202      -0.004231      -0.004970
       0.2024      -0.004234      -0.004967
       0.2028      -0.004237      -0.004964
       0.2032      -0.004240      -0.004961
       0.2036      -0.004244      -0.004958
        0.204      -0.004247      -0.004954
       0.2044      -0.004250      -0.004951
       0.2048      -0.004254      -0.004948
       0.2052      -0.004257      -0.004944
       0.2056      -0.004260      -0.004941
        0.206      -0.004264      -0.004937
       0.2064      -0.004267      -0.004934
       0.2068      -0.004271      -0.004930
       0.2072      -0.004275      -0.004926
       0.2076      -0.004279      -0.004922
        0.208      -0.004282      -0.004919
       0.2084      -0.004286      -0.004915
       0.2088      -0.004290      -0.004911
       0.2092      -0.004294      -0.004907
       0.2096      -0.004298      -0.004903
         0.21      -0.004302      -0.004899
       0.2104      -0.004306      -0.004895
       0.2108      -0.004310      -0.004890
       0.2112      -0.004315      -0.004886
       0.2116      -0.004319      -0.004882
        0.212      -0.004323      -0.004877
       0.2124      -0.004328      -0.004873
       0.2128      -0.004332      -0.004869
       0.2132      -0.004337      -0.004864
       0.2136      -0.004341      -0.004859
        0.214      -0.004346      -0.004855
       0.2144      -0.004351      -0.004850
       0.2148      -0.004355      -0.004845
       0.2152      -0.004360      -0.004840
       0.2156      -0.004365      -0.004835
        0.216      -0.004370      -0.004830
       0.2164      -0.004375      -0.004825
       0.2168      -0.004380      -0.004820
       0.2172      -0.004386      -0.004815
       0.2176      -0.004391      -0.004810
        0.218      -0.004396      -0.004805
       0.2184      -0.004401      -0.004799
       0.2188      -0.004407      -0.004794
       0.2192      -0.004412      -0.004788
       0.2196      -0.004418      -0.004783
         0.22      -0.004424      -0.004777
       0.2204      -0.004429      -0.004771
       0.2208      -0.004435      -0.004766
       0.2212      -0.004441      -0.004760
       0.2216      -0.004447      -0.004754
        0.222      -0.004453      -0.004748
       0.2224      -0.004459      -0.004742
       0.2228      -0.004465      -0.004736
       0.2232      -0.004471      -0.004730
       0.2236      -0.004477      -0.004723
        0.224      -0.004483      -0.004717
       0.2244      -0.004490      -0.004711
       0.2248      -0.004496      -0.004704
       0.2252      -0.004503      -0.004698
       0.2256      -0.004509      -0.004691
        0.226      -0.004516      -0.004684
       0.2264      -0.004523      -0.004678
       0.2268      -0.004530      -0.004671
       0.2272      -0.004537      -0.004664
       0.2276      -0.004544      -0.004657
        0.228      -0.004551      -0.004650
       0.2284      -0.004558      -0.004643
       0.2288      -0.004565      -0.004636
       0.2292      -0.004572      -0.004628
       0.2296      -0.004580      -0.004621
         0.23      -0.004587      -0.004614
       0.2304      -0.004594      -0.004606
       0.2308      -0.004602      -0.004599
       0.2312      -0.004610      -0.004591
       0.2316      -0.004617      -0.004583
        0.232      -0.004625      -0.004576
       0.2324      -0.004633      -0.004568
       0.2328      -0.004641      -0.004560
       0.2332      -0.004649      -0.004552
       0.2336      -0.004657      -0.004544
        0.234      -0.004665      -0.004535
       0.2344      -0.004674      -0.004527
       0.2348      -0.004682      -0.004519
       0.2352      -0.004691      -0.004510
       0.2356      -0.004699      -0.004502
        0.236      -0.004708      -0.004493
       0.2364      -0.004716      -0.004484
       0.2368      -0.004725      -0.004476
       0.2372      -0.004734      -0.004467
       0.2376      -0.004743      -0.004458
        0.238      -0.004752      -0.004449
       0.2384      -0.004761      -0.004440
       0.2388      -0.004770      -0.004431
       0.2392      -0.004780      -0.004421
       0.2396      -0.004789      -0.004412
         0.24      -0.004799      -0.004403
       0.2404      -0.004808      -0.004393
       0.2408      -0.004818      -0.004383
       0.2412      -0.004828      -0.004374
       0.2416      -0.004837      -0.004364
        0.242      -0.004847      -0.004354
       0.2424      -0.004857      -0.004344
       0.2428      -0.004867      -0.004334
       0.2432      -0.004878      -0.004324
       0.2436      -0.004888      -0.004313
        0.244      -0.004898      -0.004303
       0.2444      -0.004909      -0.004293
       0.2448      -0.004919      -0.004282
       0.2452      -0.004930      -0.004272
       0.2456      -0.004941      -0.004261
        0.246      -0.004951      -0.004250
       0.2464      -0.004962      -0.004239
       0.2468      -0.004973      -0.004228
       0.2472      -0.004984      -0.004217
       0.2476      -0.004996      -0.004206
        0.248      -0.005007      -0.004195
       0.2484      -0.005018      -0.004183
       0.2488      -0.005030      -0.004172
       0.2492      -0.005041      -0.004160
       0.2496      -0.005053      -0.004149
         0.25      -0.005065      -0.004137
       0.2504      -0.005077      -0.004125
       0.2508      -0.005089      -0.004113
       0.2512      -0.005101      -0.004101
       0.2516      -0.005113      -0.004089
        0.252      -0.005125      -0.004077
       0.2524      -0.005138      -0.004064
       0.2528      -0.005150      -0.004052
       0.2532      -0.005163      -0.004039
       0.2536      -0.005175      -0.004027
        0.254      -0.005188      -0.004014
       0.2544      -0.005201      -0.004001
       0.2548      -0.005214      -0.003988
       0.2552      -0.005227      -0.003975
       0.2556      -0.005240      -0.003962
        0.256      -0.005253      -0.003949
       0.2564      -0.005267      -0.003935
       0.2568      -0.005280      -0.003922
       0.2572      -0.005294      -0.003908
       0.2576      -0.005308      -0.003895
        0.258      -0.005321      -0.003881
       0.2584      -0.005335      -0.003867
       0.2588      -0.005349      -0.003853
       0.2592      -0.005364      -0.003839
       0.2596      -0.005378      -0.003825
         0.26      -0.005392      -0.003810
       0.2604      -0.005407      -0.003796
       0.2608      -0.005421      -0.003781
       0.2612      -0.005436      -0.003767
       0.2616      -0.005451      -0.003752
        0.262      -0.005465      -0.003737
       0.2624      -0.005480      -0.003722
       0.2628      -0.005496      -0.003707
       0.2632      -0.005511      -0.003692
       0.2636      -0.005526      -0.003677
        0.264      -0.005542      -0.003661
       0.2644      -0.005557      -0.003646
       0.2648      -0.005573      -0.003630
       0.2652      -0.005589      -0.003614
       0.2656      -0.005605      -0.003599
        0.266      -0.005621      -0.003583
       0.2664      -0.005637      -0.003566
       0.2668      -0.005653      -0.003550
       0.2672      -0.005669      -0.003534
       0.2676      -0.005686      -0.003518
        0.268      -0.005702      -0.003501
       0.2684      -0.005719      -0.003484
       0.2688      -0.005736      -0.003468
       0.2692      -0.005753      -0.003451
       0.2696      -0.005770      -0.003434
         0.27      -0.005787      -0.003416
       0.2704      -0.005804      -0.003399
       0.2708      -0.005822      -0.003382
       0.2712      -0.005839      -0.003364
       0.2716      -0.005857      -0.003347
        0.272      -0.005875      -0.003329
       0.2724      -0.005893      -0.003311
       0.2728      -0.005911      -0.003293
       0.2732      -0.005929      -0.003275
       0.2736      -0.005947      -0.003257
        0.274      -0.005965      -0.003239
       0.2744      -0.005984      -0.003220
       0.2748      -0.006002      -0.003202
       0.2752      -0.006021      -0.003183
       0.2756      -0.006040      -0.003164
        0.276      -0.006059      -0.003145
       0.2764      -0.006078      -0.003126
       0.2768      -0.006097      -0.003107
       0.2772      -0.006117      -0.003088
       0.2776      -0.006136      -0.003068
        0.278      -0.006156      -0.003049
       0.2784      -0.006176      -0.003029
       0.2788      -0.006195      -0.003009
       0.2792      -0.006215      -0.002989
       0.2796      -0.006236      -0.002969
         0.28      -0.006256      -0.002949
       0.2804      -0.006276      -0.002929
       0.2808      -0.006297      -0.002908
       0.2812      -0.006317      -0.002888
       0.2816      -0.006338      -0.002867
        0.282      -0.006359      -0.002846
       0.2824      -0.006380      -0.002825
       0.2828      -0.006401      -0.002804
       0.2832      -0.006422      -0.002783
       0.2836      -0.006444      -0.002762
        0.284      -0.006465      -0.002740
       0.2844      -0.006487      -0.002718
       0.2848      -0.006509      -0.002697
       0.2852      -0.006531      -0.002675
       0.2856      -0.006553      -0.002653
        0.286      -0.006575      -0.002631
       0.2864      -0.006597      -0.002608
       0.2868      -0.006620      -0.002586
       0.2872      -0.006642      -0.002564
       0.2876      -0.006665      -0.002541
        0.288      -0.006688      -0.002518
       0.2884      -0.006711      -0.002495
       0.2888      -0.006734      -0.002472
       0.2892      -0.006757      -0.002449
       0.2896      -0.006781      -0.002426
         0.29      -0.006804      -0.002402
       0.2904      -0.006828      -0.002379
       0.2908      -0.006852      -0.002355
       0.2912      -0.006876      -0.002331
       0.2916      -0.006900      -0.002307
        0.292      -0.006924      -0.002283
       0.2924      -0.006948      -0.002258
       0.2928      -0.006973      -0.002234
       0.2932      -0.006997      -0.002209
       0.2936      -0.007022      -0.002185
        0.294      -0.007047      -0.002160
       0.2944      -0.007072      -0.002135
       0.2948      -0.007097      -0.002110
       0.2952      -0.007122      -0.002085
       0.2956      -0.007148      -0.002059
        0.296      -0.007173      -0.002034
       0.2964      -0.007199      -0.002008
       0.2968      -0.007225      -0.001982
       0.2972      -0.007251      -0.001956
       0.2976      -0.007277      -0.001930
        0.298      -0.007304      -0.001904
       0.2984      -0.007330      -0.001878
       0.2988      -0.007357      -0.001851
       0.2992      -0.007383      -0.001825
       0.2996      -0.007410      -0.001798
          0.3      -0.007437      -0.001771
       0.3004      -0.007464      -0.001744
       0.3008      -0.007492      -0.001717
       0.3012      -0.007519      -0.001689
       0.3016      -0.007547      -0.001662
        0.302      -0.007574      -0.001634
       0.3024      -0.007602      -0.001606
       0.3028      -0.007630      -0.001578
       0.3032      -0.007658      -0.001550
       0.3036      -0.007687      -0.001522
        0.304      -0.007715      -0.001494
       0.3044      -0.007743      -0.001465
       0.3048      -0.007772      -0.001437
       0.3052      -0.007801      -0.001408
       0.3056      -0.007830      -0.001379
        0.306      -0.007859      -0.001350
       0.3064      -0.007889      -0.001321
       0.3068      -0.007918      -0.001291
       0.3072      -0.007948      -0.001262
       0.3076      -0.007977      -0.001232
        0.308      -0.008007      -0.001202
       0.3084      -0.008037      -0.001172
       0.3088      -0.008067      -0.001142
       0.3092      -0.008098      -0.001112
       0.3096      -0.008128      -0.001082
         0.31      -0.008159      -0.001051
       0.3104      -0.008189      -0.001021
       0.3108      -0.008220      -0.000990
       0.3112      -0.008251      -0.000959
       0.3116      -0.008282      -0.000928
        0.312      -0.008314      -0.000897
       0.3124      -0.008345      -0.000865
       0.3128      -0.008377      -0.000834
       0.3132      -0.008409      -0.000802
       0.3136      -0.008441      -0.000770
        0.314      -0.008473      -0.000738
       0.3144      -0.008505      -0.000706
       0.3148      -0.008537      -0.000674
       0.3152      -0.008570      -0.000641
       0.3156      -0.008602      -0.000609
        0.316      -0.008635      -0.000576
       0.3164      -0.008668      -0.000543
       0.3168      -0.008701      -0.000510
       0.3172      -0.008734      -0.000477
       0.3176      -0.008768      -0.000444
        0.318      -0.008801      -0.000411
       0.3184      -0.008835      -0.000377
       0.3188      -0.008869      -0.000343
       0.3192      -0.008903      -0.000309
       0.3196      -0.008937      -0.000275
         0.32      -0.008971      -0.000241
       0.3204      -0.009005      -0.000207
       0.3208      -0.009040      -0.000173
       0.3212      -0.009074      -0.000138
       0.3216      -0.009109      -0.000103
        0.322      -0.009144      -0.000068
       0.3224      -0.009179      -0.000033
       0.3228      -0.009215      0.000002
       0.3232      -0.009250      0.000037
       0.3236      -0.009286      0.000073
        0.324      -0.009321      0.000108
       0.3244      -0.009357      0.000144
       0.3248      -0.009393      0.000180
       0.3252      -0.009429      0.000216
       0.3256      -0.009465      0.000252
        0.326      -0.009502      0.000288
       0.3264      -0.009538      0.000325
       0.3268      -0.009575      0.000361
       0.3272      -0.009612      0.000398
       0.3276      -0.009649      0.000435
        0.328      -0.009686      0.000472
       0.3284      -0.009723      0.000509
       0.3288      -0.009761      0.000546
       0.3292      -0.009798      0.000584
       0.3296      -0.009836      0.000621
         0.33      -0.009874      0.000659
       0.3304      -0.009912      0.000697
       0.3308      -0.009950      0.000735
       0.3312      -0.009988      0.000773
       0.3316      -0.010026      0.000811
        0.332      -0.010065      0.000850
       0.3324      -0.010104      0.000888
       0.3328      -0.010142      0.000927
       0.3332      -0.010181      0.000966
       0.3336      -0.010221      0.001005
        0.334      -0.010260      0.001044
       0.3344      -0.010299      0.001083
       0.3348      -0.010339      0.001123
       0.3352      -0.010378      0.001162
       0.3356      -0.010418      0.001202
        0.336      -0.010458      0.001242
       0.3364      -0.010498      0.001281
       0.3368      -0.010538      0.001322
       0.3372      -0.010578      0.001362
       0.3376      -0.010619      0.001402
        0.338      -0.010659      0.001442
       0.3384      -0.010700      0.001483
       0.3388      -0.010741      0.001524
       0.3392      -0.010782      0.001565
       0.3396      -0.010823      0.001606
         0.34      -0.010864      0.001647
       0.3404      -0.010906      0.001688
       0.3408      -0.010947      0.001729
       0.3412      -0.010989      0.001771
       0.3416      -0.011030      0.001812
        0.342      -0.011072      0.001854
       0.3424      -0.011114      0.001896
       0.3428      -0.011156      0.001938
       0.3432      -0.011199      0.001980
       0.3436      -0.011241      0.002022
        0.344      -0.011283      0.002065
       0.3444      -0.011326      0.002107
       0.3448      -0.011369      0.002150
       0.3452      -0.011412      0.002193
       0.3456      -0.011455      0.002235
        0.346      -0.011498      0.002278
       0.3464      -0.011541      0.002322
       0.3468      -0.011584      0.002365
       0.3472      -0.011628      0.002408
       0.3476      -0.011671      0.002452
        0.348      -0.011715      0.002495
       0.3484      -0.011759      0.002539
       0.3488      -0.011803      0.002583
       0.3492      -0.011847      0.002627
       0.3496      -0.011891      0.002671
         0.35      -0.011935      0.002715
       0.3504      -0.011980      0.002759
       0.3508      -0.012024      0.002803
       0.3512      -0.012069      0.002848
       0.3516      -0.012113      0.002892
        0.352      -0.012158      0.002937
       0.3524      -0.012203      0.002982
       0.3528      -0.012248      0.003027
       0.3532      -0.012293      0.003072
       0.3536      -0.012338      0.003117
        0.354      -0.012384      0.003162
       0.3544      -0.012429      0.003207
       0.3548      -0.012475      0.003253
       0.3552      -0.012520      0.003298
       0.3556      -0.012566      0.003344
        0.356      -0.012612      0.003389
       0.3564      -0.012658      0.003435
       0.3568      -0.012704      0.003481
       0.3572      -0.012750      0.003527
       0.3576      -0.012796      0.003573
        0.358      -0.012842      0.003619
       0.3584      -0.012889      0.003665
       0.3588      -0.012935      0.003712
       0.3592      -0.012982      0.003758
       0.3596      -0.013028      0.003805
         0.36      -0.013075      0.003851
       0.3604      -0.013122      0.003898
       0.3608      -0.013169      0.003945
       0.3612      -0.013216      0.003992
       0.3616      -0.013263      0.004038
        0.362      -0.013310      0.004085
       0.3624      -0.013357      0.004132
       0.3628      -0.013404      0.004180
       0.3632      -0.013452      0.004227
       0.3636      -0.013499      0.004274
        0.364      -0.013547      0.004321
       0.3644      -0.013594      0.004369
       0.3648      -0.013642      0.004416
       0.3652      -0.013689      0.004464
       0.3656      -0.013737      0.004512
        0.366      -0.013785      0.004559
       0.3664      -0.013833      0.004607
       0.3668      -0.013881      0.004655
       0.3672      -0.013929      0.004703
       0.3676      -0.013977      0.004751
        0.368      -0.014025      0.004799
       0.3684      -0.014073      0.004847
       0.3688      -0.014122      0.004895
       0.3692      -0.014170      0.004943
       0.3696      -0.014218      0.004991
         0.37      -0.014266      0.005039
       0.3704      -0.014315      0.005088
       0.3708      -0.014363      0.005136
       0.3712      -0.014412      0.005184
       0.3716      -0.014460      0.005233
        0.372      -0.014509      0.005281
       0.3724      -0.014558      0.005330
       0.3728      -0.014606      0.005378
       0.3732      -0.014655      0.005427
       0.3736      -0.014704      0.005475
        0.374      -0.014752      0.005524
       0.3744      -0.014801      0.005572
       0.3748      -0.014850      0.005621
       0.3752      -0.014899      0.005670
       0.3756      -0.014948      0.005718
        0.376      -0.014997      0.005767
       0.3764      -0.015045      0.005816
       0.3768      -0.015094      0.005865
       0.3772      -0.015143      0.005913
       0.3776      -0.015192      0.005962
        0.378      -0.015241      0.006011
       0.3784      -0.015290      0.006060
       0.3788      -0.015339      0.006109
       0.3792      -0.015388      0.006157
       0.3796      -0.015437      0.006206
         0.38      -0.015486      0.006255
       0.3804      -0.015535      0.006304
       0.3808      -0.015584      0.006353
       0.3812      -0.015633      0.006401
       0.3816      -0.015682      0.006450
        0.382      -0.015731      0.006499
       0.3824      -0.015779      0.006548
       0.3828      -0.015828      0.006597
       0.3832      -0.015877      0.006645
       0.3836      -0.015926      0.006694
        0.384      -0.015975      0.006743
       0.3844      -0.016024      0.006791
       0.3848      -0.016072      0.006840
       0.3852      -0.016121      0.006888
       0.3856      -0.016170      0.006937
        0.386      -0.016219      0.006986
       0.3864      -0.016267      0.007034
       0.3868      -0.016316      0.007083
       0.3872      -0.016364      0.007131
       0.3876      -0.016413      0.007179
        0.388      -0.016461      0.007228
       0.3884      -0.016510      0.007276
       0.3888      -0.016558      0.007324
       0.3892      -0.016606      0.007372
       0.3896      -0.016655      0.007420
         0.39      -0.016703      0.007468
       0.3904      -0.016751      0.007516
       0.3908      -0.016799      0.007564
       0.3912      -0.016847      0.007612
       0.3916      -0.016895      0.007660
        0.392      -0.016943      0.007708
       0.3924      -0.016990      0.007755
       0.3928      -0.017038      0.007803
       0.3932      -0.017086      0.007850
       0.3936      -0.017133      0.007898
        0.394      -0.017181      0.007945
       0.3944      -0.017228      0.007992
       0.3948      -0.017275      0.008039
       0.3952      -0.017322      0.008086
       0.3956      -0.017370      0.008133
        0.396      -0.017416      0.008180
       0.3964      -0.017463      0.008227
       0.3968      -0.017510      0.008273
       0.3972      -0.017557      0.008320
       0.3976      -0.017603      0.008366
        0.398      -0.017650      0.008412
       0.3984      -0.017696      0.008458
       0.3988      -0.017742      0.008505
       0.3992      -0.017788      0.008550
       0.3996      -0.017834      0.008596
          0.4      -0.017880      0.008642
       0.4004      -0.017926      0.008687
       0.4008      -0.017971      0.008733
       0.4012      -0.018016      0.008778
       0.4016      -0.018062      0.008823
        0.402      -0.018107      0.008868
       0.4024      -0.018152      0.008913
       0.4028      -0.018197      0.008957
       0.4032      -0.018241      0.009002
       0.4036      -0.018286      0.009046
        0.404      -0.018330      0.009090
       0.4044      -0.018374      0.009135
       0.4048      -0.018418      0.009178
       0.4052      -0.018462      0.009222
       0.4056      -0.018506      0.009266
        0.406      -0.018549      0.009309
       0.4064      -0.018592      0.009352
       0.4068      -0.018635      0.009395
       0.4072      -0.018678      0.009438
       0.4076      -0.018721      0.009480
        0.408      -0.018764      0.009523
       0.4084      -0.018806      0.009565
       0.4088      -0.018848      0.009607
       0.4092      -0.018890      0.009649
       0.4096      -0.018932      0.009690
         0.41      -0.018973      0.009732
       0.4104      -0.019015      0.009773
       0.4108      -0.019056      0.009814
       0.4112      -0.019097      0.009855
       0.4116      -0.019137      0.009895
        0.412      -0.019178      0.009936
       0.4124      -0.019218      0.009976
       0.4128      -0.019258      0.010016
       0.4132      -0.019298      0.010055
       0.4136      -0.019337      0.010095
        0.414      -0.019377      0.010134
       0.4144      -0.019416      0.010173
       0.4148      -0.019454      0.010211
       0.4152      -0.019493      0.010250
       0.4156      -0.019531      0.010288
        0.416      -0.019569      0.010326
       0.4164      -0.019607      0.010363
       0.4168      -0.019644      0.010401
       0.4172      -0.019681      0.010438
       0.4176      -0.019718      0.010474
        0.418      -0.019755      0.010511
       0.4184      -0.019791      0.010547
       0.4188      -0.019828      0.010583
       0.4192      -0.019863      0.010619
       0.4196      -0.019899      0.010654
         0.42      -0.019934      0.010689
       0.4204      -0.019969      0.010724
       0.4208      -0.020004      0.010759
       0.4212      -0.020038      0.010793
       0.4216      -0.020072      0.010827
        0.422      -0.020106      0.010860
       0.4224      -0.020139      0.010894
       0.4228      -0.020172      0.010926
       0.4232      -0.020205      0.010959
       0.4236      -0.020237      0.010991
        0.424      -0.020269      0.011023
       0.4244      -0.020301      0.011055
       0.4248      -0.020333      0.011086
       0.4252      -0.020364      0.011117
       0.4256      -0.020394      0.011148
        0.426      -0.020425      0.011178
       0.4264      -0.020455      0.011208
       0.4268      -0.020485      0.011238
       0.4272      -0.020514      0.011267
       0.4276      -0.020543      0.011296
        0.428      -0.020571      0.011324
       0.4284      -0.020600      0.011352
       0.4288      -0.020628      0.011380
       0.4292      -0.020655      0.011408
       0.4296      -0.020682      0.011435
         0.43      -0.020709      0.011461
       0.4304      -0.020735      0.011488
       0.4308      -0.020761      0.011513
       0.4312      -0.020787      0.011539
       0.4316      -0.020812      0.011564
        0.432      -0.020837      0.011589
       0.4324      -0.020861      0.011613
       0.4328      -0.020885      0.011637
       0.4332      -0.020909      0.011660
       0.4336      -0.020932      0.011683
        0.434      -0.020955      0.011706
       0.4344      -0.020977      0.011728
       0.4348      -0.020999      0.011750
       0.4352      -0.021020      0.011771
       0.4356      -0.021041      0.011792
        0.436      -0.021062      0.011813
       0.4364      -0.021082      0.011833
       0.4368      -0.021102      0.011852
       0.4372      -0.021121      0.011872
       0.4376      -0.021140      0.011890
        0.438      -0.021158      0.011909
       0.4384      -0.021176      0.011927
       0.4388      -0.021194      0.011944
       0.4392      -0.021211      0.011961
       0.4396      -0.021227      0.011977
         0.44      -0.021243      0.011993
       0.4404      -0.021259      0.012009
       0.4408      -0.021274      0.012024
       0.4412      -0.021289      0.012039
       0.4416      -0.021303      0.012053
        0.442      -0.021317      0.012066
       0.4424      -0.021330      0.012079
       0.4428      -0.021343      0.012092
       0.4432      -0.021355      0.012104
       0.4436      -0.021366      0.012116
        0.444      -0.021378      0.012127
       0.4444      -0.021388      0.012138
       0.4448      -0.021399      0.012148
       0.4452      -0.021408      0.012157
       0.4456      -0.021418      0.012166
        0.446      -0.021426      0.012175
       0.4464      -0.021434      0.012183
       0.4468      -0.021442      0.012191
       0.4472      -0.021449      0.012198
       0.4476      -0.021456      0.012204
        0.448      -0.021462      0.012210
       0.4484      -0.021467      0.012216
       0.4488      -0.021472      0.012221
       0.4492      -0.021477      0.012225
       0.4496      -0.021480      0.012229
         0.45      -0.021484      0.012232
       0.4504      -0.021487      0.012235
       0.4508      -0.021489      0.012237
       0.4512      -0.021490      0.012239
       0.4516      -0.021492      0.012240
        0.452      -0.021492      0.012240
       0.4524      -0.021492      0.012240
       0.4528      -0.021492      0.012240
       0.4532      -0.021490      0.012238
       0.4536      -0.021489      0.012237
        0.454      -0.021486      0.012234
       0.4544      -0.021483      0.012231
       0.4548      -0.021480      0.012228
       0.4552      -0.021476      0.012224
       0.4556      -0.021471      0.012219
        0.456      -0.021466      0.012214
       0.4564      -0.021460      0.012208
       0.4568      -0.021454      0.012202
       0.4572      -0.021447      0.012194
       0.4576      -0.021439      0.012187
        0.458      -0.021431      0.012179
       0.4584      -0.021422      0.012170
       0.4588      -0.021413      0.012160
       0.4592      -0.021403      0.012150
       0.4596      -0.021392      0.012140
         0.46      -0.021381      0.012128
       0.4604      -0.021369      0.012116
       0.4608      -0.021356      0.012104
       0.4612      -0.021343      0.012091
       0.4616      -0.021329      0.012077
        0.462      -0.021315      0.012062
       0.4624      -0.021300      0.012047
       0.4628      -0.021284      0.012032
       0.4632      -0.021268      0.012015
       0.4636      -0.021251      0.011998
        0.464      -0.021233      0.011981
       0.4644      -0.021215      0.011963
       0.4648      -0.021196      0.011944
       0.4652      -0.021177      0.011924
       0.4656      -0.021157      0.011904
        0.466      -0.021136      0.011883
       0.4664      -0.021114      0.011862
       0.4668      -0.021092      0.011840
       0.4672      -0.021069      0.011817
       0.4676      -0.021046      0.011794
        0.468      -0.021022      0.011769
       0.4684      -0.020997      0.011745
       0.4688      -0.020972      0.011719
       0.4692      -0.020946      0.011693
       0.4696      -0.020919      0.011667
         0.47      -0.020891      0.011639
       0.4704      -0.020863      0.011611
       0.4708      -0.020834      0.011582
       0.4712      -0.020805      0.011553
       0.4716      -0.020775      0.011523
        0.472      -0.020744      0.011492
       0.4724      -0.020712      0.011460
       0.4728      -0.020680      0.011428
       0.4732      -0.020647      0.011396
       0.4736      -0.020614      0.011362
        0.474      -0.020580      0.011328
       0.4744      -0.020545      0.011293
       0.4748      -0.020509      0.011257
       0.4752      -0.020473      0.011221
       0.4756      -0.020436      0.011184
        0.476      -0.020398      0.011147
       0.4764      -0.020360      0.011108
       0.4768      -0.020321      0.011069
       0.4772      -0.020281      0.011029
       0.4776      -0.020240      0.010989
        0.478      -0.020199      0.010948
       0.4784      -0.020157      0.010906
       0.4788      -0.020115      0.010864
       0.4792      -0.020071      0.010820
       0.4796      -0.020027      0.010776
         0.48      -0.019983      0.010732
       0.4804      -0.019937      0.010686
       0.4808      -0.019891      0.010640
       0.4812      -0.019844      0.010594
       0.4816      -0.019797      0.010546
        0.482      -0.019748      0.010498
       0.4824      -0.019699      0.010449
       0.4828      -0.019650      0.010400
       0.4832      -0.019599      0.010349
       0.4836      -0.019548      0.010298
        0.484      -0.019496      0.010247
       0.4844      -0.019444      0.010194
       0.4848      -0.019391      0.010141
       0.4852      -0.019337      0.010087
       0.4856      -0.019282      0.010033
        0.486      -0.019227      0.009977
       0.4864      -0.019170      0.009921
       0.4868      -0.019114      0.009865
       0.4872      -0.019056      0.009807
       0.4876      -0.018998      0.009749
        0.488      -0.018939      0.009690
       0.4884      -0.018879      0.009631
       0.4888      -0.018819      0.009570
       0.4892      -0.018758      0.009509
       0.4896      -0.018696      0.009448
         0.49      -0.018633      0.009385
       0.4904      -0.018570      0.009322
       0.4908      -0.018506      0.009258
       0.4912      -0.018441      0.009194
       0.4916      -0.018376      0.009128
        0.492      -0.018309      0.009062
       0.4924      -0.018242      0.008995
       0.4928      -0.018175      0.008928
       0.4932      -0.018107      0.008860
       0.4936      -0.018037      0.008791
        0.494      -0.017968      0.008721
       0.4944      -0.017897      0.008651
       0.4948      -0.017826      0.008580
       0.4952      -0.017754      0.008508
       0.4956      -0.017681      0.008436
        0.496      -0.017608      0.008363
       0.4964      -0.017534      0.008289
       0.4968      -0.017459      0.008214
       0.4972      -0.017384      0.008139
       0.4976      -0.017307      0.008063
        0.498      -0.017231      0.007986
       0.4984      -0.017153      0.007909
       0.4988      -0.017075      0.007830
       0.4992      -0.016995      0.007752
       0.4996      -0.016916      0.007672
          0.5      -0.016835      0.007592
       0.5004      -0.016754      0.007511
       0.5008      -0.016672      0.007429
       0.5012      -0.016590      0.007347
       0.5016      -0.016506      0.007264
        0.502      -0.016422      0.007180
       0.5024      -0.016337      0.007095
       0.5028      -0.016252      0.007010
       0.5032      -0.016166      0.006924
       0.5036      -0.016079      0.006838
        0.504      -0.015992      0.006750
       0.5044      -0.015903      0.006662
       0.5048      -0.015814      0.006574
       0.5052      -0.015725      0.006484
       0.5056      -0.015635      0.006394
        0.506      -0.015544      0.006303
       0.5064      -0.015452      0.006212
       0.5068      -0.015360      0.006120
       0.5072      -0.015266      0.006027
       0.5076      -0.015173      0.005934
        0.508      -0.015078      0.005839
       0.5084      -0.014983      0.005745
       0.5088      -0.014887      0.005649
       0.5092      -0.014791      0.005553
       0.5096      -0.014694      0.005456
         0.51      -0.014596      0.005358
       0.5104      -0.014498      0.005260
       0.5108      -0.014398      0.005161
       0.5112      -0.014299      0.005062
       0.5116      -0.014198      0.004962
        0.512      -0.014097      0.004861
       0.5124      -0.013995      0.004759
       0.5128      -0.013893      0.004657
       0.5132      -0.013789      0.004554
       0.5136      -0.013686      0.004451
        0.514      -0.013581      0.004346
       0.5144      -0.013476      0.004242
       0.5148      -0.013370      0.004136
       0.5152      -0.013264      0.004030
       0.5156      -0.013157      0.003923
        0.516      -0.013049      0.003816
       0.5164      -0.012941      0.003708
       0.5168      -0.012832      0.003599
       0.5172      -0.012722      0.003490
       0.5176      -0.012612      0.003380
        0.518      -0.012501      0.003270
       0.5184      -0.012390      0.003158
       0.5188      -0.012278      0.003047
       0.5192      -0.012165      0.002934
       0.5196      -0.012051      0.002821
         0.52      -0.011937      0.002708
       0.5204      -0.011823      0.002593
       0.5208      -0.011708      0.002478
       0.5212      -0.011592      0.002363
       0.5216      -0.011475      0.002247
        0.522      -0.011358      0.002130
       0.5224      -0.011241      0.002013
       0.5228      -0.011123      0.001895
       0.5232      -0.011004      0.001777
       0.5236      -0.010884      0.001658
        0.524      -0.010764      0.001538
       0.5244      -0.010644      0.001418
       0.5248      -0.010523      0.001297
       0.5252      -0.010401      0.001176
       0.5256      -0.010279      0.001054
        0.526      -0.010156      0.000931
       0.5264      -0.010032      0.000808
       0.5268      -0.009908      0.000685
       0.5272      -0.009784      0.000560
       0.5276      -0.009659      0.000436
        0.528      -0.009533      0.000310
       0.5284      -0.009407      0.000184
       0.5288      -0.009280      0.000058
       0.5292      -0.009153      -0.000069
       0.5296      -0.009025      -0.000196
         0.53      -0.008896      -0.000324
       0.5304      -0.008767      -0.000453
       0.5308      -0.008638      -0.000582
       0.5312      -0.008508      -0.000711
       0.5316      -0.008377      -0.000842
        0.532      -0.008246      -0.000972
       0.5324      -0.008115      -0.001103
       0.5328      -0.007983      -0.001235
       0.5332      -0.007850      -0.001367
       0.5336      -0.007717      -0.001500
        0.534      -0.007584      -0.001633
       0.5344      -0.007450      -0.001766
       0.5348      -0.007315      -0.001901
       0.5352      -0.007180      -0.002035
       0.5356      -0.007045      -0.002170
        0.536      -0.006909      -0.002306
       0.5364      -0.006772      -0.002442
       0.5368      -0.006635      -0.002578
       0.5372      -0.006498      -0.002715
       0.5376      -0.006360      -0.002853
        0.538      -0.006222      -0.002991
       0.5384      -0.006083      -0.003129
       0.5388      -0.005944      -0.003268
       0.5392      -0.005804      -0.003407
       0.5396      -0.005664      -0.003547
         0.54      -0.005523      -0.003687
       0.5404      -0.005382      -0.003827
       0.5408      -0.005241      -0.003968
       0.5412      -0.005099      -0.004109
       0.5416      -0.004957      -0.004251
        0.542      -0.004814      -0.004393
       0.5424      -0.004671      -0.004536
       0.5428      -0.004528      -0.004679
       0.5432      -0.004384      -0.004822
       0.5436      -0.004239      -0.004966
        0.544      -0.004095      -0.005110
       0.5444      -0.003950      -0.005255
       0.5448      -0.003804      -0.005400
       0.5452      -0.003658      -0.005545
       0.5456      -0.003512      -0.005691
        0.546      -0.003366      -0.005837
       0.5464      -0.003219      -0.005983
       0.5468      -0.003072      -0.006130
       0.5472      -0.002924      -0.006277
       0.5476      -0.002776      -0.006425
        0.548      -0.002628      -0.006573
       0.5484      -0.002479      -0.006721
       0.5488      -0.002330      -0.006869
       0.5492      -0.002181      -0.007018
       0.5496      -0.002031      -0.007167
         0.55      -0.001881      -0.007317
       0.5504      -0.001731      -0.007466
       0.5508      -0.001580      -0.007617
       0.5512      -0.001429      -0.007767
       0.5516      -0.001278      -0.007918
        0.552      -0.001127      -0.008069
       0.5524      -0.000975      -0.008220
       0.5528      -0.000823      -0.008371
       0.5532      -0.000670      -0.008523
       0.5536      -0.000518      -0.008675
        0.554      -0.000365      -0.008828
       0.5544      -0.000212      -0.008980
       0.5548      -0.000058      -0.009133
       0.5552      0.000095      -0.009286
       0.5556      0.000249      -0.009440
        0.556      0.000403      -0.009593
       0.5564      0.000558      -0.009747
       0.5568      0.000712      -0.009901
       0.5572      0.000867      -0.010055
       0.5576      0.001022      -0.010210
        0.558      0.001177      -0.010365
       0.5584      0.001333      -0.010520
       0.5588      0.001489      -0.010675
       0.5592      0.001645      -0.010830
       0.5596      0.001801      -0.010986
         0.56      0.001957      -0.011141
       0.5604      0.002113      -0.011297
       0.5608      0.002270      -0.011453
       0.5612      0.002427      -0.011610
       0.5616      0.002584      -0.011766
        0.562      0.002741      -0.011923
       0.5624      0.002898      -0.012079
       0.5628      0.003056      -0.012236
       0.5632      0.003213      -0.012393
       0.5636      0.003371      -0.012551
        0.564      0.003529      -0.012708
       0.5644      0.003687      -0.012865
       0.5648      0.003845      -0.013023
       0.5652      0.004003      -0.013181
       0.5656      0.004162      -0.013338
        0.566      0.004320      -0.013496
       0.5664      0.004479      -0.013654
       0.5668      0.004637      -0.013812
       0.5672      0.004796      -0.013971
       0.5676      0.004955      -0.014129
        0.568      0.005114      -0.014287
       0.5684      0.005273      -0.014446
       0.5688      0.005432      -0.014604
       0.5692      0.005591      -0.014763
       0.5696      0.005750      -0.014921
         0.57      0.005909      -0.015080
       0.5704      0.006068      -0.015239
       0.5708      0.006228      -0.015397
       0.5712      0.006387      -0.015556
       0.5716      0.006546      -0.015715
        0.572      0.006706      -0.015874
       0.5724      0.006865      -0.016032
       0.5728      0.007025      -0.016191
       0.5732      0.007184      -0.016350
       0.5736      0.007343      -0.016509
        0.574      0.007503      -0.016668
       0.5744      0.007662      -0.016827
       0.5748      0.007822      -0.016985
       0.5752      0.007981      -0.017144
       0.5756      0.008140      -0.017303
        0.576      0.008300      -0.017462
       0.5764      0.008459      -0.017620
       0.5768      0.008618      -0.017779
       0.5772      0.008777      -0.017937
       0.5776      0.008936      -0.018096
        0.578      0.009095      -0.018254
       0.5784      0.009254      -0.018413
       0.5788      0.009413      -0.018571
       0.5792      0.009572      -0.018729
       0.5796      0.009731      -0.018887
         0.58      0.009889      -0.019045
       0.5804      0.010048      -0.019203
       0.5808      0.010206      -0.019361
       0.5812      0.010364      -0.019519
       0.5816      0.010522      -0.019676
        0.582      0.010681      -0.019834
       0.5824      0.010838      -0.019991
       0.5828      0.010996      -0.020149
       0.5832      0.011154      -0.020306
       0.5836      0.011311      -0.020463
        0.584      0.011469      -0.020619
       0.5844      0.011626      -0.020776
       0.5848      0.011783      -0.020932
       0.5852      0.011940      -0.021089
       0.5856      0.012097      -0.021245
        0.586      0.012253      -0.021401
       0.5864      0.012409      -0.021556
       0.5868      0.012565      -0.021712
       0.5872      0.012721      -0.021867
       0.5876      0.012877      -0.022023
        0.588      0.013033      -0.022178
       0.5884      0.013188      -0.022332
       0.5888      0.013343      -0.022487
       0.5892      0.013498      -0.022641
       0.5896      0.013653      -0.022795
         0.59      0.013807      -0.022949
       0.5904      0.013961      -0.023103
       0.5908      0.014115      -0.023256
       0.5912      0.014269      -0.023409
       0.5916      0.014422      -0.023562
        0.592      0.014575      -0.023714
       0.5924      0.014728      -0.023867
       0.5928      0.014881      -0.024019
       0.5932      0.015033      -0.024170
       0.5936      0.015185      -0.024322
        0.594      0.015336      -0.024473
       0.5944      0.015488      -0.024624
       0.5948      0.015639      -0.024774
       0.5952      0.015790      -0.024925
       0.5956      0.015940      -0.025075
        0.596      0.016090      -0.025224
       0.5964      0.016240      -0.025373
       0.5968      0.016390      -0.025522
       0.5972      0.016539      -0.025671
       0.5976      0.016688      -0.025819
        0.598      0.016836      -0.025967
       0.5984      0.016984      -0.026115
       0.5988      0.017132      -0.026262
       0.5992      0.017279      -0.026409
       0.5996      0.017426      -0.026555
          0.6      0.017573      -0.026701
       0.6004      0.017719      -0.026847
       0.6008      0.017865      -0.026992
       0.6012      0.018010      -0.027137
       0.6016      0.018156      -0.027282
        0.602      0.018300      -0.027426
       0.6024      0.018444      -0.027570
       0.6028      0.018588      -0.027713
       0.6032      0.018732      -0.027856
       0.6036      0.018875      -0.027998
        0.604      0.019017      -0.028140
       0.6044      0.019159      -0.028282
       0.6048      0.019301      -0.028423
       0.6052      0.019442      -0.028564
       0.6056      0.019583      -0.028704
        0.606      0.019723      -0.028844
       0.6064      0.019863      -0.028983
       0.6068      0.020003      -0.029122
       0.6072      0.020141      -0.029260
       0.6076      0.020280      -0.029398
        0.608      0.020418      -0.029536
       0.6084      0.020555      -0.029673
       0.6088      0.020692      -0.029809
       0.6092      0.020829      -0.029945
       0.6096      0.020965      -0.030081
         0.61      0.021100      -0.030216
       0.6104      0.021235      -0.030350
       0.6108      0.021370      -0.030484
       0.6112      0.021503      -0.030618
       0.6116      0.021637      -0.030750
        0.612      0.021770      -0.030883
       0.6124      0.021902      -0.031015
       0.6128      0.022034      -0.031146
       0.6132      0.022165      -0.031277
       0.6136      0.022296      -0.031407
        0.614      0.022426      -0.031536
       0.6144      0.022555      -0.031666
       0.6148      0.022684      -0.031794
       0.6152      0.022813      -0.031922
       0.6156      0.022940      -0.032049
        0.616      0.023068      -0.032176
       0.6164      0.023194      -0.032302
       0.6168      0.023320      -0.032428
       0.6172      0.023446      -0.032553
       0.6176      0.023571      -0.032677
        0.618      0.023695      -0.032801
       0.6184      0.023819      -0.032924
       0.6188      0.023942      -0.033047
       0.6192      0.024064      -0.033169
       0.6196      0.024186      -0.033290
         0.62      0.024307      -0.033411
       0.6204      0.024428      -0.033531
       0.6208      0.024548      -0.033651
       0.6212      0.024667      -0.033770
       0.6216      0.024785      -0.033888
        0.622      0.024903      -0.034005
       0.6224      0.025021      -0.034122
       0.6228      0.025137      -0.034238
       0.6232      0.025253      -0.034354
       0.6236      0.025369      -0.034469
        0.624      0.025483      -0.034583
       0.6244      0.025597      -0.034697
       0.6248      0.025711      -0.034810
       0.6252      0.025823      -0.034922
       0.6256      0.025935      -0.035034
        0.626      0.026046      -0.035144
       0.6264      0.026157      -0.035255
       0.6268      0.026267      -0.035364
       0.6272      0.026376      -0.035473
       0.6276      0.026484      -0.035581
        0.628      0.026592      -0.035688
       0.6284      0.026699      -0.035795
       0.6288      0.026805      -0.035901
       0.6292      0.026911      -0.036006
       0.6296      0.027016      -0.036110
         0.63      0.027120      -0.036214
       0.6304      0.027223      -0.036317
       0.6308      0.027326      -0.036419
       0.6312      0.027428      -0.036521
       0.6316      0.027529      -0.036622
        0.632      0.027629      -0.036722
       0.6324      0.027729      -0.036821
       0.6328      0.027828      -0.036920
       0.6332      0.027926      -0.037017
       0.6336      0.028023      -0.037114
        0.634      0.028120      -0.037211
       0.6344      0.028216      -0.037306
       0.6348      0.028311      -0.037401
       0.6352      0.028405      -0.037495
       0.6356      0.028498      -0.037588
        0.636      0.028591      -0.037680
       0.6364      0.028683      -0.037772
       0.6368      0.028774      -0.037863
       0.6372      0.028864      -0.037953
       0.6376      0.028954      -0.038042
        0.638      0.029043      -0.038131
       0.6384      0.029131      -0.038218
       0.6388      0.029218      -0.038305
       0.6392      0.029304      -0.038391
       0.6396      0.029390      -0.038476
         0.64      0.029474      -0.038561
       0.6404      0.029558      -0.038644
       0.6408      0.029641      -0.038727
       0.6412      0.029723      -0.038809
       0.6416      0.029805      -0.038890
        0.642      0.029885      -0.038971
       0.6424      0.029965      -0.039050
       0.6428      0.030044      -0.039129
       0.6432      0.030122      -0.039207
       0.6436      0.030199      -0.039283
        0.644      0.030276      -0.039360
       0.6444      0.030351      -0.039435
       0.6448      0.030426      -0.039509
       0.6452      0.030500      -0.039583
       0.6456      0.030573      -0.039656
        0.646      0.030645      -0.039728
       0.6464      0.030716      -0.039799
       0.6468      0.030786      -0.039869
       0.6472      0.030856      -0.039938
       0.6476      0.030924      -0.040007
        0.648      0.030992      -0.040074
       0.6484      0.031059      -0.040141
       0.6488      0.031125      -0.040207
       0.6492      0.031190      -0.040272
       0.6496      0.031255      -0.040336
         0.65      0.031318      -0.040399
       0.6504      0.031381      -0.040461
       0.6508      0.031442      -0.040523
       0.6512      0.031503      -0.040583
       0.6516      0.031563      -0.040643
        0.652      0.031622      -0.040702
       0.6524      0.031680      -0.040760
       0.6528      0.031737      -0.040817
       0.6532      0.031793      -0.040873
       0.6536      0.031849      -0.040928
        0.654      0.031903      -0.040983
       0.6544      0.031957      -0.041036
       0.6548      0.032010      -0.041089
       0.6552      0.032061      -0.041140
       0.6556      0.032112      -0.041191
        0.656      0.032162      -0.041241
       0.6564      0.032211      -0.041290
       0.6568      0.032259      -0.041338
       0.6572      0.032307      -0.041385
       0.6576      0.032353      -0.041431
        0.658      0.032398      -0.041477
       0.6584      0.032443      -0.041521
       0.6588      0.032486      -0.041565
       0.6592      0.032529      -0.041607
       0.6596      0.032571      -0.041649
         0.66      0.032612      -0.041689
       0.6604      0.032652      -0.041729
       0.6608      0.032691      -0.041768
       0.6612      0.032729      -0.041806
       0.6616      0.032766      -0.041843
        0.662      0.032802      -0.041879
       0.6624      0.032837      -0.041915
       0.6628      0.032871      -0.041949
       0.6632      0.032905      -0.041982
       0.6636      0.032937      -0.042015
        0.664      0.032969      -0.042046
       0.6644      0.032999      -0.042077
       0.6648      0.033029      -0.042106
       0.6652      0.033058      -0.042135
       0.6656      0.033086      -0.042163
        0.666      0.033113      -0.042190
       0.6664      0.033138      -0.042215
       0.6668      0.033163      -0.042240
       0.6672      0.033187      -0.042264
       0.6676      0.033211      -0.042288
        0.668      0.033233      -0.042310
       0.6684      0.033254      -0.042331
       0.6688      0.033274      -0.042351
       0.6692      0.033294      -0.042371
       0.6696      0.033312      -0.042389
         0.67      0.033330      -0.042406
       0.6704      0.033346      -0.042423
       0.6708      0.033362      -0.042439
       0.6712      0.033376      -0.042453
       0.6716      0.033390      -0.042467
        0.672      0.033403      -0.042480
       0.6724      0.033415      -0.042492
       0.6728      0.033425      -0.042503
       0.6732      0.033435      -0.042513
       0.6736      0.033444      -0.042522
        0.674      0.033452      -0.042530
       0.6744      0.033459      -0.042537
       0.6748      0.033466      -0.042543
       0.6752      0.033471      -0.042548
       0.6756      0.033475      -0.042553
        0.676      0.033478      -0.042556
       0.6764      0.033481      -0.042558
       0.6768      0.033482      -0.042560
       0.6772      0.033483      -0.042561
       0.6776      0.033482      -0.042560
        0.678      0.033481      -0.042559
       0.6784      0.033479      -0.042557
       0.6788      0.033475      -0.042554
       0.6792      0.033471      -0.042550
       0.6796      0.033466      -0.042545
         0.68      0.033460      -0.042539
       0.6804      0.033453      -0.042532
       0.6808      0.033445      -0.042524
       0.6812      0.033436      -0.042515
       0.6816      0.033427      -0.042505
        0.682      0.033416      -0.042495
       0.6824      0.033404      -0.042483
       0.6828      0.033391      -0.042471
       0.6832      0.033378      -0.042457
       0.6836      0.033363      -0.042443
        0.684      0.033348      -0.042428
       0.6844      0.033332      -0.042412
       0.6848      0.033315      -0.042394
       0.6852      0.033296      -0.042376
       0.6856      0.033277      -0.042357
        0.686      0.033257      -0.042338
       0.6864      0.033236      -0.042317
       0.6868      0.033214      -0.042295
       0.6872      0.033192      -0.042272
       0.6876      0.033168      -0.042249
        0.688      0.033143      -0.042224
       0.6884      0.033118      -0.042199
       0.6888      0.033091      -0.042173
       0.6892      0.033064      -0.042146
       0.6896      0.033036      -0.042117
         0.69      0.033006      -0.042088
       0.6904      0.032976      -0.042059
       0.6908      0.032945      -0.042028
       0.6912      0.032913      -0.041996
       0.6916      0.032880      -0.041963
        0.692      0.032847      -0.041930
       0.6924      0.032812      -0.041895
       0.6928      0.032776      -0.041860
       0.6932      0.032740      -0.041824
       0.6936      0.032703      -0.041787
        0.694      0.032664      -0.041749
       0.6944      0.032625      -0.041710
       0.6948      0.032585      -0.041670
       0.6952      0.032544      -0.041629
       0.6956      0.032503      -0.041588
        0.696      0.032460      -0.041545
       0.6964      0.032416      -0.041502
       0.6968      0.032372      -0.041458
       0.6972      0.032326      -0.041412
       0.6976      0.032280      -0.041366
        0.698      0.032233      -0.041320
       0.6984      0.032185      -0.041272
       0.6988      0.032136      -0.041223
       0.6992      0.032087      -0.041174
       0.6996      0.032036      -0.041124
          0.7      0.031985      -0.041072
       0.7004      0.031932      -0.041020
       0.7008      0.031879      -0.040967
       0.7012      0.031825      -0.040914
       0.7016      0.031770      -0.040859
        0.702      0.031715      -0.040804
       0.7024      0.031658      -0.040747
       0.7028      0.031600      -0.040690
       0.7032      0.031542      -0.040632
       0.7036      0.031483      -0.040573
        0.704      0.031423      -0.040514
       0.7044      0.031362      -0.040453
       0.7048      0.031301      -0.040392
       0.7052      0.031238      -0.040330
       0.7056      0.031175      -0.040266
        0.706      0.031111      -0.040203
       0.7064      0.031046      -0.040138
       0.7068      0.030980      -0.040072
       0.7072      0.030913      -0.040006
       0.7076      0.030846      -0.039939
        0.708      0.030778      -0.039871
       0.7084      0.030709      -0.039802
       0.7088      0.030639      -0.039733
       0.7092      0.030568      -0.039662
       0.7096      0.030497      -0.039591
         0.71      0.030424      -0.039519
       0.7104      0.030351      -0.039447
       0.7108      0.030277      -0.039373
       0.7112      0.030203      -0.039299
       0.7116      0.030127      -0.039224
        0.712      0.030051      -0.039148
       0.7124      0.029974      -0.039071
       0.7128      0.029896      -0.038993
       0.7132      0.029817      -0.038915
       0.7136      0.029738      -0.038836
        0.714      0.029658      -0.038756
       0.7144      0.029577      -0.038676
       0.7148      0.029495      -0.038595
       0.7152      0.029413      -0.038512
       0.7156      0.029330      -0.038430
        0.716      0.029246      -0.038346
       0.7164      0.029161      -0.038262
       0.7168      0.029076      -0.038177
       0.7172      0.028990      -0.038091
       0.7176      0.028903      -0.038004
        0.718      0.028815      -0.037917
       0.7184      0.028727      -0.037829
       0.7188      0.028637      -0.037740
       0.7192      0.028548      -0.037651
       0.7196      0.028457      -0.037560
         0.72      0.028366      -0.037470
       0.7204      0.028274      -0.037378
       0.7208      0.028181      -0.037286
       0.7212      0.028087      -0.037192
       0.7216      0.027993      -0.037099
        0.722      0.027898      -0.037004
       0.7224      0.027803      -0.036909
       0.7228      0.027707      -0.036813
       0.7232      0.027610      -0.036717
       0.7236      0.027512      -0.036619
        0.724      0.027414      -0.036521
       0.7244      0.027315      -0.036423
       0.7248      0.027215      -0.036324
       0.7252      0.027115      -0.036224
       0.7256      0.027014      -0.036123
        0.726      0.026912      -0.036022
       0.7264      0.026810      -0.035920
       0.7268      0.026707      -0.035817
       0.7272      0.026603      -0.035714
       0.7276      0.026499      -0.035610
        0.728      0.026394      -0.035505
       0.7284      0.026288      -0.035400
       0.7288      0.026182      -0.035294
       0.7292      0.026075      -0.035188
       0.7296      0.025967      -0.035081
         0.73      0.025859      -0.034973
       0.7304      0.025750      -0.034865
       0.7308      0.025641      -0.034756
       0.7312      0.025531      -0.034646
       0.7316      0.025420      -0.034536
        0.732      0.025309      -0.034425
       0.7324      0.025197      -0.034314
       0.7328      0.025085      -0.034202
       0.7332      0.024972      -0.034089
       0.7336      0.024858      -0.033976
        0.734      0.024744      -0.033862
       0.7344      0.024629      -0.033748
       0.7348      0.024514      -0.033633
       0.7352      0.024398      -0.033517
       0.7356      0.024281      -0.033401
        0.736      0.024164      -0.033284
       0.7364      0.024047      -0.033167
       0.7368      0.023928      -0.033049
       0.7372      0.023810      -0.032931
       0.7376      0.023690      -0.032812
        0.738      0.023570      -0.032693
       0.7384      0.023450      -0.032573
       0.7388      0.023329      -0.032452
       0.7392      0.023208      -0.032331
       0.7396      0.023086      -0.032210
         0.74      0.022963      -0.032087
       0.7404      0.022840      -0.031965
       0.7408      0.022716      -0.031842
       0.7412      0.022592      -0.031718
       0.7416      0.022468      -0.031594
        0.742      0.022343      -0.031469
       0.7424      0.022217      -0.031344
       0.7428      0.022091      -0.031218
       0.7432      0.021964      -0.031092
       0.7436      0.021837      -0.030965
        0.744      0.021710      -0.030838
       0.7444      0.021581      -0.030711
       0.7448      0.021453      -0.030583
       0.7452      0.021324      -0.030454
       0.7456      0.021194      -0.030325
        0.746      0.021065      -0.030196
       0.7464      0.020934      -0.030066
       0.7468      0.020803      -0.029935
       0.7472      0.020672      -0.029804
       0.7476      0.020540      -0.029673
        0.748      0.020408      -0.029541
       0.7484      0.020275      -0.029409
       0.7488      0.020142      -0.029277
       0.7492      0.020009      -0.029144
       0.7496      0.019875      -0.029010
         0.75      0.019741      -0.028876
       0.7504      0.019606      -0.028742
       0.7508      0.019471      -0.028607
       0.7512      0.019335      -0.028472
       0.7516      0.019199      -0.028337
        0.752      0.019063      -0.028201
       0.7524      0.018926      -0.028065
       0.7528      0.018789      -0.027928
       0.7532      0.018652      -0.027791
       0.7536      0.018514      -0.027653
        0.754      0.018376      -0.027516
       0.7544      0.018237      -0.027377
       0.7548      0.018098      -0.027239
       0.7552      0.017959      -0.027100
       0.7556      0.017819      -0.026961
        0.756      0.017679      -0.026821
       0.7564      0.017538      -0.026681
       0.7568      0.017398      -0.026541
       0.7572      0.017257      -0.026400
       0.7576      0.017115      -0.026259
        0.758      0.016973      -0.026118
       0.7584      0.016831      -0.025976
       0.7588      0.016689      -0.025834
       0.7592      0.016546      -0.025692
       0.7596      0.016403      -0.025550
         0.76      0.016260      -0.025407
       0.7604      0.016116      -0.025263
       0.7608      0.015972      -0.025120
       0.7612      0.015828      -0.024976
       0.7616      0.015683      -0.024832
        0.762      0.015539      -0.024688
       0.7624      0.015393      -0.024543
       0.7628      0.015248      -0.024398
       0.7632      0.015102      -0.024253
       0.7636      0.014956      -0.024107
        0.764      0.014810      -0.023962
       0.7644      0.014664      -0.023816
       0.7648      0.014517      -0.023670
       0.7652      0.014370      -0.023523
       0.7656      0.014223      -0.023376
        0.766      0.014076      -0.023229
       0.7664      0.013928      -0.023082
       0.7668      0.013780      -0.022935
       0.7672      0.013632      -0.022787
       0.7676      0.013483      -0.022639
        0.768      0.013335      -0.022491
       0.7684      0.013186      -0.022342
       0.7688      0.013037      -0.022194
       0.7692      0.012888      -0.022045
       0.7696      0.012738      -0.021896
         0.77      0.012589      -0.021747
       0.7704      0.012439      -0.021598
       0.7708      0.012289      -0.021448
       0.7712      0.012139      -0.021298
       0.7716      0.011988      -0.021148
        0.772      0.011838      -0.020998
       0.7724      0.011687      -0.020848
       0.7728      0.011536      -0.020697
       0.7732      0.011385      -0.020547
       0.7736      0.011234      -0.020396
        0.774      0.011082      -0.020245
       0.7744      0.010931      -0.020094
       0.7748      0.010779      -0.019943
       0.7752      0.010627      -0.019791
       0.7756      0.010475      -0.019640
        0.776      0.010323      -0.019488
       0.7764      0.010171      -0.019336
       0.7768      0.010019      -0.019184
       0.7772      0.009866      -0.019032
       0.7776      0.009713      -0.018880
        0.778      0.009561      -0.018728
       0.7784      0.009408      -0.018576
       0.7788      0.009255      -0.018423
       0.7792      0.009102      -0.018270
       0.7796      0.008949      -0.018118
         0.78      0.008795      -0.017965
       0.7804      0.008642      -0.017812
       0.7808      0.008489      -0.017659
       0.7812      0.008335      -0.017506
       0.7816      0.008182      -0.017353
        0.782      0.008028      -0.017200
       0.7824      0.007874      -0.017046
       0.7828      0.007720      -0.016893
       0.7832      0.007567      -0.016740
       0.7836      0.007413      -0.016586
        0.784      0.007259      -0.016433
       0.7844      0.007105      -0.016279
       0.7848      0.006951      -0.016125
       0.7852      0.006797      -0.015972
       0.7856      0.006642      -0.015818
        0.786      0.006488      -0.015664
       0.7864      0.006334      -0.015510
       0.7868      0.006180      -0.015357
       0.7872      0.006026      -0.015203
       0.7876      0.005871      -0.015049
        0.788      0.005717      -0.014895
       0.7884      0.005563      -0.014741
       0.7888      0.005408      -0.014587
       0.7892      0.005254      -0.014434
       0.7896      0.005100      -0.014280
         0.79      0.004945      -0.014126
       0.7904      0.004791      -0.013972
       0.7908      0.004637      -0.013818
       0.7912      0.004483      -0.013664
       0.7916      0.004328      -0.013510
        0.792      0.004174      -0.013357
       0.7924      0.004020      -0.013203
       0.7928      0.003866      -0.013049
       0.7932      0.003712      -0.012895
       0.7936      0.003557      -0.012742
        0.794      0.003403      -0.012588
       0.7944      0.003249      -0.012434
       0.7948      0.003095      -0.012281
       0.7952      0.002942      -0.012127
       0.7956      0.002788      -0.011974
        0.796      0.002634      -0.011820
       0.7964      0.002480      -0.011667
       0.7968      0.002326      -0.011514
       0.7972      0.002173      -0.011361
       0.7976      0.002019      -0.011207
        0.798      0.001866      -0.011054
       0.7984      0.001712      -0.010901
       0.7988      0.001559      -0.010749
       0.7992      0.001406      -0.010596
       0.7996      0.001253      -0.010443
          0.8      0.001100      -0.010290
       0.8004      0.000947      -0.010138
       0.8008      0.000794      -0.009985
       0.8012      0.000641      -0.009833
       0.8016      0.000489      -0.009681
        0.802      0.000336      -0.009529
       0.8024      0.000184      -0.009377
       0.8028      0.000031      -0.009225
       0.8032      -0.000121      -0.009073
       0.8036      -0.000273      -0.008921
        0.804      -0.000425      -0.008770
       0.8044      -0.000577      -0.008619
       0.8048      -0.000728      -0.008467
       0.8052      -0.000880      -0.008316
       0.8056      -0.001031      -0.008165
        0.806      -0.001182      -0.008014
       0.8064      -0.001333      -0.007864
       0.8068      -0.001484      -0.007713
       0.8072      -0.001635      -0.007563
       0.8076      -0.001786      -0.007412
        0.808      -0.001936      -0.007262
       0.8084      -0.002087      -0.007112
       0.8088      -0.002237      -0.006963
       0.8092      -0.002387      -0.006813
       0.8096      -0.002537      -0.006664
         0.81      -0.002686      -0.006514
       0.8104      -0.002836      -0.006365
       0.8108      -0.002985      -0.006216
       0.8112      -0.003134      -0.006067
       0.8116      -0.003283      -0.005919
        0.812      -0.003432      -0.005770
       0.8124      -0.003581      -0.005622
       0.8128      -0.003729      -0.005474
       0.8132      -0.003877      -0.005326
       0.8136      -0.004025      -0.005179
        0.814      -0.004173      -0.005031
       0.8144      -0.004321      -0.004884
       0.8148      -0.004468      -0.004737
       0.8152      -0.004615      -0.004590
       0.8156      -0.004762      -0.004444
        0.816      -0.004909      -0.004297
       0.8164      -0.005055      -0.004151
       0.8168      -0.005202      -0.004005
       0.8172      -0.005348      -0.003860
       0.8176      -0.005494      -0.003714
        0.818      -0.005639      -0.003569
       0.8184      -0.005785      -0.003424
       0.8188      -0.005930      -0.003279
       0.8192      -0.006075      -0.003134
       0.8196      -0.006220      -0.002990
         0.82      -0.006364      -0.002846
       0.8204      -0.006508      -0.002702
       0.8208      -0.006652      -0.002558
       0.8212      -0.006796      -0.002415
       0.8216      -0.006940      -0.002272
        0.822      -0.007083      -0.002129
       0.8224      -0.007226      -0.001986
       0.8228      -0.007369      -0.001844
       0.8232      -0.007511      -0.001701
       0.8236      -0.007654      -0.001560
        0.824      -0.007796      -0.001418
       0.8244      -0.007937      -0.001277
       0.8248      -0.008079      -0.001135
       0.8252      -0.008220      -0.000995
       0.8256      -0.008361      -0.000854
        0.826      -0.008502      -0.000714
       0.8264      -0.008642      -0.000574
       0.8268      -0.008782      -0.000434
       0.8272      -0.008922      -0.000294
       0.8276      -0.009061      -0.000155
        0.828      -0.009201      -0.000016
       0.8284      -0.009340      0.000122
       0.8288      -0.009478      0.000261
       0.8292      -0.009617      0.000399
       0.8296      -0.009755      0.000536
         0.83      -0.009893      0.000674
       0.8304      -0.010030      0.000811
       0.8308      -0.010168      0.000948
       0.8312      -0.010304      0.001085
       0.8316      -0.010441      0.001221
        0.832      -0.010577      0.001357
       0.8324      -0.010713      0.001493
       0.8328      -0.010849      0.001628
       0.8332      -0.010985      0.001763
       0.8336      -0.011120      0.001898
        0.834      -0.011255      0.002032
       0.8344      -0.011389      0.002167
       0.8348      -0.011523      0.002300
       0.8352      -0.011657      0.002434
       0.8356      -0.011791      0.002567
        0.836      -0.011924      0.002700
       0.8364      -0.012057      0.002833
       0.8368      -0.012189      0.002965
       0.8372      -0.012322      0.003097
       0.8376      -0.012454      0.003229
        0.838      -0.012585      0.003360
       0.8384      -0.012717      0.003491
       0.8388      -0.012848      0.003621
       0.8392      -0.012978      0.003752
       0.8396      -0.013109      0.003882
         0.84      -0.013239      0.004011
       0.8404      -0.013368      0.004141
       0.8408      -0.013498      0.004270
       0.8412      -0.013626      0.004398
       0.8416      -0.013755      0.004527
        0.842      -0.013883      0.004655
       0.8424      -0.014011      0.004782
       0.8428      -0.014139      0.004910
       0.8432      -0.014266      0.005037
       0.8436      -0.014393      0.005163
        0.844      -0.014520      0.005289
       0.8444      -0.014646      0.005415
       0.8448      -0.014772      0.005541
       0.8452      -0.014897      0.005666
       0.8456      -0.015023      0.005791
        0.846      -0.015147      0.005916
       0.8464      -0.015272      0.006040
       0.8468      -0.015396      0.006164
       0.8472      -0.015520      0.006287
       0.8476      -0.015643      0.006410
        0.848      -0.015766      0.006533
       0.8484      -0.015889      0.006655
       0.8488      -0.016011      0.006777
       0.8492      -0.016133      0.006899
       0.8496      -0.016255      0.007020
         0.85      -0.016376      0.007141
       0.8504      -0.016497      0.007262
       0.8508      -0.016618      0.007382
       0.8512      -0.016738      0.007502
       0.8516      -0.016857      0.007621
        0.852      -0.016977      0.007741
       0.8524      -0.017096      0.007859
       0.8528      -0.017215      0.007978
       0.8532      -0.017333      0.008096
       0.8536      -0.017451      0.008213
        0.854      -0.017569      0.008331
       0.8544      -0.017686      0.008448
       0.8548      -0.017803      0.008564
       0.8552      -0.017919      0.008680
       0.8556      -0.018035      0.008796
        0.856      -0.018151      0.008912
       0.8564      -0.018266      0.009027
       0.8568      -0.018381      0.009141
       0.8572      -0.018496      0.009256
       0.8576      -0.018610      0.009369
        0.858      -0.018724      0.009483
       0.8584      -0.018837      0.009596
       0.8588      -0.018950      0.009709
       0.8592      -0.019063      0.009821
       0.8596      -0.019175      0.009933
         0.86      -0.019287      0.010045
       0.8604      -0.019399      0.010156
       0.8608      -0.019510      0.010267
       0.8612      -0.019621      0.010378
       0.8616      -0.019731      0.010488
        0.862      -0.019841      0.010598
       0.8624      -0.019951      0.010707
       0.8628      -0.020060      0.010816
       0.8632      -0.020169      0.010925
       0.8636      -0.020278      0.011033
        0.864      -0.020386      0.011141
       0.8644      -0.020493      0.011248
       0.8648      -0.020601      0.011355
       0.8652      -0.020708      0.011462
       0.8656      -0.020814      0.011568
        0.866      -0.020920      0.011674
       0.8664      -0.021026      0.011780
       0.8668      -0.021132      0.011885
       0.8672      -0.021237      0.011989
       0.8676      -0.021341      0.012094
        0.868      -0.021445      0.012198
       0.8684      -0.021549      0.012301
       0.8688      -0.021653      0.012405
       0.8692      -0.021756      0.012507
       0.8696      -0.021858      0.012610
         0.87      -0.021961      0.012712
       0.8704      -0.022063      0.012813
       0.8708      -0.022164      0.012915
       0.8712      -0.022265      0.013016
       0.8716      -0.022366      0.013116
        0.872      -0.022466      0.013216
       0.8724      -0.022566      0.013316
       0.8728      -0.022666      0.013415
       0.8732      -0.022765      0.013514
       0.8736      -0.022864      0.013612
        0.874      -0.022962      0.013711
       0.8744      -0.023060      0.013808
       0.8748      -0.023158      0.013906
       0.8752      -0.023255      0.014003
       0.8756      -0.023352      0.014099
        0.876      -0.023448      0.014195
       0.8764      -0.023544      0.014291
       0.8768      -0.023640      0.014387
       0.8772      -0.023735      0.014482
       0.8776      -0.023830      0.014576
        0.878      -0.023925      0.014670
       0.8784      -0.024019      0.014764
       0.8788      -0.024112      0.014858
       0.8792      -0.024206      0.014951
       0.8796      -0.024299      0.015044
         0.88      -0.024391      0.015136
       0.8804      -0.024483      0.015228
       0.8808      -0.024575      0.015319
       0.8812      -0.024666      0.015410
       0.8816      -0.024757      0.015501
        0.882      -0.024848      0.015591
       0.8824      -0.024938      0.015681
       0.8828      -0.025028      0.015771
       0.8832      -0.025117      0.015860
       0.8836      -0.025206      0.015949
        0.884      -0.025295      0.016037
       0.8844      -0.025383      0.016125
       0.8848      -0.025471      0.016213
       0.8852      -0.025558      0.016300
       0.8856      -0.025646      0.016387
        0.886      -0.025732      0.016473
       0.8864      -0.025818      0.016559
       0.8868      -0.025904      0.016645
       0.8872      -0.025990      0.016730
       0.8876      -0.026075      0.016815
        0.888      -0.026160      0.016900
       0.8884      -0.026244      0.016984
       0.8888      -0.026328      0.017068
       0.8892      -0.026412      0.017151
       0.8896      -0.026495      0.017234
         0.89      -0.026578      0.017317
       0.8904      -0.026660      0.017399
       0.8908      -0.026742      0.017481
       0.8912      -0.026824      0.017562
       0.8916      -0.026905      0.017643
        0.892      -0.026986      0.017724
       0.8924      -0.027066      0.017804
       0.8928      -0.027147      0.017884
       0.8932      -0.027226      0.017963
       0.8936      -0.027306      0.018042
        0.894      -0.027385      0.018121
       0.8944      -0.027463      0.018200
       0.8948      -0.027541      0.018278
       0.8952      -0.027619      0.018355
       0.8956      -0.027697      0.018432
        0.896      -0.027774      0.018509
       0.8964      -0.027850      0.018586
       0.8968      -0.027927      0.018662
       0.8972      -0.028003      0.018738
       0.8976      -0.028078      0.018813
        0.898      -0.028153      0.018888
       0.8984      -0.028228      0.018962
       0.8988      -0.028302      0.019037
       0.8992      -0.028376      0.019110
       0.8996      -0.028450      0.019184
          0.9      -0.028523      0.019257
       0.9004      -0.028596      0.019330
       0.9008      -0.028669      0.019402
       0.9012      -0.028741      0.019474
       0.9016      -0.028813      0.019545
        0.902      -0.028884      0.019616
       0.9024      -0.028955      0.019687
       0.9028      -0.029026      0.019758
       0.9032      -0.029096      0.019828
       0.9036      -0.029166      0.019897
        0.904      -0.029235      0.019967
       0.9044      -0.029304      0.020036
       0.9048      -0.029373      0.020104
       0.9052      -0.029441      0.020172
       0.9056      -0.029510      0.020240
        0.906      -0.029577      0.020308
       0.9064      -0.029644      0.020375
       0.9068      -0.029711      0.020442
       0.9072      -0.029778      0.020508
       0.9076      -0.029844      0.020574
        0.908      -0.029910      0.020639
       0.9084      -0.029975      0.020705
       0.9088      -0.030040      0.020770
       0.9092      -0.030105      0.020834
       0.9096      -0.030169      0.020898
         0.91      -0.030233      0.020962
       0.9104      -0.030297      0.021025
       0.9108      -0.030360      0.021088
       0.9112      -0.030423      0.021151
       0.9116      -0.030485      0.021213
        0.912      -0.030547      0.021275
       0.9124      -0.030609      0.021337
       0.9128      -0.030670      0.021398
       0.9132      -0.030732      0.021459
       0.9136      -0.030792      0.021519
        0.914      -0.030852      0.021579
       0.9144      -0.030912      0.021639
       0.9148      -0.030972      0.021699
       0.9152      -0.031031      0.021758
       0.9156      -0.031090      0.021816
        0.916      -0.031148      0.021875
       0.9164      -0.031207      0.021932
       0.9168      -0.031264      0.021990
       0.9172      -0.031322      0.022047
       0.9176      -0.031379      0.022104
        0.918      -0.031435      0.022161
       0.9184      -0.031492      0.022217
       0.9188      -0.031548      0.022273
       0.9192      -0.031603      0.022328
       0.9196      -0.031658      0.022383
         0.92      -0.031713      0.022438
       0.9204      -0.031768      0.022492
       0.9208      -0.031822      0.022546
       0.9212      -0.031876      0.022600
       0.9216      -0.031929      0.022653
        0.922      -0.031982      0.022706
       0.9224      -0.032035      0.022759
       0.9228      -0.032087      0.022811
       0.9232      -0.032139      0.022863
       0.9236      -0.032191      0.022914
        0.924      -0.032242      0.022965
       0.9244      -0.032293      0.023016
       0.9248      -0.032344      0.023067
       0.9252      -0.032394      0.023117
       0.9256      -0.032444      0.023166
        0.926      -0.032494      0.023216
       0.9264      -0.032543      0.023265
       0.9268      -0.032592      0.023313
       0.9272      -0.032640      0.023362
       0.9276      -0.032688      0.023410
        0.928      -0.032736      0.023457
       0.9284      -0.032783      0.023505
       0.9288      -0.032830      0.023552
       0.9292      -0.032877      0.023598
       0.9296      -0.032923      0.023644
         0.93      -0.032969      0.023690
       0.9304      -0.033015      0.023736
       0.9308      -0.033060      0.023781
       0.9312      -0.033105      0.023826
       0.9316      -0.033150      0.023870
        0.932      -0.033194      0.023914
       0.9324      -0.033238      0.023958
       0.9328      -0.033282      0.024002
       0.9332      -0.033325      0.024045
       0.9336      -0.033368      0.024087
        0.934      -0.033410      0.024130
       0.9344      -0.033452      0.024172
       0.9348      -0.033494      0.024213
       0.9352      -0.033536      0.024255
       0.9356      -0.033577      0.024296
        0.936      -0.033618      0.024336
       0.9364      -0.033658      0.024377
       0.9368      -0.033698      0.024417
       0.9372      -0.033738      0.024456
       0.9376      -0.033777      0.024495
        0.938      -0.033816      0.024534
       0.9384      -0.033855      0.024573
       0.9388      -0.033893      0.024611
       0.9392      -0.033931      0.024649
       0.9396      -0.033969      0.024686
         0.94      -0.034006      0.024724
       0.9404      -0.034043      0.024760
       0.9408      -0.034080      0.024797
       0.9412      -0.034116      0.024833
       0.9416      -0.034152      0.024869
        0.942      -0.034187      0.024904
       0.9424      -0.034222      0.024939
       0.9428      -0.034257      0.024974
       0.9432      -0.034292      0.025008
       0.9436      -0.034326      0.025042
        0.944      -0.034360      0.025076
       0.9444      -0.034393      0.025110
       0.9448      -0.034426      0.025143
       0.9452      -0.034459      0.025175
       0.9456      -0.034491      0.025207
        0.946      -0.034523      0.025239
       0.9464      -0.034555      0.025271
       0.9468      -0.034587      0.025302
       0.9472      -0.034618      0.025333
       0.9476      -0.034648      0.025364
        0.948      -0.034679      0.025394
       0.9484      -0.034709      0.025424
       0.9488      -0.034738      0.025453
       0.9492      -0.034767      0.025483
       0.9496      -0.034796      0.025511
         0.95      -0.034825      0.025540
       0.9504      -0.034853      0.025568
       0.9508      -0.034881      0.025596
       0.9512      -0.034909      0.025623
       0.9516      -0.034936      0.025650
        0.952      -0.034963      0.025677
       0.9524      -0.034989      0.025704
       0.9528      -0.035015      0.025730
       0.9532      -0.035041      0.025755
       0.9536      -0.035066      0.025781
        0.954      -0.035092      0.025806
       0.9544      -0.035116      0.025830
       0.9548      -0.035141      0.025855
       0.9552      -0.035165      0.025879
       0.9556      -0.035188      0.025902
        0.956      -0.035212      0.025925
       0.9564      -0.035235      0.025948
       0.9568      -0.035257      0.025971
       0.9572      -0.035280      0.025993
       0.9576      -0.035301      0.026015
        0.958      -0.035323      0.026036
       0.9584      -0.035344      0.026057
       0.9588      -0.035365      0.026078
       0.9592      -0.035386      0.026099
       0.9596      -0.035406      0.026119
         0.96      -0.035425      0.026138
       0.9604      -0.035445      0.026158
       0.9608      -0.035464      0.026177
       0.9612      -0.035483      0.026195
       0.9616      -0.035501      0.026214
        0.962      -0.035519      0.026232
       0.9624      -0.035537      0.026249
       0.9628      -0.035554      0.026266
       0.9632      -0.035571      0.026283
       0.9636      -0.035587      0.026300
        0.964      -0.035604      0.026316
       0.9644      -0.035620      0.026332
       0.9648      -0.035635      0.026347
       0.9652      -0.035650      0.026362
       0.9656      -0.035665      0.026377
        0.966      -0.035679      0.026391
       0.9664      -0.035693      0.026405
       0.9668      -0.035707      0.026419
       0.9672      -0.035720      0.026432
       0.9676      -0.035733      0.026445
        0.968      -0.035746      0.026458
       0.9684      -0.035758      0.026470
       0.9688      -0.035770      0.026481
       0.9692      -0.035781      0.026493
       0.9696      -0.035792      0.026504
         0.97      -0.035803      0.026515
       0.9704      -0.035814      0.026525
       0.9708      -0.035824      0.026535
       0.9712      -0.035833      0.026545
       0.9716      -0.035843      0.026554
        0.972      -0.035851      0.026563
       0.9724      -0.035860      0.026571
       0.9728      -0.035868      0.026579
       0.9732      -0.035876      0.026587
       0.9736      -0.035883      0.026594
        0.974      -0.035890      0.026601
       0.9744      -0.035897      0.026608
       0.9748      -0.035903      0.026614
       0.9752      -0.035909      0.026620
       0.9756      -0.035915      0.026625
        0.976      -0.035920      0.026631
       0.9764      -0.035925      0.026635
       0.9768      -0.035929      0.026640
       0.9772      -0.035933      0.026644
       0.9776      -0.035937      0.026647
        0.978      -0.035940      0.026650
       0.9784      -0.035943      0.026653
       0.9788      -0.035945      0.026656
       0.9792      -0.035947      0.026658
       0.9796      -0.035949      0.026660
         0.98      -0.035950      0.026661
       0.9804      -0.035951      0.026662
       0.9808      -0.035952      0.026662
       0.9812      -0.035952      0.026662
       0.9816      -0.035952      0.026662
        0.982      -0.035951      0.026662
       0.9824      -0.035950      0.026661
       0.9828      -0.035949      0.026659
       0.9832      -0.035947      0.026657
       0.9836      -0.035945      0.026655
        0.984      -0.035942      0.026653
       0.9844      -0.035939      0.026650
       0.9848      -0.035936      0.026646
       0.9852      -0.035932      0.026642
       0.9856      -0.035928      0.026638
        0.986      -0.035924      0.026634
       0.9864      -0.035919      0.026629
       0.9868      -0.035913      0.026623
       0.9872      -0.035908      0.026618
       0.9876      -0.035901      0.026611
        0.988      -0.035895      0.026605
       0.9884      -0.035888      0.026598
       0.9888      -0.035881      0.026591
       0.9892      -0.035873      0.026583
       0.9896      -0.035865      0.026575
         0.99      -0.035856      0.026566
       0.9904      -0.035847      0.026557
       0.9908      -0.035838      0.026548
       0.9912      -0.035828      0.026538
       0.9916      -0.035818      0.026528
        0.992      -0.035807      0.026517
       0.9924      -0.035796      0.026506
       0.9928      -0.035784      0.026495
       0.9932      -0.035773      0.026483
       0.9936      -0.035760      0.026470
        0.994      -0.035748      0.026458
       0.9944      -0.035735      0.026445
       0.9948      -0.035721      0.026431
       0.9952      -0.035707      0.026417
       0.9956      -0.035693      0.026403
        0.996      -0.035678      0.026388
       0.9964      -0.035663      0.026373
       0.9968      -0.035647      0.026357
       0.9972      -0.035631      0.026341
       0.9976      -0.035614      0.026324
        0.998      -0.035597      0.026308
       0.9984      -0.035580      0.026290
       0.9988      -0.035562      0.026272
       0.9992      -0.035544      0.026254
       0.9996      -0.035525      0.026236
            1      -0.035506      0.026217
       1.0004      -0.035487      0.026197
       1.0008      -0.035467      0.026177
       1.0012      -0.035446      0.026157
       1.0016      -0.035426      0.026136
        1.002      -0.035404      0.026115
       1.0024      -0.035383      0.026093
       1.0028      -0.035361      0.026071
       1.0032      -0.035338      0.026048
       1.0036      -0.035315      0.026025
        1.004      -0.035291      0.026002
       1.0044      -0.035268      0.025978
       1.0048      -0.035243      0.025954
       1.0052      -0.035218      0.025929
       1.0056      -0.035193      0.025904
        1.006      -0.035167      0.025878
       1.0064      -0.035141      0.025852
       1.0068      -0.035115      0.025825
       1.0072      -0.035088      0.025798
       1.0076      -0.035060      0.025771
        1.008      -0.035032      0.025743
       1.0084      -0.035004      0.025715
       1.0088      -0.034975      0.025686
       1.0092      -0.034946      0.025656
       1.0096      -0.034916      0.025627
         1.01      -0.034886      0.025597
       1.0104      -0.034855      0.025566
       1.0108      -0.034824      0.025535
       1.0112      -0.034792      0.025503
       1.0116      -0.034760      0.025471
        1.012      -0.034727      0.025439
       1.0124      -0.034694      0.025406
       1.0128      -0.034661      0.025372
       1.0132      -0.034627      0.025338
       1.0136      -0.034593      0.025304
        1.014      -0.034558      0.025269
       1.0144      -0.034522      0.025234
       1.0148      -0.034487      0.025198
       1.0152      -0.034450      0.025162
       1.0156      -0.034413      0.025125
        1.016      -0.034376      0.025088
       1.0164      -0.034338      0.025050
       1.0168      -0.034300      0.025012
       1.0172      -0.034262      0.024973
       1.0176      -0.034222      0.024934
        1.018      -0.034183      0.024895
       1.0184      -0.034143      0.024855
       1.0188      -0.034102      0.024814
       1.0192      -0.034061      0.024773
       1.0196      -0.034019      0.024732
         1.02      -0.033977      0.024690
       1.0204      -0.033935      0.024647
       1.0208      -0.033892      0.024604
       1.0212      -0.033848      0.024561
       1.0216      -0.033804      0.024517
        1.022      -0.033760      0.024472
       1.0224      -0.033715      0.024428
       1.0228      -0.033669      0.024382
       1.0232      -0.033623      0.024336
       1.0236      -0.033577      0.024290
        1.024      -0.033530      0.024243
       1.0244      -0.033482      0.024196
       1.0248      -0.033434      0.024148
       1.0252      -0.033386      0.024099
       1.0256      -0.033337      0.024050
        1.026      -0.033287      0.024001
       1.0264      -0.033238      0.023951
       1.0268      -0.033187      0.023901
       1.0272      -0.033136      0.023850
       1.0276      -0.033085      0.023799
        1.028      -0.033033      0.023747
       1.0284      -0.032980      0.023694
       1.0288      -0.032927      0.023641
       1.0292      -0.032874      0.023588
       1.0296      -0.032820      0.023534
         1.03      -0.032765      0.023480
       1.0304      -0.032710      0.023425
       1.0308      -0.032655      0.023369
       1.0312      -0.032599      0.023313
       1.0316      -0.032542      0.023257
        1.032      -0.032485      0.023200
       1.0324      -0.032427      0.023143
       1.0328      -0.032369      0.023085
       1.0332      -0.032311      0.023026
       1.0336      -0.032252      0.022967
        1.034      -0.032192      0.022908
       1.0344      -0.032132      0.022848
       1.0348      -0.032071      0.022787
       1.0352      -0.032010      0.022726
       1.0356      -0.031948      0.022664
        1.036      -0.031886      0.022602
       1.0364      -0.031823      0.022540
       1.0368      -0.031760      0.022476
       1.0372      -0.031696      0.022413
       1.0376      -0.031632      0.022349
        1.038      -0.031567      0.022284
       1.0384      -0.031502      0.022219
       1.0388      -0.031436      0.022153
       1.0392      -0.031369      0.022087
       1.0396      -0.031302      0.022020
         1.04      -0.031235      0.021952
       1.0404      -0.031167      0.021885
       1.0408      -0.031098      0.021816
       1.0412      -0.031029      0.021747
       1.0416      -0.030960      0.021678
        1.042      -0.030890      0.021608
       1.0424      -0.030819      0.021537
       1.0428      -0.030748      0.021466
       1.0432      -0.030676      0.021395
       1.0436      -0.030604      0.021323
        1.044      -0.030531      0.021250
       1.0444      -0.030458      0.021177
       1.0448      -0.030384      0.021103
       1.0452      -0.030309      0.021029
       1.0456      -0.030235      0.020954
        1.046      -0.030159      0.020879
       1.0464      -0.030083      0.020803
       1.0468      -0.030007      0.020727
       1.0472      -0.029930      0.020650
       1.0476      -0.029852      0.020572
        1.048      -0.029774      0.020494
       1.0484      -0.029695      0.020416
       1.0488      -0.029616      0.020337
       1.0492      -0.029536      0.020257
       1.0496      -0.029456      0.020177
         1.05      -0.029375      0.020097
       1.0504      -0.029294      0.020015
       1.0508      -0.029212      0.019934
       1.0512      -0.029129      0.019851
       1.0516      -0.029046      0.019769
        1.052      -0.028963      0.019685
       1.0524      -0.028879      0.019601
       1.0528      -0.028794      0.019517
       1.0532      -0.028709      0.019432
       1.0536      -0.028623      0.019347
        1.054      -0.028537      0.019261
       1.0544      -0.028451      0.019174
       1.0548      -0.028363      0.019087
       1.0552      -0.028275      0.018999
       1.0556      -0.028187      0.018911
        1.056      -0.028098      0.018822
       1.0564      -0.028009      0.018733
       1.0568      -0.027919      0.018643
       1.0572      -0.027828      0.018553
       1.0576      -0.027737      0.018462
        1.058      -0.027645      0.018371
       1.0584      -0.027553      0.018279
       1.0588      -0.027461      0.018186
       1.0592      -0.027367      0.018093
       1.0596      -0.027274      0.018000
         1.06      -0.027179      0.017906
       1.0604      -0.027084      0.017811
       1.0608      -0.026989      0.017716
       1.0612      -0.026893      0.017620
       1.0616      -0.026797      0.017524
        1.062      -0.026700      0.017427
       1.0624      -0.026602      0.017330
       1.0628      -0.026504      0.017232
       1.0632      -0.026405      0.017134
       1.0636      -0.026306      0.017035
        1.064      -0.026207      0.016935
       1.0644      -0.026106      0.016835
       1.0648      -0.026006      0.016735
       1.0652      -0.025904      0.016634
       1.0656      -0.025802      0.016532
        1.066      -0.025700      0.016430
       1.0664      -0.025597      0.016327
       1.0668      -0.025494      0.016224
       1.0672      -0.025390      0.016121
       1.0676      -0.025285      0.016016
        1.068      -0.025180      0.015912
       1.0684      -0.025075      0.015806
       1.0688      -0.024969      0.015700
       1.0692      -0.024862      0.015594
       1.0696      -0.024755      0.015487
         1.07      -0.024647      0.015380
       1.0704      -0.024539      0.015272
       1.0708      -0.024430      0.015163
       1.0712      -0.024321      0.015054
       1.0716      -0.024211      0.014945
        1.072      -0.024101      0.014835
       1.0724      -0.023990      0.014724
       1.0728      -0.023878      0.014613
       1.0732      -0.023767      0.014501
       1.0736      -0.023654      0.014389
        1.074      -0.023541      0.014277
       1.0744      -0.023428      0.014163
       1.0748      -0.023314      0.014050
       1.0752      -0.023199      0.013936
       1.0756      -0.023084      0.013821
        1.076      -0.022969      0.013706
       1.0764      -0.022853      0.013590
       1.0768      -0.022736      0.013474
       1.0772      -0.022619      0.013357
       1.0776      -0.022501      0.013240
        1.078      -0.022383      0.013122
       1.0784      -0.022265      0.013003
       1.0788      -0.022146      0.012885
       1.0792      -0.022026      0.012765
       1.0796      -0.021906      0.012646
         1.08      -0.021785      0.012525
       1.0804      -0.021664      0.012404
       1.0808      -0.021542      0.012283
       1.0812      -0.021420      0.012161
       1.0816      -0.021298      0.012039
        1.082      -0.021174      0.011916
       1.0824      -0.021051      0.011793
       1.0828      -0.020927      0.011669
       1.0832      -0.020802      0.011545
       1.0836      -0.020677      0.011420
        1.084      -0.020551      0.011295
       1.0844      -0.020425      0.011169
       1.0848      -0.020298      0.011043
       1.0852      -0.020171      0.010916
       1.0856      -0.020044      0.010789
        1.086      -0.019916      0.010661
       1.0864      -0.019787      0.010533
       1.0868      -0.019658      0.010404
       1.0872      -0.019529      0.010275
       1.0876      -0.019399      0.010145
        1.088      -0.019268      0.010015
       1.0884      -0.019137      0.009884
       1.0888      -0.019006      0.009753
       1.0892      -0.018874      0.009622
       1.0896      -0.018742      0.009490
         1.09      -0.018609      0.009357
       1.0904      -0.018475      0.009225
       1.0908      -0.018342      0.009091
       1.0912      -0.018207      0.008957
       1.0916      -0.018073      0.008823
        1.092      -0.017938      0.008688
       1.0924      -0.017802      0.008553
       1.0928      -0.017666      0.008417
       1.0932      -0.017529      0.008281
       1.0936      -0.017393      0.008145
        1.094      -0.017255      0.008008
       1.0944      -0.017117      0.007870
       1.0948      -0.016979      0.007732
       1.0952      -0.016840      0.007594
       1.0956      -0.016701      0.007455
        1.096      -0.016561      0.007316
       1.0964      -0.016421      0.007176
       1.0968      -0.016281      0.007036
       1.0972      -0.016140      0.006896
       1.0976      -0.015999      0.006755
        1.098      -0.015857      0.006614
       1.0984      -0.015715      0.006472
       1.0988      -0.015572      0.006330
       1.0992      -0.015429      0.006187
       1.0996      -0.015286      0.006044
          1.1      -0.015142      0.005901
       1.1004      -0.014997      0.005757
       1.1008      -0.014853      0.005612
       1.1012      -0.014708      0.005468
       1.1016      -0.014562      0.005323
        1.102      -0.014416      0.005177
       1.1024      -0.014270      0.005031
       1.1028      -0.014123      0.004885
       1.1032      -0.013976      0.004738
       1.1036      -0.013829      0.004591
        1.104      -0.013681      0.004444
       1.1044      -0.013532      0.004296
       1.1048      -0.013384      0.004148
       1.1052      -0.013235      0.003999
       1.1056      -0.013085      0.003850
        1.106      -0.012936      0.003701
       1.1064      -0.012785      0.003551
       1.1068      -0.012635      0.003401
       1.1072      -0.012484      0.003251
       1.1076      -0.012333      0.003100
        1.108      -0.012181      0.002949
       1.1084      -0.012029      0.002797
       1.1088      -0.011877      0.002645
       1.1092      -0.011724      0.002493
       1.1096      -0.011571      0.002341
         1.11      -0.011418      0.002188
       1.1104      -0.011264      0.002034
       1.1108      -0.011110      0.001881
       1.1112      -0.010955      0.001727
       1.1116      -0.010801      0.001573
        1.112      -0.010645      0.001418
       1.1124      -0.010490      0.001263
       1.1128      -0.010334      0.001108
       1.1132      -0.010178      0.000952
       1.1136      -0.010022      0.000796
        1.114      -0.009865      0.000640
       1.1144      -0.009708      0.000484
       1.1148      -0.009551      0.000327
       1.1152      -0.009393      0.000170
       1.1156      -0.009235      0.000012
        1.116      -0.009077      -0.000145
       1.1164      -0.008918      -0.000303
       1.1168      -0.008760      -0.000462
       1.1172      -0.008601      -0.000620
       1.1176      -0.008441      -0.000779
        1.118      -0.008281      -0.000938
       1.1184      -0.008121      -0.001098
       1.1188      -0.007961      -0.001258
       1.1192      -0.007801      -0.001418
       1.1196      -0.007640      -0.001578
         1.12      -0.007479      -0.001738
       1.1204      -0.007318      -0.001899
       1.1208      -0.007156      -0.002060
       1.1212      -0.006994      -0.002222
       1.1216      -0.006832      -0.002383
        1.122      -0.006670      -0.002545
       1.1224      -0.006507      -0.002707
       1.1228      -0.006344      -0.002869
       1.1232      -0.006181      -0.003032
       1.1236      -0.006018      -0.003194
        1.124      -0.005855      -0.003357
       1.1244      -0.005691      -0.003521
       1.1248      -0.005527      -0.003684
       1.1252      -0.005363      -0.003848
       1.1256      -0.005198      -0.004011
        1.126      -0.005034      -0.004176
       1.1264      -0.004869      -0.004340
       1.1268      -0.004704      -0.004504
       1.1272      -0.004539      -0.004669
       1.1276      -0.004373      -0.004834
        1.128      -0.004208      -0.004999
       1.1284      -0.004042      -0.005164
       1.1288      -0.003876      -0.005329
       1.1292      -0.003710      -0.005495
       1.1296      -0.003544      -0.005661
         1.13      -0.003377      -0.005827
       1.1304      -0.003210      -0.005993
       1.1308      -0.003044      -0.006159
       1.1312      -0.002877      -0.006325
       1.1316      -0.002710      -0.006492
        1.132      -0.002542      -0.006659
       1.1324      -0.002375      -0.006826
       1.1328      -0.002207      -0.006993
       1.1332      -0.002040      -0.007160
       1.1336      -0.001872      -0.007327
        1.134      -0.001704      -0.007494
       1.1344      -0.001536      -0.007662
       1.1348      -0.001367      -0.007829
       1.1352      -0.001199      -0.007997
       1.1356      -0.001031      -0.008165
        1.136      -0.000862      -0.008333
       1.1364      -0.000693      -0.008501
       1.1368      -0.000525      -0.008669
       1.1372      -0.000356      -0.008838
       1.1376      -0.000187      -0.009006
        1.138      -0.000018      -0.009174
       1.1384      0.000151      -0.009343
       1.1388      0.000320      -0.009512
       1.1392      0.000490      -0.009680
       1.1396      0.000659      -0.009849
         1.14      0.000828      -0.010018
       1.1404      0.000998      -0.010187
       1.1408      0.001167      -0.010356
       1.1412      0.001337      -0.010525
       1.1416      0.001507      -0.010694
        1.142      0.001676      -0.010863
       1.1424      0.001846      -0.011032
       1.1428      0.002016      -0.011201
       1.1432      0.002185      -0.011370
       1.1436      0.002355      -0.011539
        1.144      0.002525      -0.011708
       1.1444      0.002695      -0.011878
       1.1448      0.002865      -0.012047
       1.1452      0.003035      -0.012216
       1.1456      0.003204      -0.012385
        1.146      0.003374      -0.012555
       1.1464      0.003544      -0.012724
       1.1468      0.003714      -0.012893
       1.1472      0.003884      -0.013062
       1.1476      0.004053      -0.013231
        1.148      0.004223      -0.013401
       1.1484      0.004393      -0.013570
       1.1488      0.004563      -0.013739
       1.1492      0.004732      -0.013908
       1.1496      0.004902      -0.014077
         1.15      0.005071      -0.014246
       1.1504      0.005241      -0.014415
       1.1508      0.005410      -0.014584
       1.1512      0.005580      -0.014752
       1.1516      0.005749      -0.014921
        1.152      0.005918      -0.015090
       1.1524      0.006088      -0.015258
       1.1528      0.006257      -0.015427
       1.1532      0.006426      -0.015595
       1.1536      0.006595      -0.015764
        1.154      0.006763      -0.015932
       1.1544      0.006932      -0.016100
       1.1548      0.007101      -0.016268
       1.1552      0.007269      -0.016436
       1.1556      0.007438      -0.016603
        1.156      0.007606      -0.016771
       1.1564      0.007774      -0.016939
       1.1568      0.007942      -0.017106
       1.1572      0.008110      -0.017273
       1.1576      0.008278      -0.017440
        1.158      0.008445      -0.017607
       1.1584      0.008613      -0.017774
       1.1588      0.008780      -0.017941
       1.1592      0.008947      -0.018107
       1.1596      0.009114      -0.018274
         1.16      0.009281      -0.018440
       1.1604      0.009447      -0.018606
       1.1608      0.009614      -0.018772
       1.1612      0.009780      -0.018937
       1.1616      0.009946      -0.019103
        1.162      0.010112      -0.019268
       1.1624      0.010278      -0.019433
       1.1628      0.010443      -0.019598
       1.1632      0.010608      -0.019763
       1.1636      0.010773      -0.019927
        1.164      0.010938      -0.020092
       1.1644      0.011103      -0.020256
       1.1648      0.011267      -0.020419
       1.1652      0.011431      -0.020583
       1.1656      0.011595      -0.020746
        1.166      0.011759      -0.020909
       1.1664      0.011922      -0.021072
       1.1668      0.012086      -0.021235
       1.1672      0.012249      -0.021397
       1.1676      0.012411      -0.021559
        1.168      0.012574      -0.021721
       1.1684      0.012736      -0.021882
       1.1688      0.012898      -0.022044
       1.1692      0.013059      -0.022205
       1.1696      0.013221      -0.022365
         1.17      0.013382      -0.022526
       1.1704      0.013542      -0.022686
       1.1708      0.013703      -0.022846
       1.1712      0.013863      -0.023005
       1.1716      0.014023      -0.023164
        1.172      0.014182      -0.023323
       1.1724      0.014341      -0.023482
       1.1728      0.014500      -0.023640
       1.1732      0.014658      -0.023798
       1.1736      0.014817      -0.023956
        1.174      0.014974      -0.024113
       1.1744      0.015132      -0.024270
       1.1748      0.015289      -0.024426
       1.1752      0.015446      -0.024583
       1.1756      0.015602      -0.024738
        1.176      0.015758      -0.024894
       1.1764      0.015914      -0.025049
       1.1768      0.016069      -0.025204
       1.1772      0.016224      -0.025358
       1.1776      0.016379      -0.025512
        1.178      0.016533      -0.025666
       1.1784      0.016687      -0.025819
       1.1788      0.016840      -0.025972
       1.1792      0.016993      -0.026124
       1.1796      0.017146      -0.026276
         1.18      0.017298      -0.026428
       1.1804      0.017450      -0.026579
       1.1808      0.017601      -0.026730
       1.1812      0.017752      -0.026880
       1.1816      0.017903      -0.027030
        1.182      0.018053      -0.027180
       1.1824      0.018202      -0.027329
       1.1828      0.018351      -0.027477
       1.1832      0.018500      -0.027626
       1.1836      0.018648      -0.027773
        1.184      0.018796      -0.027921
       1.1844      0.018944      -0.028067
       1.1848      0.019090      -0.028214
       1.1852      0.019237      -0.028360
       1.1856      0.019383      -0.028505
        1.186      0.019528      -0.028650
       1.1864      0.019673      -0.028794
       1.1868      0.019818      -0.028938
       1.1872      0.019962      -0.029082
       1.1876      0.020105      -0.029225
        1.188      0.020248      -0.029367
       1.1884      0.020391      -0.029509
       1.1888      0.020533      -0.029651
       1.1892      0.020674      -0.029792
       1.1896      0.020815      -0.029932
         1.19      0.020955      -0.030072
       1.1904      0.021095      -0.030211
       1.1908      0.021235      -0.030350
       1.1912      0.021373      -0.030488
       1.1916      0.021512      -0.030626
        1.192      0.021649      -0.030763
       1.1924      0.021787      -0.030900
       1.1928      0.021923      -0.031036
       1.1932      0.022059      -0.031172
       1.1936      0.022195      -0.031307
        1.194      0.022330      -0.031441
       1.1944      0.022464      -0.031575
       1.1948      0.022598      -0.031708
       1.1952      0.022731      -0.031841
       1.1956      0.022863      -0.031973
        1.196      0.022995      -0.032105
       1.1964      0.023127      -0.032235
       1.1968      0.023258      -0.032366
       1.1972      0.023388      -0.032496
       1.1976      0.023517      -0.032625
        1.198      0.023646      -0.032753
       1.1984      0.023775      -0.032881
       1.1988      0.023903      -0.033008
       1.1992      0.024030      -0.033135
       1.1996      0.024156      -0.033261
          1.2      0.024282      -0.033387
       1.2004      0.024407      -0.033511
       1.2008      0.024532      -0.033635
       1.2012      0.024656      -0.033759
       1.2016      0.024779      -0.033882
        1.202      0.024902      -0.034004
       1.2024      0.025024      -0.034126
       1.2028      0.025145      -0.034246
       1.2032      0.025266      -0.034367
       1.2036      0.025386      -0.034486
        1.204      0.025505      -0.034605
       1.2044      0.025624      -0.034723
       1.2048      0.025742      -0.034841
       1.2052      0.025859      -0.034958
       1.2056      0.025976      -0.035074
        1.206      0.026092      -0.035190
       1.2064      0.026207      -0.035304
       1.2068      0.026321      -0.035419
       1.2072      0.026435      -0.035532
       1.2076      0.026548      -0.035645
        1.208      0.026661      -0.035757
       1.2084      0.026772      -0.035868
       1.2088      0.026883      -0.035979
       1.2092      0.026994      -0.036088
       1.2096      0.027103      -0.036198
         1.21      0.027212      -0.036306
       1.2104      0.027320      -0.036414
       1.2108      0.027427      -0.036521
       1.2112      0.027534      -0.036627
       1.2116      0.027640      -0.036733
        1.212      0.027745      -0.036837
       1.2124      0.027849      -0.036941
       1.2128      0.027953      -0.037045
       1.2132      0.028056      -0.037147
       1.2136      0.028158      -0.037249
        1.214      0.028259      -0.037350
       1.2144      0.028360      -0.037450
       1.2148      0.028460      -0.037550
       1.2152      0.028559      -0.037648
       1.2156      0.028657      -0.037746
        1.216      0.028755      -0.037844
       1.2164      0.028852      -0.037940
       1.2168      0.028947      -0.038036
       1.2172      0.029043      -0.038130
       1.2176      0.029137      -0.038225
        1.218      0.029231      -0.038318
       1.2184      0.029323      -0.038410
       1.2188      0.029415      -0.038502
       1.2192      0.029507      -0.038593
       1.2196      0.029597      -0.038683
         1.22      0.029687      -0.038772
       1.2204      0.029775      -0.038861
       1.2208      0.029863      -0.038949
       1.2212      0.029951      -0.039035
       1.2216      0.030037      -0.039121
        1.222      0.030122      -0.039207
       1.2224      0.030207      -0.039291
       1.2228      0.030291      -0.039375
       1.2232      0.030374      -0.039458
       1.2236      0.030456      -0.039540
        1.224      0.030538      -0.039621
       1.2244      0.030618      -0.039701
       1.2248      0.030698      -0.039780
       1.2252      0.030777      -0.039859
       1.2256      0.030855      -0.039937
        1.226      0.030932      -0.040014
       1.2264      0.031008      -0.040090
       1.2268      0.031084      -0.040165
       1.2272      0.031159      -0.040240
       1.2276      0.031232      -0.040313
        1.228      0.031305      -0.040386
       1.2284      0.031377      -0.040458
       1.2288      0.031448      -0.040529
       1.2292      0.031519      -0.040599
       1.2296      0.031588      -0.040668
         1.23      0.031657      -0.040736
       1.2304      0.031725      -0.040804
       1.2308      0.031792      -0.040871
       1.2312      0.031858      -0.040936
       1.2316      0.031923      -0.041001
        1.232      0.031987      -0.041065
       1.2324      0.032050      -0.041129
       1.2328      0.032113      -0.041191
       1.2332      0.032174      -0.041252
       1.2336      0.032235      -0.041313
        1.234      0.032295      -0.041373
       1.2344      0.032354      -0.041431
       1.2348      0.032412      -0.041489
       1.2352      0.032469      -0.041546
       1.2356      0.032525      -0.041602
        1.236      0.032581      -0.041658
       1.2364      0.032635      -0.041712
       1.2368      0.032689      -0.041765
       1.2372      0.032741      -0.041818
       1.2376      0.032793      -0.041870
        1.238      0.032844      -0.041920
       1.2384      0.032894      -0.041970
       1.2388      0.032943      -0.042019
       1.2392      0.032991      -0.042067
       1.2396      0.033038      -0.042114
         1.24      0.033085      -0.042160
       1.2404      0.033130      -0.042206
       1.2408      0.033175      -0.042250
       1.2412      0.033218      -0.042294
       1.2416      0.033261      -0.042336
        1.242      0.033303      -0.042378
       1.2424      0.033343      -0.042419
       1.2428      0.033383      -0.042458
       1.2432      0.033422      -0.042497
       1.2436      0.033461      -0.042535
        1.244      0.033498      -0.042572
       1.2444      0.033534      -0.042609
       1.2448      0.033569      -0.042644
       1.2452      0.033604      -0.042678
       1.2456      0.033637      -0.042712
        1.246      0.033670      -0.042744
       1.2464      0.033701      -0.042776
       1.2468      0.033732      -0.042806
       1.2472      0.033762      -0.042836
       1.2476      0.033790      -0.042865
        1.248      0.033818      -0.042893
       1.2484      0.033845      -0.042920
       1.2488      0.033871      -0.042946
       1.2492      0.033897      -0.042971
       1.2496      0.033921      -0.042995
         1.25      0.033944      -0.043018
       1.2504      0.033966      -0.043040
       1.2508      0.033988      -0.043062
       1.2512      0.034008      -0.043082
       1.2516      0.034028      -0.043102
        1.252      0.034046      -0.043120
       1.2524      0.034064      -0.043138
       1.2528      0.034080      -0.043155
       1.2532      0.034096      -0.043171
       1.2536      0.034111      -0.043185
        1.254      0.034125      -0.043199
       1.2544      0.034138      -0.043212
       1.2548      0.034150      -0.043224
       1.2552      0.034161      -0.043235
       1.2556      0.034171      -0.043246
        1.256      0.034180      -0.043255
       1.2564      0.034189      -0.043263
       1.2568      0.034196      -0.043271
       1.2572      0.034203      -0.043277
       1.2576      0.034208      -0.043283
        1.258      0.034213      -0.043287
       1.2584      0.034216      -0.043291
       1.2588      0.034219      -0.043294
       1.2592      0.034221      -0.043296
       1.2596      0.034221      -0.043296
         1.26      0.034221      -0.043296
       1.2604      0.034220      -0.043295
       1.2608      0.034218      -0.043294
       1.2612      0.034215      -0.043291
       1.2616      0.034212      -0.043287
        1.262      0.034207      -0.043282
       1.2624      0.034201      -0.043277
       1.2628      0.034194      -0.043270
       1.2632      0.034187      -0.043263
       1.2636      0.034178      -0.043254
        1.264      0.034169      -0.043245
       1.2644      0.034159      -0.043235
       1.2648      0.034147      -0.043224
       1.2652      0.034135      -0.043212
       1.2656      0.034122      -0.043199
        1.266      0.034108      -0.043185
       1.2664      0.034093      -0.043170
       1.2668      0.034077      -0.043154
       1.2672      0.034060      -0.043137
       1.2676      0.034042      -0.043120
        1.268      0.034024      -0.043101
       1.2684      0.034004      -0.043082
       1.2688      0.033984      -0.043061
       1.2692      0.033962      -0.043040
       1.2696      0.033940      -0.043018
         1.27      0.033917      -0.042995
       1.2704      0.033893      -0.042971
       1.2708      0.033868      -0.042946
       1.2712      0.033842      -0.042920
       1.2716      0.033815      -0.042894
        1.272      0.033787      -0.042866
       1.2724      0.033758      -0.042838
       1.2728      0.033729      -0.042808
       1.2732      0.033698      -0.042778
       1.2736      0.033667      -0.042747
        1.274      0.033635      -0.042715
       1.2744      0.033601      -0.042682
       1.2748      0.033567      -0.042648
       1.2752      0.033532      -0.042613
       1.2756      0.033496      -0.042577
        1.276      0.033460      -0.042541
       1.2764      0.033422      -0.042503
       1.2768      0.033383      -0.042465
       1.2772      0.033344      -0.042426
       1.2776      0.033304      -0.042386
        1.278      0.033262      -0.042345
       1.2784      0.033220      -0.042303
       1.2788      0.033177      -0.042260
       1.2792      0.033134      -0.042216
       1.2796      0.033089      -0.042172
         1.28      0.033043      -0.042127
       1.2804      0.032997      -0.042080
       1.2808      0.032949      -0.042033
       1.2812      0.032901      -0.041985
       1.2816      0.032852      -0.041936
        1.282      0.032802      -0.041887
       1.2824      0.032751      -0.041836
       1.2828      0.032700      -0.041785
       1.2832      0.032647      -0.041733
       1.2836      0.032594      -0.041680
        1.284      0.032540      -0.041626
       1.2844      0.032485      -0.041571
       1.2848      0.032429      -0.041515
       1.2852      0.032372      -0.041459
       1.2856      0.032314      -0.041401
        1.286      0.032256      -0.041343
       1.2864      0.032197      -0.041284
       1.2868      0.032136      -0.041224
       1.2872      0.032076      -0.041164
       1.2876      0.032014      -0.041102
        1.288      0.031951      -0.041040
       1.2884      0.031888      -0.040977
       1.2888      0.031823      -0.040913
       1.2892      0.031758      -0.040848
       1.2896      0.031692      -0.040782
         1.29      0.031626      -0.040716
       1.2904      0.031558      -0.040649
       1.2908      0.031490      -0.040581
       1.2912      0.031421      -0.040512
       1.2916      0.031351      -0.040442
        1.292      0.031280      -0.040372
       1.2924      0.031208      -0.040301
       1.2928      0.031136      -0.040229
       1.2932      0.031063      -0.040156
       1.2936      0.030989      -0.040082
        1.294      0.030914      -0.040008
       1.2944      0.030839      -0.039933
       1.2948      0.030762      -0.039857
       1.2952      0.030685      -0.039780
       1.2956      0.030607      -0.039702
        1.296      0.030529      -0.039624
       1.2964      0.030449      -0.039545
       1.2968      0.030369      -0.039465
       1.2972      0.030288      -0.039385
       1.2976      0.030207      -0.039303
        1.298      0.030124      -0.039221
       1.2984      0.030041      -0.039138
       1.2988      0.029957      -0.039055
       1.2992      0.029872      -0.038970
       1.2996      0.029787      -0.038885
          1.3      0.029701      -0.038799
       1.3004      0.029614      -0.038713
       1.3008      0.029526      -0.038626
       1.3012      0.029438      -0.038538
       1.3016      0.029349      -0.038449
        1.302      0.029259      -0.038359
       1.3024      0.029168      -0.038269
       1.3028      0.029077      -0.038178
       1.3032      0.028985      -0.038087
       1.3036      0.028892      -0.037994
        1.304      0.028799      -0.037901
       1.3044      0.028705      -0.037807
       1.3048      0.028610      -0.037713
       1.3052      0.028514      -0.037618
       1.3056      0.028418      -0.037522
        1.306      0.028321      -0.037425
       1.3064      0.028223      -0.037328
       1.3068      0.028125      -0.037230
       1.3072      0.028026      -0.037132
       1.3076      0.027927      -0.037033
        1.308      0.027826      -0.036933
       1.3084      0.027725      -0.036832
       1.3088      0.027624      -0.036731
       1.3092      0.027521      -0.036629
       1.3096      0.027418      -0.036526
         1.31      0.027315      -0.036423
       1.3104      0.027210      -0.036319
       1.3108      0.027105      -0.036215
       1.3112      0.027000      -0.036110
       1.3116      0.026894      -0.036004
        1.312      0.026787      -0.035897
       1.3124      0.026679      -0.035790
       1.3128      0.026571      -0.035682
       1.3132      0.026462      -0.035574
       1.3136      0.026353      -0.035465
        1.314      0.026243      -0.035356
       1.3144      0.026133      -0.035246
       1.3148      0.026021      -0.035135
       1.3152      0.025910      -0.035023
       1.3156      0.025797      -0.034911
        1.316      0.025684      -0.034799
       1.3164      0.025571      -0.034686
       1.3168      0.025456      -0.034572
       1.3172      0.025342      -0.034458
       1.3176      0.025226      -0.034343
        1.318      0.025110      -0.034227
       1.3184      0.024994      -0.034111
       1.3188      0.024877      -0.033994
       1.3192      0.024759      -0.033877
       1.3196      0.024641      -0.033759
         1.32      0.024522      -0.033641
       1.3204      0.024403      -0.033522
       1.3208      0.024283      -0.033403
       1.3212      0.024163      -0.033283
       1.3216      0.024042      -0.033162
        1.322      0.023920      -0.033041
       1.3224      0.023798      -0.032920
       1.3228      0.023676      -0.032798
       1.3232      0.023553      -0.032675
       1.3236      0.023429      -0.032552
        1.324      0.023305      -0.032428
       1.3244      0.023180      -0.032304
       1.3248      0.023055      -0.032179
       1.3252      0.022930      -0.032054
       1.3256      0.022803      -0.031929
        1.326      0.022677      -0.031802
       1.3264      0.022550      -0.031676
       1.3268      0.022422      -0.031549
       1.3272      0.022294      -0.031421
       1.3276      0.022165      -0.031293
        1.328      0.022036      -0.031164
       1.3284      0.021907      -0.031035
       1.3288      0.021777      -0.030906
       1.3292      0.021646      -0.030776
       1.3296      0.021516      -0.030645
         1.33      0.021384      -0.030514
       1.3304      0.021252      -0.030383
       1.3308      0.021120      -0.030251
       1.3312      0.020988      -0.030119
       1.3316      0.020854      -0.029986
        1.332      0.020721      -0.029853
       1.3324      0.020587      -0.029720
       1.3328      0.020453      -0.029586
       1.3332      0.020318      -0.029451
       1.3336      0.020182      -0.029317
        1.334      0.020047      -0.029181
       1.3344      0.019911      -0.029046
       1.3348      0.019774      -0.028910
       1.3352      0.019638      -0.028774
       1.3356      0.019500      -0.028637
        1.336      0.019363      -0.028500
       1.3364      0.019225      -0.028362
       1.3368      0.019086      -0.028224
       1.3372      0.018948      -0.028086
       1.3376      0.018808      -0.027947
        1.338      0.018669      -0.027808
       1.3384      0.018529      -0.027669
       1.3388      0.018389      -0.027529
       1.3392      0.018248      -0.027389
       1.3396      0.018107      -0.027248
         1.34      0.017966      -0.027108
       1.3404      0.017825      -0.026966
       1.3408      0.017683      -0.026825
       1.3412      0.017540      -0.026683
       1.3416      0.017398      -0.026541
        1.342      0.017255      -0.026399
       1.3424      0.017112      -0.026256
       1.3428      0.016968      -0.026113
       1.3432      0.016824      -0.025969
       1.3436      0.016680      -0.025826
        1.344      0.016535      -0.025682
       1.3444      0.016391      -0.025537
       1.3448      0.016246      -0.025393
       1.3452      0.016100      -0.025248
       1.3456      0.015955      -0.025103
        1.346      0.015809      -0.024957
       1.3464      0.015663      -0.024811
       1.3468      0.015516      -0.024665
       1.3472      0.015369      -0.024519
       1.3476      0.015222      -0.024373
        1.348      0.015075      -0.024226
       1.3484      0.014928      -0.024079
       1.3488      0.014780      -0.023932
       1.3492      0.014632      -0.023784
       1.3496      0.014484      -0.023636
         1.35      0.014335      -0.023488
       1.3504      0.014187      -0.023340
       1.3508      0.014038      -0.023192
       1.3512      0.013888      -0.023043
       1.3516      0.013739      -0.022894
        1.352      0.013589      -0.022745
       1.3524      0.013440      -0.022595
       1.3528      0.013290      -0.022446
       1.3532      0.013139      -0.022296
       1.3536      0.012989      -0.022146
        1.354      0.012838      -0.021996
       1.3544      0.012688      -0.021846
       1.3548      0.012537      -0.021695
       1.3552      0.012386      -0.021544
       1.3556      0.012234      -0.021394
        1.356      0.012083      -0.021243
       1.3564      0.011931      -0.021091
       1.3568      0.011779      -0.020940
       1.3572      0.011627      -0.020788
       1.3576      0.011475      -0.020637
        1.358      0.011323      -0.020485
       1.3584      0.011170      -0.020333
       1.3588      0.011018      -0.020181
       1.3592      0.010865      -0.020028
       1.3596      0.010712      -0.019876
         1.36      0.010559      -0.019724
       1.3604      0.010406      -0.019571
       1.3608      0.010253      -0.019418
       1.3612      0.010099      -0.019265
       1.3616      0.009946      -0.019112
        1.362      0.009792      -0.018959
       1.3624      0.009639      -0.018806
       1.3628      0.009485      -0.018652
       1.3632      0.009331      -0.018499
       1.3636      0.009177      -0.018345
        1.364      0.009023      -0.018192
       1.3644      0.008869      -0.018038
       1.3648      0.008715      -0.017884
       1.3652      0.008560      -0.017730
       1.3656      0.008406      -0.017576
        1.366      0.008251      -0.017422
       1.3664      0.008097      -0.017268
       1.3668      0.007942      -0.017114
       1.3672      0.007788      -0.016960
       1.3676      0.007633      -0.016806
        1.368      0.007478      -0.016651
       1.3684      0.007323      -0.016497
       1.3688      0.007168      -0.016343
       1.3692      0.007014      -0.016188
       1.3696      0.006859      -0.016034
         1.37      0.006704      -0.015879
       1.3704      0.006549      -0.015725
       1.3708      0.006394      -0.015570
       1.3712      0.006239      -0.015415
       1.3716      0.006084      -0.015261
        1.372      0.005929      -0.015106
       1.3724      0.005774      -0.014952
       1.3728      0.005619      -0.014797
       1.3732      0.005464      -0.014642
       1.3736      0.005308      -0.014488
        1.374      0.005153      -0.014333
       1.3744      0.004998      -0.014179
       1.3748      0.004843      -0.014024
       1.3752      0.004688      -0.013869
       1.3756      0.004533      -0.013715
        1.376      0.004378      -0.013560
       1.3764      0.004224      -0.013406
       1.3768      0.004069      -0.013251
       1.3772      0.003914      -0.013097
       1.3776      0.003759      -0.012943
        1.378      0.003604      -0.012788
       1.3784      0.003450      -0.012634
       1.3788      0.003295      -0.012480
       1.3792      0.003140      -0.012325
       1.3796      0.002986      -0.012171
         1.38      0.002831      -0.012017
       1.3804      0.002677      -0.011863
       1.3808      0.002522      -0.011709
       1.3812      0.002368      -0.011555
       1.3816      0.002214      -0.011402
        1.382      0.002060      -0.011248
       1.3824      0.001906      -0.011094
       1.3828      0.001752      -0.010941
       1.3832      0.001598      -0.010787
       1.3836      0.001444      -0.010634
        1.384      0.001290      -0.010481
       1.3844      0.001137      -0.010327
       1.3848      0.000983      -0.010174
       1.3852      0.000830      -0.010021
       1.3856      0.000677      -0.009868
        1.386      0.000523      -0.009716
       1.3864      0.000370      -0.009563
       1.3868      0.000217      -0.009411
       1.3872      0.000065      -0.009258
       1.3876      -0.000088      -0.009106
        1.388      -0.000241      -0.008954
       1.3884      -0.000393      -0.008802
       1.3888      -0.000545      -0.008650
       1.3892      -0.000697      -0.008498
       1.3896      -0.000849      -0.008346
         1.39      -0.001001      -0.008195
       1.3904      -0.001153      -0.008044
       1.3908      -0.001305      -0.007892
       1.3912      -0.001456      -0.007741
       1.3916      -0.001607      -0.007591
        1.392      -0.001758      -0.007440
       1.3924      -0.001909      -0.007289
       1.3928      -0.002060      -0.007139
       1.3932      -0.002211      -0.006989
       1.3936      -0.002361      -0.006839
        1.394      -0.002511      -0.006689
       1.3944      -0.002662      -0.006539
       1.3948      -0.002811      -0.006389
       1.3952      -0.002961      -0.006240
       1.3956      -0.003111      -0.006091
        1.396      -0.003260      -0.005942
       1.3964      -0.003409      -0.005793
       1.3968      -0.003558      -0.005645
       1.3972      -0.003707      -0.005496
       1.3976      -0.003856      -0.005348
        1.398      -0.004004      -0.005200
       1.3984      -0.004152      -0.005052
       1.3988      -0.004300      -0.004905
       1.3992      -0.004448      -0.004757
       1.3996      -0.004595      -0.004610
          1.4      -0.004743      -0.004463
       1.4004      -0.004890      -0.004316
       1.4008      -0.005037      -0.004170
       1.4012      -0.005183      -0.004024
       1.4016      -0.005330      -0.003877
        1.402      -0.005476      -0.003732
       1.4024      -0.005622      -0.003586
       1.4028      -0.005768      -0.003441
       1.4032      -0.005913      -0.003295
       1.4036      -0.006059      -0.003150
        1.404      -0.006204      -0.003006
       1.4044      -0.006349      -0.002861
       1.4048      -0.006493      -0.002717
       1.4052      -0.006638      -0.002573
       1.4056      -0.006782      -0.002429
        1.406      -0.006925      -0.002286
       1.4064      -0.007069      -0.002143
       1.4068      -0.007212      -0.002000
       1.4072      -0.007355      -0.001857
       1.4076      -0.007498      -0.001715
        1.408      -0.007641      -0.001572
       1.4084      -0.007783      -0.001431
       1.4088      -0.007925      -0.001289
       1.4092      -0.008067      -0.001148
       1.4096      -0.008208      -0.001006
         1.41      -0.008349      -0.000866
       1.4104      -0.008490      -0.000725
       1.4108      -0.008631      -0.000585
       1.4112      -0.008771      -0.000445
       1.4116      -0.008911      -0.000305
        1.412      -0.009051      -0.000166
       1.4124      -0.009191      -0.000026
       1.4128      -0.009330      0.000113
       1.4132      -0.009469      0.000251
       1.4136      -0.009608      0.000389
        1.414      -0.009746      0.000527
       1.4144      -0.009884      0.000665
       1.4148      -0.010022      0.000803
       1.4152      -0.010159      0.000940
       1.4156      -0.010296      0.001077
        1.416      -0.010433      0.001213
       1.4164      -0.010570      0.001349
       1.4168      -0.010706      0.001485
       1.4172      -0.010842      0.001621
       1.4176      -0.010978      0.001756
        1.418      -0.011113      0.001891
       1.4184      -0.011248      0.002026
       1.4188      -0.011383      0.002160
       1.4192      -0.011517      0.002294
       1.4196      -0.011651      0.002428
         1.42      -0.011785      0.002561
       1.4204      -0.011918      0.002694
       1.4208      -0.012051      0.002827
       1.4212      -0.012184      0.002960
       1.4216      -0.012317      0.003092
        1.422      -0.012449      0.003224
       1.4224      -0.012581      0.003355
       1.4228      -0.012712      0.003486
       1.4232      -0.012843      0.003617
       1.4236      -0.012974      0.003748
        1.424      -0.013105      0.003878
       1.4244      -0.013235      0.004008
       1.4248      -0.013364      0.004137
       1.4252      -0.013494      0.004266
       1.4256      -0.013623      0.004395
        1.426      -0.013752      0.004523
       1.4264      -0.013880      0.004652
       1.4268      -0.014008      0.004779
       1.4272      -0.014136      0.004907
       1.4276      -0.014264      0.005034
        1.428      -0.014391      0.005161
       1.4284      -0.014517      0.005287
       1.4288      -0.014644      0.005413
       1.4292      -0.014770      0.005539
       1.4296      -0.014895      0.005664
         1.43      -0.015021      0.005789
       1.4304      -0.015146      0.005914
       1.4308      -0.015270      0.006038
       1.4312      -0.015395      0.006162
       1.4316      -0.015518      0.006286
        1.432      -0.015642      0.006409
       1.4324      -0.015765      0.006532
       1.4328      -0.015888      0.006654
       1.4332      -0.016010      0.006776
       1.4336      -0.016133      0.006898
        1.434      -0.016254      0.007020
       1.4344      -0.016376      0.007141
       1.4348      -0.016497      0.007261
       1.4352      -0.016617      0.007382
       1.4356      -0.016738      0.007502
        1.436      -0.016857      0.007621
       1.4364      -0.016977      0.007741
       1.4368      -0.017096      0.007859
       1.4372      -0.017215      0.007978
       1.4376      -0.017333      0.008096
        1.438      -0.017451      0.008214
       1.4384      -0.017569      0.008331
       1.4388      -0.017686      0.008448
       1.4392      -0.017803      0.008565
       1.4396      -0.017920      0.008681
         1.44      -0.018036      0.008797
       1.4404      -0.018152      0.008913
       1.4408      -0.018267      0.009028
       1.4412      -0.018382      0.009142
       1.4416      -0.018497      0.009257
        1.442      -0.018611      0.009371
       1.4424      -0.018725      0.009485
       1.4428      -0.018839      0.009598
       1.4432      -0.018952      0.009711
       1.4436      -0.019065      0.009823
        1.444      -0.019177      0.009935
       1.4444      -0.019289      0.010047
       1.4448      -0.019401      0.010158
       1.4452      -0.019512      0.010269
       1.4456      -0.019623      0.010380
        1.446      -0.019733      0.010490
       1.4464      -0.019844      0.010600
       1.4468      -0.019953      0.010709
       1.4472      -0.020063      0.010818
       1.4476      -0.020172      0.010927
        1.448      -0.020280      0.011035
       1.4484      -0.020388      0.011143
       1.4488      -0.020496      0.011251
       1.4492      -0.020603      0.011358
       1.4496      -0.020710      0.011465
         1.45      -0.020817      0.011571
       1.4504      -0.020923      0.011677
       1.4508      -0.021029      0.011782
       1.4512      -0.021135      0.011888
       1.4516      -0.021240      0.011992
        1.452      -0.021344      0.012097
       1.4524      -0.021449      0.012201
       1.4528      -0.021553      0.012305
       1.4532      -0.021656      0.012408
       1.4536      -0.021759      0.012511
        1.454      -0.021862      0.012613
       1.4544      -0.021964      0.012715
       1.4548      -0.022066      0.012817
       1.4552      -0.022168      0.012918
       1.4556      -0.022269      0.013019
        1.456      -0.022370      0.013120
       1.4564      -0.022470      0.013220
       1.4568      -0.022570      0.013319
       1.4572      -0.022670      0.013419
       1.4576      -0.022769      0.013518
        1.458      -0.022868      0.013616
       1.4584      -0.022966      0.013714
       1.4588      -0.023064      0.013812
       1.4592      -0.023162      0.013910
       1.4596      -0.023259      0.014007
         1.46      -0.023356      0.014103
       1.4604      -0.023452      0.014199
       1.4608      -0.023548      0.014295
       1.4612      -0.023644      0.014391
       1.4616      -0.023739      0.014486
        1.462      -0.023834      0.014580
       1.4624      -0.023929      0.014675
       1.4628      -0.024023      0.014769
       1.4632      -0.024117      0.014862
       1.4636      -0.024210      0.014955
        1.464      -0.024303      0.015048
       1.4644      -0.024395      0.015140
       1.4648      -0.024488      0.015232
       1.4652      -0.024579      0.015324
       1.4656      -0.024671      0.015415
        1.466      -0.024762      0.015505
       1.4664      -0.024852      0.015596
       1.4668      -0.024943      0.015686
       1.4672      -0.025032      0.015775
       1.4676      -0.025122      0.015865
        1.468      -0.025211      0.015953
       1.4684      -0.025300      0.016042
       1.4688      -0.025388      0.016130
       1.4692      -0.025476      0.016217
       1.4696      -0.025563      0.016305
         1.47      -0.025650      0.016392
       1.4704      -0.025737      0.016478
       1.4708      -0.025823      0.016564
       1.4712      -0.025909      0.016650
       1.4716      -0.025995      0.016735
        1.472      -0.026080      0.016820
       1.4724      -0.026165      0.016905
       1.4728      -0.026249      0.016989
       1.4732      -0.026333      0.017072
       1.4736      -0.026417      0.017156
        1.474      -0.026500      0.017239
       1.4744      -0.026583      0.017321
       1.4748      -0.026665      0.017404
       1.4752      -0.026747      0.017485
       1.4756      -0.026829      0.017567
        1.476      -0.026910      0.017648
       1.4764      -0.026991      0.017729
       1.4768      -0.027071      0.017809
       1.4772      -0.027151      0.017889
       1.4776      -0.027231      0.017968
        1.478      -0.027311      0.018047
       1.4784      -0.027390      0.018126
       1.4788      -0.027468      0.018205
       1.4792      -0.027546      0.018283
       1.4796      -0.027624      0.018360
         1.48      -0.027702      0.018437
       1.4804      -0.027779      0.018514
       1.4808      -0.027855      0.018591
       1.4812      -0.027932      0.018667
       1.4816      -0.028008      0.018743
        1.482      -0.028083      0.018818
       1.4824      -0.028158      0.018893
       1.4828      -0.028233      0.018967
       1.4832      -0.028307      0.019042
       1.4836      -0.028381      0.019115
        1.484      -0.028455      0.019189
       1.4844      -0.028528      0.019262
       1.4848      -0.028601      0.019335
       1.4852      -0.028674      0.019407
       1.4856      -0.028746      0.019479
        1.486      -0.028818      0.019550
       1.4864      -0.028889      0.019622
       1.4868      -0.028960      0.019692
       1.4872      -0.029031      0.019763
       1.4876      -0.029101      0.019833
        1.488      -0.029171      0.019903
       1.4884      -0.029240      0.019972
       1.4888      -0.029309      0.020041
       1.4892      -0.029378      0.020109
       1.4896      -0.029447      0.020178
         1.49      -0.029515      0.020245
       1.4904      -0.029582      0.020313
       1.4908      -0.029650      0.020380
       1.4912      -0.029716      0.020447
       1.4916      -0.029783      0.020513
        1.492      -0.029849      0.020579
       1.4924      -0.029915      0.020645
       1.4928      -0.029980      0.020710
       1.4932      -0.030045      0.020775
       1.4936      -0.030110      0.020839
        1.494      -0.030174      0.020903
       1.4944      -0.030238      0.020967
       1.4948      -0.030302      0.021030
       1.4952      -0.030365      0.021093
       1.4956      -0.030428      0.021156
        1.496      -0.030490      0.021218
       1.4964      -0.030552      0.021280
       1.4968      -0.030614      0.021342
       1.4972      -0.030676      0.021403
       1.4976      -0.030737      0.021464
        1.498      -0.030797      0.021524
       1.4984      -0.030858      0.021584
       1.4988      -0.030917      0.021644
       1.4992      -0.030977      0.021704
       1.4996      -0.031036      0.021763
          1.5      -0.031095      0.021821
       1.5004      -0.031154      0.021880
       1.5008      -0.031212      0.021938
       1.5012      -0.031269      0.021995
       1.5016      -0.031327      0.022052
        1.502      -0.031384      0.022109
       1.5024      -0.031440      0.022166
       1.5028      -0.031497      0.022222
       1.5032      -0.031553      0.022278
       1.5036      -0.031608      0.022333
        1.504      -0.031663      0.022388
       1.5044      -0.031718      0.022443
       1.5048      -0.031773      0.022497
       1.5052      -0.031827      0.022551
       1.5056      -0.031881      0.022605
        1.506      -0.031934      0.022658
       1.5064      -0.031987      0.022711
       1.5068      -0.032040      0.022764
       1.5072      -0.032092      0.022816
       1.5076      -0.032144      0.022868
        1.508      -0.032196      0.022919
       1.5084      -0.032247      0.022970
       1.5088      -0.032298      0.023021
       1.5092      -0.032349      0.023072
       1.5096      -0.032399      0.023122
         1.51      -0.032449      0.023171
       1.5104      -0.032499      0.023221
       1.5108      -0.032548      0.023270
       1.5112      -0.032597      0.023318
       1.5116      -0.032645      0.023367
        1.512      -0.032693      0.023415
       1.5124      -0.032741      0.023462
       1.5128      -0.032788      0.023510
       1.5132      -0.032835      0.023557
       1.5136      -0.032882      0.023603
        1.514      -0.032928      0.023649
       1.5144      -0.032974      0.023695
       1.5148      -0.033020      0.023741
       1.5152      -0.033065      0.023786
       1.5156      -0.033110      0.023831
        1.516      -0.033155      0.023875
       1.5164      -0.033199      0.023919
       1.5168      -0.033243      0.023963
       1.5172      -0.033287      0.024006
       1.5176      -0.033330      0.024050
        1.518      -0.033373      0.024092
       1.5184      -0.033415      0.024135
       1.5188      -0.033457      0.024177
       1.5192      -0.033499      0.024218
       1.5196      -0.033541      0.024260
         1.52      -0.033582      0.024301
       1.5204      -0.033622      0.024341
       1.5208      -0.033663      0.024382
       1.5212      -0.033703      0.024421
       1.5216      -0.033743      0.024461
        1.522      -0.033782      0.024500
       1.5224      -0.033821      0.024539
       1.5228      -0.033860      0.024578
       1.5232      -0.033898      0.024616
       1.5236      -0.033936      0.024654
        1.524      -0.033974      0.024691
       1.5244      -0.034011      0.024728
       1.5248      -0.034048      0.024765
       1.5252      -0.034084      0.024802
       1.5256      -0.034121      0.024838
        1.526      -0.034157      0.024874
       1.5264      -0.034192      0.024909
       1.5268      -0.034227      0.024944
       1.5272      -0.034262      0.024979
       1.5276      -0.034297      0.025013
        1.528      -0.034331      0.025047
       1.5284      -0.034365      0.025081
       1.5288      -0.034398      0.025114
       1.5292      -0.034431      0.025147
       1.5296      -0.034464      0.025180
         1.53      -0.034496      0.025212
       1.5304      -0.034528      0.025244
       1.5308      -0.034560      0.025276
       1.5312      -0.034591      0.025307
       1.5316      -0.034622      0.025338
        1.532      -0.034653      0.025369
       1.5324      -0.034683      0.025399
       1.5328      -0.034713      0.025429
       1.5332      -0.034743      0.025458
       1.5336      -0.034772      0.025488
        1.534      -0.034801      0.025516
       1.5344      -0.034830      0.025545
       1.5348      -0.034858      0.025573
       1.5352      -0.034886      0.025601
       1.5356      -0.034914      0.025628
        1.536      -0.034941      0.025655
       1.5364      -0.034968      0.025682
       1.5368      -0.034994      0.025708
       1.5372      -0.035020      0.025735
       1.5376      -0.035046      0.025760
        1.538      -0.035071      0.025786
       1.5384      -0.035096      0.025811
       1.5388      -0.035121      0.025835
       1.5392      -0.035146      0.025860
       1.5396      -0.035170      0.025883
         1.54      -0.035193      0.025907
       1.5404      -0.035217      0.025930
       1.5408      -0.035240      0.025953
       1.5412      -0.035262      0.025976
       1.5416      -0.035285      0.025998
        1.542      -0.035306      0.026020
       1.5424      -0.035328      0.026041
       1.5428      -0.035349      0.026062
       1.5432      -0.035370      0.026083
       1.5436      -0.035391      0.026104
        1.544      -0.035411      0.026124
       1.5444      -0.035430      0.026143
       1.5448      -0.035450      0.026163
       1.5452      -0.035469      0.026182
       1.5456      -0.035488      0.026200
        1.546      -0.035506      0.026219
       1.5464      -0.035524      0.026237
       1.5468      -0.035542      0.026254
       1.5472      -0.035559      0.026271
       1.5476      -0.035576      0.026288
        1.548      -0.035593      0.026305
       1.5484      -0.035609      0.026321
       1.5488      -0.035625      0.026337
       1.5492      -0.035640      0.026352
       1.5496      -0.035655      0.026367
         1.55      -0.035670      0.026382
       1.5504      -0.035684      0.026396
       1.5508      -0.035698      0.026410
       1.5512      -0.035712      0.026424
       1.5516      -0.035725      0.026437
        1.552      -0.035738      0.026450
       1.5524      -0.035751      0.026463
       1.5528      -0.035763      0.026475
       1.5532      -0.035775      0.026487
       1.5536      -0.035787      0.026498
        1.554      -0.035798      0.026509
       1.5544      -0.035808      0.026520
       1.5548      -0.035819      0.026530
       1.5552      -0.035829      0.026540
       1.5556      -0.035838      0.026550
        1.556      -0.035848      0.026559
       1.5564      -0.035857      0.026568
       1.5568      -0.035865      0.026576
       1.5572      -0.035873      0.026584
       1.5576      -0.035881      0.026592
        1.558      -0.035889      0.026600
       1.5584      -0.035896      0.026607
       1.5588      -0.035902      0.026613
       1.5592      -0.035909      0.026619
       1.5596      -0.035915      0.026625
         1.56      -0.035920      0.026631
       1.5604      -0.035925      0.026636
       1.5608      -0.035930      0.026641
       1.5612      -0.035934      0.026645
       1.5616      -0.035938      0.026649
        1.562      -0.035942      0.026653
       1.5624      -0.035945      0.026656
       1.5628      -0.035948      0.026659
       1.5632      -0.035951      0.026661
       1.5636      -0.035953      0.026663
        1.564      -0.035955      0.026665
       1.5644      -0.035956      0.026666
       1.5648      -0.035957      0.026667
       1.5652      -0.035957      0.026668
       1.5656      -0.035958      0.026668
        1.566      -0.035957      0.026668
       1.5664      -0.035957      0.026667
       1.5668      -0.035956      0.026666
       1.5672      -0.035955      0.026665
       1.5676      -0.035953      0.026663
        1.568      -0.035951      0.026661
       1.5684      -0.035948      0.026658
       1.5688      -0.035945      0.026655
       1.5692      -0.035942      0.026652
       1.5696      -0.035938      0.026648
         1.57      -0.035934      0.026644
       1.5704      -0.035929      0.026640
       1.5708      -0.035924      0.026635
       1.5712      -0.035919      0.026629
       1.5716      -0.035913      0.026624
        1.572      -0.035907      0.026617
       1.5724      -0.035901      0.026611
       1.5728      -0.035894      0.026604
       1.5732      -0.035887      0.026597
       1.5736      -0.035879      0.026589
        1.574      -0.035871      0.026581
       1.5744      -0.035862      0.026572
       1.5748      -0.035853      0.026563
       1.5752      -0.035844      0.026554
       1.5756      -0.035834      0.026544
        1.576      -0.035824      0.026534
       1.5764      -0.035813      0.026523
       1.5768      -0.035802      0.026512
       1.5772      -0.035791      0.026501
       1.5776      -0.035779      0.026489
        1.578      -0.035767      0.026477
       1.5784      -0.035754      0.026464
       1.5788      -0.035741      0.026451
       1.5792      -0.035727      0.026437
       1.5796      -0.035713      0.026423
         1.58      -0.035699      0.026409
       1.5804      -0.035684      0.026394
       1.5808      -0.035669      0.026379
       1.5812      -0.035653      0.026363
       1.5816      -0.035637      0.026347
        1.582      -0.035621      0.026331
       1.5824      -0.035604      0.026314
       1.5828      -0.035587      0.026297
       1.5832      -0.035569      0.026279
       1.5836      -0.035551      0.026261
        1.584      -0.035532      0.026242
       1.5844      -0.035513      0.026223
       1.5848      -0.035494      0.026204
       1.5852      -0.035474      0.026184
       1.5856      -0.035453      0.026163
        1.586      -0.035432      0.026143
       1.5864      -0.035411      0.026122
       1.5868      -0.035390      0.026100
       1.5872      -0.035367      0.026078
       1.5876      -0.035345      0.026055
        1.588      -0.035322      0.026032
       1.5884      -0.035298      0.026009
       1.5888      -0.035275      0.025985
       1.5892      -0.035250      0.025961
       1.5896      -0.035226      0.025936
         1.59      -0.035200      0.025911
       1.5904      -0.035175      0.025885
       1.5908      -0.035149      0.025859
       1.5912      -0.035122      0.025833
       1.5916      -0.035095      0.025806
        1.592      -0.035068      0.025778
       1.5924      -0.035040      0.025750
       1.5928      -0.035011      0.025722
       1.5932      -0.034982      0.025693
       1.5936      -0.034953      0.025664
        1.594      -0.034923      0.025634
       1.5944      -0.034893      0.025604
       1.5948      -0.034862      0.025573
       1.5952      -0.034831      0.025542
       1.5956      -0.034800      0.025511
        1.596      -0.034768      0.025479
       1.5964      -0.034735      0.025446
       1.5968      -0.034702      0.025413
       1.5972      -0.034669      0.025380
       1.5976      -0.034635      0.025346
        1.598      -0.034600      0.025312
       1.5984      -0.034566      0.025277
       1.5988      -0.034530      0.025242
       1.5992      -0.034495      0.025206
       1.5996      -0.034458      0.025170
          1.6      -0.034422      0.025133
       1.6004      -0.034384      0.025096
       1.6008      -0.034347      0.025058
       1.6012      -0.034308      0.025020
       1.6016      -0.034270      0.024982
        1.602      -0.034231      0.024943
       1.6024      -0.034191      0.024903
       1.6028      -0.034151      0.024863
       1.6032      -0.034110      0.024823
       1.6036      -0.034069      0.024782
        1.604      -0.034028      0.024740
       1.6044      -0.033986      0.024698
       1.6048      -0.033943      0.024656
       1.6052      -0.033900      0.024613
       1.6056      -0.033857      0.024569
        1.606      -0.033813      0.024526
       1.6064      -0.033768      0.024481
       1.6068      -0.033723      0.024436
       1.6072      -0.033678      0.024391
       1.6076      -0.033632      0.024345
        1.608      -0.033586      0.024299
       1.6084      -0.033539      0.024252
       1.6088      -0.033491      0.024205
       1.6092      -0.033443      0.024157
       1.6096      -0.033395      0.024108
         1.61      -0.033346      0.024060
       1.6104      -0.033297      0.024010
       1.6108      -0.033247      0.023960
       1.6112      -0.033196      0.023910
       1.6116      -0.033145      0.023859
        1.612      -0.033094      0.023808
       1.6124      -0.033042      0.023756
       1.6128      -0.032990      0.023704
       1.6132      -0.032937      0.023651
       1.6136      -0.032883      0.023598
        1.614      -0.032829      0.023544
       1.6144      -0.032775      0.023489
       1.6148      -0.032720      0.023435
       1.6152      -0.032664      0.023379
       1.6156      -0.032608      0.023323
        1.616      -0.032552      0.023267
       1.6164      -0.032495      0.023210
       1.6168      -0.032437      0.023153
       1.6172      -0.032379      0.023095
       1.6176      -0.032321      0.023036
        1.618      -0.032262      0.022977
       1.6184      -0.032202      0.022918
       1.6188      -0.032142      0.022858
       1.6192      -0.032081      0.022797
       1.6196      -0.032020      0.022736
         1.62      -0.031959      0.022675
       1.6204      -0.031896      0.022613
       1.6208      -0.031834      0.022550
       1.6212      -0.031771      0.022487
       1.6216      -0.031707      0.022423
        1.622      -0.031643      0.022359
       1.6224      -0.031578      0.022295
       1.6228      -0.031512      0.022229
       1.6232      -0.031447      0.022164
       1.6236      -0.031380      0.022097
        1.624      -0.031313      0.022031
       1.6244      -0.031246      0.021963
       1.6248      -0.031178      0.021896
       1.6252      -0.031109      0.021827
       1.6256      -0.031040      0.021758
        1.626      -0.030971      0.021689
       1.6264      -0.030901      0.021619
       1.6268      -0.030830      0.021549
       1.6272      -0.030759      0.021478
       1.6276      -0.030687      0.021406
        1.628      -0.030615      0.021334
       1.6284      -0.030543      0.021261
       1.6288      -0.030469      0.021188
       1.6292      -0.030395      0.021115
       1.6296      -0.030321      0.021041
         1.63      -0.030246      0.020966
       1.6304      -0.030171      0.020891
       1.6308      -0.030095      0.020815
       1.6312      -0.030018      0.020739
       1.6316      -0.029941      0.020662
        1.632      -0.029864      0.020584
       1.6324      -0.029786      0.020506
       1.6328      -0.029707      0.020428
       1.6332      -0.029628      0.020349
       1.6336      -0.029548      0.020270
        1.634      -0.029468      0.020189
       1.6344      -0.029387      0.020109
       1.6348      -0.029306      0.020028
       1.6352      -0.029224      0.019946
       1.6356      -0.029142      0.019864
        1.636      -0.029059      0.019781
       1.6364      -0.028976      0.019698
       1.6368      -0.028892      0.019614
       1.6372      -0.028807      0.019530
       1.6376      -0.028722      0.019445
        1.638      -0.028636      0.019359
       1.6384      -0.028550      0.019274
       1.6388      -0.028464      0.019187
       1.6392      -0.028376      0.019100
       1.6396      -0.028289      0.019012
         1.64      -0.028200      0.018924
       1.6404      -0.028111      0.018836
       1.6408      -0.028022      0.018746
       1.6412      -0.027932      0.018657
       1.6416      -0.027842      0.018567
        1.642      -0.027751      0.018476
       1.6424      -0.027659      0.018384
       1.6428      -0.027567      0.018292
       1.6432      -0.027474      0.018200
       1.6436      -0.027381      0.018107
        1.644      -0.027287      0.018014
       1.6444      -0.027193      0.017920
       1.6448      -0.027098      0.017825
       1.6452      -0.027003      0.017730
       1.6456      -0.026907      0.017634
        1.646      -0.026811      0.017538
       1.6464      -0.026714      0.017441
       1.6468      -0.026616      0.017344
       1.6472      -0.026518      0.017246
       1.6476      -0.026420      0.017148
        1.648      -0.026321      0.017049
       1.6484      -0.026221      0.016950
       1.6488      -0.026121      0.016850
       1.6492      -0.026020      0.016749
       1.6496      -0.025919      0.016648
         1.65      -0.025817      0.016547
       1.6504      -0.025715      0.016445
       1.6508      -0.025612      0.016342
       1.6512      -0.025509      0.016239
       1.6516      -0.025405      0.016135
        1.652      -0.025300      0.016031
       1.6524      -0.025195      0.015927
       1.6528      -0.025090      0.015821
       1.6532      -0.024984      0.015716
       1.6536      -0.024877      0.015609
        1.654      -0.024770      0.015502
       1.6544      -0.024662      0.015395
       1.6548      -0.024554      0.015287
       1.6552      -0.024446      0.015179
       1.6556      -0.024336      0.015070
        1.656      -0.024227      0.014960
       1.6564      -0.024116      0.014850
       1.6568      -0.024006      0.014740
       1.6572      -0.023894      0.014629
       1.6576      -0.023782      0.014517
        1.658      -0.023670      0.014405
       1.6584      -0.023557      0.014293
       1.6588      -0.023444      0.014179
       1.6592      -0.023330      0.014066
       1.6596      -0.023215      0.013952
         1.66      -0.023100      0.013837
       1.6604      -0.022985      0.013722
       1.6608      -0.022869      0.013606
       1.6612      -0.022752      0.013490
       1.6616      -0.022635      0.013373
        1.662      -0.022518      0.013256
       1.6624      -0.022400      0.013138
       1.6628      -0.022281      0.013020
       1.6632      -0.022162      0.012901
       1.6636      -0.022043      0.012782
        1.664      -0.021923      0.012662
       1.6644      -0.021802      0.012542
       1.6648      -0.021681      0.012421
       1.6652      -0.021559      0.012300
       1.6656      -0.021437      0.012178
        1.666      -0.021315      0.012056
       1.6664      -0.021192      0.011933
       1.6668      -0.021068      0.011810
       1.6672      -0.020944      0.011686
       1.6676      -0.020819      0.011562
        1.668      -0.020694      0.011437
       1.6684      -0.020569      0.011312
       1.6688      -0.020443      0.011186
       1.6692      -0.020316      0.011060
       1.6696      -0.020189      0.010933
         1.67      -0.020061      0.010806
       1.6704      -0.019933      0.010678
       1.6708      -0.019805      0.010550
       1.6712      -0.019676      0.010422
       1.6716      -0.019547      0.010293
        1.672      -0.019417      0.010163
       1.6724      -0.019286      0.010033
       1.6728      -0.019155      0.009902
       1.6732      -0.019024      0.009771
       1.6736      -0.018892      0.009640
        1.674      -0.018760      0.009508
       1.6744      -0.018627      0.009376
       1.6748      -0.018494      0.009243
       1.6752      -0.018360      0.009110
       1.6756      -0.018226      0.008976
        1.676      -0.018091      0.008841
       1.6764      -0.017956      0.008707
       1.6768      -0.017821      0.008572
       1.6772      -0.017685      0.008436
       1.6776      -0.017548      0.008300
        1.678      -0.017411      0.008163
       1.6784      -0.017274      0.008027
       1.6788      -0.017136      0.007889
       1.6792      -0.016998      0.007751
       1.6796      -0.016859      0.007613
         1.68      -0.016720      0.007474
       1.6804      -0.016581      0.007335
       1.6808      -0.016441      0.007196
       1.6812      -0.016300      0.007056
       1.6816      -0.016159      0.006915
        1.682      -0.016018      0.006774
       1.6824      -0.015876      0.006633
       1.6828      -0.015734      0.006491
       1.6832      -0.015592      0.006349
       1.6836      -0.015449      0.006206
        1.684      -0.015305      0.006063
       1.6844      -0.015161      0.005920
       1.6848      -0.015017      0.005776
       1.6852      -0.014872      0.005632
       1.6856      -0.014727      0.005487
        1.686      -0.014582      0.005342
       1.6864      -0.014436      0.005197
       1.6868      -0.014290      0.005051
       1.6872      -0.014143      0.004905
       1.6876      -0.013996      0.004758
        1.688      -0.013849      0.004611
       1.6884      -0.013701      0.004464
       1.6888      -0.013553      0.004316
       1.6892      -0.013404      0.004168
       1.6896      -0.013255      0.004019
         1.69      -0.013106      0.003871
       1.6904      -0.012956      0.003721
       1.6908      -0.012806      0.003572
       1.6912      -0.012655      0.003422
       1.6916      -0.012504      0.003271
        1.692      -0.012353      0.003120
       1.6924      -0.012202      0.002969
       1.6928      -0.012050      0.002818
       1.6932      -0.011897      0.002666
       1.6936      -0.011745      0.002514
        1.694      -0.011592      0.002361
       1.6944      -0.011438      0.002208
       1.6948      -0.011285      0.002055
       1.6952      -0.011131      0.001902
       1.6956      -0.010976      0.001748
        1.696      -0.010821      0.001593
       1.6964      -0.010666      0.001439
       1.6968      -0.010511      0.001284
       1.6972      -0.010355      0.001129
       1.6976      -0.010199      0.000973
        1.698      -0.010043      0.000817
       1.6984      -0.009886      0.000661
       1.6988      -0.009729      0.000505
       1.6992      -0.009572      0.000348
       1.6996      -0.009414      0.000191
          1.7      -0.009257      0.000033
       1.7004      -0.009098      -0.000124
       1.7008      -0.008940      -0.000282
       1.7012      -0.008781      -0.000441
       1.7016      -0.008622      -0.000599
        1.702      -0.008463      -0.000758
       1.7024      -0.008303      -0.000917
       1.7028      -0.008143      -0.001076
       1.7032      -0.007983      -0.001236
       1.7036      -0.007822      -0.001396
        1.704      -0.007662      -0.001556
       1.7044      -0.007501      -0.001717
       1.7048      -0.007339      -0.001878
       1.7052      -0.007178      -0.002039
       1.7056      -0.007016      -0.002200
        1.706      -0.006854      -0.002361
       1.7064      -0.006692      -0.002523
       1.7068      -0.006529      -0.002685
       1.7072      -0.006366      -0.002847
       1.7076      -0.006203      -0.003010
        1.708      -0.006040      -0.003173
       1.7084      -0.005876      -0.003336
       1.7088      -0.005713      -0.003499
       1.7092      -0.005549      -0.003662
       1.7096      -0.005385      -0.003826
         1.71      -0.005220      -0.003990
       1.7104      -0.005056      -0.004154
       1.7108      -0.004891      -0.004318
       1.7112      -0.004726      -0.004482
       1.7116      -0.004561      -0.004647
        1.712      -0.004395      -0.004812
       1.7124      -0.004230      -0.004977
       1.7128      -0.004064      -0.005142
       1.7132      -0.003898      -0.005307
       1.7136      -0.003732      -0.005473
        1.714      -0.003566      -0.005639
       1.7144      -0.003399      -0.005804
       1.7148      -0.003233      -0.005971
       1.7152      -0.003066      -0.006137
       1.7156      -0.002899      -0.006303
        1.716      -0.002732      -0.006470
       1.7164      -0.002565      -0.006636
       1.7168      -0.002397      -0.006803
       1.7172      -0.002230      -0.006970
       1.7176      -0.002062      -0.007137
        1.718      -0.001894      -0.007305
       1.7184      -0.001726      -0.007472
       1.7188      -0.001558      -0.007639
       1.7192      -0.001390      -0.007807
       1.7196      -0.001222      -0.007975
         1.72      -0.001053      -0.008143
       1.7204      -0.000885      -0.008311
       1.7208      -0.000716      -0.008479
       1.7212      -0.000547      -0.008647
       1.7216      -0.000378      -0.008815
        1.722      -0.000209      -0.008983
       1.7224      -0.000040      -0.009152
       1.7228      0.000129      -0.009320
       1.7232      0.000298      -0.009489
       1.7236      0.000467      -0.009658
        1.724      0.000636      -0.009826
       1.7244      0.000806      -0.009995
       1.7248      0.000975      -0.010164
       1.7252      0.001145      -0.010333
       1.7256      0.001314      -0.010502
        1.726      0.001484      -0.010671
       1.7264      0.001654      -0.010840
       1.7268      0.001823      -0.011009
       1.7272      0.001993      -0.011178
       1.7276      0.002163      -0.011348
        1.728      0.002333      -0.011517
       1.7284      0.002502      -0.011686
       1.7288      0.002672      -0.011855
       1.7292      0.002842      -0.012024
       1.7296      0.003012      -0.012194
         1.73      0.003182      -0.012363
       1.7304      0.003352      -0.012532
       1.7308      0.003521      -0.012701
       1.7312      0.003691      -0.012871
       1.7316      0.003861      -0.013040
        1.732      0.004031      -0.013209
       1.7324      0.004201      -0.013378
       1.7328      0.004370      -0.013547
       1.7332      0.004540      -0.013716
       1.7336      0.004710      -0.013885
        1.734      0.004879      -0.014054
       1.7344      0.005049      -0.014223
       1.7348      0.005218      -0.014392
       1.7352      0.005388      -0.014561
       1.7356      0.005557      -0.014730
        1.736      0.005727      -0.014899
       1.7364      0.005896      -0.015067
       1.7368      0.006065      -0.015236
       1.7372      0.006234      -0.015404
       1.7376      0.006403      -0.015573
        1.738      0.006572      -0.015741
       1.7384      0.006741      -0.015909
       1.7388      0.006910      -0.016077
       1.7392      0.007078      -0.016245
       1.7396      0.007247      -0.016413
         1.74      0.007415      -0.016581
       1.7404      0.007583      -0.016749
       1.7408      0.007752      -0.016916
       1.7412      0.007920      -0.017084
       1.7416      0.008088      -0.017251
        1.742      0.008255      -0.017418
       1.7424      0.008423      -0.017585
       1.7428      0.008590      -0.017752
       1.7432      0.008758      -0.017919
       1.7436      0.008925      -0.018085
        1.744      0.009092      -0.018252
       1.7444      0.009259      -0.018418
       1.7448      0.009425      -0.018584
       1.7452      0.009592      -0.018750
       1.7456      0.009758      -0.018915
        1.746      0.009924      -0.019081
       1.7464      0.010090      -0.019246
       1.7468      0.010256      -0.019411
       1.7472      0.010421      -0.019576
       1.7476      0.010586      -0.019741
        1.748      0.010752      -0.019905
       1.7484      0.010916      -0.020070
       1.7488      0.011081      -0.020234
       1.7492      0.011245      -0.020398
       1.7496      0.011410      -0.020561
         1.75      0.011574      -0.020725
       1.7504      0.011737      -0.020888
       1.7508      0.011901      -0.021051
       1.7512      0.012064      -0.021213
       1.7516      0.012227      -0.021376
        1.752      0.012390      -0.021538
       1.7524      0.012552      -0.021699
       1.7528      0.012714      -0.021861
       1.7532      0.012876      -0.022022
       1.7536      0.013038      -0.022183
        1.754      0.013199      -0.022344
       1.7544      0.013360      -0.022505
       1.7548      0.013521      -0.022665
       1.7552      0.013681      -0.022825
       1.7556      0.013841      -0.022984
        1.756      0.014001      -0.023143
       1.7564      0.014161      -0.023302
       1.7568      0.014320      -0.023461
       1.7572      0.014479      -0.023619
       1.7576      0.014637      -0.023777
        1.758      0.014796      -0.023935
       1.7584      0.014954      -0.024092
       1.7588      0.015111      -0.024249
       1.7592      0.015268      -0.024406
       1.7596      0.015425      -0.024562
         1.76      0.015582      -0.024718
       1.7604      0.015738      -0.024873
       1.7608      0.015893      -0.025029
       1.7612      0.016049      -0.025183
       1.7616      0.016204      -0.025338
        1.762      0.016358      -0.025492
       1.7624      0.016513      -0.025645
       1.7628      0.016666      -0.025799
       1.7632      0.016820      -0.025952
       1.7636      0.016973      -0.026104
        1.764      0.017126      -0.026256
       1.7644      0.017278      -0.026408
       1.7648      0.017430      -0.026559
       1.7652      0.017581      -0.026710
       1.7656      0.017732      -0.026860
        1.766      0.017883      -0.027010
       1.7664      0.018033      -0.027160
       1.7668      0.018182      -0.027309
       1.7672      0.018332      -0.027458
       1.7676      0.018480      -0.027606
        1.768      0.018629      -0.027754
       1.7684      0.018777      -0.027901
       1.7688      0.018924      -0.028048
       1.7692      0.019071      -0.028194
       1.7696      0.019217      -0.028340
         1.77      0.019363      -0.028486
       1.7704      0.019509      -0.028631
       1.7708      0.019654      -0.028775
       1.7712      0.019799      -0.028919
       1.7716      0.019943      -0.029063
        1.772      0.020086      -0.029206
       1.7724      0.020229      -0.029348
       1.7728      0.020372      -0.029490
       1.7732      0.020514      -0.029632
       1.7736      0.020655      -0.029773
        1.774      0.020796      -0.029913
       1.7744      0.020937      -0.030053
       1.7748      0.021077      -0.030193
       1.7752      0.021216      -0.030332
       1.7756      0.021355      -0.030470
        1.776      0.021493      -0.030608
       1.7764      0.021631      -0.030745
       1.7768      0.021768      -0.030882
       1.7772      0.021905      -0.031018
       1.7776      0.022041      -0.031154
        1.778      0.022177      -0.031289
       1.7784      0.022312      -0.031423
       1.7788      0.022446      -0.031557
       1.7792      0.022580      -0.031691
       1.7796      0.022713      -0.031823
         1.78      0.022846      -0.031956
       1.7804      0.022978      -0.032087
       1.7808      0.023109      -0.032218
       1.7812      0.023240      -0.032349
       1.7816      0.023371      -0.032478
        1.782      0.023500      -0.032608
       1.7824      0.023629      -0.032736
       1.7828      0.023758      -0.032864
       1.7832      0.023886      -0.032992
       1.7836      0.024013      -0.033118
        1.784      0.024139      -0.033244
       1.7844      0.024265      -0.033370
       1.7848      0.024391      -0.033495
       1.7852      0.024515      -0.033619
       1.7856      0.024639      -0.033743
        1.786      0.024763      -0.033866
       1.7864      0.024886      -0.033988
       1.7868      0.025008      -0.034110
       1.7872      0.025129      -0.034231
       1.7876      0.025250      -0.034351
        1.788      0.025370      -0.034471
       1.7884      0.025489      -0.034589
       1.7888      0.025608      -0.034708
       1.7892      0.025726      -0.034825
       1.7896      0.025844      -0.034942
         1.79      0.025960      -0.035059
       1.7904      0.026076      -0.035174
       1.7908      0.026192      -0.035289
       1.7912      0.026306      -0.035403
       1.7916      0.026420      -0.035517
        1.792      0.026533      -0.035630
       1.7924      0.026646      -0.035742
       1.7928      0.026758      -0.035853
       1.7932      0.026869      -0.035964
       1.7936      0.026979      -0.036074
        1.794      0.027089      -0.036183
       1.7944      0.027198      -0.036292
       1.7948      0.027306      -0.036400
       1.7952      0.027413      -0.036507
       1.7956      0.027520      -0.036613
        1.796      0.027626      -0.036719
       1.7964      0.027731      -0.036823
       1.7968      0.027836      -0.036928
       1.7972      0.027939      -0.037031
       1.7976      0.028042      -0.037134
        1.798      0.028145      -0.037236
       1.7984      0.028246      -0.037337
       1.7988      0.028347      -0.037437
       1.7992      0.028447      -0.037537
       1.7996      0.028546      -0.037635
          1.8      0.028644      -0.037733
       1.8004      0.028742      -0.037831
       1.8008      0.028839      -0.037927
       1.8012      0.028935      -0.038023
       1.8016      0.029030      -0.038118
        1.802      0.029125      -0.038212
       1.8024      0.029218      -0.038306
       1.8028      0.029311      -0.038398
       1.8032      0.029403      -0.038490
       1.8036      0.029495      -0.038581
        1.804      0.029585      -0.038671
       1.8044      0.029675      -0.038761
       1.8048      0.029764      -0.038849
       1.8052      0.029852      -0.038937
       1.8056      0.029939      -0.039024
        1.806      0.030026      -0.039110
       1.8064      0.030111      -0.039196
       1.8068      0.030196      -0.039280
       1.8072      0.030280      -0.039364
       1.8076      0.030363      -0.039447
        1.808      0.030445      -0.039529
       1.8084      0.030527      -0.039610
       1.8088      0.030608      -0.039690
       1.8092      0.030687      -0.039770
       1.8096      0.030766      -0.039849
         1.81      0.030845      -0.039927
       1.8104      0.030922      -0.040004
       1.8108      0.030998      -0.040080
       1.8112      0.031074      -0.040155
       1.8116      0.031149      -0.040230
        1.812      0.031223      -0.040303
       1.8124      0.031296      -0.040376
       1.8128      0.031368      -0.040448
       1.8132      0.031439      -0.040519
       1.8136      0.031510      -0.040590
        1.814      0.031579      -0.040659
       1.8144      0.031648      -0.040727
       1.8148      0.031716      -0.040795
       1.8152      0.031783      -0.040862
       1.8156      0.031849      -0.040928
        1.816      0.031914      -0.040993
       1.8164      0.031978      -0.041057
       1.8168      0.032042      -0.041120
       1.8172      0.032105      -0.041183
       1.8176      0.032166      -0.041244
        1.818      0.032227      -0.041305
       1.8184      0.032287      -0.041365
       1.8188      0.032346      -0.041424
       1.8192      0.032404      -0.041482
       1.8196      0.032462      -0.041539
         1.82      0.032518      -0.041595
       1.8204      0.032573      -0.041650
       1.8208      0.032628      -0.041705
       1.8212      0.032682      -0.041758
       1.8216      0.032734      -0.041811
        1.822      0.032786      -0.041863
       1.8224      0.032837      -0.041914
       1.8228      0.032887      -0.041964
       1.8232      0.032937      -0.042013
       1.8236      0.032985      -0.042061
        1.824      0.033032      -0.042108
       1.8244      0.033079      -0.042154
       1.8248      0.033124      -0.042200
       1.8252      0.033169      -0.042244
       1.8256      0.033213      -0.042288
        1.826      0.033255      -0.042331
       1.8264      0.033297      -0.042372
       1.8268      0.033338      -0.042413
       1.8272      0.033378      -0.042453
       1.8276      0.033417      -0.042492
        1.828      0.033456      -0.042530
       1.8284      0.033493      -0.042568
       1.8288      0.033529      -0.042604
       1.8292      0.033565      -0.042639
       1.8296      0.033599      -0.042674
         1.83      0.033633      -0.042707
       1.8304      0.033665      -0.042740
       1.8308      0.033697      -0.042772
       1.8312      0.033728      -0.042802
       1.8316      0.033758      -0.042832
        1.832      0.033787      -0.042861
       1.8324      0.033815      -0.042889
       1.8328      0.033842      -0.042916
       1.8332      0.033868      -0.042942
       1.8336      0.033893      -0.042968
        1.834      0.033918      -0.042992
       1.8344      0.033941      -0.043015
       1.8348      0.033963      -0.043038
       1.8352      0.033985      -0.043059
       1.8356      0.034005      -0.043080
        1.836      0.034025      -0.043099
       1.8364      0.034044      -0.043118
       1.8368      0.034062      -0.043136
       1.8372      0.034078      -0.043153
       1.8376      0.034094      -0.043169
        1.838      0.034109      -0.043184
       1.8384      0.034123      -0.043198
       1.8388      0.034136      -0.043211
       1.8392      0.034149      -0.043223
       1.8396      0.034160      -0.043234
         1.84      0.034170      -0.043244
       1.8404      0.034179      -0.043254
       1.8408      0.034188      -0.043262
       1.8412      0.034195      -0.043270
       1.8416      0.034202      -0.043276
        1.842      0.034207      -0.043282
       1.8424      0.034212      -0.043287
       1.8428      0.034216      -0.043291
       1.8432      0.034219      -0.043294
       1.8436      0.034221      -0.043295
        1.844      0.034221      -0.043296
       1.8444      0.034221      -0.043297
       1.8448      0.034221      -0.043296
       1.8452      0.034219      -0.043294
       1.8456      0.034216      -0.043291
        1.846      0.034212      -0.043288
       1.8464      0.034208      -0.043283
       1.8468      0.034202      -0.043278
       1.8472      0.034195      -0.043271
       1.8476      0.034188      -0.043264
        1.848      0.034180      -0.043256
       1.8484      0.034170      -0.043246
       1.8488      0.034160      -0.043236
       1.8492      0.034149      -0.043225
       1.8496      0.034137      -0.043213
         1.85      0.034124      -0.043200
       1.8504      0.034110      -0.043187
       1.8508      0.034095      -0.043172
       1.8512      0.034079      -0.043156
       1.8516      0.034063      -0.043140
        1.852      0.034045      -0.043122
       1.8524      0.034026      -0.043104
       1.8528      0.034007      -0.043085
       1.8532      0.033987      -0.043064
       1.8536      0.033965      -0.043043
        1.854      0.033943      -0.043021
       1.8544      0.033920      -0.042998
       1.8548      0.033896      -0.042974
       1.8552      0.033871      -0.042950
       1.8556      0.033845      -0.042924
        1.856      0.033819      -0.042897
       1.8564      0.033791      -0.042870
       1.8568      0.033762      -0.042842
       1.8572      0.033733      -0.042812
       1.8576      0.033702      -0.042782
        1.858      0.033671      -0.042751
       1.8584      0.033639      -0.042719
       1.8588      0.033606      -0.042686
       1.8592      0.033572      -0.042652
       1.8596      0.033537      -0.042618
         1.86      0.033501      -0.042582
       1.8604      0.033465      -0.042546
       1.8608      0.033427      -0.042508
       1.8612      0.033389      -0.042470
       1.8616      0.033349      -0.042431
        1.862      0.033309      -0.042391
       1.8624      0.033268      -0.042350
       1.8628      0.033226      -0.042308
       1.8632      0.033183      -0.042266
       1.8636      0.033140      -0.042222
        1.864      0.033095      -0.042178
       1.8644      0.033049      -0.042133
       1.8648      0.033003      -0.042087
       1.8652      0.032956      -0.042040
       1.8656      0.032908      -0.041992
        1.866      0.032859      -0.041943
       1.8664      0.032809      -0.041894
       1.8668      0.032758      -0.041843
       1.8672      0.032707      -0.041792
       1.8676      0.032654      -0.041740
        1.868      0.032601      -0.041687
       1.8684      0.032547      -0.041633
       1.8688      0.032492      -0.041578
       1.8692      0.032436      -0.041523
       1.8696      0.032380      -0.041466
         1.87      0.032322      -0.041409
       1.8704      0.032264      -0.041351
       1.8708      0.032205      -0.041292
       1.8712      0.032145      -0.041232
       1.8716      0.032084      -0.041172
        1.872      0.032022      -0.041111
       1.8724      0.031960      -0.041048
       1.8728      0.031896      -0.040985
       1.8732      0.031832      -0.040921
       1.8736      0.031767      -0.040857
        1.874      0.031701      -0.040791
       1.8744      0.031635      -0.040725
       1.8748      0.031567      -0.040658
       1.8752      0.031499      -0.040590
       1.8756      0.031430      -0.040521
        1.876      0.031360      -0.040452
       1.8764      0.031290      -0.040381
       1.8768      0.031218      -0.040310
       1.8772      0.031146      -0.040238
       1.8776      0.031073      -0.040166
        1.878      0.030999      -0.040092
       1.8784      0.030924      -0.040018
       1.8788      0.030849      -0.039943
       1.8792      0.030773      -0.039867
       1.8796      0.030696      -0.039790
         1.88      0.030618      -0.039713
       1.8804      0.030539      -0.039635
       1.8808      0.030460      -0.039556
       1.8812      0.030380      -0.039476
       1.8816      0.030299      -0.039395
        1.882      0.030218      -0.039314
       1.8824      0.030135      -0.039232
       1.8828      0.030052      -0.039149
       1.8832      0.029968      -0.039066
       1.8836      0.029884      -0.038982
        1.884      0.029798      -0.038897
       1.8844      0.029712      -0.038811
       1.8848      0.029625      -0.038725
       1.8852      0.029538      -0.038637
       1.8856      0.029450      -0.038549
        1.886      0.029361      -0.038461
       1.8864      0.029271      -0.038371
       1.8868      0.029180      -0.038281
       1.8872      0.029089      -0.038190
       1.8876      0.028997      -0.038099
        1.888      0.028905      -0.038007
       1.8884      0.028811      -0.037914
       1.8888      0.028717      -0.037820
       1.8892      0.028623      -0.037726
       1.8896      0.028527      -0.037631
         1.89      0.028431      -0.037535
       1.8904      0.028334      -0.037438
       1.8908      0.028237      -0.037341
       1.8912      0.028138      -0.037244
       1.8916      0.028040      -0.037145
        1.892      0.027940      -0.037046
       1.8924      0.027840      -0.036946
       1.8928      0.027739      -0.036846
       1.8932      0.027637      -0.036744
       1.8936      0.027535      -0.036643
        1.894      0.027432      -0.036540
       1.8944      0.027329      -0.036437
       1.8948      0.027224      -0.036333
       1.8952      0.027120      -0.036229
       1.8956      0.027014      -0.036124
        1.896      0.026908      -0.036018
       1.8964      0.026801      -0.035912
       1.8968      0.026694      -0.035805
       1.8972      0.026586      -0.035697
       1.8976      0.026477      -0.035589
        1.898      0.026368      -0.035480
       1.8984      0.026258      -0.035370
       1.8988      0.026147      -0.035260
       1.8992      0.026036      -0.035150
       1.8996      0.025925      -0.035038
          1.9      0.025812      -0.034926
       1.9004      0.025699      -0.034814
       1.9008      0.025586      -0.034701
       1.9012      0.025472      -0.034587
       1.9016      0.025357      -0.034473
        1.902      0.025242      -0.034358
       1.9024      0.025126      -0.034243
       1.9028      0.025009      -0.034127
       1.9032      0.024893      -0.034010
       1.9036      0.024775      -0.033893
        1.904      0.024657      -0.033775
       1.9044      0.024538      -0.033657
       1.9048      0.024419      -0.033538
       1.9052      0.024299      -0.033419
       1.9056      0.024179      -0.033299
        1.906      0.024058      -0.033179
       1.9064      0.023937      -0.033058
       1.9068      0.023815      -0.032936
       1.9072      0.023692      -0.032814
       1.9076      0.023569      -0.032692
        1.908      0.023446      -0.032568
       1.9084      0.023322      -0.032445
       1.9088      0.023197      -0.032321
       1.9092      0.023072      -0.032196
       1.9096      0.022946      -0.032071
         1.91      0.022820      -0.031945
       1.9104      0.022694      -0.031819
       1.9108      0.022567      -0.031693
       1.9112      0.022439      -0.031566
       1.9116      0.022311      -0.031438
        1.912      0.022183      -0.031310
       1.9124      0.022054      -0.031181
       1.9128      0.021924      -0.031052
       1.9132      0.021794      -0.030923
       1.9136      0.021664      -0.030793
        1.914      0.021533      -0.030663
       1.9144      0.021402      -0.030532
       1.9148      0.021270      -0.030401
       1.9152      0.021138      -0.030269
       1.9156      0.021005      -0.030137
        1.916      0.020872      -0.030004
       1.9164      0.020739      -0.029871
       1.9168      0.020605      -0.029738
       1.9172      0.020471      -0.029604
       1.9176      0.020336      -0.029469
        1.918      0.020201      -0.029335
       1.9184      0.020065      -0.029200
       1.9188      0.019929      -0.029064
       1.9192      0.019793      -0.028928
       1.9196      0.019656      -0.028792
         1.92      0.019519      -0.028655
       1.9204      0.019381      -0.028518
       1.9208      0.019243      -0.028381
       1.9212      0.019105      -0.028243
       1.9216      0.018966      -0.028104
        1.922      0.018827      -0.027966
       1.9224      0.018688      -0.027827
       1.9228      0.018548      -0.027687
       1.9232      0.018408      -0.027548
       1.9236      0.018267      -0.027408
        1.924      0.018126      -0.027267
       1.9244      0.017985      -0.027127
       1.9248      0.017843      -0.026985
       1.9252      0.017702      -0.026844
       1.9256      0.017559      -0.026702
        1.926      0.017417      -0.026560
       1.9264      0.017274      -0.026418
       1.9268      0.017131      -0.026275
       1.9272      0.016987      -0.026132
       1.9276      0.016843      -0.025989
        1.928      0.016699      -0.025845
       1.9284      0.016555      -0.025701
       1.9288      0.016410      -0.025557
       1.9292      0.016265      -0.025412
       1.9296      0.016120      -0.025267
         1.93      0.015974      -0.025122
       1.9304      0.015828      -0.024977
       1.9308      0.015682      -0.024831
       1.9312      0.015536      -0.024685
       1.9316      0.015389      -0.024539
        1.932      0.015242      -0.024392
       1.9324      0.015095      -0.024246
       1.9328      0.014947      -0.024099
       1.9332      0.014800      -0.023951
       1.9336      0.014652      -0.023804
        1.934      0.014504      -0.023656
       1.9344      0.014355      -0.023508
       1.9348      0.014206      -0.023360
       1.9352      0.014058      -0.023211
       1.9356      0.013908      -0.023063
        1.936      0.013759      -0.022914
       1.9364      0.013610      -0.022765
       1.9368      0.013460      -0.022615
       1.9372      0.013310      -0.022466
       1.9376      0.013160      -0.022316
        1.938      0.013009      -0.022166
       1.9384      0.012859      -0.022016
       1.9388      0.012708      -0.021866
       1.9392      0.012557      -0.021715
       1.9396      0.012406      -0.021565
         1.94      0.012254      -0.021414
       1.9404      0.012103      -0.021263
       1.9408      0.011951      -0.021112
       1.9412      0.011800      -0.020960
       1.9416      0.011648      -0.020809
        1.942      0.011495      -0.020657
       1.9424      0.011343      -0.020505
       1.9428      0.011191      -0.020353
       1.9432      0.011038      -0.020201
       1.9436      0.010885      -0.020049
        1.944      0.010733      -0.019896
       1.9444      0.010580      -0.019744
       1.9448      0.010427      -0.019591
       1.9452      0.010273      -0.019439
       1.9456      0.010120      -0.019286
        1.946      0.009967      -0.019133
       1.9464      0.009813      -0.018979
       1.9468      0.009659      -0.018826
       1.9472      0.009505      -0.018673
       1.9476      0.009352      -0.018519
        1.948      0.009198      -0.018366
       1.9484      0.009044      -0.018212
       1.9488      0.008889      -0.018059
       1.9492      0.008735      -0.017905
       1.9496      0.008581      -0.017751
         1.95      0.008426      -0.017597
       1.9504      0.008272      -0.017443
       1.9508      0.008118      -0.017289
       1.9512      0.007963      -0.017135
       1.9516      0.007808      -0.016981
        1.952      0.007654      -0.016826
       1.9524      0.007499      -0.016672
       1.9528      0.007344      -0.016518
       1.9532      0.007189      -0.016363
       1.9536      0.007034      -0.016209
        1.954      0.006879      -0.016054
       1.9544      0.006724      -0.015900
       1.9548      0.006570      -0.015745
       1.9552      0.006415      -0.015591
       1.9556      0.006259      -0.015436
        1.956      0.006104      -0.015282
       1.9564      0.005949      -0.015127
       1.9568      0.005794      -0.014972
       1.9572      0.005639      -0.014818
       1.9576      0.005484      -0.014663
        1.958      0.005329      -0.014508
       1.9584      0.005174      -0.014354
       1.9588      0.005019      -0.014199
       1.9592      0.004864      -0.014045
       1.9596      0.004709      -0.013890
         1.96      0.004554      -0.013736
       1.9604      0.004399      -0.013581
       1.9608      0.004244      -0.013427
       1.9612      0.004089      -0.013272
       1.9616      0.003935      -0.013118
        1.962      0.003780      -0.012963
       1.9624      0.003625      -0.012809
       1.9628      0.003470      -0.012655
       1.9632      0.003316      -0.012500
       1.9636      0.003161      -0.012346
        1.964      0.003006      -0.012192
       1.9644      0.002852      -0.012038
       1.9648      0.002697      -0.011884
       1.9652      0.002543      -0.011730
       1.9656      0.002389      -0.011576
        1.966      0.002235      -0.011422
       1.9664      0.002080      -0.011268
       1.9668      0.001926      -0.011115
       1.9672      0.001772      -0.010961
       1.9676      0.001618      -0.010808
        1.968      0.001465      -0.010654
       1.9684      0.001311      -0.010501
       1.9688      0.001157      -0.010348
       1.9692      0.001004      -0.010195
       1.9696      0.000850      -0.010042
         1.97      0.000697      -0.009889
       1.9704      0.000544      -0.009736
       1.9708      0.000391      -0.009583
       1.9712      0.000238      -0.009431
       1.9716      0.000085      -0.009278
        1.972      -0.000068      -0.009126
       1.9724      -0.000220      -0.008974
       1.9728      -0.000373      -0.008822
       1.9732      -0.000525      -0.008670
       1.9736      -0.000677      -0.008518
        1.974      -0.000829      -0.008367
       1.9744      -0.000981      -0.008215
       1.9748      -0.001133      -0.008064
       1.9752      -0.001284      -0.007913
       1.9756      -0.001436      -0.007762
        1.976      -0.001587      -0.007611
       1.9764      -0.001738      -0.007460
       1.9768      -0.001889      -0.007309
       1.9772      -0.002040      -0.007159
       1.9776      -0.002191      -0.007009
        1.978      -0.002341      -0.006859
       1.9784      -0.002491      -0.006709
       1.9788      -0.002641      -0.006559
       1.9792      -0.002791      -0.006409
       1.9796      -0.002941      -0.006260
         1.98      -0.003091      -0.006111
       1.9804      -0.003240      -0.005962
       1.9808      -0.003389      -0.005813
       1.9812      -0.003538      -0.005664
       1.9816      -0.003687      -0.005516
        1.982      -0.003836      -0.005368
       1.9824      -0.003984      -0.005220
       1.9828      -0.004132      -0.005072
       1.9832      -0.004280      -0.004924
       1.9836      -0.004428      -0.004777
        1.984      -0.004576      -0.004630
       1.9844      -0.004723      -0.004483
       1.9848      -0.004870      -0.004336
       1.9852      -0.005017      -0.004189
       1.9856      -0.005164      -0.004043
        1.986      -0.005310      -0.003897
       1.9864      -0.005457      -0.003751
       1.9868      -0.005603      -0.003605
       1.9872      -0.005748      -0.003460
       1.9876      -0.005894      -0.003315
        1.988      -0.006039      -0.003170
       1.9884      -0.006184      -0.003025
       1.9888      -0.006329      -0.002881
       1.9892      -0.006474      -0.002736
       1.9896      -0.006618      -0.002592
         1.99      -0.006762      -0.002449
       1.9904      -0.006906      -0.002305
       1.9908      -0.007050      -0.002162
       1.9912      -0.007193      -0.002019
       1.9916      -0.007336      -0.001876
        1.992      -0.007479      -0.001734
       1.9924      -0.007622      -0.001591
       1.9928      -0.007764      -0.001450
       1.9932      -0.007906      -0.001308
       1.9936      -0.008048      -0.001166
        1.994      -0.008189      -0.001025
       1.9944      -0.008330      -0.000884
       1.9948      -0.008471      -0.000744
       1.9952      -0.008612      -0.000603
       1.9956      -0.008753      -0.000463
        1.996      -0.008893      -0.000324
       1.9964      -0.009032      -0.000184
       1.9968      -0.009172      -0.000045
       1.9972      -0.009311      0.000094
       1.9976      -0.009450      0.000233
        1.998      -0.009589      0.000371
       1.9984      -0.009727      0.000509
       1.9988      -0.009865      0.000647
       1.9992      -0.010003      0.000784
       1.9996      -0.010141      0.000921
            2      -0.010278      0.001058
       2.0004      -0.010415      0.001195
       2.0008      -0.010552      0.001331
       2.0012      -0.010688      0.001467
       2.0016      -0.010824      0.001603
        2.002      -0.010959      0.001738
       2.0024      -0.011095      0.001873
       2.0028      -0.011230      0.002008
       2.0032      -0.011365      0.002142
       2.0036      -0.011499      0.002276
        2.004      -0.011633      0.002410
       2.0044      -0.011767      0.002544
       2.0048      -0.011900      0.002677
       2.0052      -0.012034      0.002809
       2.0056      -0.012166      0.002942
        2.006      -0.012299      0.003074
       2.0064      -0.012431      0.003206
       2.0068      -0.012563      0.003338
       2.0072      -0.012695      0.003469
       2.0076      -0.012826      0.003600
        2.008      -0.012957      0.003730
       2.0084      -0.013087      0.003860
       2.0088      -0.013217      0.003990
       2.0092      -0.013347      0.004120
       2.0096      -0.013477      0.004249
         2.01      -0.013606      0.004378
       2.0104      -0.013735      0.004506
       2.0108      -0.013863      0.004634
       2.0112      -0.013991      0.004762
       2.0116      -0.014119      0.004890
        2.012      -0.014247      0.005017
       2.0124      -0.014374      0.005144
       2.0128      -0.014500      0.005270
       2.0132      -0.014627      0.005396
       2.0136      -0.014753      0.005522
        2.014      -0.014879      0.005647
       2.0144      -0.015004      0.005773
       2.0148      -0.015129      0.005897
       2.0152      -0.015254      0.006022
       2.0156      -0.015378      0.006146
        2.016      -0.015502      0.006269
       2.0164      -0.015626      0.006392
       2.0168      -0.015749      0.006515
       2.0172      -0.015872      0.006638
       2.0176      -0.015994      0.006760
        2.018      -0.016116      0.006882
       2.0184      -0.016238      0.007003
       2.0188      -0.016359      0.007125
       2.0192      -0.016481      0.007245
       2.0196      -0.016601      0.007366
         2.02      -0.016722      0.007486
       2.0204      -0.016841      0.007605
       2.0208      -0.016961      0.007725
       2.0212      -0.017080      0.007844
       2.0216      -0.017199      0.007962
        2.022      -0.017318      0.008080
       2.0224      -0.017436      0.008198
       2.0228      -0.017553      0.008316
       2.0232      -0.017671      0.008433
       2.0236      -0.017788      0.008549
        2.024      -0.017904      0.008666
       2.0244      -0.018021      0.008782
       2.0248      -0.018136      0.008897
       2.0252      -0.018252      0.009012
       2.0256      -0.018367      0.009127
        2.026      -0.018482      0.009242
       2.0264      -0.018596      0.009356
       2.0268      -0.018710      0.009469
       2.0272      -0.018824      0.009583
       2.0276      -0.018937      0.009696
        2.028      -0.019050      0.009808
       2.0284      -0.019162      0.009920
       2.0288      -0.019274      0.010032
       2.0292      -0.019386      0.010143
       2.0296      -0.019497      0.010254
         2.03      -0.019608      0.010365
       2.0304      -0.019719      0.010475
       2.0308      -0.019829      0.010585
       2.0312      -0.019939      0.010695
       2.0316      -0.020048      0.010804
        2.032      -0.020157      0.010913
       2.0324      -0.020266      0.011021
       2.0328      -0.020374      0.011129
       2.0332      -0.020482      0.011236
       2.0336      -0.020589      0.011344
        2.034      -0.020696      0.011450
       2.0344      -0.020803      0.011557
       2.0348      -0.020909      0.011663
       2.0352      -0.021015      0.011768
       2.0356      -0.021120      0.011874
        2.036      -0.021226      0.011978
       2.0364      -0.021330      0.012083
       2.0368      -0.021435      0.012187
       2.0372      -0.021539      0.012291
       2.0376      -0.021642      0.012394
        2.038      -0.021745      0.012497
       2.0384      -0.021848      0.012599
       2.0388      -0.021951      0.012702
       2.0392      -0.022053      0.012803
       2.0396      -0.022154      0.012905
         2.04      -0.022255      0.013006
       2.0404      -0.022356      0.013106
       2.0408      -0.022457      0.013206
       2.0412      -0.022557      0.013306
       2.0416      -0.022656      0.013406
        2.042      -0.022756      0.013505
       2.0424      -0.022854      0.013603
       2.0428      -0.022953      0.013701
       2.0432      -0.023051      0.013799
       2.0436      -0.023149      0.013897
        2.044      -0.023246      0.013994
       2.0444      -0.023343      0.014090
       2.0448      -0.023439      0.014187
       2.0452      -0.023536      0.014282
       2.0456      -0.023631      0.014378
        2.046      -0.023727      0.014473
       2.0464      -0.023822      0.014568
       2.0468      -0.023916      0.014662
       2.0472      -0.024010      0.014756
       2.0476      -0.024104      0.014850
        2.048      -0.024198      0.014943
       2.0484      -0.024291      0.015035
       2.0488      -0.024383      0.015128
       2.0492      -0.024475      0.015220
       2.0496      -0.024567      0.015311
         2.05      -0.024659      0.015403
       2.0504      -0.024750      0.015493
       2.0508      -0.024840      0.015584
       2.0512      -0.024931      0.015674
       2.0516      -0.025020      0.015763
        2.052      -0.025110      0.015853
       2.0524      -0.025199      0.015941
       2.0528      -0.025288      0.016030
       2.0532      -0.025376      0.016118
       2.0536      -0.025464      0.016206
        2.054      -0.025551      0.016293
       2.0544      -0.025639      0.016380
       2.0548      -0.025725      0.016466
       2.0552      -0.025812      0.016553
       2.0556      -0.025898      0.016638
        2.056      -0.025983      0.016724
       2.0564      -0.026068      0.016809
       2.0568      -0.026153      0.016893
       2.0572      -0.026238      0.016977
       2.0576      -0.026322      0.017061
        2.058      -0.026405      0.017145
       2.0584      -0.026489      0.017228
       2.0588      -0.026571      0.017310
       2.0592      -0.026654      0.017393
       2.0596      -0.026736      0.017474
         2.06      -0.026818      0.017556
       2.0604      -0.026899      0.017637
       2.0608      -0.026980      0.017718
       2.0612      -0.027061      0.017798
       2.0616      -0.027141      0.017878
        2.062      -0.027221      0.017958
       2.0624      -0.027300      0.018037
       2.0628      -0.027379      0.018116
       2.0632      -0.027458      0.018194
       2.0636      -0.027536      0.018272
        2.064      -0.027614      0.018350
       2.0644      -0.027691      0.018427
       2.0648      -0.027768      0.018504
       2.0652      -0.027845      0.018581
       2.0656      -0.027921      0.018657
        2.066      -0.027997      0.018732
       2.0664      -0.028073      0.018808
       2.0668      -0.028148      0.018883
       2.0672      -0.028223      0.018957
       2.0676      -0.028298      0.019032
        2.068      -0.028372      0.019106
       2.0684      -0.028445      0.019179
       2.0688      -0.028519      0.019252
       2.0692      -0.028592      0.019325
       2.0696      -0.028664      0.019397
         2.07      -0.028736      0.019469
       2.0704      -0.028808      0.019541
       2.0708      -0.028880      0.019612
       2.0712      -0.028951      0.019683
       2.0716      -0.029021      0.019753
        2.072      -0.029092      0.019824
       2.0724      -0.029161      0.019893
       2.0728      -0.029231      0.019963
       2.0732      -0.029300      0.020032
       2.0736      -0.029369      0.020100
        2.074      -0.029437      0.020168
       2.0744      -0.029506      0.020236
       2.0748      -0.029573      0.020304
       2.0752      -0.029641      0.020371
       2.0756      -0.029707      0.020438
        2.076      -0.029774      0.020504
       2.0764      -0.029840      0.020570
       2.0768      -0.029906      0.020636
       2.0772      -0.029972      0.020701
       2.0776      -0.030037      0.020766
        2.078      -0.030101      0.020831
       2.0784      -0.030166      0.020895
       2.0788      -0.030230      0.020958
       2.0792      -0.030293      0.021022
       2.0796      -0.030357      0.021085
         2.08      -0.030420      0.021148
       2.0804      -0.030482      0.021210
       2.0808      -0.030544      0.021272
       2.0812      -0.030606      0.021334
       2.0816      -0.030667      0.021395
        2.082      -0.030728      0.021456
       2.0824      -0.030789      0.021516
       2.0828      -0.030849      0.021576
       2.0832      -0.030909      0.021636
       2.0836      -0.030969      0.021696
        2.084      -0.031028      0.021755
       2.0844      -0.031087      0.021813
       2.0848      -0.031146      0.021872
       2.0852      -0.031204      0.021930
       2.0856      -0.031262      0.021987
        2.086      -0.031319      0.022045
       2.0864      -0.031376      0.022102
       2.0868      -0.031433      0.022158
       2.0872      -0.031489      0.022214
       2.0876      -0.031545      0.022270
        2.088      -0.031601      0.022326
       2.0884      -0.031656      0.022381
       2.0888      -0.031711      0.022436
       2.0892      -0.031766      0.022490
       2.0896      -0.031820      0.022544
         2.09      -0.031874      0.022598
       2.0904      -0.031927      0.022651
       2.0908      -0.031980      0.022704
       2.0912      -0.032033      0.022757
       2.0916      -0.032085      0.022809
        2.092      -0.032137      0.022861
       2.0924      -0.032189      0.022912
       2.0928      -0.032241      0.022963
       2.0932      -0.032292      0.023014
       2.0936      -0.032342      0.023065
        2.094      -0.032392      0.023115
       2.0944      -0.032442      0.023165
       2.0948      -0.032492      0.023214
       2.0952      -0.032541      0.023263
       2.0956      -0.032590      0.023312
        2.096      -0.032639      0.023360
       2.0964      -0.032687      0.023408
       2.0968      -0.032735      0.023456
       2.0972      -0.032782      0.023503
       2.0976      -0.032829      0.023550
        2.098      -0.032876      0.023597
       2.0984      -0.032922      0.023643
       2.0988      -0.032968      0.023689
       2.0992      -0.033014      0.023735
       2.0996      -0.033059      0.023780
          2.1      -0.033104      0.023825
       2.1004      -0.033149      0.023869
       2.1008      -0.033193      0.023913
       2.1012      -0.033237      0.023957
       2.1016      -0.033281      0.024001
        2.102      -0.033324      0.024044
       2.1024      -0.033367      0.024087
       2.1028      -0.033410      0.024129
       2.1032      -0.033452      0.024171
       2.1036      -0.033494      0.024213
        2.104      -0.033535      0.024254
       2.1044      -0.033576      0.024295
       2.1048      -0.033617      0.024336
       2.1052      -0.033657      0.024376
       2.1056      -0.033698      0.024416
        2.106      -0.033737      0.024456
       2.1064      -0.033777      0.024495
       2.1068      -0.033816      0.024534
       2.1072      -0.033855      0.024573
       2.1076      -0.033893      0.024611
        2.108      -0.033931      0.024649
       2.1084      -0.033969      0.024686
       2.1088      -0.034006      0.024724
       2.1092      -0.034043      0.024760
       2.1096      -0.034080      0.024797
         2.11      -0.034116      0.024833
       2.1104      -0.034152      0.024869
       2.1108      -0.034187      0.024904
       2.1112      -0.034223      0.024940
       2.1116      -0.034257      0.024974
        2.112      -0.034292      0.025009
       2.1124      -0.034326      0.025043
       2.1128      -0.034360      0.025077
       2.1132      -0.034394      0.025110
       2.1136      -0.034427      0.025143
        2.114      -0.034460      0.025176
       2.1144      -0.034492      0.025208
       2.1148      -0.034524      0.025240
       2.1152      -0.034556      0.025272
       2.1156      -0.034587      0.025303
        2.116      -0.034618      0.025334
       2.1164      -0.034649      0.025365
       2.1168      -0.034679      0.025395
       2.1172      -0.034709      0.025425
       2.1176      -0.034739      0.025454
        2.118      -0.034768      0.025484
       2.1184      -0.034797      0.025513
       2.1188      -0.034826      0.025541
       2.1192      -0.034854      0.025569
       2.1196      -0.034882      0.025597
         2.12      -0.034910      0.025625
       2.1204      -0.034937      0.025652
       2.1208      -0.034964      0.025679
       2.1212      -0.034991      0.025705
       2.1216      -0.035017      0.025731
        2.122      -0.035043      0.025757
       2.1224      -0.035068      0.025782
       2.1228      -0.035093      0.025807
       2.1232      -0.035118      0.025832
       2.1236      -0.035142      0.025856
        2.124      -0.035166      0.025880
       2.1244      -0.035190      0.025904
       2.1248      -0.035214      0.025927
       2.1252      -0.035237      0.025950
       2.1256      -0.035259      0.025973
        2.126      -0.035282      0.025995
       2.1264      -0.035304      0.026017
       2.1268      -0.035325      0.026038
       2.1272      -0.035346      0.026060
       2.1276      -0.035367      0.026080
        2.128      -0.035388      0.026101
       2.1284      -0.035408      0.026121
       2.1288      -0.035428      0.026141
       2.1292      -0.035447      0.026160
       2.1296      -0.035466      0.026179
         2.13      -0.035485      0.026198
       2.1304      -0.035504      0.026216
       2.1308      -0.035522      0.026234
       2.1312      -0.035539      0.026252
       2.1316      -0.035557      0.026269
        2.132      -0.035574      0.026286
       2.1324      -0.035590      0.026303
       2.1328      -0.035607      0.026319
       2.1332      -0.035622      0.026335
       2.1336      -0.035638      0.026350
        2.134      -0.035653      0.026365
       2.1344      -0.035668      0.026380
       2.1348      -0.035682      0.026394
       2.1352      -0.035697      0.026408
       2.1356      -0.035710      0.026422
        2.136      -0.035724      0.026435
       2.1364      -0.035737      0.026448
       2.1368      -0.035749      0.026461
       2.1372      -0.035762      0.026473
       2.1376      -0.035773      0.026485
        2.138      -0.035785      0.026497
       2.1384      -0.035796      0.026508
       2.1388      -0.035807      0.026518
       2.1392      -0.035817      0.026529
       2.1396      -0.035827      0.026539
         2.14      -0.035837      0.026548
       2.1404      -0.035847      0.026558
       2.1408      -0.035855      0.026567
       2.1412      -0.035864      0.026575
       2.1416      -0.035872      0.026583
        2.142      -0.035880      0.026591
       2.1424      -0.035888      0.026599
       2.1428      -0.035895      0.026606
       2.1432      -0.035901      0.026612
       2.1436      -0.035908      0.026619
        2.144      -0.035914      0.026625
       2.1444      -0.035919      0.026630
       2.1448      -0.035925      0.026635
       2.1452      -0.035929      0.026640
       2.1456      -0.035934      0.026645
        2.146      -0.035938      0.026649
       2.1464      -0.035942      0.026652
       2.1468      -0.035945      0.026656
       2.1472      -0.035948      0.026658
       2.1476      -0.035950      0.026661
        2.148      -0.035953      0.026663
       2.1484      -0.035954      0.026665
       2.1488      -0.035956      0.026666
       2.1492      -0.035957      0.026667
       2.1496      -0.035957      0.026668
         2.15      -0.035958      0.026668
       2.1504      -0.035958      0.026668
       2.1508      -0.035957      0.026667
       2.1512      -0.035956      0.026666
       2.1516      -0.035955      0.026665
        2.152      -0.035953      0.026663
       2.1524      -0.035951      0.026661
       2.1528      -0.035948      0.026659
       2.1532      -0.035946      0.026656
       2.1536      -0.035942      0.026652
        2.154      -0.035939      0.026649
       2.1544      -0.035935      0.026645
       2.1548      -0.035930      0.026640
       2.1552      -0.035925      0.026635
       2.1556      -0.035920      0.026630
        2.156      -0.035914      0.026624
       2.1564      -0.035908      0.026618
       2.1568      -0.035902      0.026612
       2.1572      -0.035895      0.026605
       2.1576      -0.035888      0.026598
        2.158      -0.035880      0.026590
       2.1584      -0.035872      0.026582
       2.1588      -0.035863      0.026573
       2.1592      -0.035854      0.026564
       2.1596      -0.035845      0.026555
         2.16      -0.035835      0.026545
       2.1604      -0.035825      0.026535
       2.1608      -0.035815      0.026525
       2.1612      -0.035804      0.026514
       2.1616      -0.035792      0.026502
        2.162      -0.035780      0.026490
       2.1624      -0.035768      0.026478
       2.1628      -0.035756      0.026466
       2.1632      -0.035743      0.026453
       2.1636      -0.035729      0.026439
        2.164      -0.035715      0.026425
       2.1644      -0.035701      0.026411
       2.1648      -0.035686      0.026396
       2.1652      -0.035671      0.026381
       2.1656      -0.035656      0.026366
        2.166      -0.035640      0.026350
       2.1664      -0.035623      0.026333
       2.1668      -0.035606      0.026316
       2.1672      -0.035589      0.026299
       2.1676      -0.035571      0.026281
        2.168      -0.035553      0.026263
       2.1684      -0.035535      0.026245
       2.1688      -0.035516      0.026226
       2.1692      -0.035496      0.026206
       2.1696      -0.035476      0.026187
         2.17      -0.035456      0.026166
       2.1704      -0.035435      0.026146
       2.1708      -0.035414      0.026124
       2.1712      -0.035393      0.026103
       2.1716      -0.035370      0.026081
        2.172      -0.035348      0.026058
       2.1724      -0.035325      0.026035
       2.1728      -0.035302      0.026012
       2.1732      -0.035278      0.025988
       2.1736      -0.035254      0.025964
        2.174      -0.035229      0.025939
       2.1744      -0.035204      0.025914
       2.1748      -0.035178      0.025889
       2.1752      -0.035152      0.025863
       2.1756      -0.035126      0.025836
        2.176      -0.035099      0.025809
       2.1764      -0.035071      0.025782
       2.1768      -0.035043      0.025754
       2.1772      -0.035015      0.025726
       2.1776      -0.034986      0.025697
        2.178      -0.034957      0.025668
       2.1784      -0.034927      0.025638
       2.1788      -0.034897      0.025608
       2.1792      -0.034867      0.025578
       2.1796      -0.034836      0.025547
         2.18      -0.034804      0.025515
       2.1804      -0.034772      0.025483
       2.1808      -0.034740      0.025451
       2.1812      -0.034707      0.025418
       2.1816      -0.034673      0.025385
        2.182      -0.034639      0.025351
       2.1824      -0.034605      0.025316
       2.1828      -0.034570      0.025282
       2.1832      -0.034535      0.025247
       2.1836      -0.034499      0.025211
        2.184      -0.034463      0.025175
       2.1844      -0.034426      0.025138
       2.1848      -0.034389      0.025101
       2.1852      -0.034352      0.025063
       2.1856      -0.034314      0.025025
        2.186      -0.034275      0.024987
       2.1864      -0.034236      0.024948
       2.1868      -0.034196      0.024908
       2.1872      -0.034156      0.024868
       2.1876      -0.034116      0.024828
        2.188      -0.034075      0.024787
       2.1884      -0.034033      0.024746
       2.1888      -0.033991      0.024704
       2.1892      -0.033949      0.024661
       2.1896      -0.033906      0.024619
         2.19      -0.033863      0.024575
       2.1904      -0.033819      0.024531
       2.1908      -0.033774      0.024487
       2.1912      -0.033730      0.024442
       2.1916      -0.033684      0.024397
        2.192      -0.033638      0.024351
       2.1924      -0.033592      0.024305
       2.1928      -0.033545      0.024258
       2.1932      -0.033498      0.024211
       2.1936      -0.033450      0.024163
        2.194      -0.033402      0.024115
       2.1944      -0.033353      0.024066
       2.1948      -0.033303      0.024017
       2.1952      -0.033253      0.023967
       2.1956      -0.033203      0.023917
        2.196      -0.033152      0.023866
       2.1964      -0.033101      0.023815
       2.1968      -0.033049      0.023763
       2.1972      -0.032997      0.023711
       2.1976      -0.032944      0.023658
        2.198      -0.032890      0.023605
       2.1984      -0.032837      0.023551
       2.1988      -0.032782      0.023497
       2.1992      -0.032727      0.023442
       2.1996      -0.032672      0.023387
          2.2      -0.032616      0.023331
       2.2004      -0.032560      0.023274
       2.2008      -0.032503      0.023218
       2.2012      -0.032445      0.023160
       2.2016      -0.032387      0.023102
        2.202      -0.032329      0.023044
       2.2024      -0.032270      0.022985
       2.2028      -0.032210      0.022926
       2.2032      -0.032150      0.022866
       2.2036      -0.032090      0.022805
        2.204      -0.032029      0.022744
       2.2044      -0.031967      0.022683
       2.2048      -0.031905      0.022621
       2.2052      -0.031842      0.022558
       2.2056      -0.031779      0.022495
        2.206      -0.031715      0.022432
       2.2064      -0.031651      0.022368
       2.2068      -0.031586      0.022303
       2.2072      -0.031521      0.022238
       2.2076      -0.031455      0.022172
        2.208      -0.031389      0.022106
       2.2084      -0.031322      0.022040
       2.2088      -0.031255      0.021972
       2.2092      -0.031187      0.021905
       2.2096      -0.031119      0.021836
         2.21      -0.031050      0.021768
       2.2104      -0.030980      0.021698
       2.2108      -0.030910      0.021628
       2.2112      -0.030840      0.021558
       2.2116      -0.030769      0.021487
        2.212      -0.030697      0.021416
       2.2124      -0.030625      0.021344
       2.2128      -0.030552      0.021271
       2.2132      -0.030479      0.021198
       2.2136      -0.030405      0.021125
        2.214      -0.030331      0.021051
       2.2144      -0.030256      0.020976
       2.2148      -0.030181      0.020901
       2.2152      -0.030105      0.020825
       2.2156      -0.030029      0.020749
        2.216      -0.029952      0.020672
       2.2164      -0.029874      0.020595
       2.2168      -0.029796      0.020517
       2.2172      -0.029718      0.020439
       2.2176      -0.029639      0.020360
        2.218      -0.029559      0.020280
       2.2184      -0.029479      0.020200
       2.2188      -0.029398      0.020120
       2.2192      -0.029317      0.020039
       2.2196      -0.029235      0.019957
         2.22      -0.029153      0.019875
       2.2204      -0.029070      0.019792
       2.2208      -0.028987      0.019709
       2.2212      -0.028903      0.019625
       2.2216      -0.028818      0.019541
        2.222      -0.028733      0.019456
       2.2224      -0.028648      0.019371
       2.2228      -0.028562      0.019285
       2.2232      -0.028475      0.019199
       2.2236      -0.028388      0.019112
        2.224      -0.028300      0.019024
       2.2244      -0.028212      0.018936
       2.2248      -0.028123      0.018848
       2.2252      -0.028034      0.018758
       2.2256      -0.027944      0.018669
        2.226      -0.027854      0.018579
       2.2264      -0.027763      0.018488
       2.2268      -0.027671      0.018397
       2.2272      -0.027579      0.018305
       2.2276      -0.027487      0.018212
        2.228      -0.027394      0.018120
       2.2284      -0.027300      0.018026
       2.2288      -0.027206      0.017932
       2.2292      -0.027111      0.017838
       2.2296      -0.027016      0.017743
         2.23      -0.026920      0.017647
       2.2304      -0.026824      0.017551
       2.2308      -0.026727      0.017454
       2.2312      -0.026629      0.017357
       2.2316      -0.026531      0.017259
        2.232      -0.026433      0.017161
       2.2324      -0.026334      0.017062
       2.2328      -0.026234      0.016963
       2.2332      -0.026134      0.016863
       2.2336      -0.026034      0.016763
        2.234      -0.025932      0.016662
       2.2344      -0.025831      0.016560
       2.2348      -0.025729      0.016459
       2.2352      -0.025626      0.016356
       2.2356      -0.025522      0.016253
        2.236      -0.025419      0.016149
       2.2364      -0.025314      0.016045
       2.2368      -0.025209      0.015941
       2.2372      -0.025104      0.015835
       2.2376      -0.024998      0.015730
        2.238      -0.024891      0.015623
       2.2384      -0.024784      0.015517
       2.2388      -0.024677      0.015409
       2.2392      -0.024569      0.015302
       2.2396      -0.024460      0.015193
         2.24      -0.024351      0.015084
       2.2404      -0.024241      0.014975
       2.2408      -0.024131      0.014865
       2.2412      -0.024020      0.014755
       2.2416      -0.023909      0.014644
        2.242      -0.023797      0.014532
       2.2424      -0.023685      0.014420
       2.2428      -0.023572      0.014308
       2.2432      -0.023459      0.014195
       2.2436      -0.023345      0.014081
        2.244      -0.023231      0.013967
       2.2444      -0.023116      0.013852
       2.2448      -0.023000      0.013737
       2.2452      -0.022885      0.013622
       2.2456      -0.022768      0.013506
        2.246      -0.022651      0.013389
       2.2464      -0.022534      0.013272
       2.2468      -0.022416      0.013154
       2.2472      -0.022297      0.013036
       2.2476      -0.022178      0.012917
        2.248      -0.022059      0.012798
       2.2484      -0.021939      0.012678
       2.2488      -0.021818      0.012558
       2.2492      -0.021697      0.012437
       2.2496      -0.021576      0.012316
         2.25      -0.021454      0.012195
       2.2504      -0.021331      0.012072
       2.2508      -0.021208      0.011950
       2.2512      -0.021085      0.011826
       2.2516      -0.020961      0.011703
        2.252      -0.020836      0.011579
       2.2524      -0.020711      0.011454
       2.2528      -0.020585      0.011329
       2.2532      -0.020459      0.011203
       2.2536      -0.020333      0.011077
        2.254      -0.020206      0.010950
       2.2544      -0.020079      0.010823
       2.2548      -0.019951      0.010696
       2.2552      -0.019822      0.010568
       2.2556      -0.019693      0.010439
        2.256      -0.019564      0.010310
       2.2564      -0.019434      0.010180
       2.2568      -0.019304      0.010050
       2.2572      -0.019173      0.009920
       2.2576      -0.019042      0.009789
        2.258      -0.018910      0.009658
       2.2584      -0.018778      0.009526
       2.2588      -0.018645      0.009393
       2.2592      -0.018512      0.009261
       2.2596      -0.018378      0.009127
         2.26      -0.018244      0.008994
       2.2604      -0.018109      0.008859
       2.2608      -0.017974      0.008725
       2.2612      -0.017839      0.008590
       2.2616      -0.017703      0.008454
        2.262      -0.017566      0.008318
       2.2624      -0.017430      0.008182
       2.2628      -0.017292      0.008045
       2.2632      -0.017155      0.007908
       2.2636      -0.017016      0.007770
        2.264      -0.016878      0.007632
       2.2644      -0.016739      0.007493
       2.2648      -0.016599      0.007354
       2.2652      -0.016459      0.007214
       2.2656      -0.016319      0.007074
        2.266      -0.016178      0.006934
       2.2664      -0.016037      0.006793
       2.2668      -0.015895      0.006652
       2.2672      -0.015753      0.006510
       2.2676      -0.015611      0.006368
        2.268      -0.015468      0.006226
       2.2684      -0.015324      0.006083
       2.2688      -0.015181      0.005939
       2.2692      -0.015036      0.005796
       2.2696      -0.014892      0.005651
         2.27      -0.014747      0.005507
       2.2704      -0.014601      0.005362
       2.2708      -0.014456      0.005216
       2.2712      -0.014309      0.005071
       2.2716      -0.014163      0.004925
        2.272      -0.014016      0.004778
       2.2724      -0.013868      0.004631
       2.2728      -0.013721      0.004484
       2.2732      -0.013572      0.004336
       2.2736      -0.013424      0.004188
        2.274      -0.013275      0.004039
       2.2744      -0.013126      0.003891
       2.2748      -0.012976      0.003741
       2.2752      -0.012826      0.003592
       2.2756      -0.012675      0.003442
        2.276      -0.012525      0.003291
       2.2764      -0.012373      0.003141
       2.2768      -0.012222      0.002990
       2.2772      -0.012070      0.002838
       2.2776      -0.011918      0.002686
        2.278      -0.011765      0.002534
       2.2784      -0.011612      0.002382
       2.2788      -0.011459      0.002229
       2.2792      -0.011305      0.002076
       2.2796      -0.011151      0.001922
         2.28      -0.010997      0.001768
       2.2804      -0.010842      0.001614
       2.2808      -0.010687      0.001460
       2.2812      -0.010532      0.001305
       2.2816      -0.010376      0.001150
        2.282      -0.010220      0.000994
       2.2824      -0.010064      0.000838
       2.2828      -0.009907      0.000682
       2.2832      -0.009750      0.000526
       2.2836      -0.009593      0.000369
        2.284      -0.009436      0.000212
       2.2844      -0.009278      0.000055
       2.2848      -0.009120      -0.000103
       2.2852      -0.008961      -0.000261
       2.2856      -0.008802      -0.000419
        2.286      -0.008643      -0.000578
       2.2864      -0.008484      -0.000737
       2.2868      -0.008324      -0.000896
       2.2872      -0.008164      -0.001055
       2.2876      -0.008004      -0.001215
        2.288      -0.007844      -0.001375
       2.2884      -0.007683      -0.001535
       2.2888      -0.007522      -0.001695
       2.2892      -0.007361      -0.001856
       2.2896      -0.007199      -0.002017
         2.29      -0.007038      -0.002178
       2.2904      -0.006876      -0.002340
       2.2908      -0.006713      -0.002502
       2.2912      -0.006551      -0.002663
       2.2916      -0.006388      -0.002826
        2.292      -0.006225      -0.002988
       2.2924      -0.006062      -0.003151
       2.2928      -0.005898      -0.003314
       2.2932      -0.005735      -0.003477
       2.2936      -0.005571      -0.003640
        2.294      -0.005407      -0.003804
       2.2944      -0.005242      -0.003968
       2.2948      -0.005078      -0.004132
       2.2952      -0.004913      -0.004296
       2.2956      -0.004748      -0.004460
        2.296      -0.004583      -0.004625
       2.2964      -0.004418      -0.004790
       2.2968      -0.004252      -0.004955
       2.2972      -0.004086      -0.005120
       2.2976      -0.003920      -0.005285
        2.298      -0.003754      -0.005451
       2.2984      -0.003588      -0.005616
       2.2988      -0.003422      -0.005782
       2.2992      -0.003255      -0.005948
       2.2996      -0.003088      -0.006115
          2.3      -0.002921      -0.006281
       2.3004      -0.002754      -0.006447
       2.3008      -0.002587      -0.006614
       2.3012      -0.002420      -0.006781
       2.3016      -0.002252      -0.006948
        2.302      -0.002084      -0.007115
       2.3024      -0.001917      -0.007282
       2.3028      -0.001749      -0.007450
       2.3032      -0.001581      -0.007617
       2.3036      -0.001412      -0.007785
        2.304      -0.001244      -0.007952
       2.3044      -0.001076      -0.008120
       2.3048      -0.000907      -0.008288
       2.3052      -0.000739      -0.008456
       2.3056      -0.000570      -0.008624
        2.306      -0.000401      -0.008793
       2.3064      -0.000232      -0.008961
       2.3068      -0.000063      -0.009129
       2.3072      0.000106      -0.009298
       2.3076      0.000275      -0.009466
        2.308      0.000444      -0.009635
       2.3084      0.000614      -0.009804
       2.3088      0.000783      -0.009973
       2.3092      0.000953      -0.010142
       2.3096      0.001122      -0.010310
         2.31      0.001292      -0.010479
       2.3104      0.001461      -0.010648
       2.3108      0.001631      -0.010817
       2.3112      0.001801      -0.010987
       2.3116      0.001970      -0.011156
        2.312      0.002140      -0.011325
       2.3124      0.002310      -0.011494
       2.3128      0.002480      -0.011663
       2.3132      0.002650      -0.011832
       2.3136      0.002819      -0.012002
        2.314      0.002989      -0.012171
       2.3144      0.003159      -0.012340
       2.3148      0.003329      -0.012509
       2.3152      0.003499      -0.012679
       2.3156      0.003669      -0.012848
        2.316      0.003838      -0.013017
       2.3164      0.004008      -0.013186
       2.3168      0.004178      -0.013355
       2.3172      0.004348      -0.013525
       2.3176      0.004517      -0.013694
        2.318      0.004687      -0.013863
       2.3184      0.004857      -0.014032
       2.3188      0.005026      -0.014201
       2.3192      0.005196      -0.014370
       2.3196      0.005365      -0.014539
         2.32      0.005535      -0.014707
       2.3204      0.005704      -0.014876
       2.3208      0.005873      -0.015045
       2.3212      0.006042      -0.015213
       2.3216      0.006212      -0.015382
        2.322      0.006381      -0.015550
       2.3224      0.006549      -0.015719
       2.3228      0.006718      -0.015887
       2.3232      0.006887      -0.016055
       2.3236      0.007056      -0.016223
        2.324      0.007224      -0.016391
       2.3244      0.007393      -0.016559
       2.3248      0.007561      -0.016726
       2.3252      0.007729      -0.016894
       2.3256      0.007897      -0.017061
        2.326      0.008065      -0.017229
       2.3264      0.008233      -0.017396
       2.3268      0.008400      -0.017563
       2.3272      0.008568      -0.017730
       2.3276      0.008735      -0.017896
        2.328      0.008902      -0.018063
       2.3284      0.009069      -0.018229
       2.3288      0.009236      -0.018396
       2.3292      0.009403      -0.018562
       2.3296      0.009569      -0.018728
         2.33      0.009736      -0.018893
       2.3304      0.009902      -0.019059
       2.3308      0.010068      -0.019224
       2.3312      0.010233      -0.019389
       2.3316      0.010399      -0.019554
        2.332      0.010564      -0.019719
       2.3324      0.010729      -0.019883
       2.3328      0.010894      -0.020048
       2.3332      0.011059      -0.020212
       2.3336      0.011223      -0.020376
        2.334      0.011388      -0.020539
       2.3344      0.011552      -0.020703
       2.3348      0.011715      -0.020866
       2.3352      0.011879      -0.021029
       2.3356      0.012042      -0.021191
        2.336      0.012205      -0.021354
       2.3364      0.012368      -0.021516
       2.3368      0.012530      -0.021678
       2.3372      0.012693      -0.021839
       2.3376      0.012855      -0.022001
        2.338      0.013016      -0.022162
       2.3384      0.013178      -0.022323
       2.3388      0.013339      -0.022483
       2.3392      0.013499      -0.022643
       2.3396      0.013660      -0.022803
         2.34      0.013820      -0.022963
       2.3404      0.013980      -0.023122
       2.3408      0.014140      -0.023281
       2.3412      0.014299      -0.023440
       2.3416      0.014458      -0.023598
        2.342      0.014616      -0.023756
       2.3424      0.014775      -0.023914
       2.3428      0.014932      -0.024071
       2.3432      0.015090      -0.024228
       2.3436      0.015247      -0.024385
        2.344      0.015404      -0.024541
       2.3444      0.015561      -0.024697
       2.3448      0.015717      -0.024853
       2.3452      0.015873      -0.025008
       2.3456      0.016028      -0.025163
        2.346      0.016183      -0.025317
       2.3464      0.016338      -0.025471
       2.3468      0.016492      -0.025625
       2.3472      0.016646      -0.025778
       2.3476      0.016799      -0.025931
        2.348      0.016953      -0.026084
       2.3484      0.017105      -0.026236
       2.3488      0.017258      -0.026388
       2.3492      0.017409      -0.026539
       2.3496      0.017561      -0.026690
         2.35      0.017712      -0.026840
       2.3504      0.017862      -0.026990
       2.3508      0.018013      -0.027140
       2.3512      0.018162      -0.027289
       2.3516      0.018312      -0.027438
        2.352      0.018460      -0.027586
       2.3524      0.018609      -0.027734
       2.3528      0.018757      -0.027881
       2.3532      0.018904      -0.028028
       2.3536      0.019051      -0.028175
        2.354      0.019198      -0.028321
       2.3544      0.019344      -0.028466
       2.3548      0.019490      -0.028611
       2.3552      0.019635      -0.028756
       2.3556      0.019779      -0.028900
        2.356      0.019923      -0.029044
       2.3564      0.020067      -0.029187
       2.3568      0.020210      -0.029329
       2.3572      0.020353      -0.029471
       2.3576      0.020495      -0.029613
        2.358      0.020636      -0.029754
       2.3584      0.020777      -0.029895
       2.3588      0.020918      -0.030035
       2.3592      0.021058      -0.030174
       2.3596      0.021198      -0.030313
         2.36      0.021336      -0.030452
       2.3604      0.021475      -0.030590
       2.3608      0.021613      -0.030727
       2.3612      0.021750      -0.030864
       2.3616      0.021887      -0.031000
        2.362      0.022023      -0.031136
       2.3624      0.022159      -0.031271
       2.3628      0.022294      -0.031405
       2.3632      0.022428      -0.031539
       2.3636      0.022562      -0.031673
        2.364      0.022695      -0.031806
       2.3644      0.022828      -0.031938
       2.3648      0.022960      -0.032070
       2.3652      0.023092      -0.032201
       2.3656      0.023223      -0.032331
        2.366      0.023353      -0.032461
       2.3664      0.023483      -0.032590
       2.3668      0.023612      -0.032719
       2.3672      0.023741      -0.032847
       2.3676      0.023869      -0.032975
        2.368      0.023996      -0.033101
       2.3684      0.024123      -0.033228
       2.3688      0.024249      -0.033353
       2.3692      0.024374      -0.033478
       2.3696      0.024499      -0.033602
         2.37      0.024623      -0.033726
       2.3704      0.024746      -0.033849
       2.3708      0.024869      -0.033972
       2.3712      0.024991      -0.034093
       2.3716      0.025113      -0.034214
        2.372      0.025234      -0.034335
       2.3724      0.025354      -0.034455
       2.3728      0.025473      -0.034574
       2.3732      0.025592      -0.034692
       2.3736      0.025710      -0.034810
        2.374      0.025828      -0.034927
       2.3744      0.025945      -0.035043
       2.3748      0.026061      -0.035159
       2.3752      0.026176      -0.035274
       2.3756      0.026291      -0.035388
        2.376      0.026405      -0.035502
       2.3764      0.026518      -0.035615
       2.3768      0.026631      -0.035727
       2.3772      0.026743      -0.035838
       2.3776      0.026854      -0.035949
        2.378      0.026964      -0.036059
       2.3784      0.027074      -0.036169
       2.3788      0.027183      -0.036277
       2.3792      0.027291      -0.036385
       2.3796      0.027399      -0.036492
         2.38      0.027506      -0.036599
       2.3804      0.027612      -0.036705
       2.3808      0.027717      -0.036809
       2.3812      0.027822      -0.036914
       2.3816      0.027926      -0.037017
        2.382      0.028029      -0.037120
       2.3824      0.028131      -0.037222
       2.3828      0.028233      -0.037323
       2.3832      0.028333      -0.037424
       2.3836      0.028433      -0.037523
        2.384      0.028533      -0.037622
       2.3844      0.028631      -0.037720
       2.3848      0.028729      -0.037818
       2.3852      0.028826      -0.037914
       2.3856      0.028922      -0.038010
        2.386      0.029017      -0.038105
       2.3864      0.029112      -0.038200
       2.3868      0.029206      -0.038293
       2.3872      0.029299      -0.038386
       2.3876      0.029391      -0.038478
        2.388      0.029482      -0.038569
       2.3884      0.029573      -0.038659
       2.3888      0.029663      -0.038749
       2.3892      0.029752      -0.038837
       2.3896      0.029840      -0.038925
         2.39      0.029927      -0.039012
       2.3904      0.030014      -0.039099
       2.3908      0.030100      -0.039184
       2.3912      0.030185      -0.039269
       2.3916      0.030269      -0.039353
        2.392      0.030352      -0.039436
       2.3924      0.030435      -0.039518
       2.3928      0.030516      -0.039599
       2.3932      0.030597      -0.039680
       2.3936      0.030677      -0.039759
        2.394      0.030756      -0.039838
       2.3944      0.030834      -0.039916
       2.3948      0.030912      -0.039993
       2.3952      0.030988      -0.040070
       2.3956      0.031064      -0.040145
        2.396      0.031139      -0.040220
       2.3964      0.031213      -0.040294
       2.3968      0.031286      -0.040367
       2.3972      0.031358      -0.040439
       2.3976      0.031430      -0.040510
        2.398      0.031500      -0.040580
       2.3984      0.031570      -0.040650
       2.3988      0.031639      -0.040718
       2.3992      0.031707      -0.040786
       2.3996      0.031774      -0.040853
          2.4      0.031840      -0.040919
