# Probe 0 (5.5 -0.5 0)
# Probe 1 (5.5 0.5 0)
#       Probe             0             1
#        Time
       0.0004             (0.999728 0.0010723 0)             (0.999156 -0.0010723 0)
       0.0008             (0.999559 0.0010315 0)             (0.999043 -0.0010315 0)
       0.0012             (0.999390 0.0009923 0)             (0.998928 -0.0009923 0)
       0.0016             (0.999223 0.0009547 0)             (0.998813 -0.0009546 0)
        0.002             (0.999057 0.0009185 0)             (0.998696 -0.0009185 0)
       0.0024             (0.998891 0.0008839 0)             (0.998578 -0.0008838 0)
       0.0028             (0.998728 0.0008506 0)             (0.998459 -0.0008505 0)
       0.0032             (0.998565 0.0008186 0)             (0.998340 -0.0008186 0)
       0.0036             (0.998405 0.0007880 0)             (0.998220 -0.0007879 0)
        0.004             (0.998245 0.0007585 0)             (0.998099 -0.0007585 0)
       0.0044             (0.998088 0.0007303 0)             (0.997977 -0.0007302 0)
       0.0048             (0.997932 0.0007032 0)             (0.997855 -0.0007031 0)
       0.0052             (0.997778 0.0006772 0)             (0.997732 -0.0006771 0)
       0.0056             (0.997626 0.0006522 0)             (0.997610 -0.0006522 0)
        0.006             (0.997476 0.0006283 0)             (0.997487 -0.0006282 0)
       0.0064             (0.997328 0.0006053 0)             (0.997364 -0.0006052 0)
       0.0068             (0.997181 0.0005833 0)             (0.997241 -0.0005832 0)
       0.0072             (0.997037 0.0005621 0)             (0.997118 -0.0005621 0)
       0.0076             (0.996895 0.0005419 0)             (0.996995 -0.0005418 0)
        0.008             (0.996754 0.0005224 0)             (0.996872 -0.0005223 0)
       0.0084             (0.996616 0.0005038 0)             (0.996749 -0.0005037 0)
       0.0088             (0.996480 0.0004859 0)             (0.996627 -0.0004858 0)
       0.0092             (0.996345 0.0004687 0)             (0.996505 -0.0004687 0)
       0.0096             (0.996213 0.0004523 0)             (0.996384 -0.0004522 0)
         0.01             (0.996083 0.0004366 0)             (0.996263 -0.0004365 0)
       0.0104             (0.995954 0.0004215 0)             (0.996143 -0.0004214 0)
       0.0108             (0.995828 0.0004070 0)             (0.996023 -0.0004069 0)
       0.0112             (0.995703 0.0003931 0)             (0.995904 -0.0003930 0)
       0.0116             (0.995581 0.0003798 0)             (0.995786 -0.0003798 0)
        0.012             (0.995460 0.0003671 0)             (0.995669 -0.0003670 0)
       0.0124             (0.995341 0.0003549 0)             (0.995552 -0.0003548 0)
       0.0128             (0.995224 0.0003433 0)             (0.995436 -0.0003432 0)
       0.0132             (0.995109 0.0003321 0)             (0.995321 -0.0003320 0)
       0.0136             (0.994996 0.0003214 0)             (0.995207 -0.0003213 0)
        0.014             (0.994884 0.0003112 0)             (0.995094 -0.0003111 0)
       0.0144             (0.994774 0.0003014 0)             (0.994982 -0.0003013 0)
       0.0148             (0.994665 0.0002920 0)             (0.994871 -0.0002919 0)
       0.0152             (0.994558 0.0002830 0)             (0.994761 -0.0002829 0)
       0.0156             (0.994453 0.0002745 0)             (0.994651 -0.0002744 0)
        0.016             (0.994349 0.0002663 0)             (0.994543 -0.0002662 0)
       0.0164             (0.994247 0.0002585 0)             (0.994436 -0.0002583 0)
       0.0168             (0.994146 0.0002510 0)             (0.994330 -0.0002509 0)
       0.0172             (0.994046 0.0002438 0)             (0.994225 -0.0002437 0)
       0.0176             (0.993948 0.0002370 0)             (0.994121 -0.0002369 0)
        0.018             (0.993851 0.0002305 0)             (0.994018 -0.0002304 0)
       0.0184             (0.993756 0.0002243 0)             (0.993917 -0.0002242 0)
       0.0188             (0.993662 0.0002184 0)             (0.993816 -0.0002182 0)
       0.0192             (0.993568 0.0002127 0)             (0.993716 -0.0002126 0)
       0.0196             (0.993477 0.0002073 0)             (0.993618 -0.0002072 0)
         0.02             (0.993386 0.0002022 0)             (0.993521 -0.0002021 0)
       0.0204             (0.993296 0.0001973 0)             (0.993424 -0.0001972 0)
       0.0208             (0.993208 0.0001927 0)             (0.993329 -0.0001925 0)
       0.0212             (0.993120 0.0001883 0)             (0.993235 -0.0001881 0)
       0.0216             (0.993033 0.0001841 0)             (0.993142 -0.0001839 0)
        0.022             (0.992948 0.0001801 0)             (0.993050 -0.0001799 0)
       0.0224             (0.992863 0.0001763 0)             (0.992959 -0.0001762 0)
       0.0228             (0.992780 0.0001728 0)             (0.992868 -0.0001726 0)
       0.0232             (0.992697 0.0001694 0)             (0.992780 -0.0001692 0)
       0.0236             (0.992615 0.0001661 0)             (0.992692 -0.0001660 0)
        0.024             (0.992534 0.0001631 0)             (0.992605 -0.0001629 0)
       0.0244             (0.992454 0.0001602 0)             (0.992519 -0.0001600 0)
       0.0248             (0.992374 0.0001575 0)             (0.992434 -0.0001573 0)
       0.0252             (0.992296 0.0001550 0)             (0.992349 -0.0001548 0)
       0.0256             (0.992218 0.0001526 0)             (0.992266 -0.0001524 0)
        0.026             (0.992140 0.0001503 0)             (0.992184 -0.0001501 0)
       0.0264             (0.992064 0.0001482 0)             (0.992103 -0.0001480 0)
       0.0268             (0.991988 0.0001462 0)             (0.992023 -0.0001460 0)
       0.0272             (0.991913 0.0001443 0)             (0.991943 -0.0001441 0)
       0.0276             (0.991839 0.0001426 0)             (0.991864 -0.0001424 0)
        0.028             (0.991765 0.0001410 0)             (0.991787 -0.0001408 0)
       0.0284             (0.991692 0.0001395 0)             (0.991710 -0.0001393 0)
       0.0288             (0.991619 0.0001381 0)             (0.991634 -0.0001379 0)
       0.0292             (0.991547 0.0001368 0)             (0.991559 -0.0001366 0)
       0.0296             (0.991476 0.0001357 0)             (0.991484 -0.0001354 0)
         0.03             (0.991405 0.0001346 0)             (0.991411 -0.0001344 0)
       0.0304             (0.991335 0.0001336 0)             (0.991338 -0.0001334 0)
       0.0308             (0.991266 0.0001327 0)             (0.991266 -0.0001325 0)
       0.0312             (0.991197 0.0001319 0)             (0.991194 -0.0001317 0)
       0.0316             (0.991128 0.0001312 0)             (0.991124 -0.0001310 0)
        0.032             (0.991061 0.0001306 0)             (0.991054 -0.0001304 0)
       0.0324             (0.990993 0.0001301 0)             (0.990985 -0.0001298 0)
       0.0328             (0.990926 0.0001296 0)             (0.990916 -0.0001293 0)
       0.0332             (0.990860 0.0001292 0)             (0.990848 -0.0001290 0)
       0.0336             (0.990794 0.0001289 0)             (0.990781 -0.0001286 0)
        0.034             (0.990729 0.0001287 0)             (0.990715 -0.0001284 0)
       0.0344             (0.990664 0.0001285 0)             (0.990649 -0.0001282 0)
       0.0348             (0.990600 0.0001284 0)             (0.990584 -0.0001281 0)
       0.0352             (0.990537 0.0001283 0)             (0.990520 -0.0001280 0)
       0.0356             (0.990473 0.0001284 0)             (0.990456 -0.0001281 0)
        0.036             (0.990411 0.0001284 0)             (0.990392 -0.0001281 0)
       0.0364             (0.990348 0.0001286 0)             (0.990330 -0.0001283 0)
       0.0368             (0.990287 0.0001287 0)             (0.990268 -0.0001284 0)
       0.0372             (0.990225 0.0001290 0)             (0.990206 -0.0001287 0)
       0.0376             (0.990165 0.0001293 0)             (0.990145 -0.0001290 0)
        0.038             (0.990104 0.0001296 0)             (0.990085 -0.0001293 0)
       0.0384             (0.990045 0.0001300 0)             (0.990025 -0.0001297 0)
       0.0388             (0.989985 0.0001305 0)             (0.989966 -0.0001301 0)
       0.0392             (0.989926 0.0001309 0)             (0.989907 -0.0001306 0)
       0.0396             (0.989868 0.0001315 0)             (0.989849 -0.0001311 0)
         0.04             (0.989810 0.0001321 0)             (0.989792 -0.0001317 0)
       0.0404             (0.989753 0.0001327 0)             (0.989735 -0.0001323 0)
       0.0408             (0.989696 0.0001333 0)             (0.989678 -0.0001330 0)
       0.0412             (0.989639 0.0001340 0)             (0.989622 -0.0001337 0)
       0.0416             (0.989583 0.0001348 0)             (0.989566 -0.0001344 0)
        0.042             (0.989528 0.0001355 0)             (0.989511 -0.0001352 0)
       0.0424             (0.989473 0.0001363 0)             (0.989457 -0.0001360 0)
       0.0428             (0.989418 0.0001372 0)             (0.989402 -0.0001368 0)
       0.0432             (0.989364 0.0001381 0)             (0.989349 -0.0001377 0)
       0.0436             (0.989310 0.0001390 0)             (0.989296 -0.0001386 0)
        0.044             (0.989257 0.0001399 0)             (0.989243 -0.0001395 0)
       0.0444             (0.989204 0.0001409 0)             (0.989191 -0.0001405 0)
       0.0448             (0.989151 0.0001419 0)             (0.989139 -0.0001415 0)
       0.0452             (0.989100 0.0001430 0)             (0.989088 -0.0001426 0)
       0.0456             (0.989048 0.0001440 0)             (0.989037 -0.0001436 0)
        0.046             (0.988997 0.0001451 0)             (0.988986 -0.0001447 0)
       0.0464             (0.988946 0.0001463 0)             (0.988936 -0.0001458 0)
       0.0468             (0.988896 0.0001474 0)             (0.988887 -0.0001470 0)
       0.0472             (0.988847 0.0001486 0)             (0.988838 -0.0001481 0)
       0.0476             (0.988797 0.0001498 0)             (0.988789 -0.0001494 0)
        0.048             (0.988748 0.0001510 0)             (0.988741 -0.0001506 0)
       0.0484             (0.988700 0.0001523 0)             (0.988693 -0.0001518 0)
       0.0488             (0.988652 0.0001536 0)             (0.988645 -0.0001531 0)
       0.0492             (0.988604 0.0001549 0)             (0.988598 -0.0001544 0)
       0.0496             (0.988557 0.0001562 0)             (0.988552 -0.0001557 0)
         0.05             (0.988511 0.0001576 0)             (0.988505 -0.0001571 0)
       0.0504             (0.988464 0.0001589 0)             (0.988460 -0.0001584 0)
       0.0508             (0.988418 0.0001603 0)             (0.988414 -0.0001598 0)
       0.0512             (0.988373 0.0001617 0)             (0.988369 -0.0001612 0)
       0.0516             (0.988328 0.0001632 0)             (0.988325 -0.0001627 0)
        0.052             (0.988283 0.0001646 0)             (0.988280 -0.0001641 0)
       0.0524             (0.988239 0.0001661 0)             (0.988236 -0.0001656 0)
       0.0528             (0.988195 0.0001676 0)             (0.988193 -0.0001671 0)
       0.0532             (0.988152 0.0001691 0)             (0.988150 -0.0001686 0)
       0.0536             (0.988109 0.0001707 0)             (0.988107 -0.0001702 0)
        0.054             (0.988066 0.0001722 0)             (0.988065 -0.0001717 0)
       0.0544             (0.988024 0.0001738 0)             (0.988023 -0.0001733 0)
       0.0548             (0.987982 0.0001754 0)             (0.987981 -0.0001749 0)
       0.0552             (0.987941 0.0001770 0)             (0.987940 -0.0001765 0)
       0.0556             (0.987900 0.0001787 0)             (0.987899 -0.0001781 0)
        0.056             (0.987859 0.0001803 0)             (0.987859 -0.0001798 0)
       0.0564             (0.987818 0.0001820 0)             (0.987819 -0.0001814 0)
       0.0568             (0.987779 0.0001837 0)             (0.987779 -0.0001831 0)
       0.0572             (0.987739 0.0001854 0)             (0.987739 -0.0001848 0)
       0.0576             (0.987700 0.0001871 0)             (0.987700 -0.0001865 0)
        0.058             (0.987661 0.0001888 0)             (0.987662 -0.0001882 0)
       0.0584             (0.987622 0.0001906 0)             (0.987623 -0.0001900 0)
       0.0588             (0.987584 0.0001924 0)             (0.987585 -0.0001918 0)
       0.0592             (0.987546 0.0001942 0)             (0.987547 -0.0001935 0)
       0.0596             (0.987509 0.0001960 0)             (0.987510 -0.0001953 0)
         0.06             (0.987472 0.0001978 0)             (0.987473 -0.0001972 0)
       0.0604             (0.987435 0.0001996 0)             (0.987436 -0.0001990 0)
       0.0608             (0.987399 0.0002015 0)             (0.987400 -0.0002008 0)
       0.0612             (0.987363 0.0002033 0)             (0.987364 -0.0002027 0)
       0.0616             (0.987327 0.0002052 0)             (0.987328 -0.0002046 0)
        0.062             (0.987292 0.0002071 0)             (0.987293 -0.0002065 0)
       0.0624             (0.987257 0.0002090 0)             (0.987258 -0.0002084 0)
       0.0628             (0.987222 0.0002110 0)             (0.987223 -0.0002103 0)
       0.0632             (0.987187 0.0002129 0)             (0.987189 -0.0002122 0)
       0.0636             (0.987153 0.0002149 0)             (0.987155 -0.0002142 0)
        0.064             (0.987120 0.0002168 0)             (0.987121 -0.0002161 0)
       0.0644             (0.987086 0.0002188 0)             (0.987087 -0.0002181 0)
       0.0648             (0.987053 0.0002208 0)             (0.987054 -0.0002201 0)
       0.0652             (0.987020 0.0002228 0)             (0.987021 -0.0002221 0)
       0.0656             (0.986988 0.0002249 0)             (0.986989 -0.0002241 0)
        0.066             (0.986955 0.0002269 0)             (0.986957 -0.0002262 0)
       0.0664             (0.986923 0.0002290 0)             (0.986925 -0.0002282 0)
       0.0668             (0.986892 0.0002311 0)             (0.986893 -0.0002303 0)
       0.0672             (0.986860 0.0002331 0)             (0.986861 -0.0002324 0)
       0.0676             (0.986829 0.0002352 0)             (0.986830 -0.0002345 0)
        0.068             (0.986799 0.0002374 0)             (0.986800 -0.0002366 0)
       0.0684             (0.986768 0.0002395 0)             (0.986769 -0.0002387 0)
       0.0688             (0.986738 0.0002416 0)             (0.986739 -0.0002408 0)
       0.0692             (0.986708 0.0002438 0)             (0.986709 -0.0002430 0)
       0.0696             (0.986678 0.0002460 0)             (0.986679 -0.0002451 0)
         0.07             (0.986649 0.0002482 0)             (0.986650 -0.0002473 0)
       0.0704             (0.986620 0.0002504 0)             (0.986621 -0.0002495 0)
       0.0708             (0.986591 0.0002526 0)             (0.986592 -0.0002517 0)
       0.0712             (0.986563 0.0002548 0)             (0.986563 -0.0002539 0)
       0.0716             (0.986534 0.0002570 0)             (0.986535 -0.0002562 0)
        0.072             (0.986506 0.0002593 0)             (0.986507 -0.0002584 0)
       0.0724             (0.986479 0.0002616 0)             (0.986479 -0.0002607 0)
       0.0728             (0.986451 0.0002638 0)             (0.986451 -0.0002629 0)
       0.0732             (0.986424 0.0002661 0)             (0.986424 -0.0002652 0)
       0.0736             (0.986397 0.0002684 0)             (0.986397 -0.0002675 0)
        0.074             (0.986370 0.0002708 0)             (0.986370 -0.0002698 0)
       0.0744             (0.986344 0.0002731 0)             (0.986344 -0.0002722 0)
       0.0748             (0.986317 0.0002754 0)             (0.986317 -0.0002745 0)
       0.0752             (0.986291 0.0002778 0)             (0.986291 -0.0002769 0)
       0.0756             (0.986266 0.0002802 0)             (0.986266 -0.0002792 0)
        0.076             (0.986240 0.0002826 0)             (0.986240 -0.0002816 0)
       0.0764             (0.986215 0.0002850 0)             (0.986215 -0.0002840 0)
       0.0768             (0.986190 0.0002874 0)             (0.986190 -0.0002864 0)
       0.0772             (0.986165 0.0002898 0)             (0.986165 -0.0002888 0)
       0.0776             (0.986140 0.0002922 0)             (0.986140 -0.0002913 0)
        0.078             (0.986116 0.0002947 0)             (0.986116 -0.0002937 0)
       0.0784             (0.986092 0.0002972 0)             (0.986092 -0.0002962 0)
       0.0788             (0.986068 0.0002997 0)             (0.986068 -0.0002986 0)
       0.0792             (0.986044 0.0003021 0)             (0.986044 -0.0003011 0)
       0.0796             (0.986021 0.0003047 0)             (0.986021 -0.0003036 0)
         0.08             (0.985998 0.0003072 0)             (0.985997 -0.0003061 0)
       0.0804             (0.985975 0.0003097 0)             (0.985974 -0.0003086 0)
       0.0808             (0.985952 0.0003123 0)             (0.985952 -0.0003112 0)
       0.0812             (0.985929 0.0003148 0)             (0.985929 -0.0003137 0)
       0.0816             (0.985907 0.0003174 0)             (0.985907 -0.0003163 0)
        0.082             (0.985885 0.0003200 0)             (0.985884 -0.0003189 0)
       0.0824             (0.985863 0.0003226 0)             (0.985862 -0.0003215 0)
       0.0828             (0.985841 0.0003252 0)             (0.985841 -0.0003241 0)
       0.0832             (0.985820 0.0003278 0)             (0.985819 -0.0003267 0)
       0.0836             (0.985798 0.0003305 0)             (0.985798 -0.0003293 0)
        0.084             (0.985777 0.0003331 0)             (0.985777 -0.0003319 0)
       0.0844             (0.985756 0.0003358 0)             (0.985756 -0.0003346 0)
       0.0848             (0.985736 0.0003384 0)             (0.985735 -0.0003373 0)
       0.0852             (0.985715 0.0003411 0)             (0.985714 -0.0003399 0)
       0.0856             (0.985695 0.0003438 0)             (0.985694 -0.0003426 0)
        0.086             (0.985675 0.0003466 0)             (0.985674 -0.0003453 0)
       0.0864             (0.985655 0.0003493 0)             (0.985654 -0.0003481 0)
       0.0868             (0.985635 0.0003520 0)             (0.985634 -0.0003508 0)
       0.0872             (0.985615 0.0003548 0)             (0.985615 -0.0003535 0)
       0.0876             (0.985596 0.0003576 0)             (0.985595 -0.0003563 0)
        0.088             (0.985577 0.0003603 0)             (0.985576 -0.0003591 0)
       0.0884             (0.985558 0.0003631 0)             (0.985557 -0.0003619 0)
       0.0888             (0.985539 0.0003660 0)             (0.985538 -0.0003647 0)
       0.0892             (0.985520 0.0003688 0)             (0.985519 -0.0003675 0)
       0.0896             (0.985502 0.0003716 0)             (0.985501 -0.0003703 0)
         0.09             (0.985483 0.0003745 0)             (0.985483 -0.0003731 0)
       0.0904             (0.985465 0.0003773 0)             (0.985465 -0.0003760 0)
       0.0908             (0.985447 0.0003802 0)             (0.985447 -0.0003788 0)
       0.0912             (0.985430 0.0003831 0)             (0.985429 -0.0003817 0)
       0.0916             (0.985412 0.0003860 0)             (0.985411 -0.0003846 0)
        0.092             (0.985395 0.0003889 0)             (0.985394 -0.0003875 0)
       0.0924             (0.985377 0.0003918 0)             (0.985377 -0.0003904 0)
       0.0928             (0.985360 0.0003948 0)             (0.985359 -0.0003934 0)
       0.0932             (0.985343 0.0003977 0)             (0.985342 -0.0003963 0)
       0.0936             (0.985326 0.0004007 0)             (0.985326 -0.0003993 0)
        0.094             (0.985310 0.0004037 0)             (0.985309 -0.0004022 0)
       0.0944             (0.985293 0.0004067 0)             (0.985293 -0.0004052 0)
       0.0948             (0.985277 0.0004097 0)             (0.985276 -0.0004082 0)
       0.0952             (0.985261 0.0004127 0)             (0.985260 -0.0004112 0)
       0.0956             (0.985245 0.0004157 0)             (0.985244 -0.0004142 0)
        0.096             (0.985229 0.0004188 0)             (0.985228 -0.0004173 0)
       0.0964             (0.985214 0.0004218 0)             (0.985213 -0.0004203 0)
       0.0968             (0.985198 0.0004249 0)             (0.985197 -0.0004234 0)
       0.0972             (0.985183 0.0004280 0)             (0.985182 -0.0004264 0)
       0.0976             (0.985167 0.0004311 0)             (0.985167 -0.0004295 0)
        0.098             (0.985152 0.0004342 0)             (0.985152 -0.0004326 0)
       0.0984             (0.985137 0.0004373 0)             (0.985137 -0.0004357 0)
       0.0988             (0.985123 0.0004404 0)             (0.985122 -0.0004388 0)
       0.0992             (0.985108 0.0004436 0)             (0.985107 -0.0004420 0)
       0.0996             (0.985094 0.0004468 0)             (0.985093 -0.0004451 0)
          0.1             (0.985079 0.0004499 0)             (0.985079 -0.0004483 0)
       0.1004             (0.985065 0.0004531 0)             (0.985064 -0.0004515 0)
       0.1008             (0.985051 0.0004563 0)             (0.985050 -0.0004547 0)
       0.1012             (0.985037 0.0004595 0)             (0.985036 -0.0004579 0)
       0.1016             (0.985023 0.0004628 0)             (0.985023 -0.0004611 0)
        0.102             (0.985010 0.0004660 0)             (0.985009 -0.0004643 0)
       0.1024             (0.984996 0.0004693 0)             (0.984995 -0.0004675 0)
       0.1028             (0.984983 0.0004725 0)             (0.984982 -0.0004708 0)
       0.1032             (0.984970 0.0004758 0)             (0.984969 -0.0004740 0)
       0.1036             (0.984957 0.0004791 0)             (0.984956 -0.0004773 0)
        0.104             (0.984944 0.0004824 0)             (0.984943 -0.0004806 0)
       0.1044             (0.984931 0.0004857 0)             (0.984930 -0.0004839 0)
       0.1048             (0.984918 0.0004890 0)             (0.984917 -0.0004872 0)
       0.1052             (0.984905 0.0004924 0)             (0.984905 -0.0004906 0)
       0.1056             (0.984893 0.0004957 0)             (0.984892 -0.0004939 0)
        0.106             (0.984881 0.0004991 0)             (0.984880 -0.0004973 0)
       0.1064             (0.984868 0.0005025 0)             (0.984868 -0.0005006 0)
       0.1068             (0.984856 0.0005059 0)             (0.984855 -0.0005040 0)
       0.1072             (0.984844 0.0005093 0)             (0.984844 -0.0005074 0)
       0.1076             (0.984833 0.0005127 0)             (0.984832 -0.0005108 0)
        0.108             (0.984821 0.0005162 0)             (0.984820 -0.0005142 0)
       0.1084             (0.984809 0.0005196 0)             (0.984808 -0.0005177 0)
       0.1088             (0.984798 0.0005231 0)             (0.984797 -0.0005211 0)
       0.1092             (0.984786 0.0005265 0)             (0.984785 -0.0005246 0)
       0.1096             (0.984775 0.0005300 0)             (0.984774 -0.0005280 0)
         0.11             (0.984764 0.0005335 0)             (0.984763 -0.0005315 0)
       0.1104             (0.984753 0.0005370 0)             (0.984752 -0.0005350 0)
       0.1108             (0.984742 0.0005405 0)             (0.984741 -0.0005385 0)
       0.1112             (0.984731 0.0005441 0)             (0.984730 -0.0005420 0)
       0.1116             (0.984720 0.0005476 0)             (0.984720 -0.0005456 0)
        0.112             (0.984710 0.0005512 0)             (0.984709 -0.0005491 0)
       0.1124             (0.984699 0.0005548 0)             (0.984699 -0.0005527 0)
       0.1128             (0.984689 0.0005583 0)             (0.984688 -0.0005562 0)
       0.1132             (0.984679 0.0005619 0)             (0.984678 -0.0005598 0)
       0.1136             (0.984669 0.0005655 0)             (0.984668 -0.0005634 0)
        0.114             (0.984659 0.0005692 0)             (0.984658 -0.0005670 0)
       0.1144             (0.984649 0.0005728 0)             (0.984648 -0.0005706 0)
       0.1148             (0.984639 0.0005764 0)             (0.984638 -0.0005742 0)
       0.1152             (0.984629 0.0005801 0)             (0.984628 -0.0005779 0)
       0.1156             (0.984619 0.0005838 0)             (0.984619 -0.0005815 0)
        0.116             (0.984610 0.0005875 0)             (0.984609 -0.0005852 0)
       0.1164             (0.984601 0.0005912 0)             (0.984600 -0.0005889 0)
       0.1168             (0.984591 0.0005949 0)             (0.984590 -0.0005926 0)
       0.1172             (0.984582 0.0005986 0)             (0.984581 -0.0005963 0)
       0.1176             (0.984573 0.0006023 0)             (0.984572 -0.0006000 0)
        0.118             (0.984564 0.0006061 0)             (0.984563 -0.0006037 0)
       0.1184             (0.984555 0.0006098 0)             (0.984554 -0.0006075 0)
       0.1188             (0.984546 0.0006136 0)             (0.984545 -0.0006112 0)
       0.1192             (0.984537 0.0006174 0)             (0.984536 -0.0006150 0)
       0.1196             (0.984529 0.0006212 0)             (0.984527 -0.0006188 0)
         0.12             (0.984520 0.0006250 0)             (0.984519 -0.0006225 0)
       0.1204             (0.984511 0.0006288 0)             (0.984510 -0.0006263 0)
       0.1208             (0.984503 0.0006326 0)             (0.984502 -0.0006302 0)
       0.1212             (0.984495 0.0006365 0)             (0.984494 -0.0006340 0)
       0.1216             (0.984487 0.0006403 0)             (0.984485 -0.0006378 0)
        0.122             (0.984478 0.0006442 0)             (0.984477 -0.0006417 0)
       0.1224             (0.984470 0.0006481 0)             (0.984469 -0.0006455 0)
       0.1228             (0.984462 0.0006519 0)             (0.984461 -0.0006494 0)
       0.1232             (0.984455 0.0006558 0)             (0.984453 -0.0006533 0)
       0.1236             (0.984447 0.0006598 0)             (0.984446 -0.0006572 0)
        0.124             (0.984439 0.0006637 0)             (0.984438 -0.0006611 0)
       0.1244             (0.984431 0.0006676 0)             (0.984430 -0.0006650 0)
       0.1248             (0.984424 0.0006716 0)             (0.984423 -0.0006689 0)
       0.1252             (0.984416 0.0006755 0)             (0.984415 -0.0006728 0)
       0.1256             (0.984409 0.0006795 0)             (0.984408 -0.0006768 0)
        0.126             (0.984402 0.0006835 0)             (0.984401 -0.0006808 0)
       0.1264             (0.984395 0.0006875 0)             (0.984393 -0.0006847 0)
       0.1268             (0.984387 0.0006915 0)             (0.984386 -0.0006887 0)
       0.1272             (0.984380 0.0006955 0)             (0.984379 -0.0006927 0)
       0.1276             (0.984373 0.0006995 0)             (0.984372 -0.0006967 0)
        0.128             (0.984366 0.0007035 0)             (0.984365 -0.0007007 0)
       0.1284             (0.984360 0.0007076 0)             (0.984358 -0.0007048 0)
       0.1288             (0.984353 0.0007117 0)             (0.984352 -0.0007088 0)
       0.1292             (0.984346 0.0007157 0)             (0.984345 -0.0007129 0)
       0.1296             (0.984340 0.0007198 0)             (0.984338 -0.0007169 0)
         0.13             (0.984333 0.0007239 0)             (0.984332 -0.0007210 0)
       0.1304             (0.984327 0.0007280 0)             (0.984325 -0.0007251 0)
       0.1308             (0.984320 0.0007321 0)             (0.984319 -0.0007292 0)
       0.1312             (0.984314 0.0007362 0)             (0.984313 -0.0007333 0)
       0.1316             (0.984308 0.0007404 0)             (0.984306 -0.0007374 0)
        0.132             (0.984301 0.0007445 0)             (0.984300 -0.0007415 0)
       0.1324             (0.984295 0.0007487 0)             (0.984294 -0.0007456 0)
       0.1328             (0.984289 0.0007528 0)             (0.984288 -0.0007498 0)
       0.1332             (0.984283 0.0007570 0)             (0.984282 -0.0007539 0)
       0.1336             (0.984277 0.0007612 0)             (0.984276 -0.0007581 0)
        0.134             (0.984272 0.0007654 0)             (0.984270 -0.0007623 0)
       0.1344             (0.984266 0.0007696 0)             (0.984265 -0.0007665 0)
       0.1348             (0.984260 0.0007738 0)             (0.984259 -0.0007707 0)
       0.1352             (0.984254 0.0007781 0)             (0.984253 -0.0007749 0)
       0.1356             (0.984249 0.0007823 0)             (0.984248 -0.0007791 0)
        0.136             (0.984243 0.0007865 0)             (0.984242 -0.0007833 0)
       0.1364             (0.984238 0.0007908 0)             (0.984237 -0.0007875 0)
       0.1368             (0.984233 0.0007951 0)             (0.984231 -0.0007918 0)
       0.1372             (0.984227 0.0007993 0)             (0.984226 -0.0007960 0)
       0.1376             (0.984222 0.0008036 0)             (0.984221 -0.0008003 0)
        0.138             (0.984217 0.0008079 0)             (0.984215 -0.0008046 0)
       0.1384             (0.984212 0.0008122 0)             (0.984210 -0.0008089 0)
       0.1388             (0.984206 0.0008166 0)             (0.984205 -0.0008132 0)
       0.1392             (0.984201 0.0008209 0)             (0.984200 -0.0008175 0)
       0.1396             (0.984196 0.0008252 0)             (0.984195 -0.0008218 0)
         0.14             (0.984192 0.0008296 0)             (0.984190 -0.0008261 0)
       0.1404             (0.984187 0.0008339 0)             (0.984185 -0.0008304 0)
       0.1408             (0.984182 0.0008383 0)             (0.984180 -0.0008347 0)
       0.1412             (0.984177 0.0008426 0)             (0.984176 -0.0008391 0)
       0.1416             (0.984172 0.0008470 0)             (0.984171 -0.0008434 0)
        0.142             (0.984168 0.0008514 0)             (0.984166 -0.0008478 0)
       0.1424             (0.984163 0.0008558 0)             (0.984162 -0.0008522 0)
       0.1428             (0.984159 0.0008602 0)             (0.984157 -0.0008566 0)
       0.1432             (0.984154 0.0008646 0)             (0.984153 -0.0008610 0)
       0.1436             (0.984150 0.0008690 0)             (0.984148 -0.0008653 0)
        0.144             (0.984145 0.0008735 0)             (0.984144 -0.0008698 0)
       0.1444             (0.984141 0.0008779 0)             (0.984140 -0.0008742 0)
       0.1448             (0.984137 0.0008824 0)             (0.984135 -0.0008786 0)
       0.1452             (0.984133 0.0008868 0)             (0.984131 -0.0008830 0)
       0.1456             (0.984128 0.0008913 0)             (0.984127 -0.0008875 0)
        0.146             (0.984124 0.0008957 0)             (0.984123 -0.0008919 0)
       0.1464             (0.984120 0.0009002 0)             (0.984119 -0.0008963 0)
       0.1468             (0.984116 0.0009047 0)             (0.984115 -0.0009008 0)
       0.1472             (0.984112 0.0009092 0)             (0.984111 -0.0009053 0)
       0.1476             (0.984108 0.0009137 0)             (0.984107 -0.0009097 0)
        0.148             (0.984104 0.0009182 0)             (0.984103 -0.0009142 0)
       0.1484             (0.984101 0.0009227 0)             (0.984099 -0.0009187 0)
       0.1488             (0.984097 0.0009272 0)             (0.984095 -0.0009232 0)
       0.1492             (0.984093 0.0009318 0)             (0.984091 -0.0009277 0)
       0.1496             (0.984089 0.0009363 0)             (0.984088 -0.0009322 0)
         0.15             (0.984086 0.0009409 0)             (0.984084 -0.0009367 0)
       0.1504             (0.984082 0.0009454 0)             (0.984080 -0.0009413 0)
       0.1508             (0.984078 0.0009500 0)             (0.984077 -0.0009458 0)
       0.1512             (0.984075 0.0009545 0)             (0.984073 -0.0009503 0)
       0.1516             (0.984071 0.0009591 0)             (0.984070 -0.0009549 0)
        0.152             (0.984068 0.0009637 0)             (0.984066 -0.0009594 0)
       0.1524             (0.984065 0.0009682 0)             (0.984063 -0.0009640 0)
       0.1528             (0.984061 0.0009728 0)             (0.984060 -0.0009685 0)
       0.1532             (0.984058 0.0009774 0)             (0.984056 -0.0009731 0)
       0.1536             (0.984055 0.0009820 0)             (0.984053 -0.0009777 0)
        0.154             (0.984051 0.0009866 0)             (0.984050 -0.0009822 0)
       0.1544             (0.984048 0.0009912 0)             (0.984047 -0.0009868 0)
       0.1548             (0.984045 0.0009958 0)             (0.984043 -0.0009914 0)
       0.1552             (0.984042 0.0010005 0)             (0.984040 -0.0009960 0)
       0.1556             (0.984039 0.0010051 0)             (0.984037 -0.0010006 0)
        0.156             (0.984036 0.0010097 0)             (0.984034 -0.0010052 0)
       0.1564             (0.984033 0.0010143 0)             (0.984031 -0.0010098 0)
       0.1568             (0.984030 0.0010190 0)             (0.984028 -0.0010144 0)
       0.1572             (0.984027 0.0010236 0)             (0.984025 -0.0010190 0)
       0.1576             (0.984024 0.0010283 0)             (0.984022 -0.0010236 0)
        0.158             (0.984021 0.0010329 0)             (0.984019 -0.0010282 0)
       0.1584             (0.984018 0.0010376 0)             (0.984017 -0.0010329 0)
       0.1588             (0.984015 0.0010422 0)             (0.984014 -0.0010375 0)
       0.1592             (0.984013 0.0010469 0)             (0.984011 -0.0010421 0)
       0.1596             (0.984010 0.0010516 0)             (0.984008 -0.0010467 0)
         0.16             (0.984007 0.0010562 0)             (0.984006 -0.0010514 0)
       0.1604             (0.984005 0.0010609 0)             (0.984003 -0.0010560 0)
       0.1608             (0.984002 0.0010656 0)             (0.984000 -0.0010607 0)
       0.1612             (0.983999 0.0010702 0)             (0.983998 -0.0010653 0)
       0.1616             (0.983997 0.0010749 0)             (0.983995 -0.0010700 0)
        0.162             (0.983994 0.0010796 0)             (0.983992 -0.0010746 0)
       0.1624             (0.983992 0.0010843 0)             (0.983990 -0.0010793 0)
       0.1628             (0.983989 0.0010890 0)             (0.983987 -0.0010839 0)
       0.1632             (0.983987 0.0010937 0)             (0.983985 -0.0010886 0)
       0.1636             (0.983984 0.0010984 0)             (0.983983 -0.0010932 0)
        0.164             (0.983982 0.0011031 0)             (0.983980 -0.0010979 0)
       0.1644             (0.983980 0.0011077 0)             (0.983978 -0.0011026 0)
       0.1648             (0.983977 0.0011124 0)             (0.983975 -0.0011072 0)
       0.1652             (0.983975 0.0011171 0)             (0.983973 -0.0011119 0)
       0.1656             (0.983973 0.0011218 0)             (0.983971 -0.0011165 0)
        0.166             (0.983970 0.0011265 0)             (0.983969 -0.0011212 0)
       0.1664             (0.983968 0.0011312 0)             (0.983966 -0.0011259 0)
       0.1668             (0.983966 0.0011359 0)             (0.983964 -0.0011305 0)
       0.1672             (0.983964 0.0011406 0)             (0.983962 -0.0011352 0)
       0.1676             (0.983962 0.0011453 0)             (0.983960 -0.0011399 0)
        0.168             (0.983960 0.0011500 0)             (0.983958 -0.0011445 0)
       0.1684             (0.983958 0.0011547 0)             (0.983956 -0.0011492 0)
       0.1688             (0.983955 0.0011594 0)             (0.983954 -0.0011539 0)
       0.1692             (0.983953 0.0011641 0)             (0.983951 -0.0011585 0)
       0.1696             (0.983951 0.0011688 0)             (0.983949 -0.0011632 0)
         0.17             (0.983949 0.0011735 0)             (0.983947 -0.0011679 0)
       0.1704             (0.983947 0.0011782 0)             (0.983945 -0.0011725 0)
       0.1708             (0.983945 0.0011829 0)             (0.983943 -0.0011772 0)
       0.1712             (0.983943 0.0011876 0)             (0.983942 -0.0011818 0)
       0.1716             (0.983942 0.0011923 0)             (0.983940 -0.0011865 0)
        0.172             (0.983940 0.0011970 0)             (0.983938 -0.0011911 0)
       0.1724             (0.983938 0.0012016 0)             (0.983936 -0.0011958 0)
       0.1728             (0.983936 0.0012063 0)             (0.983934 -0.0012004 0)
       0.1732             (0.983934 0.0012110 0)             (0.983932 -0.0012051 0)
       0.1736             (0.983932 0.0012157 0)             (0.983930 -0.0012097 0)
        0.174             (0.983931 0.0012203 0)             (0.983929 -0.0012143 0)
       0.1744             (0.983929 0.0012250 0)             (0.983927 -0.0012190 0)
       0.1748             (0.983927 0.0012297 0)             (0.983925 -0.0012236 0)
       0.1752             (0.983925 0.0012343 0)             (0.983923 -0.0012282 0)
       0.1756             (0.983924 0.0012390 0)             (0.983922 -0.0012328 0)
        0.176             (0.983922 0.0012436 0)             (0.983920 -0.0012374 0)
       0.1764             (0.983920 0.0012483 0)             (0.983918 -0.0012420 0)
       0.1768             (0.983918 0.0012529 0)             (0.983916 -0.0012466 0)
       0.1772             (0.983917 0.0012575 0)             (0.983915 -0.0012512 0)
       0.1776             (0.983915 0.0012622 0)             (0.983913 -0.0012558 0)
        0.178             (0.983914 0.0012668 0)             (0.983912 -0.0012604 0)
       0.1784             (0.983912 0.0012714 0)             (0.983910 -0.0012650 0)
       0.1788             (0.983910 0.0012760 0)             (0.983908 -0.0012695 0)
       0.1792             (0.983909 0.0012806 0)             (0.983907 -0.0012741 0)
       0.1796             (0.983907 0.0012852 0)             (0.983905 -0.0012787 0)
         0.18             (0.983906 0.0012898 0)             (0.983904 -0.0012832 0)
       0.1804             (0.983904 0.0012944 0)             (0.983902 -0.0012878 0)
       0.1808             (0.983903 0.0012989 0)             (0.983901 -0.0012923 0)
       0.1812             (0.983901 0.0013035 0)             (0.983899 -0.0012968 0)
       0.1816             (0.983900 0.0013081 0)             (0.983898 -0.0013013 0)
        0.182             (0.983898 0.0013126 0)             (0.983896 -0.0013058 0)
       0.1824             (0.983897 0.0013171 0)             (0.983895 -0.0013103 0)
       0.1828             (0.983895 0.0013217 0)             (0.983893 -0.0013148 0)
       0.1832             (0.983894 0.0013262 0)             (0.983892 -0.0013193 0)
       0.1836             (0.983893 0.0013307 0)             (0.983890 -0.0013238 0)
        0.184             (0.983891 0.0013352 0)             (0.983889 -0.0013282 0)
       0.1844             (0.983890 0.0013397 0)             (0.983888 -0.0013327 0)
       0.1848             (0.983888 0.0013442 0)             (0.983886 -0.0013371 0)
       0.1852             (0.983887 0.0013486 0)             (0.983885 -0.0013415 0)
       0.1856             (0.983886 0.0013531 0)             (0.983883 -0.0013459 0)
        0.186             (0.983884 0.0013575 0)             (0.983882 -0.0013503 0)
       0.1864             (0.983883 0.0013619 0)             (0.983881 -0.0013547 0)
       0.1868             (0.983882 0.0013664 0)             (0.983879 -0.0013591 0)
       0.1872             (0.983880 0.0013708 0)             (0.983878 -0.0013634 0)
       0.1876             (0.983879 0.0013752 0)             (0.983877 -0.0013678 0)
        0.188             (0.983878 0.0013795 0)             (0.983875 -0.0013721 0)
       0.1884             (0.983876 0.0013839 0)             (0.983874 -0.0013764 0)
       0.1888             (0.983875 0.0013882 0)             (0.983873 -0.0013808 0)
       0.1892             (0.983874 0.0013926 0)             (0.983871 -0.0013850 0)
       0.1896             (0.983872 0.0013969 0)             (0.983870 -0.0013893 0)
         0.19             (0.983871 0.0014012 0)             (0.983869 -0.0013936 0)
       0.1904             (0.983870 0.0014055 0)             (0.983868 -0.0013978 0)
       0.1908             (0.983869 0.0014098 0)             (0.983866 -0.0014020 0)
       0.1912             (0.983867 0.0014140 0)             (0.983865 -0.0014063 0)
       0.1916             (0.983866 0.0014182 0)             (0.983864 -0.0014104 0)
        0.192             (0.983865 0.0014225 0)             (0.983863 -0.0014146 0)
       0.1924             (0.983864 0.0014267 0)             (0.983861 -0.0014188 0)
       0.1928             (0.983862 0.0014308 0)             (0.983860 -0.0014229 0)
       0.1932             (0.983861 0.0014350 0)             (0.983859 -0.0014270 0)
       0.1936             (0.983860 0.0014392 0)             (0.983858 -0.0014311 0)
        0.194             (0.983859 0.0014433 0)             (0.983856 -0.0014352 0)
       0.1944             (0.983857 0.0014474 0)             (0.983855 -0.0014393 0)
       0.1948             (0.983856 0.0014515 0)             (0.983854 -0.0014433 0)
       0.1952             (0.983855 0.0014555 0)             (0.983853 -0.0014473 0)
       0.1956             (0.983854 0.0014596 0)             (0.983852 -0.0014513 0)
        0.196             (0.983853 0.0014636 0)             (0.983850 -0.0014553 0)
       0.1964             (0.983851 0.0014676 0)             (0.983849 -0.0014593 0)
       0.1968             (0.983850 0.0014716 0)             (0.983848 -0.0014632 0)
       0.1972             (0.983849 0.0014756 0)             (0.983847 -0.0014671 0)
       0.1976             (0.983848 0.0014795 0)             (0.983845 -0.0014710 0)
        0.198             (0.983847 0.0014834 0)             (0.983844 -0.0014749 0)
       0.1984             (0.983845 0.0014873 0)             (0.983843 -0.0014787 0)
       0.1988             (0.983844 0.0014912 0)             (0.983842 -0.0014825 0)
       0.1992             (0.983843 0.0014950 0)             (0.983841 -0.0014863 0)
       0.1996             (0.983842 0.0014988 0)             (0.983839 -0.0014901 0)
          0.2             (0.983840 0.0015026 0)             (0.983838 -0.0014938 0)
       0.2004             (0.983839 0.0015063 0)             (0.983837 -0.0014975 0)
       0.2008             (0.983838 0.0015101 0)             (0.983836 -0.0015012 0)
       0.2012             (0.983837 0.0015138 0)             (0.983835 -0.0015049 0)
       0.2016             (0.983836 0.0015175 0)             (0.983833 -0.0015085 0)
        0.202             (0.983834 0.0015211 0)             (0.983832 -0.0015121 0)
       0.2024             (0.983833 0.0015247 0)             (0.983831 -0.0015157 0)
       0.2028             (0.983832 0.0015283 0)             (0.983830 -0.0015192 0)
       0.2032             (0.983831 0.0015319 0)             (0.983829 -0.0015227 0)
       0.2036             (0.983830 0.0015354 0)             (0.983827 -0.0015262 0)
        0.204             (0.983828 0.0015389 0)             (0.983826 -0.0015296 0)
       0.2044             (0.983827 0.0015424 0)             (0.983825 -0.0015331 0)
       0.2048             (0.983826 0.0015458 0)             (0.983824 -0.0015364 0)
       0.2052             (0.983825 0.0015492 0)             (0.983822 -0.0015398 0)
       0.2056             (0.983823 0.0015526 0)             (0.983821 -0.0015431 0)
        0.206             (0.983822 0.0015559 0)             (0.983820 -0.0015464 0)
       0.2064             (0.983821 0.0015592 0)             (0.983819 -0.0015497 0)
       0.2068             (0.983820 0.0015625 0)             (0.983817 -0.0015529 0)
       0.2072             (0.983818 0.0015657 0)             (0.983816 -0.0015561 0)
       0.2076             (0.983817 0.0015689 0)             (0.983815 -0.0015592 0)
        0.208             (0.983816 0.0015721 0)             (0.983814 -0.0015623 0)
       0.2084             (0.983815 0.0015752 0)             (0.983812 -0.0015654 0)
       0.2088             (0.983813 0.0015783 0)             (0.983811 -0.0015684 0)
       0.2092             (0.983812 0.0015813 0)             (0.983810 -0.0015714 0)
       0.2096             (0.983811 0.0015844 0)             (0.983808 -0.0015744 0)
         0.21             (0.983809 0.0015873 0)             (0.983807 -0.0015773 0)
       0.2104             (0.983808 0.0015903 0)             (0.983806 -0.0015801 0)
       0.2108             (0.983807 0.0015931 0)             (0.983804 -0.0015830 0)
       0.2112             (0.983805 0.0015960 0)             (0.983803 -0.0015858 0)
       0.2116             (0.983804 0.0015988 0)             (0.983802 -0.0015885 0)
        0.212             (0.983803 0.0016016 0)             (0.983800 -0.0015912 0)
       0.2124             (0.983801 0.0016043 0)             (0.983799 -0.0015939 0)
       0.2128             (0.983800 0.0016069 0)             (0.983798 -0.0015965 0)
       0.2132             (0.983799 0.0016096 0)             (0.983796 -0.0015991 0)
       0.2136             (0.983797 0.0016122 0)             (0.983795 -0.0016016 0)
        0.214             (0.983796 0.0016147 0)             (0.983794 -0.0016041 0)
       0.2144             (0.983795 0.0016172 0)             (0.983792 -0.0016065 0)
       0.2148             (0.983793 0.0016196 0)             (0.983791 -0.0016089 0)
       0.2152             (0.983792 0.0016220 0)             (0.983789 -0.0016113 0)
       0.2156             (0.983790 0.0016244 0)             (0.983788 -0.0016136 0)
        0.216             (0.983789 0.0016267 0)             (0.983787 -0.0016158 0)
       0.2164             (0.983787 0.0016289 0)             (0.983785 -0.0016180 0)
       0.2168             (0.983786 0.0016311 0)             (0.983784 -0.0016202 0)
       0.2172             (0.983784 0.0016333 0)             (0.983782 -0.0016222 0)
       0.2176             (0.983783 0.0016354 0)             (0.983781 -0.0016243 0)
        0.218             (0.983781 0.0016374 0)             (0.983779 -0.0016263 0)
       0.2184             (0.983780 0.0016394 0)             (0.983778 -0.0016282 0)
       0.2188             (0.983778 0.0016414 0)             (0.983776 -0.0016301 0)
       0.2192             (0.983777 0.0016432 0)             (0.983775 -0.0016319 0)
       0.2196             (0.983775 0.0016451 0)             (0.983773 -0.0016337 0)
         0.22             (0.983774 0.0016468 0)             (0.983771 -0.0016354 0)
       0.2204             (0.983772 0.0016485 0)             (0.983770 -0.0016370 0)
       0.2208             (0.983771 0.0016502 0)             (0.983768 -0.0016386 0)
       0.2212             (0.983769 0.0016518 0)             (0.983767 -0.0016401 0)
       0.2216             (0.983767 0.0016533 0)             (0.983765 -0.0016416 0)
        0.222             (0.983766 0.0016548 0)             (0.983763 -0.0016430 0)
       0.2224             (0.983764 0.0016562 0)             (0.983762 -0.0016444 0)
       0.2228             (0.983762 0.0016575 0)             (0.983760 -0.0016457 0)
       0.2232             (0.983761 0.0016588 0)             (0.983758 -0.0016469 0)
       0.2236             (0.983759 0.0016600 0)             (0.983757 -0.0016481 0)
        0.224             (0.983757 0.0016612 0)             (0.983755 -0.0016492 0)
       0.2244             (0.983756 0.0016623 0)             (0.983753 -0.0016502 0)
       0.2248             (0.983754 0.0016633 0)             (0.983752 -0.0016511 0)
       0.2252             (0.983752 0.0016643 0)             (0.983750 -0.0016520 0)
       0.2256             (0.983750 0.0016652 0)             (0.983748 -0.0016529 0)
        0.226             (0.983748 0.0016660 0)             (0.983746 -0.0016536 0)
       0.2264             (0.983747 0.0016667 0)             (0.983744 -0.0016543 0)
       0.2268             (0.983745 0.0016674 0)             (0.983743 -0.0016549 0)
       0.2272             (0.983743 0.0016680 0)             (0.983741 -0.0016555 0)
       0.2276             (0.983741 0.0016685 0)             (0.983739 -0.0016559 0)
        0.228             (0.983739 0.0016690 0)             (0.983737 -0.0016563 0)
       0.2284             (0.983737 0.0016694 0)             (0.983735 -0.0016567 0)
       0.2288             (0.983735 0.0016697 0)             (0.983733 -0.0016569 0)
       0.2292             (0.983733 0.0016699 0)             (0.983731 -0.0016571 0)
       0.2296             (0.983731 0.0016701 0)             (0.983729 -0.0016572 0)
         0.23             (0.983729 0.0016702 0)             (0.983727 -0.0016572 0)
       0.2304             (0.983727 0.0016702 0)             (0.983725 -0.0016571 0)
       0.2308             (0.983725 0.0016701 0)             (0.983723 -0.0016570 0)
       0.2312             (0.983723 0.0016699 0)             (0.983721 -0.0016568 0)
       0.2316             (0.983721 0.0016697 0)             (0.983719 -0.0016564 0)
        0.232             (0.983719 0.0016694 0)             (0.983717 -0.0016561 0)
       0.2324             (0.983717 0.0016689 0)             (0.983715 -0.0016556 0)
       0.2328             (0.983715 0.0016684 0)             (0.983713 -0.0016550 0)
       0.2332             (0.983713 0.0016679 0)             (0.983711 -0.0016544 0)
       0.2336             (0.983711 0.0016672 0)             (0.983708 -0.0016536 0)
        0.234             (0.983708 0.0016664 0)             (0.983706 -0.0016528 0)
       0.2344             (0.983706 0.0016656 0)             (0.983704 -0.0016519 0)
       0.2348             (0.983704 0.0016646 0)             (0.983702 -0.0016509 0)
       0.2352             (0.983702 0.0016636 0)             (0.983700 -0.0016498 0)
       0.2356             (0.983699 0.0016625 0)             (0.983697 -0.0016486 0)
        0.236             (0.983697 0.0016613 0)             (0.983695 -0.0016473 0)
       0.2364             (0.983695 0.0016600 0)             (0.983693 -0.0016459 0)
       0.2368             (0.983692 0.0016585 0)             (0.983690 -0.0016445 0)
       0.2372             (0.983690 0.0016570 0)             (0.983688 -0.0016429 0)
       0.2376             (0.983688 0.0016554 0)             (0.983686 -0.0016412 0)
        0.238             (0.983685 0.0016537 0)             (0.983683 -0.0016394 0)
       0.2384             (0.983683 0.0016519 0)             (0.983681 -0.0016376 0)
       0.2388             (0.983680 0.0016500 0)             (0.983678 -0.0016356 0)
       0.2392             (0.983678 0.0016480 0)             (0.983676 -0.0016335 0)
       0.2396             (0.983675 0.0016459 0)             (0.983673 -0.0016313 0)
         0.24             (0.983673 0.0016437 0)             (0.983671 -0.0016290 0)
       0.2404             (0.983670 0.0016414 0)             (0.983668 -0.0016267 0)
       0.2408             (0.983667 0.0016389 0)             (0.983666 -0.0016242 0)
       0.2412             (0.983665 0.0016364 0)             (0.983663 -0.0016215 0)
       0.2416             (0.983662 0.0016337 0)             (0.983660 -0.0016188 0)
        0.242             (0.983659 0.0016310 0)             (0.983658 -0.0016160 0)
       0.2424             (0.983657 0.0016281 0)             (0.983655 -0.0016130 0)
       0.2428             (0.983654 0.0016251 0)             (0.983652 -0.0016100 0)
       0.2432             (0.983651 0.0016220 0)             (0.983649 -0.0016068 0)
       0.2436             (0.983648 0.0016188 0)             (0.983647 -0.0016035 0)
        0.244             (0.983646 0.0016154 0)             (0.983644 -0.0016001 0)
       0.2444             (0.983643 0.0016120 0)             (0.983641 -0.0015966 0)
       0.2448             (0.983640 0.0016084 0)             (0.983638 -0.0015929 0)
       0.2452             (0.983637 0.0016047 0)             (0.983635 -0.0015892 0)
       0.2456             (0.983634 0.0016009 0)             (0.983632 -0.0015853 0)
        0.246             (0.983631 0.0015969 0)             (0.983629 -0.0015813 0)
       0.2464             (0.983628 0.0015929 0)             (0.983626 -0.0015771 0)
       0.2468             (0.983625 0.0015887 0)             (0.983623 -0.0015729 0)
       0.2472             (0.983622 0.0015843 0)             (0.983620 -0.0015685 0)
       0.2476             (0.983619 0.0015799 0)             (0.983617 -0.0015639 0)
        0.248             (0.983616 0.0015753 0)             (0.983614 -0.0015593 0)
       0.2484             (0.983613 0.0015706 0)             (0.983611 -0.0015545 0)
       0.2488             (0.983609 0.0015657 0)             (0.983608 -0.0015496 0)
       0.2492             (0.983606 0.0015608 0)             (0.983605 -0.0015445 0)
       0.2496             (0.983603 0.0015556 0)             (0.983601 -0.0015393 0)
         0.25             (0.983600 0.0015504 0)             (0.983598 -0.0015340 0)
       0.2504             (0.983596 0.0015450 0)             (0.983595 -0.0015285 0)
       0.2508             (0.983593 0.0015394 0)             (0.983591 -0.0015229 0)
       0.2512             (0.983590 0.0015337 0)             (0.983588 -0.0015171 0)
       0.2516             (0.983586 0.0015279 0)             (0.983585 -0.0015112 0)
        0.252             (0.983583 0.0015219 0)             (0.983581 -0.0015052 0)
       0.2524             (0.983579 0.0015158 0)             (0.983578 -0.0014990 0)
       0.2528             (0.983576 0.0015096 0)             (0.983574 -0.0014927 0)
       0.2532             (0.983572 0.0015031 0)             (0.983571 -0.0014862 0)
       0.2536             (0.983569 0.0014966 0)             (0.983567 -0.0014795 0)
        0.254             (0.983565 0.0014898 0)             (0.983564 -0.0014727 0)
       0.2544             (0.983562 0.0014830 0)             (0.983560 -0.0014658 0)
       0.2548             (0.983558 0.0014759 0)             (0.983556 -0.0014587 0)
       0.2552             (0.983554 0.0014688 0)             (0.983553 -0.0014514 0)
       0.2556             (0.983550 0.0014614 0)             (0.983549 -0.0014440 0)
        0.256             (0.983547 0.0014539 0)             (0.983545 -0.0014364 0)
       0.2564             (0.983543 0.0014462 0)             (0.983541 -0.0014287 0)
       0.2568             (0.983539 0.0014384 0)             (0.983538 -0.0014208 0)
       0.2572             (0.983535 0.0014304 0)             (0.983534 -0.0014127 0)
       0.2576             (0.983531 0.0014222 0)             (0.983530 -0.0014044 0)
        0.258             (0.983527 0.0014139 0)             (0.983526 -0.0013960 0)
       0.2584             (0.983523 0.0014054 0)             (0.983522 -0.0013875 0)
       0.2588             (0.983519 0.0013967 0)             (0.983518 -0.0013787 0)
       0.2592             (0.983515 0.0013879 0)             (0.983514 -0.0013698 0)
       0.2596             (0.983511 0.0013788 0)             (0.983510 -0.0013607 0)
         0.26             (0.983507 0.0013696 0)             (0.983505 -0.0013514 0)
       0.2604             (0.983503 0.0013602 0)             (0.983501 -0.0013419 0)
       0.2608             (0.983498 0.0013507 0)             (0.983497 -0.0013323 0)
       0.2612             (0.983494 0.0013409 0)             (0.983493 -0.0013225 0)
       0.2616             (0.983490 0.0013310 0)             (0.983489 -0.0013125 0)
        0.262             (0.983485 0.0013209 0)             (0.983484 -0.0013023 0)
       0.2624             (0.983481 0.0013106 0)             (0.983480 -0.0012919 0)
       0.2628             (0.983477 0.0013001 0)             (0.983476 -0.0012813 0)
       0.2632             (0.983472 0.0012894 0)             (0.983471 -0.0012706 0)
       0.2636             (0.983468 0.0012785 0)             (0.983467 -0.0012596 0)
        0.264             (0.983463 0.0012675 0)             (0.983462 -0.0012485 0)
       0.2644             (0.983459 0.0012562 0)             (0.983457 -0.0012371 0)
       0.2648             (0.983454 0.0012447 0)             (0.983453 -0.0012256 0)
       0.2652             (0.983449 0.0012331 0)             (0.983448 -0.0012139 0)
       0.2656             (0.983445 0.0012212 0)             (0.983444 -0.0012019 0)
        0.266             (0.983440 0.0012091 0)             (0.983439 -0.0011898 0)
       0.2664             (0.983435 0.0011969 0)             (0.983434 -0.0011774 0)
       0.2668             (0.983430 0.0011844 0)             (0.983429 -0.0011649 0)
       0.2672             (0.983425 0.0011717 0)             (0.983424 -0.0011521 0)
       0.2676             (0.983420 0.0011588 0)             (0.983419 -0.0011391 0)
        0.268             (0.983415 0.0011457 0)             (0.983415 -0.0011259 0)
       0.2684             (0.983410 0.0011323 0)             (0.983410 -0.0011125 0)
       0.2688             (0.983405 0.0011188 0)             (0.983405 -0.0010989 0)
       0.2692             (0.983400 0.0011050 0)             (0.983399 -0.0010851 0)
       0.2696             (0.983395 0.0010911 0)             (0.983394 -0.0010710 0)
         0.27             (0.983390 0.0010768 0)             (0.983389 -0.0010567 0)
       0.2704             (0.983385 0.0010624 0)             (0.983384 -0.0010422 0)
       0.2708             (0.983379 0.0010477 0)             (0.983379 -0.0010275 0)
       0.2712             (0.983374 0.0010329 0)             (0.983373 -0.0010125 0)
       0.2716             (0.983369 0.0010177 0)             (0.983368 -0.0009973 0)
        0.272             (0.983363 0.0010024 0)             (0.983363 -0.0009819 0)
       0.2724             (0.983358 0.0009868 0)             (0.983357 -0.0009662 0)
       0.2728             (0.983352 0.0009710 0)             (0.983352 -0.0009503 0)
       0.2732             (0.983347 0.0009549 0)             (0.983346 -0.0009342 0)
       0.2736             (0.983341 0.0009386 0)             (0.983341 -0.0009178 0)
        0.274             (0.983336 0.0009221 0)             (0.983335 -0.0009012 0)
       0.2744             (0.983330 0.0009053 0)             (0.983329 -0.0008843 0)
       0.2748             (0.983324 0.0008882 0)             (0.983324 -0.0008672 0)
       0.2752             (0.983318 0.0008710 0)             (0.983318 -0.0008498 0)
       0.2756             (0.983312 0.0008534 0)             (0.983312 -0.0008322 0)
        0.276             (0.983307 0.0008356 0)             (0.983306 -0.0008144 0)
       0.2764             (0.983301 0.0008176 0)             (0.983300 -0.0007962 0)
       0.2768             (0.983295 0.0007993 0)             (0.983294 -0.0007779 0)
       0.2772             (0.983289 0.0007807 0)             (0.983288 -0.0007592 0)
       0.2776             (0.983283 0.0007619 0)             (0.983282 -0.0007403 0)
        0.278             (0.983276 0.0007428 0)             (0.983276 -0.0007212 0)
       0.2784             (0.983270 0.0007235 0)             (0.983270 -0.0007017 0)
       0.2788             (0.983264 0.0007038 0)             (0.983264 -0.0006820 0)
       0.2792             (0.983258 0.0006840 0)             (0.983258 -0.0006621 0)
       0.2796             (0.983251 0.0006638 0)             (0.983251 -0.0006418 0)
         0.28             (0.983245 0.0006434 0)             (0.983245 -0.0006213 0)
       0.2804             (0.983239 0.0006226 0)             (0.983238 -0.0006005 0)
       0.2808             (0.983232 0.0006016 0)             (0.983232 -0.0005795 0)
       0.2812             (0.983225 0.0005804 0)             (0.983225 -0.0005581 0)
       0.2816             (0.983219 0.0005588 0)             (0.983219 -0.0005365 0)
        0.282             (0.983212 0.0005370 0)             (0.983212 -0.0005146 0)
       0.2824             (0.983205 0.0005148 0)             (0.983206 -0.0004924 0)
       0.2828             (0.983199 0.0004924 0)             (0.983199 -0.0004699 0)
       0.2832             (0.983192 0.0004697 0)             (0.983192 -0.0004471 0)
       0.2836             (0.983185 0.0004467 0)             (0.983185 -0.0004240 0)
        0.284             (0.983178 0.0004234 0)             (0.983178 -0.0004006 0)
       0.2844             (0.983171 0.0003998 0)             (0.983171 -0.0003769 0)
       0.2848             (0.983164 0.0003759 0)             (0.983164 -0.0003529 0)
       0.2852             (0.983157 0.0003517 0)             (0.983157 -0.0003287 0)
       0.2856             (0.983150 0.0003272 0)             (0.983150 -0.0003041 0)
        0.286             (0.983143 0.0003023 0)             (0.983143 -0.0002792 0)
       0.2864             (0.983135 0.0002772 0)             (0.983136 -0.0002540 0)
       0.2868             (0.983128 0.0002518 0)             (0.983129 -0.0002284 0)
       0.2872             (0.983121 0.0002260 0)             (0.983121 -0.0002026 0)
       0.2876             (0.983113 0.0001999 0)             (0.983114 -0.0001764 0)
        0.288             (0.983106 0.0001735 0)             (0.983106 -0.0001500 0)
       0.2884             (0.983098 0.0001468 0)             (0.983099 -0.0001232 0)
       0.2888             (0.983091 0.0001197 0)             (0.983091 -0.0000961 0)
       0.2892             (0.983083 0.0000924 0)             (0.983084 -0.0000686 0)
       0.2896             (0.983075 0.0000647 0)             (0.983076 -0.0000408 0)
         0.29             (0.983067 0.0000366 0)             (0.983068 -0.0000127 0)
       0.2904             (0.983059 0.0000083 0)             (0.983060 0.0000157 0)
       0.2908             (0.983052 -0.0000204 0)             (0.983052 0.0000445 0)
       0.2912             (0.983044 -0.0000495 0)             (0.983044 0.0000736 0)
       0.2916             (0.983036 -0.0000789 0)             (0.983036 0.0001031 0)
        0.292             (0.983027 -0.0001086 0)             (0.983028 0.0001329 0)
       0.2924             (0.983019 -0.0001387 0)             (0.983020 0.0001630 0)
       0.2928             (0.983011 -0.0001691 0)             (0.983012 0.0001935 0)
       0.2932             (0.983003 -0.0001999 0)             (0.983004 0.0002244 0)
       0.2936             (0.982994 -0.0002310 0)             (0.982996 0.0002556 0)
        0.294             (0.982986 -0.0002625 0)             (0.982987 0.0002871 0)
       0.2944             (0.982977 -0.0002943 0)             (0.982979 0.0003190 0)
       0.2948             (0.982969 -0.0003265 0)             (0.982970 0.0003513 0)
       0.2952             (0.982960 -0.0003591 0)             (0.982962 0.0003840 0)
       0.2956             (0.982952 -0.0003920 0)             (0.982953 0.0004170 0)
        0.296             (0.982943 -0.0004253 0)             (0.982944 0.0004503 0)
       0.2964             (0.982934 -0.0004590 0)             (0.982936 0.0004841 0)
       0.2968             (0.982925 -0.0004930 0)             (0.982927 0.0005182 0)
       0.2972             (0.982916 -0.0005275 0)             (0.982918 0.0005527 0)
       0.2976             (0.982907 -0.0005623 0)             (0.982909 0.0005875 0)
        0.298             (0.982898 -0.0005974 0)             (0.982900 0.0006228 0)
       0.2984             (0.982889 -0.0006330 0)             (0.982891 0.0006584 0)
       0.2988             (0.982880 -0.0006689 0)             (0.982882 0.0006944 0)
       0.2992             (0.982871 -0.0007053 0)             (0.982872 0.0007308 0)
       0.2996             (0.982861 -0.0007420 0)             (0.982863 0.0007676 0)
          0.3             (0.982852 -0.0007791 0)             (0.982854 0.0008048 0)
       0.3004             (0.982842 -0.0008166 0)             (0.982844 0.0008423 0)
       0.3008             (0.982833 -0.0008545 0)             (0.982835 0.0008803 0)
       0.3012             (0.982823 -0.0008928 0)             (0.982825 0.0009187 0)
       0.3016             (0.982813 -0.0009315 0)             (0.982815 0.0009575 0)
        0.302             (0.982804 -0.0009706 0)             (0.982806 0.0009966 0)
       0.3024             (0.982794 -0.0010101 0)             (0.982796 0.0010362 0)
       0.3028             (0.982784 -0.0010501 0)             (0.982786 0.0010762 0)
       0.3032             (0.982774 -0.0010904 0)             (0.982776 0.0011166 0)
       0.3036             (0.982764 -0.0011312 0)             (0.982766 0.0011574 0)
        0.304             (0.982754 -0.0011723 0)             (0.982756 0.0011987 0)
       0.3044             (0.982744 -0.0012139 0)             (0.982746 0.0012403 0)
       0.3048             (0.982733 -0.0012559 0)             (0.982736 0.0012824 0)
       0.3052             (0.982723 -0.0012984 0)             (0.982725 0.0013249 0)
       0.3056             (0.982713 -0.0013412 0)             (0.982715 0.0013678 0)
        0.306             (0.982702 -0.0013845 0)             (0.982705 0.0014112 0)
       0.3064             (0.982691 -0.0014282 0)             (0.982694 0.0014550 0)
       0.3068             (0.982681 -0.0014724 0)             (0.982683 0.0014992 0)
       0.3072             (0.982670 -0.0015170 0)             (0.982673 0.0015438 0)
       0.3076             (0.982659 -0.0015620 0)             (0.982662 0.0015889 0)
        0.308             (0.982648 -0.0016075 0)             (0.982651 0.0016345 0)
       0.3084             (0.982637 -0.0016534 0)             (0.982640 0.0016804 0)
       0.3088             (0.982626 -0.0016998 0)             (0.982629 0.0017269 0)
       0.3092             (0.982615 -0.0017466 0)             (0.982618 0.0017737 0)
       0.3096             (0.982604 -0.0017938 0)             (0.982607 0.0018210 0)
         0.31             (0.982593 -0.0018416 0)             (0.982596 0.0018688 0)
       0.3104             (0.982581 -0.0018897 0)             (0.982585 0.0019170 0)
       0.3108             (0.982570 -0.0019383 0)             (0.982573 0.0019657 0)
       0.3112             (0.982558 -0.0019874 0)             (0.982562 0.0020149 0)
       0.3116             (0.982547 -0.0020370 0)             (0.982550 0.0020645 0)
        0.312             (0.982535 -0.0020870 0)             (0.982539 0.0021146 0)
       0.3124             (0.982523 -0.0021375 0)             (0.982527 0.0021651 0)
       0.3128             (0.982512 -0.0021884 0)             (0.982515 0.0022161 0)
       0.3132             (0.982500 -0.0022399 0)             (0.982503 0.0022676 0)
       0.3136             (0.982488 -0.0022918 0)             (0.982491 0.0023195 0)
        0.314             (0.982476 -0.0023441 0)             (0.982479 0.0023720 0)
       0.3144             (0.982463 -0.0023970 0)             (0.982467 0.0024249 0)
       0.3148             (0.982451 -0.0024503 0)             (0.982455 0.0024783 0)
       0.3152             (0.982439 -0.0025042 0)             (0.982443 0.0025322 0)
       0.3156             (0.982426 -0.0025585 0)             (0.982430 0.0025865 0)
        0.316             (0.982414 -0.0026133 0)             (0.982418 0.0026414 0)
       0.3164             (0.982401 -0.0026686 0)             (0.982405 0.0026967 0)
       0.3168             (0.982389 -0.0027243 0)             (0.982393 0.0027525 0)
       0.3172             (0.982376 -0.0027806 0)             (0.982380 0.0028089 0)
       0.3176             (0.982363 -0.0028374 0)             (0.982367 0.0028657 0)
        0.318             (0.982350 -0.0028946 0)             (0.982354 0.0029230 0)
       0.3184             (0.982337 -0.0029524 0)             (0.982341 0.0029808 0)
       0.3188             (0.982324 -0.0030107 0)             (0.982328 0.0030391 0)
       0.3192             (0.982311 -0.0030695 0)             (0.982315 0.0030980 0)
       0.3196             (0.982297 -0.0031288 0)             (0.982302 0.0031573 0)
         0.32             (0.982284 -0.0031886 0)             (0.982288 0.0032172 0)
       0.3204             (0.982270 -0.0032489 0)             (0.982275 0.0032775 0)
       0.3208             (0.982257 -0.0033097 0)             (0.982261 0.0033384 0)
       0.3212             (0.982243 -0.0033711 0)             (0.982248 0.0033998 0)
       0.3216             (0.982229 -0.0034329 0)             (0.982234 0.0034617 0)
        0.322             (0.982215 -0.0034953 0)             (0.982220 0.0035241 0)
       0.3224             (0.982201 -0.0035582 0)             (0.982206 0.0035871 0)
       0.3228             (0.982187 -0.0036216 0)             (0.982192 0.0036505 0)
       0.3232             (0.982173 -0.0036856 0)             (0.982178 0.0037145 0)
       0.3236             (0.982159 -0.0037501 0)             (0.982164 0.0037791 0)
        0.324             (0.982145 -0.0038151 0)             (0.982150 0.0038441 0)
       0.3244             (0.982130 -0.0038807 0)             (0.982136 0.0039097 0)
       0.3248             (0.982116 -0.0039467 0)             (0.982121 0.0039758 0)
       0.3252             (0.982101 -0.0040134 0)             (0.982107 0.0040425 0)
       0.3256             (0.982086 -0.0040805 0)             (0.982092 0.0041097 0)
        0.326             (0.982071 -0.0041482 0)             (0.982077 0.0041774 0)
       0.3264             (0.982057 -0.0042165 0)             (0.982062 0.0042457 0)
       0.3268             (0.982042 -0.0042853 0)             (0.982047 0.0043145 0)
       0.3272             (0.982026 -0.0043546 0)             (0.982032 0.0043839 0)
       0.3276             (0.982011 -0.0044245 0)             (0.982017 0.0044538 0)
        0.328             (0.981996 -0.0044949 0)             (0.982002 0.0045243 0)
       0.3284             (0.981980 -0.0045659 0)             (0.981987 0.0045953 0)
       0.3288             (0.981965 -0.0046374 0)             (0.981971 0.0046669 0)
       0.3292             (0.981949 -0.0047095 0)             (0.981956 0.0047390 0)
       0.3296             (0.981934 -0.0047822 0)             (0.981940 0.0048117 0)
         0.33             (0.981918 -0.0048554 0)             (0.981924 0.0048849 0)
       0.3304             (0.981902 -0.0049291 0)             (0.981908 0.0049587 0)
       0.3308             (0.981886 -0.0050035 0)             (0.981892 0.0050330 0)
       0.3312             (0.981870 -0.0050783 0)             (0.981876 0.0051080 0)
       0.3316             (0.981853 -0.0051538 0)             (0.981860 0.0051834 0)
        0.332             (0.981837 -0.0052298 0)             (0.981844 0.0052595 0)
       0.3324             (0.981821 -0.0053064 0)             (0.981828 0.0053361 0)
       0.3328             (0.981804 -0.0053836 0)             (0.981811 0.0054133 0)
       0.3332             (0.981787 -0.0054613 0)             (0.981794 0.0054910 0)
       0.3336             (0.981771 -0.0055396 0)             (0.981778 0.0055693 0)
        0.334             (0.981754 -0.0056185 0)             (0.981761 0.0056482 0)
       0.3344             (0.981737 -0.0056979 0)             (0.981744 0.0057277 0)
       0.3348             (0.981720 -0.0057779 0)             (0.981727 0.0058077 0)
       0.3352             (0.981702 -0.0058585 0)             (0.981710 0.0058883 0)
       0.3356             (0.981685 -0.0059397 0)             (0.981693 0.0059695 0)
        0.336             (0.981668 -0.0060214 0)             (0.981675 0.0060513 0)
       0.3364             (0.981650 -0.0061038 0)             (0.981658 0.0061337 0)
       0.3368             (0.981632 -0.0061867 0)             (0.981640 0.0062166 0)
       0.3372             (0.981615 -0.0062702 0)             (0.981623 0.0063001 0)
       0.3376             (0.981597 -0.0063543 0)             (0.981605 0.0063842 0)
        0.338             (0.981579 -0.0064390 0)             (0.981587 0.0064689 0)
       0.3384             (0.981561 -0.0065242 0)             (0.981569 0.0065542 0)
       0.3388             (0.981543 -0.0066101 0)             (0.981551 0.0066400 0)
       0.3392             (0.981524 -0.0066965 0)             (0.981533 0.0067265 0)
       0.3396             (0.981506 -0.0067835 0)             (0.981514 0.0068135 0)
         0.34             (0.981487 -0.0068711 0)             (0.981496 0.0069011 0)
       0.3404             (0.981469 -0.0069593 0)             (0.981477 0.0069893 0)
       0.3408             (0.981450 -0.0070481 0)             (0.981459 0.0070781 0)
       0.3412             (0.981431 -0.0071375 0)             (0.981440 0.0071675 0)
       0.3416             (0.981412 -0.0072275 0)             (0.981421 0.0072575 0)
        0.342             (0.981393 -0.0073180 0)             (0.981402 0.0073481 0)
       0.3424             (0.981373 -0.0074092 0)             (0.981383 0.0074392 0)
       0.3428             (0.981354 -0.0075010 0)             (0.981363 0.0075310 0)
       0.3432             (0.981335 -0.0075933 0)             (0.981344 0.0076233 0)
       0.3436             (0.981315 -0.0076863 0)             (0.981324 0.0077163 0)
        0.344             (0.981295 -0.0077798 0)             (0.981305 0.0078098 0)
       0.3444             (0.981275 -0.0078740 0)             (0.981285 0.0079040 0)
       0.3448             (0.981255 -0.0079687 0)             (0.981265 0.0079987 0)
       0.3452             (0.981235 -0.0080640 0)             (0.981245 0.0080940 0)
       0.3456             (0.981215 -0.0081600 0)             (0.981225 0.0081900 0)
        0.346             (0.981195 -0.0082565 0)             (0.981205 0.0082865 0)
       0.3464             (0.981174 -0.0083536 0)             (0.981185 0.0083836 0)
       0.3468             (0.981154 -0.0084514 0)             (0.981164 0.0084814 0)
       0.3472             (0.981133 -0.0085497 0)             (0.981143 0.0085797 0)
       0.3476             (0.981112 -0.0086486 0)             (0.981123 0.0086786 0)
        0.348             (0.981091 -0.0087482 0)             (0.981102 0.0087781 0)
       0.3484             (0.981070 -0.0088483 0)             (0.981081 0.0088782 0)
       0.3488             (0.981049 -0.0089490 0)             (0.981060 0.0089789 0)
       0.3492             (0.981028 -0.0090503 0)             (0.981039 0.0090803 0)
       0.3496             (0.981006 -0.0091523 0)             (0.981017 0.0091822 0)
         0.35             (0.980985 -0.0092548 0)             (0.980996 0.0092847 0)
       0.3504             (0.980963 -0.0093579 0)             (0.980974 0.0093878 0)
       0.3508             (0.980941 -0.0094616 0)             (0.980953 0.0094915 0)
       0.3512             (0.980919 -0.0095659 0)             (0.980931 0.0095958 0)
       0.3516             (0.980897 -0.0096709 0)             (0.980909 0.0097007 0)
        0.352             (0.980875 -0.0097764 0)             (0.980887 0.0098061 0)
       0.3524             (0.980853 -0.0098825 0)             (0.980864 0.0099122 0)
       0.3528             (0.980830 -0.0099892 0)             (0.980842 0.0100189 0)
       0.3532             (0.980808 -0.0100965 0)             (0.980820 0.0101262 0)
       0.3536             (0.980785 -0.0102044 0)             (0.980797 0.0102340 0)
        0.354             (0.980762 -0.0103128 0)             (0.980774 0.0103425 0)
       0.3544             (0.980739 -0.0104219 0)             (0.980751 0.0104515 0)
       0.3548             (0.980716 -0.0105316 0)             (0.980728 0.0105612 0)
       0.3552             (0.980693 -0.0106418 0)             (0.980705 0.0106714 0)
       0.3556             (0.980669 -0.0107527 0)             (0.980682 0.0107822 0)
        0.356             (0.980646 -0.0108641 0)             (0.980659 0.0108936 0)
       0.3564             (0.980622 -0.0109762 0)             (0.980635 0.0110056 0)
       0.3568             (0.980598 -0.0110888 0)             (0.980611 0.0111182 0)
       0.3572             (0.980574 -0.0112020 0)             (0.980588 0.0112314 0)
       0.3576             (0.980550 -0.0113157 0)             (0.980564 0.0113451 0)
        0.358             (0.980526 -0.0114301 0)             (0.980540 0.0114594 0)
       0.3584             (0.980502 -0.0115451 0)             (0.980515 0.0115743 0)
       0.3588             (0.980478 -0.0116606 0)             (0.980491 0.0116898 0)
       0.3592             (0.980453 -0.0117767 0)             (0.980467 0.0118059 0)
       0.3596             (0.980428 -0.0118934 0)             (0.980442 0.0119225 0)
         0.36             (0.980403 -0.0120106 0)             (0.980417 0.0120398 0)
       0.3604             (0.980378 -0.0121285 0)             (0.980393 0.0121576 0)
       0.3608             (0.980353 -0.0122469 0)             (0.980368 0.0122759 0)
       0.3612             (0.980328 -0.0123659 0)             (0.980342 0.0123948 0)
       0.3616             (0.980303 -0.0124854 0)             (0.980317 0.0125143 0)
        0.362             (0.980277 -0.0126055 0)             (0.980292 0.0126344 0)
       0.3624             (0.980252 -0.0127262 0)             (0.980266 0.0127550 0)
       0.3628             (0.980226 -0.0128475 0)             (0.980241 0.0128762 0)
       0.3632             (0.980200 -0.0129693 0)             (0.980215 0.0129980 0)
       0.3636             (0.980174 -0.0130916 0)             (0.980189 0.0131203 0)
        0.364             (0.980148 -0.0132146 0)             (0.980163 0.0132432 0)
       0.3644             (0.980121 -0.0133380 0)             (0.980137 0.0133666 0)
       0.3648             (0.980095 -0.0134621 0)             (0.980110 0.0134906 0)
       0.3652             (0.980068 -0.0135867 0)             (0.980084 0.0136151 0)
       0.3656             (0.980041 -0.0137118 0)             (0.980057 0.0137402 0)
        0.366             (0.980015 -0.0138375 0)             (0.980030 0.0138658 0)
       0.3664             (0.979988 -0.0139637 0)             (0.980004 0.0139919 0)
       0.3668             (0.979960 -0.0140904 0)             (0.979977 0.0141186 0)
       0.3672             (0.979933 -0.0142177 0)             (0.979949 0.0142459 0)
       0.3676             (0.979906 -0.0143456 0)             (0.979922 0.0143736 0)
        0.368             (0.979878 -0.0144739 0)             (0.979895 0.0145019 0)
       0.3684             (0.979850 -0.0146028 0)             (0.979867 0.0146307 0)
       0.3688             (0.979822 -0.0147322 0)             (0.979839 0.0147601 0)
       0.3692             (0.979794 -0.0148622 0)             (0.979812 0.0148899 0)
       0.3696             (0.979766 -0.0149926 0)             (0.979784 0.0150203 0)
         0.37             (0.979738 -0.0151236 0)             (0.979755 0.0151512 0)
       0.3704             (0.979710 -0.0152551 0)             (0.979727 0.0152826 0)
       0.3708             (0.979681 -0.0153871 0)             (0.979699 0.0154146 0)
       0.3712             (0.979652 -0.0155196 0)             (0.979670 0.0155470 0)
       0.3716             (0.979624 -0.0156526 0)             (0.979641 0.0156799 0)
        0.372             (0.979595 -0.0157861 0)             (0.979613 0.0158133 0)
       0.3724             (0.979565 -0.0159201 0)             (0.979584 0.0159473 0)
       0.3728             (0.979536 -0.0160546 0)             (0.979555 0.0160817 0)
       0.3732             (0.979507 -0.0161896 0)             (0.979525 0.0162166 0)
       0.3736             (0.979477 -0.0163251 0)             (0.979496 0.0163520 0)
        0.374             (0.979448 -0.0164610 0)             (0.979466 0.0164878 0)
       0.3744             (0.979418 -0.0165974 0)             (0.979437 0.0166242 0)
       0.3748             (0.979388 -0.0167343 0)             (0.979407 0.0167610 0)
       0.3752             (0.979358 -0.0168717 0)             (0.979377 0.0168983 0)
       0.3756             (0.979328 -0.0170096 0)             (0.979347 0.0170360 0)
        0.376             (0.979297 -0.0171478 0)             (0.979317 0.0171742 0)
       0.3764             (0.979267 -0.0172866 0)             (0.979286 0.0173129 0)
       0.3768             (0.979236 -0.0174258 0)             (0.979256 0.0174520 0)
       0.3772             (0.979205 -0.0175655 0)             (0.979225 0.0175916 0)
       0.3776             (0.979174 -0.0177056 0)             (0.979195 0.0177316 0)
        0.378             (0.979143 -0.0178461 0)             (0.979164 0.0178720 0)
       0.3784             (0.979112 -0.0179871 0)             (0.979133 0.0180129 0)
       0.3788             (0.979081 -0.0181285 0)             (0.979101 0.0181542 0)
       0.3792             (0.979049 -0.0182703 0)             (0.979070 0.0182959 0)
       0.3796             (0.979018 -0.0184125 0)             (0.979039 0.0184380 0)
         0.38             (0.978986 -0.0185552 0)             (0.979007 0.0185806 0)
       0.3804             (0.978954 -0.0186982 0)             (0.978975 0.0187235 0)
       0.3808             (0.978922 -0.0188417 0)             (0.978943 0.0188669 0)
       0.3812             (0.978890 -0.0189856 0)             (0.978911 0.0190107 0)
       0.3816             (0.978858 -0.0191299 0)             (0.978879 0.0191548 0)
        0.382             (0.978825 -0.0192745 0)             (0.978847 0.0192994 0)
       0.3824             (0.978793 -0.0194196 0)             (0.978815 0.0194443 0)
       0.3828             (0.978760 -0.0195650 0)             (0.978782 0.0195896 0)
       0.3832             (0.978727 -0.0197108 0)             (0.978749 0.0197353 0)
       0.3836             (0.978694 -0.0198569 0)             (0.978717 0.0198813 0)
        0.384             (0.978661 -0.0200034 0)             (0.978684 0.0200277 0)
       0.3844             (0.978628 -0.0201503 0)             (0.978651 0.0201745 0)
       0.3848             (0.978594 -0.0202975 0)             (0.978617 0.0203216 0)
       0.3852             (0.978561 -0.0204451 0)             (0.978584 0.0204690 0)
       0.3856             (0.978527 -0.0205930 0)             (0.978551 0.0206168 0)
        0.386             (0.978493 -0.0207412 0)             (0.978517 0.0207649 0)
       0.3864             (0.978459 -0.0208898 0)             (0.978483 0.0209134 0)
       0.3868             (0.978425 -0.0210387 0)             (0.978449 0.0210621 0)
       0.3872             (0.978391 -0.0211879 0)             (0.978415 0.0212112 0)
       0.3876             (0.978357 -0.0213374 0)             (0.978381 0.0213606 0)
        0.388             (0.978322 -0.0214872 0)             (0.978347 0.0215103 0)
       0.3884             (0.978288 -0.0216373 0)             (0.978313 0.0216603 0)
       0.3888             (0.978253 -0.0217877 0)             (0.978278 0.0218105 0)
       0.3892             (0.978218 -0.0219384 0)             (0.978243 0.0219611 0)
       0.3896             (0.978183 -0.0220893 0)             (0.978209 0.0221119 0)
         0.39             (0.978148 -0.0222406 0)             (0.978174 0.0222630 0)
       0.3904             (0.978113 -0.0223920 0)             (0.978139 0.0224143 0)
       0.3908             (0.978078 -0.0225438 0)             (0.978103 0.0225659 0)
       0.3912             (0.978042 -0.0226958 0)             (0.978068 0.0227178 0)
       0.3916             (0.978007 -0.0228480 0)             (0.978033 0.0228698 0)
        0.392             (0.977971 -0.0230004 0)             (0.977997 0.0230222 0)
       0.3924             (0.977935 -0.0231531 0)             (0.977962 0.0231747 0)
       0.3928             (0.977899 -0.0233060 0)             (0.977926 0.0233275 0)
       0.3932             (0.977863 -0.0234591 0)             (0.977890 0.0234804 0)
       0.3936             (0.977827 -0.0236125 0)             (0.977854 0.0236336 0)
        0.394             (0.977791 -0.0237660 0)             (0.977818 0.0237870 0)
       0.3944             (0.977754 -0.0239197 0)             (0.977781 0.0239406 0)
       0.3948             (0.977718 -0.0240736 0)             (0.977745 0.0240943 0)
       0.3952             (0.977681 -0.0242277 0)             (0.977709 0.0242482 0)
       0.3956             (0.977644 -0.0243819 0)             (0.977672 0.0244023 0)
        0.396             (0.977607 -0.0245363 0)             (0.977635 0.0245566 0)
       0.3964             (0.977570 -0.0246908 0)             (0.977598 0.0247110 0)
       0.3968             (0.977533 -0.0248455 0)             (0.977561 0.0248655 0)
       0.3972             (0.977496 -0.0250004 0)             (0.977524 0.0250202 0)
       0.3976             (0.977458 -0.0251553 0)             (0.977487 0.0251750 0)
        0.398             (0.977421 -0.0253104 0)             (0.977450 0.0253299 0)
       0.3984             (0.977383 -0.0254656 0)             (0.977412 0.0254850 0)
       0.3988             (0.977346 -0.0256209 0)             (0.977375 0.0256401 0)
       0.3992             (0.977308 -0.0257763 0)             (0.977337 0.0257953 0)
       0.3996             (0.977270 -0.0259318 0)             (0.977299 0.0259507 0)
          0.4             (0.977232 -0.0260873 0)             (0.977262 0.0261061 0)
       0.4004             (0.977194 -0.0262430 0)             (0.977224 0.0262615 0)
       0.4008             (0.977155 -0.0263987 0)             (0.977186 0.0264171 0)
       0.4012             (0.977117 -0.0265544 0)             (0.977147 0.0265727 0)
       0.4016             (0.977078 -0.0267102 0)             (0.977109 0.0267283 0)
        0.402             (0.977040 -0.0268660 0)             (0.977071 0.0268840 0)
       0.4024             (0.977001 -0.0270219 0)             (0.977032 0.0270396 0)
       0.4028             (0.976962 -0.0271778 0)             (0.976994 0.0271954 0)
       0.4032             (0.976924 -0.0273337 0)             (0.976955 0.0273511 0)
       0.4036             (0.976885 -0.0274895 0)             (0.976916 0.0275068 0)
        0.404             (0.976845 -0.0276454 0)             (0.976877 0.0276625 0)
       0.4044             (0.976806 -0.0278013 0)             (0.976838 0.0278182 0)
       0.4048             (0.976767 -0.0279571 0)             (0.976799 0.0279739 0)
       0.4052             (0.976728 -0.0281130 0)             (0.976760 0.0281295 0)
       0.4056             (0.976688 -0.0282687 0)             (0.976721 0.0282851 0)
        0.406             (0.976649 -0.0284244 0)             (0.976681 0.0284407 0)
       0.4064             (0.976609 -0.0285801 0)             (0.976642 0.0285962 0)
       0.4068             (0.976569 -0.0287357 0)             (0.976603 0.0287516 0)
       0.4072             (0.976530 -0.0288912 0)             (0.976563 0.0289069 0)
       0.4076             (0.976490 -0.0290466 0)             (0.976523 0.0290621 0)
        0.408             (0.976450 -0.0292019 0)             (0.976483 0.0292173 0)
       0.4084             (0.976410 -0.0293571 0)             (0.976444 0.0293723 0)
       0.4088             (0.976370 -0.0295122 0)             (0.976404 0.0295272 0)
       0.4092             (0.976329 -0.0296671 0)             (0.976364 0.0296820 0)
       0.4096             (0.976289 -0.0298220 0)             (0.976324 0.0298366 0)
         0.41             (0.976249 -0.0299766 0)             (0.976283 0.0299911 0)
       0.4104             (0.976208 -0.0301312 0)             (0.976243 0.0301455 0)
       0.4108             (0.976168 -0.0302855 0)             (0.976203 0.0302996 0)
       0.4112             (0.976127 -0.0304397 0)             (0.976162 0.0304536 0)
       0.4116             (0.976086 -0.0305937 0)             (0.976122 0.0306074 0)
        0.412             (0.976046 -0.0307475 0)             (0.976081 0.0307611 0)
       0.4124             (0.976005 -0.0309011 0)             (0.976041 0.0309145 0)
       0.4128             (0.975964 -0.0310545 0)             (0.976000 0.0310677 0)
       0.4132             (0.975923 -0.0312076 0)             (0.975959 0.0312206 0)
       0.4136             (0.975882 -0.0313605 0)             (0.975919 0.0313734 0)
        0.414             (0.975841 -0.0315132 0)             (0.975878 0.0315258 0)
       0.4144             (0.975800 -0.0316656 0)             (0.975837 0.0316781 0)
       0.4148             (0.975759 -0.0318177 0)             (0.975796 0.0318300 0)
       0.4152             (0.975717 -0.0319696 0)             (0.975755 0.0319817 0)
       0.4156             (0.975676 -0.0321212 0)             (0.975714 0.0321331 0)
        0.416             (0.975635 -0.0322725 0)             (0.975673 0.0322842 0)
       0.4164             (0.975593 -0.0324235 0)             (0.975631 0.0324350 0)
       0.4168             (0.975552 -0.0325741 0)             (0.975590 0.0325855 0)
       0.4172             (0.975511 -0.0327245 0)             (0.975549 0.0327356 0)
       0.4176             (0.975469 -0.0328745 0)             (0.975508 0.0328854 0)
        0.418             (0.975427 -0.0330241 0)             (0.975466 0.0330349 0)
       0.4184             (0.975386 -0.0331734 0)             (0.975425 0.0331840 0)
       0.4188             (0.975344 -0.0333224 0)             (0.975383 0.0333327 0)
       0.4192             (0.975302 -0.0334709 0)             (0.975342 0.0334811 0)
       0.4196             (0.975261 -0.0336191 0)             (0.975300 0.0336290 0)
         0.42             (0.975219 -0.0337668 0)             (0.975259 0.0337766 0)
       0.4204             (0.975177 -0.0339142 0)             (0.975217 0.0339238 0)
       0.4208             (0.975135 -0.0340611 0)             (0.975176 0.0340705 0)
       0.4212             (0.975093 -0.0342076 0)             (0.975134 0.0342168 0)
       0.4216             (0.975052 -0.0343536 0)             (0.975092 0.0343626 0)
        0.422             (0.975010 -0.0344992 0)             (0.975051 0.0345080 0)
       0.4224             (0.974968 -0.0346444 0)             (0.975009 0.0346530 0)
       0.4228             (0.974926 -0.0347890 0)             (0.974967 0.0347974 0)
       0.4232             (0.974884 -0.0349332 0)             (0.974925 0.0349414 0)
       0.4236             (0.974842 -0.0350769 0)             (0.974884 0.0350849 0)
        0.424             (0.974800 -0.0352200 0)             (0.974842 0.0352279 0)
       0.4244             (0.974758 -0.0353627 0)             (0.974800 0.0353703 0)
       0.4248             (0.974716 -0.0355048 0)             (0.974758 0.0355123 0)
       0.4252             (0.974674 -0.0356464 0)             (0.974716 0.0356536 0)
       0.4256             (0.974632 -0.0357874 0)             (0.974675 0.0357945 0)
        0.426             (0.974590 -0.0359279 0)             (0.974633 0.0359348 0)
       0.4264             (0.974548 -0.0360678 0)             (0.974591 0.0360745 0)
       0.4268             (0.974506 -0.0362071 0)             (0.974549 0.0362136 0)
       0.4272             (0.974464 -0.0363459 0)             (0.974507 0.0363521 0)
       0.4276             (0.974422 -0.0364840 0)             (0.974465 0.0364901 0)
        0.428             (0.974380 -0.0366215 0)             (0.974424 0.0366274 0)
       0.4284             (0.974338 -0.0367584 0)             (0.974382 0.0367641 0)
       0.4288             (0.974296 -0.0368946 0)             (0.974340 0.0369001 0)
       0.4292             (0.974254 -0.0370303 0)             (0.974298 0.0370355 0)
       0.4296             (0.974212 -0.0371652 0)             (0.974257 0.0371703 0)
         0.43             (0.974170 -0.0372995 0)             (0.974215 0.0373044 0)
       0.4304             (0.974128 -0.0374331 0)             (0.974173 0.0374378 0)
       0.4308             (0.974086 -0.0375660 0)             (0.974131 0.0375705 0)
       0.4312             (0.974044 -0.0376982 0)             (0.974090 0.0377025 0)
       0.4316             (0.974002 -0.0378297 0)             (0.974048 0.0378338 0)
        0.432             (0.973960 -0.0379605 0)             (0.974007 0.0379644 0)
       0.4324             (0.973919 -0.0380905 0)             (0.973965 0.0380942 0)
       0.4328             (0.973877 -0.0382198 0)             (0.973924 0.0382233 0)
       0.4332             (0.973835 -0.0383484 0)             (0.973882 0.0383517 0)
       0.4336             (0.973794 -0.0384762 0)             (0.973841 0.0384793 0)
        0.434             (0.973752 -0.0386032 0)             (0.973799 0.0386061 0)
       0.4344             (0.973710 -0.0387294 0)             (0.973758 0.0387321 0)
       0.4348             (0.973669 -0.0388548 0)             (0.973717 0.0388573 0)
       0.4352             (0.973627 -0.0389794 0)             (0.973675 0.0389817 0)
       0.4356             (0.973586 -0.0391032 0)             (0.973634 0.0391054 0)
        0.436             (0.973545 -0.0392262 0)             (0.973593 0.0392281 0)
       0.4364             (0.973503 -0.0393483 0)             (0.973552 0.0393501 0)
       0.4368             (0.973462 -0.0394696 0)             (0.973511 0.0394711 0)
       0.4372             (0.973421 -0.0395900 0)             (0.973470 0.0395914 0)
       0.4376             (0.973380 -0.0397096 0)             (0.973429 0.0397107 0)
        0.438             (0.973339 -0.0398283 0)             (0.973388 0.0398292 0)
       0.4384             (0.973298 -0.0399460 0)             (0.973348 0.0399468 0)
       0.4388             (0.973257 -0.0400629 0)             (0.973307 0.0400634 0)
       0.4392             (0.973216 -0.0401789 0)             (0.973266 0.0401792 0)
       0.4396             (0.973176 -0.0402939 0)             (0.973226 0.0402940 0)
         0.44             (0.973135 -0.0404080 0)             (0.973186 0.0404079 0)
       0.4404             (0.973095 -0.0405211 0)             (0.973145 0.0405209 0)
       0.4408             (0.973054 -0.0406333 0)             (0.973105 0.0406329 0)
       0.4412             (0.973014 -0.0407446 0)             (0.973065 0.0407440 0)
       0.4416             (0.972974 -0.0408548 0)             (0.973025 0.0408540 0)
        0.442             (0.972933 -0.0409641 0)             (0.972985 0.0409631 0)
       0.4424             (0.972893 -0.0410724 0)             (0.972945 0.0410712 0)
       0.4428             (0.972853 -0.0411796 0)             (0.972905 0.0411783 0)
       0.4432             (0.972814 -0.0412859 0)             (0.972866 0.0412843 0)
       0.4436             (0.972774 -0.0413911 0)             (0.972826 0.0413894 0)
        0.444             (0.972734 -0.0414953 0)             (0.972787 0.0414934 0)
       0.4444             (0.972695 -0.0415985 0)             (0.972747 0.0415963 0)
       0.4448             (0.972655 -0.0417005 0)             (0.972708 0.0416982 0)
       0.4452             (0.972616 -0.0418016 0)             (0.972669 0.0417991 0)
       0.4456             (0.972577 -0.0419015 0)             (0.972630 0.0418988 0)
        0.446             (0.972538 -0.0420004 0)             (0.972591 0.0419975 0)
       0.4464             (0.972499 -0.0420981 0)             (0.972553 0.0420951 0)
       0.4468             (0.972460 -0.0421948 0)             (0.972514 0.0421915 0)
       0.4472             (0.972422 -0.0422903 0)             (0.972476 0.0422869 0)
       0.4476             (0.972383 -0.0423847 0)             (0.972437 0.0423811 0)
        0.448             (0.972345 -0.0424780 0)             (0.972399 0.0424742 0)
       0.4484             (0.972307 -0.0425702 0)             (0.972361 0.0425662 0)
       0.4488             (0.972269 -0.0426611 0)             (0.972323 0.0426570 0)
       0.4492             (0.972231 -0.0427510 0)             (0.972286 0.0427466 0)
       0.4496             (0.972193 -0.0428396 0)             (0.972248 0.0428351 0)
         0.45             (0.972156 -0.0429271 0)             (0.972211 0.0429223 0)
       0.4504             (0.972118 -0.0430133 0)             (0.972174 0.0430084 0)
       0.4508             (0.972081 -0.0430984 0)             (0.972136 0.0430933 0)
       0.4512             (0.972044 -0.0431823 0)             (0.972100 0.0431770 0)
       0.4516             (0.972007 -0.0432649 0)             (0.972063 0.0432595 0)
        0.452             (0.971970 -0.0433463 0)             (0.972026 0.0433407 0)
       0.4524             (0.971933 -0.0434265 0)             (0.971990 0.0434207 0)
       0.4528             (0.971897 -0.0435054 0)             (0.971954 0.0434995 0)
       0.4532             (0.971861 -0.0435831 0)             (0.971918 0.0435770 0)
       0.4536             (0.971825 -0.0436595 0)             (0.971882 0.0436532 0)
        0.454             (0.971789 -0.0437346 0)             (0.971846 0.0437282 0)
       0.4544             (0.971753 -0.0438085 0)             (0.971811 0.0438018 0)
       0.4548             (0.971718 -0.0438810 0)             (0.971775 0.0438742 0)
       0.4552             (0.971683 -0.0439523 0)             (0.971740 0.0439453 0)
       0.4556             (0.971647 -0.0440223 0)             (0.971705 0.0440151 0)
        0.456             (0.971613 -0.0440909 0)             (0.971670 0.0440836 0)
       0.4564             (0.971578 -0.0441582 0)             (0.971636 0.0441508 0)
       0.4568             (0.971543 -0.0442242 0)             (0.971602 0.0442166 0)
       0.4572             (0.971509 -0.0442888 0)             (0.971568 0.0442811 0)
       0.4576             (0.971475 -0.0443521 0)             (0.971534 0.0443442 0)
        0.458             (0.971441 -0.0444141 0)             (0.971500 0.0444060 0)
       0.4584             (0.971408 -0.0444746 0)             (0.971467 0.0444664 0)
       0.4588             (0.971374 -0.0445338 0)             (0.971433 0.0445254 0)
       0.4592             (0.971341 -0.0445916 0)             (0.971400 0.0445831 0)
       0.4596             (0.971308 -0.0446481 0)             (0.971368 0.0446393 0)
         0.46             (0.971275 -0.0447031 0)             (0.971335 0.0446942 0)
       0.4604             (0.971243 -0.0447567 0)             (0.971303 0.0447477 0)
       0.4608             (0.971211 -0.0448089 0)             (0.971271 0.0447997 0)
       0.4612             (0.971179 -0.0448597 0)             (0.971239 0.0448504 0)
       0.4616             (0.971147 -0.0449091 0)             (0.971207 0.0448996 0)
        0.462             (0.971115 -0.0449570 0)             (0.971176 0.0449474 0)
       0.4624             (0.971084 -0.0450035 0)             (0.971145 0.0449937 0)
       0.4628             (0.971053 -0.0450486 0)             (0.971114 0.0450386 0)
       0.4632             (0.971022 -0.0450922 0)             (0.971083 0.0450821 0)
       0.4636             (0.970992 -0.0451343 0)             (0.971053 0.0451241 0)
        0.464             (0.970962 -0.0451749 0)             (0.971023 0.0451646 0)
       0.4644             (0.970932 -0.0452141 0)             (0.970993 0.0452036 0)
       0.4648             (0.970902 -0.0452518 0)             (0.970963 0.0452412 0)
       0.4652             (0.970873 -0.0452880 0)             (0.970934 0.0452772 0)
       0.4656             (0.970843 -0.0453227 0)             (0.970905 0.0453118 0)
        0.466             (0.970814 -0.0453559 0)             (0.970876 0.0453449 0)
       0.4664             (0.970786 -0.0453876 0)             (0.970848 0.0453764 0)
       0.4668             (0.970758 -0.0454178 0)             (0.970820 0.0454065 0)
       0.4672             (0.970730 -0.0454464 0)             (0.970792 0.0454350 0)
       0.4676             (0.970702 -0.0454736 0)             (0.970764 0.0454620 0)
        0.468             (0.970674 -0.0454991 0)             (0.970737 0.0454874 0)
       0.4684             (0.970647 -0.0455232 0)             (0.970710 0.0455114 0)
       0.4688             (0.970620 -0.0455457 0)             (0.970683 0.0455337 0)
       0.4692             (0.970594 -0.0455666 0)             (0.970657 0.0455546 0)
       0.4696             (0.970567 -0.0455860 0)             (0.970631 0.0455738 0)
         0.47             (0.970541 -0.0456039 0)             (0.970605 0.0455915 0)
       0.4704             (0.970516 -0.0456201 0)             (0.970579 0.0456077 0)
       0.4708             (0.970490 -0.0456348 0)             (0.970554 0.0456222 0)
       0.4712             (0.970465 -0.0456479 0)             (0.970529 0.0456352 0)
       0.4716             (0.970441 -0.0456594 0)             (0.970505 0.0456466 0)
        0.472             (0.970416 -0.0456694 0)             (0.970480 0.0456565 0)
       0.4724             (0.970392 -0.0456777 0)             (0.970456 0.0456647 0)
       0.4728             (0.970369 -0.0456844 0)             (0.970433 0.0456713 0)
       0.4732             (0.970345 -0.0456896 0)             (0.970409 0.0456763 0)
       0.4736             (0.970322 -0.0456931 0)             (0.970386 0.0456797 0)
        0.474             (0.970299 -0.0456950 0)             (0.970364 0.0456815 0)
       0.4744             (0.970277 -0.0456952 0)             (0.970342 0.0456817 0)
       0.4748             (0.970255 -0.0456939 0)             (0.970320 0.0456802 0)
       0.4752             (0.970233 -0.0456909 0)             (0.970298 0.0456772 0)
       0.4756             (0.970212 -0.0456863 0)             (0.970277 0.0456725 0)
        0.476             (0.970191 -0.0456801 0)             (0.970256 0.0456661 0)
       0.4764             (0.970170 -0.0456722 0)             (0.970235 0.0456581 0)
       0.4768             (0.970150 -0.0456627 0)             (0.970215 0.0456485 0)
       0.4772             (0.970130 -0.0456515 0)             (0.970195 0.0456372 0)
       0.4776             (0.970110 -0.0456387 0)             (0.970176 0.0456243 0)
        0.478             (0.970091 -0.0456242 0)             (0.970156 0.0456098 0)
       0.4784             (0.970072 -0.0456080 0)             (0.970138 0.0455935 0)
       0.4788             (0.970054 -0.0455902 0)             (0.970119 0.0455756 0)
       0.4792             (0.970035 -0.0455707 0)             (0.970101 0.0455561 0)
       0.4796             (0.970018 -0.0455496 0)             (0.970084 0.0455348 0)
         0.48             (0.970000 -0.0455268 0)             (0.970066 0.0455119 0)
       0.4804             (0.969983 -0.0455023 0)             (0.970049 0.0454873 0)
       0.4808             (0.969967 -0.0454761 0)             (0.970033 0.0454611 0)
       0.4812             (0.969950 -0.0454482 0)             (0.970017 0.0454331 0)
       0.4816             (0.969935 -0.0454187 0)             (0.970001 0.0454035 0)
        0.482             (0.969919 -0.0453874 0)             (0.969985 0.0453722 0)
       0.4824             (0.969904 -0.0453545 0)             (0.969970 0.0453392 0)
       0.4828             (0.969889 -0.0453199 0)             (0.969956 0.0453045 0)
       0.4832             (0.969875 -0.0452836 0)             (0.969942 0.0452681 0)
       0.4836             (0.969861 -0.0452456 0)             (0.969928 0.0452301 0)
        0.484             (0.969848 -0.0452058 0)             (0.969914 0.0451903 0)
       0.4844             (0.969835 -0.0451644 0)             (0.969901 0.0451488 0)
       0.4848             (0.969822 -0.0451213 0)             (0.969889 0.0451056 0)
       0.4852             (0.969810 -0.0450765 0)             (0.969877 0.0450607 0)
       0.4856             (0.969798 -0.0450299 0)             (0.969865 0.0450142 0)
        0.486             (0.969786 -0.0449817 0)             (0.969853 0.0449659 0)
       0.4864             (0.969775 -0.0449317 0)             (0.969842 0.0449158 0)
       0.4868             (0.969765 -0.0448801 0)             (0.969832 0.0448641 0)
       0.4872             (0.969754 -0.0448267 0)             (0.969822 0.0448107 0)
       0.4876             (0.969745 -0.0447716 0)             (0.969812 0.0447556 0)
        0.488             (0.969735 -0.0447148 0)             (0.969803 0.0446987 0)
       0.4884             (0.969726 -0.0446563 0)             (0.969794 0.0446401 0)
       0.4888             (0.969718 -0.0445960 0)             (0.969785 0.0445798 0)
       0.4892             (0.969710 -0.0445340 0)             (0.969777 0.0445178 0)
       0.4896             (0.969702 -0.0444703 0)             (0.969770 0.0444541 0)
         0.49             (0.969695 -0.0444049 0)             (0.969763 0.0443887 0)
       0.4904             (0.969688 -0.0443378 0)             (0.969756 0.0443215 0)
       0.4908             (0.969682 -0.0442690 0)             (0.969750 0.0442526 0)
       0.4912             (0.969676 -0.0441984 0)             (0.969744 0.0441820 0)
       0.4916             (0.969671 -0.0441261 0)             (0.969738 0.0441097 0)
        0.492             (0.969666 -0.0440521 0)             (0.969733 0.0440357 0)
       0.4924             (0.969661 -0.0439763 0)             (0.969729 0.0439599 0)
       0.4928             (0.969657 -0.0438989 0)             (0.969725 0.0438824 0)
       0.4932             (0.969654 -0.0438197 0)             (0.969721 0.0438032 0)
       0.4936             (0.969650 -0.0437388 0)             (0.969718 0.0437223 0)
        0.494             (0.969648 -0.0436562 0)             (0.969716 0.0436396 0)
       0.4944             (0.969646 -0.0435718 0)             (0.969713 0.0435553 0)
       0.4948             (0.969644 -0.0434858 0)             (0.969712 0.0434692 0)
       0.4952             (0.969642 -0.0433980 0)             (0.969710 0.0433814 0)
       0.4956             (0.969642 -0.0433085 0)             (0.969709 0.0432919 0)
        0.496             (0.969641 -0.0432173 0)             (0.969709 0.0432007 0)
       0.4964             (0.969641 -0.0431243 0)             (0.969709 0.0431077 0)
       0.4968             (0.969642 -0.0430297 0)             (0.969710 0.0430131 0)
       0.4972             (0.969643 -0.0429333 0)             (0.969711 0.0429167 0)
       0.4976             (0.969644 -0.0428353 0)             (0.969712 0.0428187 0)
        0.498             (0.969646 -0.0427355 0)             (0.969714 0.0427189 0)
       0.4984             (0.969649 -0.0426340 0)             (0.969717 0.0426174 0)
       0.4988             (0.969652 -0.0425308 0)             (0.969720 0.0425142 0)
       0.4992             (0.969655 -0.0424259 0)             (0.969723 0.0424093 0)
       0.4996             (0.969659 -0.0423192 0)             (0.969727 0.0423027 0)
          0.5             (0.969664 -0.0422109 0)             (0.969731 0.0421944 0)
       0.5004             (0.969669 -0.0421009 0)             (0.969736 0.0420844 0)
       0.5008             (0.969674 -0.0419892 0)             (0.969742 0.0419727 0)
       0.5012             (0.969680 -0.0418758 0)             (0.969747 0.0418593 0)
       0.5016             (0.969686 -0.0417607 0)             (0.969754 0.0417442 0)
        0.502             (0.969693 -0.0416439 0)             (0.969761 0.0416274 0)
       0.5024             (0.969700 -0.0415254 0)             (0.969768 0.0415090 0)
       0.5028             (0.969708 -0.0414052 0)             (0.969776 0.0413888 0)
       0.5032             (0.969717 -0.0412834 0)             (0.969784 0.0412670 0)
       0.5036             (0.969725 -0.0411599 0)             (0.969793 0.0411435 0)
        0.504             (0.969735 -0.0410347 0)             (0.969802 0.0410183 0)
       0.5044             (0.969745 -0.0409078 0)             (0.969812 0.0408915 0)
       0.5048             (0.969755 -0.0407792 0)             (0.969822 0.0407630 0)
       0.5052             (0.969766 -0.0406490 0)             (0.969833 0.0406328 0)
       0.5056             (0.969777 -0.0405171 0)             (0.969844 0.0405010 0)
        0.506             (0.969789 -0.0403836 0)             (0.969856 0.0403674 0)
       0.5064             (0.969801 -0.0402484 0)             (0.969868 0.0402323 0)
       0.5068             (0.969814 -0.0401115 0)             (0.969881 0.0400955 0)
       0.5072             (0.969828 -0.0399730 0)             (0.969895 0.0399570 0)
       0.5076             (0.969842 -0.0398328 0)             (0.969908 0.0398169 0)
        0.508             (0.969856 -0.0396910 0)             (0.969923 0.0396752 0)
       0.5084             (0.969871 -0.0395476 0)             (0.969938 0.0395318 0)
       0.5088             (0.969886 -0.0394025 0)             (0.969953 0.0393868 0)
       0.5092             (0.969902 -0.0392558 0)             (0.969969 0.0392401 0)
       0.5096             (0.969919 -0.0391075 0)             (0.969985 0.0390919 0)
         0.51             (0.969936 -0.0389576 0)             (0.970002 0.0389420 0)
       0.5104             (0.969953 -0.0388060 0)             (0.970020 0.0387905 0)
       0.5108             (0.969971 -0.0386528 0)             (0.970038 0.0386374 0)
       0.5112             (0.969990 -0.0384981 0)             (0.970056 0.0384826 0)
       0.5116             (0.970009 -0.0383417 0)             (0.970075 0.0383263 0)
        0.512             (0.970029 -0.0381837 0)             (0.970095 0.0381684 0)
       0.5124             (0.970049 -0.0380241 0)             (0.970115 0.0380089 0)
       0.5128             (0.970069 -0.0378629 0)             (0.970135 0.0378478 0)
       0.5132             (0.970091 -0.0377002 0)             (0.970156 0.0376851 0)
       0.5136             (0.970112 -0.0375359 0)             (0.970178 0.0375209 0)
        0.514             (0.970135 -0.0373700 0)             (0.970200 0.0373551 0)
       0.5144             (0.970157 -0.0372025 0)             (0.970223 0.0371877 0)
       0.5148             (0.970181 -0.0370335 0)             (0.970246 0.0370187 0)
       0.5152             (0.970204 -0.0368629 0)             (0.970269 0.0368482 0)
       0.5156             (0.970229 -0.0366907 0)             (0.970294 0.0366762 0)
        0.516             (0.970254 -0.0365171 0)             (0.970318 0.0365026 0)
       0.5164             (0.970279 -0.0363418 0)             (0.970344 0.0363275 0)
       0.5168             (0.970305 -0.0361651 0)             (0.970370 0.0361508 0)
       0.5172             (0.970332 -0.0359868 0)             (0.970396 0.0359726 0)
       0.5176             (0.970359 -0.0358070 0)             (0.970423 0.0357929 0)
        0.518             (0.970386 -0.0356257 0)             (0.970450 0.0356117 0)
       0.5184             (0.970414 -0.0354429 0)             (0.970478 0.0354290 0)
       0.5188             (0.970443 -0.0352585 0)             (0.970507 0.0352447 0)
       0.5192             (0.970472 -0.0350727 0)             (0.970535 0.0350590 0)
       0.5196             (0.970502 -0.0348854 0)             (0.970565 0.0348718 0)
         0.52             (0.970532 -0.0346966 0)             (0.970595 0.0346831 0)
       0.5204             (0.970562 -0.0345063 0)             (0.970626 0.0344929 0)
       0.5208             (0.970594 -0.0343146 0)             (0.970657 0.0343013 0)
       0.5212             (0.970626 -0.0341213 0)             (0.970688 0.0341082 0)
       0.5216             (0.970658 -0.0339267 0)             (0.970721 0.0339136 0)
        0.522             (0.970691 -0.0337306 0)             (0.970753 0.0337176 0)
       0.5224             (0.970724 -0.0335330 0)             (0.970787 0.0335202 0)
       0.5228             (0.970758 -0.0333340 0)             (0.970820 0.0333213 0)
       0.5232             (0.970793 -0.0331336 0)             (0.970855 0.0331210 0)
       0.5236             (0.970828 -0.0329317 0)             (0.970889 0.0329193 0)
        0.524             (0.970863 -0.0327285 0)             (0.970925 0.0327161 0)
       0.5244             (0.970899 -0.0325238 0)             (0.970961 0.0325116 0)
       0.5248             (0.970936 -0.0323177 0)             (0.970997 0.0323056 0)
       0.5252             (0.970973 -0.0321102 0)             (0.971034 0.0320983 0)
       0.5256             (0.971011 -0.0319014 0)             (0.971072 0.0318896 0)
        0.526             (0.971049 -0.0316912 0)             (0.971110 0.0316795 0)
       0.5264             (0.971088 -0.0314796 0)             (0.971148 0.0314680 0)
       0.5268             (0.971127 -0.0312666 0)             (0.971187 0.0312552 0)
       0.5272             (0.971167 -0.0310523 0)             (0.971227 0.0310410 0)
       0.5276             (0.971207 -0.0308367 0)             (0.971267 0.0308255 0)
        0.528             (0.971248 -0.0306197 0)             (0.971308 0.0306087 0)
       0.5284             (0.971289 -0.0304014 0)             (0.971349 0.0303905 0)
       0.5288             (0.971331 -0.0301817 0)             (0.971391 0.0301710 0)
       0.5292             (0.971374 -0.0299608 0)             (0.971433 0.0299502 0)
       0.5296             (0.971417 -0.0297385 0)             (0.971476 0.0297280 0)
         0.53             (0.971460 -0.0295149 0)             (0.971519 0.0295046 0)
       0.5304             (0.971504 -0.0292901 0)             (0.971563 0.0292799 0)
       0.5308             (0.971549 -0.0290639 0)             (0.971607 0.0290540 0)
       0.5312             (0.971594 -0.0288365 0)             (0.971652 0.0288267 0)
       0.5316             (0.971640 -0.0286079 0)             (0.971697 0.0285982 0)
        0.532             (0.971686 -0.0283780 0)             (0.971743 0.0283684 0)
       0.5324             (0.971733 -0.0281468 0)             (0.971790 0.0281374 0)
       0.5328             (0.971780 -0.0279144 0)             (0.971837 0.0279052 0)
       0.5332             (0.971828 -0.0276808 0)             (0.971884 0.0276717 0)
       0.5336             (0.971876 -0.0274459 0)             (0.971932 0.0274370 0)
        0.534             (0.971925 -0.0272098 0)             (0.971981 0.0272011 0)
       0.5344             (0.971974 -0.0269726 0)             (0.972030 0.0269640 0)
       0.5348             (0.972024 -0.0267341 0)             (0.972080 0.0267257 0)
       0.5352             (0.972074 -0.0264945 0)             (0.972130 0.0264862 0)
       0.5356             (0.972125 -0.0262537 0)             (0.972180 0.0262456 0)
        0.536             (0.972176 -0.0260117 0)             (0.972232 0.0260037 0)
       0.5364             (0.972228 -0.0257685 0)             (0.972283 0.0257608 0)
       0.5368             (0.972281 -0.0255242 0)             (0.972335 0.0255167 0)
       0.5372             (0.972334 -0.0252788 0)             (0.972388 0.0252714 0)
       0.5376             (0.972387 -0.0250323 0)             (0.972441 0.0250250 0)
        0.538             (0.972441 -0.0247846 0)             (0.972495 0.0247775 0)
       0.5384             (0.972496 -0.0245358 0)             (0.972549 0.0245289 0)
       0.5388             (0.972551 -0.0242859 0)             (0.972604 0.0242792 0)
       0.5392             (0.972606 -0.0240349 0)             (0.972659 0.0240284 0)
       0.5396             (0.972662 -0.0237829 0)             (0.972715 0.0237765 0)
         0.54             (0.972719 -0.0235297 0)             (0.972771 0.0235236 0)
       0.5404             (0.972776 -0.0232756 0)             (0.972828 0.0232696 0)
       0.5408             (0.972833 -0.0230203 0)             (0.972885 0.0230145 0)
       0.5412             (0.972891 -0.0227640 0)             (0.972943 0.0227584 0)
       0.5416             (0.972950 -0.0225067 0)             (0.973001 0.0225013 0)
        0.542             (0.973009 -0.0222484 0)             (0.973060 0.0222431 0)
       0.5424             (0.973068 -0.0219890 0)             (0.973119 0.0219839 0)
       0.5428             (0.973129 -0.0217286 0)             (0.973179 0.0217238 0)
       0.5432             (0.973189 -0.0214673 0)             (0.973239 0.0214626 0)
       0.5436             (0.973250 -0.0212049 0)             (0.973300 0.0212004 0)
        0.544             (0.973312 -0.0209416 0)             (0.973361 0.0209373 0)
       0.5444             (0.973374 -0.0206774 0)             (0.973423 0.0206732 0)
       0.5448             (0.973436 -0.0204121 0)             (0.973485 0.0204082 0)
       0.5452             (0.973499 -0.0201460 0)             (0.973548 0.0201422 0)
       0.5456             (0.973563 -0.0198789 0)             (0.973611 0.0198753 0)
        0.546             (0.973627 -0.0196108 0)             (0.973674 0.0196075 0)
       0.5464             (0.973691 -0.0193419 0)             (0.973739 0.0193388 0)
       0.5468             (0.973756 -0.0190721 0)             (0.973803 0.0190691 0)
       0.5472             (0.973821 -0.0188013 0)             (0.973868 0.0187986 0)
       0.5476             (0.973887 -0.0185297 0)             (0.973934 0.0185272 0)
        0.548             (0.973954 -0.0182572 0)             (0.974000 0.0182549 0)
       0.5484             (0.974020 -0.0179839 0)             (0.974066 0.0179818 0)
       0.5488             (0.974088 -0.0177097 0)             (0.974133 0.0177078 0)
       0.5492             (0.974156 -0.0174347 0)             (0.974201 0.0174329 0)
       0.5496             (0.974224 -0.0171588 0)             (0.974269 0.0171573 0)
         0.55             (0.974292 -0.0168821 0)             (0.974337 0.0168808 0)
       0.5504             (0.974362 -0.0166046 0)             (0.974406 0.0166035 0)
       0.5508             (0.974431 -0.0163263 0)             (0.974475 0.0163254 0)
       0.5512             (0.974501 -0.0160473 0)             (0.974545 0.0160466 0)
       0.5516             (0.974572 -0.0157674 0)             (0.974615 0.0157669 0)
        0.552             (0.974643 -0.0154868 0)             (0.974686 0.0154865 0)
       0.5524             (0.974714 -0.0152054 0)             (0.974757 0.0152054 0)
       0.5528             (0.974786 -0.0149233 0)             (0.974828 0.0149235 0)
       0.5532             (0.974859 -0.0146405 0)             (0.974900 0.0146408 0)
       0.5536             (0.974932 -0.0143569 0)             (0.974973 0.0143575 0)
        0.554             (0.975005 -0.0140726 0)             (0.975046 0.0140734 0)
       0.5544             (0.975078 -0.0137876 0)             (0.975119 0.0137886 0)
       0.5548             (0.975153 -0.0135020 0)             (0.975193 0.0135032 0)
       0.5552             (0.975227 -0.0132156 0)             (0.975267 0.0132170 0)
       0.5556             (0.975302 -0.0129286 0)             (0.975342 0.0129302 0)
        0.556             (0.975378 -0.0126409 0)             (0.975417 0.0126427 0)
       0.5564             (0.975454 -0.0123526 0)             (0.975492 0.0123546 0)
       0.5568             (0.975530 -0.0120636 0)             (0.975568 0.0120659 0)
       0.5572             (0.975607 -0.0117740 0)             (0.975645 0.0117765 0)
       0.5576             (0.975684 -0.0114838 0)             (0.975721 0.0114865 0)
        0.558             (0.975761 -0.0111930 0)             (0.975799 0.0111959 0)
       0.5584             (0.975839 -0.0109016 0)             (0.975876 0.0109048 0)
       0.5588             (0.975918 -0.0106096 0)             (0.975954 0.0106130 0)
       0.5592             (0.975997 -0.0103171 0)             (0.976033 0.0103207 0)
       0.5596             (0.976076 -0.0100240 0)             (0.976111 0.0100278 0)
         0.56             (0.976155 -0.0097303 0)             (0.976191 0.0097343 0)
       0.5604             (0.976236 -0.0094361 0)             (0.976270 0.0094404 0)
       0.5608             (0.976316 -0.0091414 0)             (0.976350 0.0091459 0)
       0.5612             (0.976397 -0.0088462 0)             (0.976431 0.0088509 0)
       0.5616             (0.976478 -0.0085504 0)             (0.976512 0.0085553 0)
        0.562             (0.976560 -0.0082542 0)             (0.976593 0.0082593 0)
       0.5624             (0.976642 -0.0079575 0)             (0.976675 0.0079628 0)
       0.5628             (0.976724 -0.0076603 0)             (0.976757 0.0076659 0)
       0.5632             (0.976807 -0.0073626 0)             (0.976839 0.0073684 0)
       0.5636             (0.976890 -0.0070645 0)             (0.976922 0.0070706 0)
        0.564             (0.976974 -0.0067660 0)             (0.977005 0.0067722 0)
       0.5644             (0.977058 -0.0064670 0)             (0.977088 0.0064735 0)
       0.5648             (0.977142 -0.0061676 0)             (0.977172 0.0061743 0)
       0.5652             (0.977227 -0.0058679 0)             (0.977257 0.0058748 0)
       0.5656             (0.977312 -0.0055677 0)             (0.977341 0.0055748 0)
        0.566             (0.977397 -0.0052671 0)             (0.977426 0.0052745 0)
       0.5664             (0.977483 -0.0049662 0)             (0.977512 0.0049738 0)
       0.5668             (0.977569 -0.0046649 0)             (0.977597 0.0046727 0)
       0.5672             (0.977656 -0.0043632 0)             (0.977683 0.0043713 0)
       0.5676             (0.977743 -0.0040613 0)             (0.977770 0.0040695 0)
        0.568             (0.977830 -0.0037589 0)             (0.977857 0.0037675 0)
       0.5684             (0.977917 -0.0034563 0)             (0.977944 0.0034651 0)
       0.5688             (0.978005 -0.0031534 0)             (0.978031 0.0031623 0)
       0.5692             (0.978094 -0.0028502 0)             (0.978119 0.0028593 0)
       0.5696             (0.978182 -0.0025467 0)             (0.978207 0.0025561 0)
         0.57             (0.978271 -0.0022429 0)             (0.978296 0.0022525 0)
       0.5704             (0.978360 -0.0019388 0)             (0.978385 0.0019487 0)
       0.5708             (0.978450 -0.0016345 0)             (0.978474 0.0016446 0)
       0.5712             (0.978540 -0.0013300 0)             (0.978563 0.0013403 0)
       0.5716             (0.978630 -0.0010252 0)             (0.978653 0.0010358 0)
        0.572             (0.978721 -0.0007203 0)             (0.978743 0.0007310 0)
       0.5724             (0.978812 -0.0004151 0)             (0.978834 0.0004261 0)
       0.5728             (0.978903 -0.0001097 0)             (0.978924 0.0001209 0)
       0.5732             (0.978994 0.0001959 0)             (0.979015 -0.0001844 0)
       0.5736             (0.979086 0.0005016 0)             (0.979107 -0.0004899 0)
        0.574             (0.979178 0.0008075 0)             (0.979198 -0.0007956 0)
       0.5744             (0.979271 0.0011136 0)             (0.979290 -0.0011014 0)
       0.5748             (0.979363 0.0014198 0)             (0.979383 -0.0014074 0)
       0.5752             (0.979456 0.0017261 0)             (0.979475 -0.0017135 0)
       0.5756             (0.979550 0.0020325 0)             (0.979568 -0.0020197 0)
        0.576             (0.979643 0.0023391 0)             (0.979661 -0.0023261 0)
       0.5764             (0.979737 0.0026457 0)             (0.979754 -0.0026325 0)
       0.5768             (0.979831 0.0029524 0)             (0.979848 -0.0029390 0)
       0.5772             (0.979926 0.0032592 0)             (0.979942 -0.0032456 0)
       0.5776             (0.980020 0.0035661 0)             (0.980036 -0.0035522 0)
        0.578             (0.980115 0.0038730 0)             (0.980131 -0.0038589 0)
       0.5784             (0.980210 0.0041800 0)             (0.980225 -0.0041657 0)
       0.5788             (0.980306 0.0044870 0)             (0.980320 -0.0044724 0)
       0.5792             (0.980402 0.0047940 0)             (0.980416 -0.0047792 0)
       0.5796             (0.980498 0.0051011 0)             (0.980511 -0.0050861 0)
         0.58             (0.980594 0.0054081 0)             (0.980607 -0.0053929 0)
       0.5804             (0.980690 0.0057151 0)             (0.980703 -0.0056997 0)
       0.5808             (0.980787 0.0060221 0)             (0.980799 -0.0060064 0)
       0.5812             (0.980884 0.0063291 0)             (0.980896 -0.0063132 0)
       0.5816             (0.980981 0.0066360 0)             (0.980992 -0.0066199 0)
        0.582             (0.981079 0.0069429 0)             (0.981089 -0.0069266 0)
       0.5824             (0.981176 0.0072497 0)             (0.981187 -0.0072331 0)
       0.5828             (0.981274 0.0075564 0)             (0.981284 -0.0075397 0)
       0.5832             (0.981372 0.0078631 0)             (0.981382 -0.0078461 0)
       0.5836             (0.981471 0.0081696 0)             (0.981479 -0.0081524 0)
        0.584             (0.981569 0.0084761 0)             (0.981578 -0.0084587 0)
       0.5844             (0.981668 0.0087824 0)             (0.981676 -0.0087648 0)
       0.5848             (0.981767 0.0090886 0)             (0.981774 -0.0090708 0)
       0.5852             (0.981866 0.0093947 0)             (0.981873 -0.0093766 0)
       0.5856             (0.981966 0.0097006 0)             (0.981972 -0.0096823 0)
        0.586             (0.982065 0.0100063 0)             (0.982071 -0.0099879 0)
       0.5864             (0.982165 0.0103119 0)             (0.982170 -0.0102933 0)
       0.5868             (0.982265 0.0106173 0)             (0.982270 -0.0105985 0)
       0.5872             (0.982365 0.0109226 0)             (0.982369 -0.0109035 0)
       0.5876             (0.982465 0.0112276 0)             (0.982469 -0.0112083 0)
        0.588             (0.982566 0.0115324 0)             (0.982569 -0.0115129 0)
       0.5884             (0.982667 0.0118370 0)             (0.982669 -0.0118173 0)
       0.5888             (0.982767 0.0121414 0)             (0.982770 -0.0121214 0)
       0.5892             (0.982868 0.0124455 0)             (0.982870 -0.0124254 0)
       0.5896             (0.982970 0.0127494 0)             (0.982971 -0.0127290 0)
         0.59             (0.983071 0.0130530 0)             (0.983071 -0.0130325 0)
       0.5904             (0.983172 0.0133564 0)             (0.983172 -0.0133356 0)
       0.5908             (0.983274 0.0136594 0)             (0.983274 -0.0136385 0)
       0.5912             (0.983376 0.0139622 0)             (0.983375 -0.0139410 0)
       0.5916             (0.983478 0.0142647 0)             (0.983476 -0.0142433 0)
        0.592             (0.983580 0.0145669 0)             (0.983578 -0.0145453 0)
       0.5924             (0.983682 0.0148687 0)             (0.983679 -0.0148470 0)
       0.5928             (0.983784 0.0151702 0)             (0.983781 -0.0151483 0)
       0.5932             (0.983887 0.0154714 0)             (0.983883 -0.0154493 0)
       0.5936             (0.983989 0.0157723 0)             (0.983985 -0.0157499 0)
        0.594             (0.984092 0.0160727 0)             (0.984087 -0.0160502 0)
       0.5944             (0.984195 0.0163728 0)             (0.984190 -0.0163501 0)
       0.5948             (0.984297 0.0166726 0)             (0.984292 -0.0166496 0)
       0.5952             (0.984400 0.0169719 0)             (0.984394 -0.0169488 0)
       0.5956             (0.984504 0.0172709 0)             (0.984497 -0.0172475 0)
        0.596             (0.984607 0.0175694 0)             (0.984600 -0.0175459 0)
       0.5964             (0.984710 0.0178675 0)             (0.984703 -0.0178438 0)
       0.5968             (0.984813 0.0181652 0)             (0.984805 -0.0181413 0)
       0.5972             (0.984917 0.0184625 0)             (0.984908 -0.0184384 0)
       0.5976             (0.985020 0.0187593 0)             (0.985011 -0.0187350 0)
        0.598             (0.985124 0.0190557 0)             (0.985115 -0.0190312 0)
       0.5984             (0.985228 0.0193516 0)             (0.985218 -0.0193269 0)
       0.5988             (0.985332 0.0196470 0)             (0.985321 -0.0196222 0)
       0.5992             (0.985435 0.0199420 0)             (0.985424 -0.0199170 0)
       0.5996             (0.985539 0.0202364 0)             (0.985528 -0.0202113 0)
          0.6             (0.985643 0.0205304 0)             (0.985631 -0.0205050 0)
       0.6004             (0.985747 0.0208238 0)             (0.985735 -0.0207983 0)
       0.6008             (0.985851 0.0211168 0)             (0.985838 -0.0210911 0)
       0.6012             (0.985956 0.0214092 0)             (0.985942 -0.0213833 0)
       0.6016             (0.986060 0.0217011 0)             (0.986045 -0.0216750 0)
        0.602             (0.986164 0.0219924 0)             (0.986149 -0.0219662 0)
       0.6024             (0.986268 0.0222832 0)             (0.986253 -0.0222568 0)
       0.6028             (0.986372 0.0225734 0)             (0.986357 -0.0225468 0)
       0.6032             (0.986477 0.0228630 0)             (0.986460 -0.0228363 0)
       0.6036             (0.986581 0.0231521 0)             (0.986564 -0.0231252 0)
        0.604             (0.986685 0.0234406 0)             (0.986668 -0.0234135 0)
       0.6044             (0.986790 0.0237285 0)             (0.986772 -0.0237012 0)
       0.6048             (0.986894 0.0240157 0)             (0.986876 -0.0239883 0)
       0.6052             (0.986998 0.0243024 0)             (0.986979 -0.0242748 0)
       0.6056             (0.987103 0.0245884 0)             (0.987083 -0.0245607 0)
        0.606             (0.987207 0.0248739 0)             (0.987187 -0.0248460 0)
       0.6064             (0.987311 0.0251586 0)             (0.987291 -0.0251306 0)
       0.6068             (0.987416 0.0254427 0)             (0.987395 -0.0254145 0)
       0.6072             (0.987520 0.0257262 0)             (0.987499 -0.0256979 0)
       0.6076             (0.987624 0.0260090 0)             (0.987602 -0.0259805 0)
        0.608             (0.987729 0.0262911 0)             (0.987706 -0.0262625 0)
       0.6084             (0.987833 0.0265726 0)             (0.987810 -0.0265438 0)
       0.6088             (0.987937 0.0268534 0)             (0.987914 -0.0268244 0)
       0.6092             (0.988041 0.0271334 0)             (0.988017 -0.0271043 0)
       0.6096             (0.988146 0.0274128 0)             (0.988121 -0.0273835 0)
         0.61             (0.988250 0.0276914 0)             (0.988224 -0.0276620 0)
       0.6104             (0.988354 0.0279694 0)             (0.988328 -0.0279398 0)
       0.6108             (0.988458 0.0282466 0)             (0.988432 -0.0282169 0)
       0.6112             (0.988562 0.0285230 0)             (0.988535 -0.0284932 0)
       0.6116             (0.988666 0.0287988 0)             (0.988638 -0.0287688 0)
        0.612             (0.988770 0.0290737 0)             (0.988742 -0.0290436 0)
       0.6124             (0.988873 0.0293479 0)             (0.988845 -0.0293177 0)
       0.6128             (0.988977 0.0296214 0)             (0.988948 -0.0295910 0)
       0.6132             (0.989081 0.0298940 0)             (0.989051 -0.0298635 0)
       0.6136             (0.989184 0.0301659 0)             (0.989154 -0.0301353 0)
        0.614             (0.989288 0.0304370 0)             (0.989257 -0.0304063 0)
       0.6144             (0.989391 0.0307073 0)             (0.989360 -0.0306764 0)
       0.6148             (0.989494 0.0309768 0)             (0.989463 -0.0309458 0)
       0.6152             (0.989598 0.0312455 0)             (0.989566 -0.0312144 0)
       0.6156             (0.989701 0.0315134 0)             (0.989668 -0.0314821 0)
        0.616             (0.989804 0.0317804 0)             (0.989771 -0.0317490 0)
       0.6164             (0.989907 0.0320466 0)             (0.989873 -0.0320151 0)
       0.6168             (0.990009 0.0323120 0)             (0.989975 -0.0322804 0)
       0.6172             (0.990112 0.0325765 0)             (0.990077 -0.0325448 0)
       0.6176             (0.990215 0.0328402 0)             (0.990179 -0.0328083 0)
        0.618             (0.990317 0.0331030 0)             (0.990281 -0.0330710 0)
       0.6184             (0.990419 0.0333649 0)             (0.990383 -0.0333328 0)
       0.6188             (0.990521 0.0336260 0)             (0.990485 -0.0335938 0)
       0.6192             (0.990623 0.0338861 0)             (0.990586 -0.0338538 0)
       0.6196             (0.990725 0.0341454 0)             (0.990688 -0.0341130 0)
         0.62             (0.990827 0.0344038 0)             (0.990789 -0.0343713 0)
       0.6204             (0.990929 0.0346613 0)             (0.990890 -0.0346287 0)
       0.6208             (0.991030 0.0349179 0)             (0.990991 -0.0348852 0)
       0.6212             (0.991131 0.0351736 0)             (0.991092 -0.0351408 0)
       0.6216             (0.991233 0.0354283 0)             (0.991192 -0.0353954 0)
        0.622             (0.991334 0.0356821 0)             (0.991293 -0.0356491 0)
       0.6224             (0.991434 0.0359350 0)             (0.991393 -0.0359019 0)
       0.6228             (0.991535 0.0361870 0)             (0.991493 -0.0361538 0)
       0.6232             (0.991635 0.0364380 0)             (0.991593 -0.0364047 0)
       0.6236             (0.991736 0.0366880 0)             (0.991693 -0.0366547 0)
        0.624             (0.991836 0.0369371 0)             (0.991793 -0.0369037 0)
       0.6244             (0.991936 0.0371852 0)             (0.991892 -0.0371517 0)
       0.6248             (0.992036 0.0374324 0)             (0.991991 -0.0373988 0)
       0.6252             (0.992135 0.0376786 0)             (0.992090 -0.0376449 0)
       0.6256             (0.992234 0.0379237 0)             (0.992189 -0.0378900 0)
        0.626             (0.992334 0.0381680 0)             (0.992288 -0.0381341 0)
       0.6264             (0.992433 0.0384112 0)             (0.992386 -0.0383773 0)
       0.6268             (0.992531 0.0386534 0)             (0.992485 -0.0386194 0)
       0.6272             (0.992630 0.0388946 0)             (0.992583 -0.0388605 0)
       0.6276             (0.992728 0.0391348 0)             (0.992681 -0.0391007 0)
        0.628             (0.992826 0.0393739 0)             (0.992778 -0.0393398 0)
       0.6284             (0.992924 0.0396121 0)             (0.992876 -0.0395779 0)
       0.6288             (0.993022 0.0398492 0)             (0.992973 -0.0398149 0)
       0.6292             (0.993119 0.0400853 0)             (0.993070 -0.0400510 0)
       0.6296             (0.993216 0.0403204 0)             (0.993166 -0.0402860 0)
         0.63             (0.993313 0.0405544 0)             (0.993263 -0.0405199 0)
       0.6304             (0.993410 0.0407873 0)             (0.993359 -0.0407528 0)
       0.6308             (0.993507 0.0410192 0)             (0.993455 -0.0409847 0)
       0.6312             (0.993603 0.0412501 0)             (0.993551 -0.0412155 0)
       0.6316             (0.993699 0.0414799 0)             (0.993646 -0.0414452 0)
        0.632             (0.993795 0.0417086 0)             (0.993742 -0.0416739 0)
       0.6324             (0.993890 0.0419362 0)             (0.993837 -0.0419015 0)
       0.6328             (0.993985 0.0421628 0)             (0.993931 -0.0421280 0)
       0.6332             (0.994080 0.0423883 0)             (0.994026 -0.0423534 0)
       0.6336             (0.994175 0.0426126 0)             (0.994120 -0.0425778 0)
        0.634             (0.994269 0.0428359 0)             (0.994214 -0.0428010 0)
       0.6344             (0.994363 0.0430581 0)             (0.994307 -0.0430232 0)
       0.6348             (0.994457 0.0432792 0)             (0.994401 -0.0432442 0)
       0.6352             (0.994551 0.0434992 0)             (0.994494 -0.0434642 0)
       0.6356             (0.994644 0.0437181 0)             (0.994587 -0.0436830 0)
        0.636             (0.994737 0.0439358 0)             (0.994679 -0.0439008 0)
       0.6364             (0.994830 0.0441525 0)             (0.994771 -0.0441174 0)
       0.6368             (0.994922 0.0443680 0)             (0.994863 -0.0443329 0)
       0.6372             (0.995014 0.0445824 0)             (0.994955 -0.0445472 0)
       0.6376             (0.995106 0.0447956 0)             (0.995046 -0.0447605 0)
        0.638             (0.995197 0.0450077 0)             (0.995137 -0.0449725 0)
       0.6384             (0.995288 0.0452187 0)             (0.995228 -0.0451835 0)
       0.6388             (0.995379 0.0454285 0)             (0.995318 -0.0453933 0)
       0.6392             (0.995470 0.0456372 0)             (0.995408 -0.0456020 0)
       0.6396             (0.995560 0.0458447 0)             (0.995498 -0.0458095 0)
         0.64             (0.995650 0.0460510 0)             (0.995588 -0.0460158 0)
       0.6404             (0.995739 0.0462562 0)             (0.995677 -0.0462210 0)
       0.6408             (0.995829 0.0464603 0)             (0.995766 -0.0464251 0)
       0.6412             (0.995918 0.0466631 0)             (0.995854 -0.0466279 0)
       0.6416             (0.996006 0.0468648 0)             (0.995942 -0.0468296 0)
        0.642             (0.996094 0.0470653 0)             (0.996030 -0.0470301 0)
       0.6424             (0.996182 0.0472647 0)             (0.996117 -0.0472295 0)
       0.6428             (0.996270 0.0474628 0)             (0.996204 -0.0474277 0)
       0.6432             (0.996357 0.0476598 0)             (0.996291 -0.0476246 0)
       0.6436             (0.996444 0.0478556 0)             (0.996378 -0.0478204 0)
        0.644             (0.996530 0.0480501 0)             (0.996464 -0.0480150 0)
       0.6444             (0.996616 0.0482435 0)             (0.996549 -0.0482084 0)
       0.6448             (0.996702 0.0484357 0)             (0.996635 -0.0484006 0)
       0.6452             (0.996788 0.0486267 0)             (0.996720 -0.0485916 0)
       0.6456             (0.996873 0.0488165 0)             (0.996804 -0.0487815 0)
        0.646             (0.996957 0.0490050 0)             (0.996888 -0.0489700 0)
       0.6464             (0.997041 0.0491924 0)             (0.996972 -0.0491574 0)
       0.6468             (0.997125 0.0493785 0)             (0.997056 -0.0493436 0)
       0.6472             (0.997209 0.0495635 0)             (0.997139 -0.0495286 0)
       0.6476             (0.997292 0.0497472 0)             (0.997222 -0.0497123 0)
        0.648             (0.997375 0.0499296 0)             (0.997304 -0.0498948 0)
       0.6484             (0.997457 0.0501109 0)             (0.997386 -0.0500761 0)
       0.6488             (0.997539 0.0502909 0)             (0.997467 -0.0502562 0)
       0.6492             (0.997621 0.0504697 0)             (0.997549 -0.0504350 0)
       0.6496             (0.997702 0.0506473 0)             (0.997629 -0.0506126 0)
         0.65             (0.997783 0.0508236 0)             (0.997710 -0.0507890 0)
       0.6504             (0.997863 0.0509987 0)             (0.997790 -0.0509642 0)
       0.6508             (0.997943 0.0511725 0)             (0.997869 -0.0511381 0)
       0.6512             (0.998023 0.0513451 0)             (0.997948 -0.0513107 0)
       0.6516             (0.998102 0.0515165 0)             (0.998027 -0.0514821 0)
        0.652             (0.998180 0.0516866 0)             (0.998106 -0.0516523 0)
       0.6524             (0.998259 0.0518555 0)             (0.998183 -0.0518212 0)
       0.6528             (0.998337 0.0520231 0)             (0.998261 -0.0519889 0)
       0.6532             (0.998414 0.0521894 0)             (0.998338 -0.0521553 0)
       0.6536             (0.998491 0.0523545 0)             (0.998415 -0.0523205 0)
        0.654             (0.998568 0.0525184 0)             (0.998491 -0.0524844 0)
       0.6544             (0.998644 0.0526809 0)             (0.998567 -0.0526471 0)
       0.6548             (0.998720 0.0528423 0)             (0.998642 -0.0528085 0)
       0.6552             (0.998795 0.0530023 0)             (0.998717 -0.0529686 0)
       0.6556             (0.998870 0.0531611 0)             (0.998792 -0.0531275 0)
        0.656             (0.998945 0.0533186 0)             (0.998866 -0.0532851 0)
       0.6564             (0.999019 0.0534749 0)             (0.998939 -0.0534414 0)
       0.6568             (0.999092 0.0536299 0)             (0.999013 -0.0535965 0)
       0.6572             (0.999165 0.0537836 0)             (0.999085 -0.0537503 0)
       0.6576             (0.999238 0.0539360 0)             (0.999158 -0.0539028 0)
        0.658             (0.999310 0.0540872 0)             (0.999230 -0.0540541 0)
       0.6584             (0.999382 0.0542371 0)             (0.999301 -0.0542041 0)
       0.6588             (0.999453 0.0543857 0)             (0.999372 -0.0543528 0)
       0.6592             (0.999524 0.0545330 0)             (0.999442 -0.0545002 0)
       0.6596             (0.999594 0.0546791 0)             (0.999512 -0.0546464 0)
         0.66             (0.999664 0.0548239 0)             (0.999582 -0.0547913 0)
       0.6604             (0.999734 0.0549673 0)             (0.999651 -0.0549349 0)
       0.6608             (0.999803 0.0551096 0)             (0.999720 -0.0550772 0)
       0.6612             (0.999871 0.0552505 0)             (0.999788 -0.0552183 0)
       0.6616             (0.999939 0.0553901 0)             (0.999856 -0.0553580 0)
        0.662             (1.000007 0.0555285 0)             (0.999923 -0.0554965 0)
       0.6624             (1.000074 0.0556656 0)             (0.999990 -0.0556337 0)
       0.6628             (1.000141 0.0558013 0)             (1.000056 -0.0557696 0)
       0.6632             (1.000207 0.0559358 0)             (1.000122 -0.0559042 0)
       0.6636             (1.000272 0.0560690 0)             (1.000187 -0.0560375 0)
        0.664             (1.000338 0.0562010 0)             (1.000252 -0.0561696 0)
       0.6644             (1.000402 0.0563316 0)             (1.000316 -0.0563003 0)
       0.6648             (1.000467 0.0564609 0)             (1.000380 -0.0564298 0)
       0.6652             (1.000530 0.0565890 0)             (1.000444 -0.0565580 0)
       0.6656             (1.000593 0.0567157 0)             (1.000506 -0.0566849 0)
        0.666             (1.000656 0.0568412 0)             (1.000569 -0.0568105 0)
       0.6664             (1.000718 0.0569654 0)             (1.000631 -0.0569348 0)
       0.6668             (1.000780 0.0570882 0)             (1.000692 -0.0570578 0)
       0.6672             (1.000841 0.0572098 0)             (1.000753 -0.0571796 0)
       0.6676             (1.000902 0.0573301 0)             (1.000814 -0.0573000 0)
        0.668             (1.000962 0.0574491 0)             (1.000873 -0.0574192 0)
       0.6684             (1.001022 0.0575668 0)             (1.000933 -0.0575370 0)
       0.6688             (1.001081 0.0576832 0)             (1.000992 -0.0576536 0)
       0.6692             (1.001140 0.0577983 0)             (1.001050 -0.0577689 0)
       0.6696             (1.001198 0.0579122 0)             (1.001108 -0.0578829 0)
         0.67             (1.001256 0.0580247 0)             (1.001165 -0.0579956 0)
       0.6704             (1.001313 0.0581359 0)             (1.001222 -0.0581070 0)
       0.6708             (1.001370 0.0582459 0)             (1.001279 -0.0582171 0)
       0.6712             (1.001426 0.0583545 0)             (1.001335 -0.0583259 0)
       0.6716             (1.001481 0.0584619 0)             (1.001390 -0.0584334 0)
        0.672             (1.001536 0.0585680 0)             (1.001445 -0.0585397 0)
       0.6724             (1.001591 0.0586727 0)             (1.001499 -0.0586446 0)
       0.6728             (1.001645 0.0587762 0)             (1.001553 -0.0587483 0)
       0.6732             (1.001698 0.0588784 0)             (1.001606 -0.0588507 0)
       0.6736             (1.001751 0.0589793 0)             (1.001659 -0.0589518 0)
        0.674             (1.001804 0.0590789 0)             (1.001711 -0.0590516 0)
       0.6744             (1.001856 0.0591773 0)             (1.001763 -0.0591501 0)
       0.6748             (1.001907 0.0592743 0)             (1.001814 -0.0592473 0)
       0.6752             (1.001958 0.0593700 0)             (1.001864 -0.0593432 0)
       0.6756             (1.002008 0.0594645 0)             (1.001914 -0.0594379 0)
        0.676             (1.002058 0.0595577 0)             (1.001964 -0.0595312 0)
       0.6764             (1.002107 0.0596496 0)             (1.002013 -0.0596233 0)
       0.6768             (1.002156 0.0597402 0)             (1.002061 -0.0597141 0)
       0.6772             (1.002204 0.0598295 0)             (1.002109 -0.0598036 0)
       0.6776             (1.002252 0.0599175 0)             (1.002157 -0.0598919 0)
        0.678             (1.002299 0.0600042 0)             (1.002204 -0.0599788 0)
       0.6784             (1.002346 0.0600897 0)             (1.002250 -0.0600645 0)
       0.6788             (1.002392 0.0601739 0)             (1.002296 -0.0601489 0)
       0.6792             (1.002437 0.0602568 0)             (1.002341 -0.0602320 0)
       0.6796             (1.002482 0.0603384 0)             (1.002386 -0.0603139 0)
         0.68             (1.002527 0.0604188 0)             (1.002430 -0.0603944 0)
       0.6804             (1.002570 0.0604978 0)             (1.002474 -0.0604737 0)
       0.6808             (1.002614 0.0605756 0)             (1.002517 -0.0605517 0)
       0.6812             (1.002656 0.0606522 0)             (1.002559 -0.0606285 0)
       0.6816             (1.002699 0.0607274 0)             (1.002601 -0.0607040 0)
        0.682             (1.002740 0.0608014 0)             (1.002643 -0.0607782 0)
       0.6824             (1.002781 0.0608741 0)             (1.002683 -0.0608511 0)
       0.6828             (1.002822 0.0609455 0)             (1.002724 -0.0609228 0)
       0.6832             (1.002862 0.0610157 0)             (1.002764 -0.0609932 0)
       0.6836             (1.002901 0.0610846 0)             (1.002803 -0.0610623 0)
        0.684             (1.002940 0.0611522 0)             (1.002841 -0.0611302 0)
       0.6844             (1.002979 0.0612186 0)             (1.002880 -0.0611968 0)
       0.6848             (1.003016 0.0612837 0)             (1.002917 -0.0612622 0)
       0.6852             (1.003053 0.0613476 0)             (1.002954 -0.0613263 0)
       0.6856             (1.003090 0.0614102 0)             (1.002991 -0.0613891 0)
        0.686             (1.003126 0.0614715 0)             (1.003027 -0.0614507 0)
       0.6864             (1.003162 0.0615316 0)             (1.003062 -0.0615111 0)
       0.6868             (1.003197 0.0615905 0)             (1.003097 -0.0615701 0)
       0.6872             (1.003231 0.0616480 0)             (1.003131 -0.0616280 0)
       0.6876             (1.003265 0.0617044 0)             (1.003165 -0.0616846 0)
        0.688             (1.003298 0.0617595 0)             (1.003198 -0.0617399 0)
       0.6884             (1.003331 0.0618133 0)             (1.003230 -0.0617940 0)
       0.6888             (1.003363 0.0618659 0)             (1.003262 -0.0618469 0)
       0.6892             (1.003395 0.0619173 0)             (1.003294 -0.0618985 0)
       0.6896             (1.003426 0.0619674 0)             (1.003325 -0.0619489 0)
         0.69             (1.003456 0.0620163 0)             (1.003355 -0.0619980 0)
       0.6904             (1.003486 0.0620639 0)             (1.003385 -0.0620459 0)
       0.6908             (1.003516 0.0621103 0)             (1.003414 -0.0620926 0)
       0.6912             (1.003544 0.0621555 0)             (1.003443 -0.0621381 0)
       0.6916             (1.003573 0.0621994 0)             (1.003471 -0.0621823 0)
        0.692             (1.003600 0.0622421 0)             (1.003498 -0.0622253 0)
       0.6924             (1.003627 0.0622836 0)             (1.003525 -0.0622671 0)
       0.6928             (1.003654 0.0623239 0)             (1.003552 -0.0623076 0)
       0.6932             (1.003680 0.0623630 0)             (1.003577 -0.0623470 0)
       0.6936             (1.003705 0.0624008 0)             (1.003603 -0.0623851 0)
        0.694             (1.003730 0.0624374 0)             (1.003627 -0.0624220 0)
       0.6944             (1.003754 0.0624728 0)             (1.003651 -0.0624577 0)
       0.6948             (1.003778 0.0625070 0)             (1.003675 -0.0624922 0)
       0.6952             (1.003801 0.0625400 0)             (1.003698 -0.0625255 0)
       0.6956             (1.003824 0.0625718 0)             (1.003721 -0.0625576 0)
        0.696             (1.003846 0.0626024 0)             (1.003742 -0.0625884 0)
       0.6964             (1.003867 0.0626317 0)             (1.003764 -0.0626181 0)
       0.6968             (1.003888 0.0626599 0)             (1.003784 -0.0626466 0)
       0.6972             (1.003908 0.0626869 0)             (1.003805 -0.0626739 0)
       0.6976             (1.003928 0.0627127 0)             (1.003824 -0.0626999 0)
        0.698             (1.003947 0.0627373 0)             (1.003843 -0.0627248 0)
       0.6984             (1.003966 0.0627607 0)             (1.003862 -0.0627486 0)
       0.6988             (1.003984 0.0627829 0)             (1.003880 -0.0627711 0)
       0.6992             (1.004001 0.0628039 0)             (1.003897 -0.0627924 0)
       0.6996             (1.004018 0.0628238 0)             (1.003914 -0.0628126 0)
          0.7             (1.004034 0.0628424 0)             (1.003930 -0.0628316 0)
       0.7004             (1.004050 0.0628599 0)             (1.003946 -0.0628494 0)
       0.7008             (1.004065 0.0628763 0)             (1.003961 -0.0628661 0)
       0.7012             (1.004080 0.0628914 0)             (1.003976 -0.0628815 0)
       0.7016             (1.004094 0.0629054 0)             (1.003990 -0.0628959 0)
        0.702             (1.004108 0.0629182 0)             (1.004003 -0.0629090 0)
       0.7024             (1.004121 0.0629299 0)             (1.004016 -0.0629210 0)
       0.7028             (1.004133 0.0629404 0)             (1.004028 -0.0629318 0)
       0.7032             (1.004145 0.0629498 0)             (1.004040 -0.0629415 0)
       0.7036             (1.004156 0.0629580 0)             (1.004051 -0.0629501 0)
        0.704             (1.004167 0.0629650 0)             (1.004062 -0.0629574 0)
       0.7044             (1.004177 0.0629709 0)             (1.004072 -0.0629637 0)
       0.7048             (1.004187 0.0629757 0)             (1.004082 -0.0629688 0)
       0.7052             (1.004196 0.0629793 0)             (1.004091 -0.0629727 0)
       0.7056             (1.004204 0.0629818 0)             (1.004099 -0.0629756 0)
        0.706             (1.004212 0.0629831 0)             (1.004107 -0.0629773 0)
       0.7064             (1.004219 0.0629833 0)             (1.004114 -0.0629778 0)
       0.7068             (1.004226 0.0629824 0)             (1.004121 -0.0629772 0)
       0.7072             (1.004232 0.0629804 0)             (1.004127 -0.0629756 0)
       0.7076             (1.004238 0.0629772 0)             (1.004133 -0.0629727 0)
        0.708             (1.004243 0.0629729 0)             (1.004138 -0.0629688 0)
       0.7084             (1.004248 0.0629675 0)             (1.004143 -0.0629638 0)
       0.7088             (1.004252 0.0629610 0)             (1.004147 -0.0629576 0)
       0.7092             (1.004255 0.0629534 0)             (1.004150 -0.0629503 0)
       0.7096             (1.004258 0.0629447 0)             (1.004153 -0.0629420 0)
         0.71             (1.004261 0.0629349 0)             (1.004155 -0.0629325 0)
       0.7104             (1.004262 0.0629239 0)             (1.004157 -0.0629219 0)
       0.7108             (1.004264 0.0629119 0)             (1.004158 -0.0629103 0)
       0.7112             (1.004264 0.0628988 0)             (1.004159 -0.0628975 0)
       0.7116             (1.004265 0.0628846 0)             (1.004159 -0.0628837 0)
        0.712             (1.004264 0.0628693 0)             (1.004159 -0.0628687 0)
       0.7124             (1.004263 0.0628529 0)             (1.004158 -0.0628527 0)
       0.7128             (1.004262 0.0628354 0)             (1.004157 -0.0628356 0)
       0.7132             (1.004260 0.0628169 0)             (1.004155 -0.0628175 0)
       0.7136             (1.004257 0.0627973 0)             (1.004152 -0.0627982 0)
        0.714             (1.004254 0.0627766 0)             (1.004149 -0.0627779 0)
       0.7144             (1.004251 0.0627548 0)             (1.004145 -0.0627566 0)
       0.7148             (1.004246 0.0627320 0)             (1.004141 -0.0627341 0)
       0.7152             (1.004242 0.0627081 0)             (1.004137 -0.0627106 0)
       0.7156             (1.004236 0.0626832 0)             (1.004131 -0.0626861 0)
        0.716             (1.004231 0.0626572 0)             (1.004126 -0.0626605 0)
       0.7164             (1.004224 0.0626302 0)             (1.004119 -0.0626338 0)
       0.7168             (1.004218 0.0626021 0)             (1.004112 -0.0626061 0)
       0.7172             (1.004210 0.0625730 0)             (1.004105 -0.0625774 0)
       0.7176             (1.004202 0.0625428 0)             (1.004097 -0.0625476 0)
        0.718             (1.004194 0.0625116 0)             (1.004089 -0.0625168 0)
       0.7184             (1.004185 0.0624794 0)             (1.004080 -0.0624850 0)
       0.7188             (1.004175 0.0624461 0)             (1.004071 -0.0624521 0)
       0.7192             (1.004165 0.0624118 0)             (1.004061 -0.0624182 0)
       0.7196             (1.004155 0.0623765 0)             (1.004050 -0.0623833 0)
         0.72             (1.004144 0.0623402 0)             (1.004039 -0.0623473 0)
       0.7204             (1.004132 0.0623028 0)             (1.004028 -0.0623104 0)
       0.7208             (1.004120 0.0622645 0)             (1.004015 -0.0622724 0)
       0.7212             (1.004107 0.0622251 0)             (1.004003 -0.0622335 0)
       0.7216             (1.004094 0.0621847 0)             (1.003990 -0.0621935 0)
        0.722             (1.004081 0.0621434 0)             (1.003976 -0.0621525 0)
       0.7224             (1.004067 0.0621010 0)             (1.003962 -0.0621106 0)
       0.7228             (1.004052 0.0620576 0)             (1.003948 -0.0620676 0)
       0.7232             (1.004037 0.0620133 0)             (1.003932 -0.0620237 0)
       0.7236             (1.004021 0.0619679 0)             (1.003917 -0.0619788 0)
        0.724             (1.004005 0.0619216 0)             (1.003901 -0.0619328 0)
       0.7244             (1.003988 0.0618743 0)             (1.003884 -0.0618860 0)
       0.7248             (1.003971 0.0618260 0)             (1.003867 -0.0618381 0)
       0.7252             (1.003953 0.0617768 0)             (1.003849 -0.0617893 0)
       0.7256             (1.003935 0.0617265 0)             (1.003831 -0.0617394 0)
        0.726             (1.003916 0.0616754 0)             (1.003813 -0.0616887 0)
       0.7264             (1.003897 0.0616232 0)             (1.003793 -0.0616370 0)
       0.7268             (1.003877 0.0615701 0)             (1.003774 -0.0615843 0)
       0.7272             (1.003857 0.0615160 0)             (1.003754 -0.0615306 0)
       0.7276             (1.003836 0.0614610 0)             (1.003733 -0.0614760 0)
        0.728             (1.003815 0.0614051 0)             (1.003712 -0.0614205 0)
       0.7284             (1.003793 0.0613482 0)             (1.003690 -0.0613640 0)
       0.7288             (1.003771 0.0612903 0)             (1.003668 -0.0613066 0)
       0.7292             (1.003749 0.0612316 0)             (1.003646 -0.0612483 0)
       0.7296             (1.003725 0.0611718 0)             (1.003623 -0.0611890 0)
         0.73             (1.003702 0.0611112 0)             (1.003599 -0.0611288 0)
       0.7304             (1.003678 0.0610496 0)             (1.003575 -0.0610676 0)
       0.7308             (1.003653 0.0609871 0)             (1.003551 -0.0610056 0)
       0.7312             (1.003628 0.0609237 0)             (1.003526 -0.0609426 0)
       0.7316             (1.003602 0.0608594 0)             (1.003500 -0.0608787 0)
        0.732             (1.003576 0.0607942 0)             (1.003475 -0.0608139 0)
       0.7324             (1.003550 0.0607281 0)             (1.003448 -0.0607482 0)
       0.7328             (1.003523 0.0606610 0)             (1.003421 -0.0606816 0)
       0.7332             (1.003496 0.0605931 0)             (1.003394 -0.0606141 0)
       0.7336             (1.003468 0.0605242 0)             (1.003366 -0.0605458 0)
        0.734             (1.003439 0.0604545 0)             (1.003338 -0.0604765 0)
       0.7344             (1.003411 0.0603839 0)             (1.003310 -0.0604063 0)
       0.7348             (1.003381 0.0603124 0)             (1.003280 -0.0603352 0)
       0.7352             (1.003352 0.0602400 0)             (1.003251 -0.0602633 0)
       0.7356             (1.003321 0.0601667 0)             (1.003221 -0.0601905 0)
        0.736             (1.003291 0.0600926 0)             (1.003190 -0.0601168 0)
       0.7364             (1.003260 0.0600176 0)             (1.003159 -0.0600422 0)
       0.7368             (1.003228 0.0599417 0)             (1.003128 -0.0599668 0)
       0.7372             (1.003196 0.0598650 0)             (1.003096 -0.0598905 0)
       0.7376             (1.003164 0.0597874 0)             (1.003064 -0.0598134 0)
        0.738             (1.003131 0.0597089 0)             (1.003031 -0.0597354 0)
       0.7384             (1.003098 0.0596296 0)             (1.002998 -0.0596565 0)
       0.7388             (1.003064 0.0595494 0)             (1.002965 -0.0595768 0)
       0.7392             (1.003030 0.0594684 0)             (1.002931 -0.0594962 0)
       0.7396             (1.002995 0.0593866 0)             (1.002896 -0.0594149 0)
         0.74             (1.002960 0.0593039 0)             (1.002861 -0.0593326 0)
       0.7404             (1.002925 0.0592204 0)             (1.002826 -0.0592496 0)
       0.7408             (1.002889 0.0591360 0)             (1.002790 -0.0591657 0)
       0.7412             (1.002852 0.0590509 0)             (1.002754 -0.0590810 0)
       0.7416             (1.002816 0.0589648 0)             (1.002718 -0.0589954 0)
        0.742             (1.002778 0.0588780 0)             (1.002681 -0.0589091 0)
       0.7424             (1.002741 0.0587904 0)             (1.002643 -0.0588219 0)
       0.7428             (1.002703 0.0587019 0)             (1.002605 -0.0587339 0)
       0.7432             (1.002664 0.0586127 0)             (1.002567 -0.0586451 0)
       0.7436             (1.002626 0.0585226 0)             (1.002529 -0.0585555 0)
        0.744             (1.002586 0.0584317 0)             (1.002490 -0.0584651 0)
       0.7444             (1.002547 0.0583400 0)             (1.002450 -0.0583739 0)
       0.7448             (1.002507 0.0582476 0)             (1.002410 -0.0582819 0)
       0.7452             (1.002466 0.0581543 0)             (1.002370 -0.0581891 0)
       0.7456             (1.002425 0.0580603 0)             (1.002329 -0.0580955 0)
        0.746             (1.002384 0.0579654 0)             (1.002288 -0.0580011 0)
       0.7464             (1.002343 0.0578698 0)             (1.002247 -0.0579060 0)
       0.7468             (1.002301 0.0577734 0)             (1.002205 -0.0578101 0)
       0.7472             (1.002258 0.0576762 0)             (1.002163 -0.0577134 0)
       0.7476             (1.002215 0.0575783 0)             (1.002120 -0.0576159 0)
        0.748             (1.002172 0.0574796 0)             (1.002077 -0.0575177 0)
       0.7484             (1.002129 0.0573801 0)             (1.002034 -0.0574187 0)
       0.7488             (1.002085 0.0572799 0)             (1.001990 -0.0573189 0)
       0.7492             (1.002040 0.0571789 0)             (1.001946 -0.0572184 0)
       0.7496             (1.001996 0.0570771 0)             (1.001902 -0.0571171 0)
         0.75             (1.001951 0.0569746 0)             (1.001857 -0.0570151 0)
       0.7504             (1.001905 0.0568714 0)             (1.001812 -0.0569124 0)
       0.7508             (1.001859 0.0567674 0)             (1.001766 -0.0568088 0)
       0.7512             (1.001813 0.0566627 0)             (1.001720 -0.0567046 0)
       0.7516             (1.001767 0.0565572 0)             (1.001674 -0.0565996 0)
        0.752             (1.001720 0.0564510 0)             (1.001627 -0.0564939 0)
       0.7524             (1.001672 0.0563441 0)             (1.001580 -0.0563874 0)
       0.7528             (1.001625 0.0562364 0)             (1.001533 -0.0562803 0)
       0.7532             (1.001577 0.0561280 0)             (1.001485 -0.0561724 0)
       0.7536             (1.001529 0.0560189 0)             (1.001437 -0.0560637 0)
        0.754             (1.001480 0.0559091 0)             (1.001389 -0.0559544 0)
       0.7544             (1.001431 0.0557985 0)             (1.001340 -0.0558443 0)
       0.7548             (1.001382 0.0556873 0)             (1.001291 -0.0557336 0)
       0.7552             (1.001332 0.0555753 0)             (1.001241 -0.0556221 0)
       0.7556             (1.001282 0.0554627 0)             (1.001191 -0.0555099 0)
        0.756             (1.001232 0.0553493 0)             (1.001141 -0.0553971 0)
       0.7564             (1.001181 0.0552352 0)             (1.001091 -0.0552835 0)
       0.7568             (1.001130 0.0551205 0)             (1.001040 -0.0551692 0)
       0.7572             (1.001078 0.0550050 0)             (1.000989 -0.0550543 0)
       0.7576             (1.001027 0.0548889 0)             (1.000938 -0.0549386 0)
        0.758             (1.000975 0.0547721 0)             (1.000886 -0.0548223 0)
       0.7584             (1.000922 0.0546546 0)             (1.000834 -0.0547053 0)
       0.7588             (1.000870 0.0545364 0)             (1.000781 -0.0545876 0)
       0.7592             (1.000817 0.0544175 0)             (1.000729 -0.0544692 0)
       0.7596             (1.000764 0.0542980 0)             (1.000676 -0.0543502 0)
         0.76             (1.000710 0.0541778 0)             (1.000623 -0.0542305 0)
       0.7604             (1.000656 0.0540569 0)             (1.000569 -0.0541101 0)
       0.7608             (1.000602 0.0539354 0)             (1.000515 -0.0539891 0)
       0.7612             (1.000548 0.0538132 0)             (1.000461 -0.0538674 0)
       0.7616             (1.000493 0.0536903 0)             (1.000406 -0.0537450 0)
        0.762             (1.000438 0.0535668 0)             (1.000352 -0.0536220 0)
       0.7624             (1.000382 0.0534427 0)             (1.000296 -0.0534984 0)
       0.7628             (1.000327 0.0533178 0)             (1.000241 -0.0533741 0)
       0.7632             (1.000271 0.0531924 0)             (1.000185 -0.0532491 0)
       0.7636             (1.000215 0.0530663 0)             (1.000130 -0.0531235 0)
        0.764             (1.000158 0.0529396 0)             (1.000073 -0.0529973 0)
       0.7644             (1.000101 0.0528122 0)             (1.000017 -0.0528704 0)
       0.7648             (1.000044 0.0526842 0)             (0.999960 -0.0527429 0)
       0.7652             (0.999987 0.0525556 0)             (0.999903 -0.0526148 0)
       0.7656             (0.999929 0.0524263 0)             (0.999846 -0.0524860 0)
        0.766             (0.999871 0.0522964 0)             (0.999788 -0.0523566 0)
       0.7664             (0.999813 0.0521659 0)             (0.999730 -0.0522266 0)
       0.7668             (0.999755 0.0520348 0)             (0.999672 -0.0520960 0)
       0.7672             (0.999696 0.0519030 0)             (0.999614 -0.0519648 0)
       0.7676             (0.999637 0.0517706 0)             (0.999555 -0.0518329 0)
        0.768             (0.999578 0.0516377 0)             (0.999496 -0.0517004 0)
       0.7684             (0.999519 0.0515041 0)             (0.999437 -0.0515674 0)
       0.7688             (0.999459 0.0513699 0)             (0.999378 -0.0514337 0)
       0.7692             (0.999399 0.0512351 0)             (0.999318 -0.0512994 0)
       0.7696             (0.999339 0.0510997 0)             (0.999258 -0.0511645 0)
         0.77             (0.999279 0.0509637 0)             (0.999198 -0.0510291 0)
       0.7704             (0.999218 0.0508272 0)             (0.999138 -0.0508930 0)
       0.7708             (0.999157 0.0506900 0)             (0.999077 -0.0507563 0)
       0.7712             (0.999096 0.0505522 0)             (0.999016 -0.0506191 0)
       0.7716             (0.999035 0.0504139 0)             (0.998955 -0.0504812 0)
        0.772             (0.998973 0.0502750 0)             (0.998894 -0.0503428 0)
       0.7724             (0.998911 0.0501354 0)             (0.998833 -0.0502038 0)
       0.7728             (0.998849 0.0499954 0)             (0.998771 -0.0500642 0)
       0.7732             (0.998787 0.0498547 0)             (0.998709 -0.0499241 0)
       0.7736             (0.998724 0.0497134 0)             (0.998647 -0.0497834 0)
        0.774             (0.998662 0.0495716 0)             (0.998584 -0.0496421 0)
       0.7744             (0.998599 0.0494292 0)             (0.998522 -0.0495002 0)
       0.7748             (0.998536 0.0492863 0)             (0.998459 -0.0493578 0)
       0.7752             (0.998472 0.0491428 0)             (0.998396 -0.0492148 0)
       0.7756             (0.998409 0.0489987 0)             (0.998333 -0.0490712 0)
        0.776             (0.998345 0.0488541 0)             (0.998270 -0.0489271 0)
       0.7764             (0.998281 0.0487089 0)             (0.998206 -0.0487824 0)
       0.7768             (0.998217 0.0485632 0)             (0.998142 -0.0486372 0)
       0.7772             (0.998153 0.0484169 0)             (0.998078 -0.0484914 0)
       0.7776             (0.998088 0.0482700 0)             (0.998014 -0.0483451 0)
        0.778             (0.998024 0.0481227 0)             (0.997950 -0.0481982 0)
       0.7784             (0.997959 0.0479747 0)             (0.997885 -0.0480508 0)
       0.7788             (0.997894 0.0478263 0)             (0.997820 -0.0479029 0)
       0.7792             (0.997829 0.0476773 0)             (0.997755 -0.0477544 0)
       0.7796             (0.997763 0.0475277 0)             (0.997690 -0.0476053 0)
         0.78             (0.997698 0.0473776 0)             (0.997625 -0.0474558 0)
       0.7804             (0.997632 0.0472270 0)             (0.997560 -0.0473057 0)
       0.7808             (0.997566 0.0470759 0)             (0.997494 -0.0471551 0)
       0.7812             (0.997500 0.0469242 0)             (0.997428 -0.0470039 0)
       0.7816             (0.997434 0.0467720 0)             (0.997362 -0.0468522 0)
        0.782             (0.997367 0.0466193 0)             (0.997296 -0.0467000 0)
       0.7824             (0.997301 0.0464660 0)             (0.997230 -0.0465473 0)
       0.7828             (0.997234 0.0463123 0)             (0.997164 -0.0463941 0)
       0.7832             (0.997167 0.0461580 0)             (0.997097 -0.0462403 0)
       0.7836             (0.997100 0.0460032 0)             (0.997030 -0.0460860 0)
        0.784             (0.997033 0.0458479 0)             (0.996964 -0.0459313 0)
       0.7844             (0.996965 0.0456921 0)             (0.996897 -0.0457760 0)
       0.7848             (0.996898 0.0455358 0)             (0.996829 -0.0456202 0)
       0.7852             (0.996830 0.0453789 0)             (0.996762 -0.0454638 0)
       0.7856             (0.996762 0.0452216 0)             (0.996695 -0.0453070 0)
        0.786             (0.996695 0.0450638 0)             (0.996627 -0.0451497 0)
       0.7864             (0.996627 0.0449054 0)             (0.996559 -0.0449919 0)
       0.7868             (0.996558 0.0447466 0)             (0.996492 -0.0448336 0)
       0.7872             (0.996490 0.0445873 0)             (0.996424 -0.0446748 0)
       0.7876             (0.996422 0.0444274 0)             (0.996356 -0.0445155 0)
        0.788             (0.996353 0.0442671 0)             (0.996287 -0.0443557 0)
       0.7884             (0.996284 0.0441063 0)             (0.996219 -0.0441954 0)
       0.7888             (0.996216 0.0439450 0)             (0.996151 -0.0440346 0)
       0.7892             (0.996147 0.0437832 0)             (0.996082 -0.0438734 0)
       0.7896             (0.996078 0.0436210 0)             (0.996013 -0.0437116 0)
         0.79             (0.996009 0.0434582 0)             (0.995945 -0.0435494 0)
       0.7904             (0.995939 0.0432950 0)             (0.995876 -0.0433867 0)
       0.7908             (0.995870 0.0431313 0)             (0.995807 -0.0432235 0)
       0.7912             (0.995801 0.0429671 0)             (0.995738 -0.0430598 0)
       0.7916             (0.995731 0.0428024 0)             (0.995668 -0.0428957 0)
        0.792             (0.995661 0.0426373 0)             (0.995599 -0.0427311 0)
       0.7924             (0.995592 0.0424717 0)             (0.995530 -0.0425660 0)
       0.7928             (0.995522 0.0423056 0)             (0.995460 -0.0424004 0)
       0.7932             (0.995452 0.0421391 0)             (0.995391 -0.0422344 0)
       0.7936             (0.995382 0.0419720 0)             (0.995321 -0.0420679 0)
        0.794             (0.995312 0.0418046 0)             (0.995251 -0.0419010 0)
       0.7944             (0.995242 0.0416366 0)             (0.995181 -0.0417335 0)
       0.7948             (0.995171 0.0414682 0)             (0.995112 -0.0415657 0)
       0.7952             (0.995101 0.0412994 0)             (0.995042 -0.0413973 0)
       0.7956             (0.995031 0.0411301 0)             (0.994971 -0.0412285 0)
        0.796             (0.994960 0.0409603 0)             (0.994901 -0.0410593 0)
       0.7964             (0.994890 0.0407900 0)             (0.994831 -0.0408896 0)
       0.7968             (0.994819 0.0406194 0)             (0.994761 -0.0407194 0)
       0.7972             (0.994748 0.0404482 0)             (0.994690 -0.0405488 0)
       0.7976             (0.994677 0.0402766 0)             (0.994620 -0.0403777 0)
        0.798             (0.994607 0.0401046 0)             (0.994550 -0.0402062 0)
       0.7984             (0.994536 0.0399321 0)             (0.994479 -0.0400343 0)
       0.7988             (0.994465 0.0397592 0)             (0.994408 -0.0398619 0)
       0.7992             (0.994394 0.0395858 0)             (0.994338 -0.0396890 0)
       0.7996             (0.994323 0.0394120 0)             (0.994267 -0.0395157 0)
          0.8             (0.994252 0.0392378 0)             (0.994196 -0.0393420 0)
       0.8004             (0.994180 0.0390631 0)             (0.994125 -0.0391678 0)
       0.8008             (0.994109 0.0388879 0)             (0.994055 -0.0389932 0)
       0.8012             (0.994038 0.0387124 0)             (0.993984 -0.0388182 0)
       0.8016             (0.993967 0.0385364 0)             (0.993913 -0.0386427 0)
        0.802             (0.993895 0.0383599 0)             (0.993842 -0.0384668 0)
       0.8024             (0.993824 0.0381831 0)             (0.993771 -0.0382905 0)
       0.8028             (0.993752 0.0380058 0)             (0.993700 -0.0381137 0)
       0.8032             (0.993681 0.0378281 0)             (0.993629 -0.0379365 0)
       0.8036             (0.993609 0.0376499 0)             (0.993557 -0.0377589 0)
        0.804             (0.993538 0.0374713 0)             (0.993486 -0.0375808 0)
       0.8044             (0.993466 0.0372923 0)             (0.993415 -0.0374023 0)
       0.8048             (0.993395 0.0371129 0)             (0.993344 -0.0372234 0)
       0.8052             (0.993323 0.0369330 0)             (0.993273 -0.0370441 0)
       0.8056             (0.993252 0.0367527 0)             (0.993201 -0.0368643 0)
        0.806             (0.993180 0.0365721 0)             (0.993130 -0.0366842 0)
       0.8064             (0.993108 0.0363909 0)             (0.993059 -0.0365036 0)
       0.8068             (0.993037 0.0362094 0)             (0.992987 -0.0363226 0)
       0.8072             (0.992965 0.0360275 0)             (0.992916 -0.0361411 0)
       0.8076             (0.992893 0.0358451 0)             (0.992845 -0.0359593 0)
        0.808             (0.992822 0.0356623 0)             (0.992773 -0.0357770 0)
       0.8084             (0.992750 0.0354791 0)             (0.992702 -0.0355944 0)
       0.8088             (0.992678 0.0352955 0)             (0.992631 -0.0354113 0)
       0.8092             (0.992606 0.0351115 0)             (0.992559 -0.0352278 0)
       0.8096             (0.992535 0.0349271 0)             (0.992488 -0.0350439 0)
         0.81             (0.992463 0.0347423 0)             (0.992417 -0.0348596 0)
       0.8104             (0.992391 0.0345570 0)             (0.992345 -0.0346749 0)
       0.8108             (0.992320 0.0343714 0)             (0.992274 -0.0344898 0)
       0.8112             (0.992248 0.0341853 0)             (0.992203 -0.0343043 0)
       0.8116             (0.992176 0.0339989 0)             (0.992131 -0.0341183 0)
        0.812             (0.992104 0.0338120 0)             (0.992060 -0.0339320 0)
       0.8124             (0.992033 0.0336248 0)             (0.991989 -0.0337453 0)
       0.8128             (0.991961 0.0334371 0)             (0.991917 -0.0335581 0)
       0.8132             (0.991890 0.0332491 0)             (0.991846 -0.0333706 0)
       0.8136             (0.991818 0.0330606 0)             (0.991775 -0.0331827 0)
        0.814             (0.991746 0.0328718 0)             (0.991704 -0.0329944 0)
       0.8144             (0.991675 0.0326825 0)             (0.991632 -0.0328056 0)
       0.8148             (0.991603 0.0324929 0)             (0.991561 -0.0326165 0)
       0.8152             (0.991532 0.0323029 0)             (0.991490 -0.0324270 0)
       0.8156             (0.991460 0.0321125 0)             (0.991419 -0.0322371 0)
        0.816             (0.991389 0.0319216 0)             (0.991348 -0.0320468 0)
       0.8164             (0.991317 0.0317304 0)             (0.991277 -0.0318561 0)
       0.8168             (0.991246 0.0315388 0)             (0.991205 -0.0316651 0)
       0.8172             (0.991174 0.0313469 0)             (0.991134 -0.0314736 0)
       0.8176             (0.991103 0.0311545 0)             (0.991063 -0.0312818 0)
        0.818             (0.991032 0.0309617 0)             (0.990993 -0.0310895 0)
       0.8184             (0.990960 0.0307686 0)             (0.990922 -0.0308969 0)
       0.8188             (0.990889 0.0305751 0)             (0.990851 -0.0307039 0)
       0.8192             (0.990818 0.0303811 0)             (0.990780 -0.0305105 0)
       0.8196             (0.990747 0.0301868 0)             (0.990709 -0.0303167 0)
         0.82             (0.990676 0.0299922 0)             (0.990638 -0.0301226 0)
       0.8204             (0.990605 0.0297971 0)             (0.990568 -0.0299280 0)
       0.8208             (0.990534 0.0296017 0)             (0.990497 -0.0297331 0)
       0.8212             (0.990463 0.0294059 0)             (0.990426 -0.0295378 0)
       0.8216             (0.990392 0.0292097 0)             (0.990356 -0.0293421 0)
        0.822             (0.990321 0.0290131 0)             (0.990285 -0.0291461 0)
       0.8224             (0.990250 0.0288161 0)             (0.990215 -0.0289497 0)
       0.8228             (0.990179 0.0286188 0)             (0.990144 -0.0287529 0)
       0.8232             (0.990109 0.0284211 0)             (0.990074 -0.0285557 0)
       0.8236             (0.990038 0.0282230 0)             (0.990004 -0.0283581 0)
        0.824             (0.989967 0.0280246 0)             (0.989934 -0.0281602 0)
       0.8244             (0.989897 0.0278258 0)             (0.989863 -0.0279619 0)
       0.8248             (0.989826 0.0276266 0)             (0.989793 -0.0277632 0)
       0.8252             (0.989756 0.0274270 0)             (0.989723 -0.0275642 0)
       0.8256             (0.989686 0.0272271 0)             (0.989653 -0.0273648 0)
        0.826             (0.989616 0.0270268 0)             (0.989583 -0.0271650 0)
       0.8264             (0.989545 0.0268261 0)             (0.989514 -0.0269649 0)
       0.8268             (0.989475 0.0266251 0)             (0.989444 -0.0267643 0)
       0.8272             (0.989405 0.0264237 0)             (0.989374 -0.0265635 0)
       0.8276             (0.989335 0.0262219 0)             (0.989305 -0.0263622 0)
        0.828             (0.989265 0.0260198 0)             (0.989235 -0.0261606 0)
       0.8284             (0.989196 0.0258173 0)             (0.989166 -0.0259586 0)
       0.8288             (0.989126 0.0256145 0)             (0.989096 -0.0257563 0)
       0.8292             (0.989056 0.0254113 0)             (0.989027 -0.0255536 0)
       0.8296             (0.988987 0.0252077 0)             (0.988958 -0.0253505 0)
         0.83             (0.988917 0.0250037 0)             (0.988888 -0.0251471 0)
       0.8304             (0.988848 0.0247995 0)             (0.988819 -0.0249433 0)
       0.8308             (0.988778 0.0245948 0)             (0.988750 -0.0247392 0)
       0.8312             (0.988709 0.0243898 0)             (0.988681 -0.0245347 0)
       0.8316             (0.988640 0.0241844 0)             (0.988613 -0.0243299 0)
        0.832             (0.988571 0.0239787 0)             (0.988544 -0.0241247 0)
       0.8324             (0.988502 0.0237726 0)             (0.988475 -0.0239191 0)
       0.8328             (0.988433 0.0235662 0)             (0.988407 -0.0237132 0)
       0.8332             (0.988364 0.0233594 0)             (0.988338 -0.0235069 0)
       0.8336             (0.988295 0.0231522 0)             (0.988270 -0.0233003 0)
        0.834             (0.988227 0.0229448 0)             (0.988201 -0.0230933 0)
       0.8344             (0.988158 0.0227369 0)             (0.988133 -0.0228860 0)
       0.8348             (0.988090 0.0225287 0)             (0.988065 -0.0226783 0)
       0.8352             (0.988021 0.0223202 0)             (0.987997 -0.0224702 0)
       0.8356             (0.987953 0.0221113 0)             (0.987929 -0.0222619 0)
        0.836             (0.987885 0.0219020 0)             (0.987861 -0.0220531 0)
       0.8364             (0.987817 0.0216924 0)             (0.987794 -0.0218441 0)
       0.8368             (0.987749 0.0214825 0)             (0.987726 -0.0216346 0)
       0.8372             (0.987681 0.0212722 0)             (0.987658 -0.0214249 0)
       0.8376             (0.987613 0.0210616 0)             (0.987591 -0.0212148 0)
        0.838             (0.987545 0.0208506 0)             (0.987524 -0.0210043 0)
       0.8384             (0.987478 0.0206393 0)             (0.987456 -0.0207935 0)
       0.8388             (0.987410 0.0204277 0)             (0.987389 -0.0205824 0)
       0.8392             (0.987343 0.0202157 0)             (0.987322 -0.0203709 0)
       0.8396             (0.987276 0.0200033 0)             (0.987255 -0.0201591 0)
         0.84             (0.987209 0.0197907 0)             (0.987189 -0.0199469 0)
       0.8404             (0.987142 0.0195776 0)             (0.987122 -0.0197344 0)
       0.8408             (0.987075 0.0193643 0)             (0.987055 -0.0195216 0)
       0.8412             (0.987008 0.0191506 0)             (0.986989 -0.0193084 0)
       0.8416             (0.986941 0.0189366 0)             (0.986922 -0.0190949 0)
        0.842             (0.986874 0.0187222 0)             (0.986856 -0.0188810 0)
       0.8424             (0.986808 0.0185075 0)             (0.986790 -0.0186668 0)
       0.8428             (0.986742 0.0182925 0)             (0.986724 -0.0184523 0)
       0.8432             (0.986675 0.0180771 0)             (0.986658 -0.0182375 0)
       0.8436             (0.986609 0.0178614 0)             (0.986592 -0.0180223 0)
        0.844             (0.986543 0.0176454 0)             (0.986526 -0.0178068 0)
       0.8444             (0.986477 0.0174291 0)             (0.986461 -0.0175909 0)
       0.8448             (0.986411 0.0172124 0)             (0.986395 -0.0173747 0)
       0.8452             (0.986346 0.0169954 0)             (0.986330 -0.0171582 0)
       0.8456             (0.986280 0.0167780 0)             (0.986265 -0.0169414 0)
        0.846             (0.986214 0.0165603 0)             (0.986199 -0.0167242 0)
       0.8464             (0.986149 0.0163424 0)             (0.986134 -0.0165067 0)
       0.8468             (0.986084 0.0161240 0)             (0.986069 -0.0162889 0)
       0.8472             (0.986019 0.0159054 0)             (0.986005 -0.0160708 0)
       0.8476             (0.985954 0.0156864 0)             (0.985940 -0.0158523 0)
        0.848             (0.985889 0.0154671 0)             (0.985875 -0.0156336 0)
       0.8484             (0.985824 0.0152475 0)             (0.985811 -0.0154145 0)
       0.8488             (0.985759 0.0150276 0)             (0.985747 -0.0151950 0)
       0.8492             (0.985695 0.0148074 0)             (0.985682 -0.0149753 0)
       0.8496             (0.985630 0.0145868 0)             (0.985618 -0.0147552 0)
         0.85             (0.985566 0.0143659 0)             (0.985554 -0.0145349 0)
       0.8504             (0.985502 0.0141447 0)             (0.985490 -0.0143142 0)
       0.8508             (0.985438 0.0139232 0)             (0.985427 -0.0140932 0)
       0.8512             (0.985374 0.0137014 0)             (0.985363 -0.0138718 0)
       0.8516             (0.985310 0.0134792 0)             (0.985300 -0.0136502 0)
        0.852             (0.985246 0.0132568 0)             (0.985236 -0.0134283 0)
       0.8524             (0.985183 0.0130340 0)             (0.985173 -0.0132060 0)
       0.8528             (0.985119 0.0128109 0)             (0.985110 -0.0129834 0)
       0.8532             (0.985056 0.0125876 0)             (0.985047 -0.0127605 0)
       0.8536             (0.984993 0.0123639 0)             (0.984984 -0.0125374 0)
        0.854             (0.984930 0.0121399 0)             (0.984921 -0.0123139 0)
       0.8544             (0.984867 0.0119156 0)             (0.984859 -0.0120901 0)
       0.8548             (0.984804 0.0116910 0)             (0.984796 -0.0118660 0)
       0.8552             (0.984742 0.0114661 0)             (0.984734 -0.0116415 0)
       0.8556             (0.984679 0.0112408 0)             (0.984672 -0.0114168 0)
        0.856             (0.984617 0.0110153 0)             (0.984609 -0.0111918 0)
       0.8564             (0.984554 0.0107895 0)             (0.984547 -0.0109665 0)
       0.8568             (0.984492 0.0105634 0)             (0.984486 -0.0107409 0)
       0.8572             (0.984430 0.0103370 0)             (0.984424 -0.0105150 0)
       0.8576             (0.984368 0.0101103 0)             (0.984362 -0.0102888 0)
        0.858             (0.984306 0.0098833 0)             (0.984301 -0.0100623 0)
       0.8584             (0.984245 0.0096560 0)             (0.984239 -0.0098355 0)
       0.8588             (0.984183 0.0094284 0)             (0.984178 -0.0096084 0)
       0.8592             (0.984122 0.0092005 0)             (0.984117 -0.0093810 0)
       0.8596             (0.984060 0.0089724 0)             (0.984056 -0.0091533 0)
         0.86             (0.983999 0.0087439 0)             (0.983995 -0.0089254 0)
       0.8604             (0.983938 0.0085151 0)             (0.983934 -0.0086971 0)
       0.8608             (0.983877 0.0082861 0)             (0.983874 -0.0084686 0)
       0.8612             (0.983816 0.0080568 0)             (0.983813 -0.0082398 0)
       0.8616             (0.983756 0.0078272 0)             (0.983753 -0.0080107 0)
        0.862             (0.983695 0.0075973 0)             (0.983693 -0.0077813 0)
       0.8624             (0.983635 0.0073671 0)             (0.983633 -0.0075516 0)
       0.8628             (0.983575 0.0071367 0)             (0.983573 -0.0073216 0)
       0.8632             (0.983514 0.0069060 0)             (0.983513 -0.0070914 0)
       0.8636             (0.983454 0.0066750 0)             (0.983453 -0.0068609 0)
        0.864             (0.983395 0.0064437 0)             (0.983394 -0.0066301 0)
       0.8644             (0.983335 0.0062121 0)             (0.983334 -0.0063991 0)
       0.8648             (0.983275 0.0059803 0)             (0.983275 -0.0061677 0)
       0.8652             (0.983216 0.0057482 0)             (0.983216 -0.0059361 0)
       0.8656             (0.983156 0.0055159 0)             (0.983157 -0.0057043 0)
        0.866             (0.983097 0.0052832 0)             (0.983098 -0.0054721 0)
       0.8664             (0.983038 0.0050503 0)             (0.983039 -0.0052397 0)
       0.8668             (0.982979 0.0048172 0)             (0.982980 -0.0050070 0)
       0.8672             (0.982920 0.0045837 0)             (0.982922 -0.0047741 0)
       0.8676             (0.982861 0.0043501 0)             (0.982863 -0.0045409 0)
        0.868             (0.982803 0.0041161 0)             (0.982805 -0.0043075 0)
       0.8684             (0.982744 0.0038819 0)             (0.982747 -0.0040737 0)
       0.8688             (0.982686 0.0036474 0)             (0.982689 -0.0038398 0)
       0.8692             (0.982628 0.0034127 0)             (0.982631 -0.0036055 0)
       0.8696             (0.982570 0.0031777 0)             (0.982573 -0.0033710 0)
         0.87             (0.982512 0.0029425 0)             (0.982515 -0.0031363 0)
       0.8704             (0.982454 0.0027070 0)             (0.982458 -0.0029013 0)
       0.8708             (0.982396 0.0024713 0)             (0.982400 -0.0026661 0)
       0.8712             (0.982338 0.0022353 0)             (0.982343 -0.0024306 0)
       0.8716             (0.982281 0.0019991 0)             (0.982286 -0.0021948 0)
        0.872             (0.982224 0.0017626 0)             (0.982229 -0.0019589 0)
       0.8724             (0.982166 0.0015259 0)             (0.982172 -0.0017226 0)
       0.8728             (0.982109 0.0012890 0)             (0.982115 -0.0014862 0)
       0.8732             (0.982052 0.0010518 0)             (0.982058 -0.0012495 0)
       0.8736             (0.981996 0.0008144 0)             (0.982002 -0.0010125 0)
        0.874             (0.981939 0.0005767 0)             (0.981945 -0.0007754 0)
       0.8744             (0.981882 0.0003389 0)             (0.981889 -0.0005380 0)
       0.8748             (0.981826 0.0001007 0)             (0.981833 -0.0003003 0)
       0.8752             (0.981769 -0.0001376 0)             (0.981776 -0.0000625 0)
       0.8756             (0.981713 -0.0003762 0)             (0.981721 0.0001756 0)
        0.876             (0.981657 -0.0006150 0)             (0.981665 0.0004139 0)
       0.8764             (0.981601 -0.0008540 0)             (0.981609 0.0006525 0)
       0.8768             (0.981545 -0.0010932 0)             (0.981553 0.0008912 0)
       0.8772             (0.981489 -0.0013327 0)             (0.981498 0.0011302 0)
       0.8776             (0.981434 -0.0015724 0)             (0.981443 0.0013694 0)
        0.878             (0.981378 -0.0018123 0)             (0.981387 0.0016088 0)
       0.8784             (0.981323 -0.0020524 0)             (0.981332 0.0018484 0)
       0.8788             (0.981268 -0.0022927 0)             (0.981277 0.0020883 0)
       0.8792             (0.981212 -0.0025332 0)             (0.981222 0.0023283 0)
       0.8796             (0.981157 -0.0027739 0)             (0.981168 0.0025686 0)
         0.88             (0.981102 -0.0030149 0)             (0.981113 0.0028090 0)
       0.8804             (0.981048 -0.0032560 0)             (0.981058 0.0030497 0)
       0.8808             (0.980993 -0.0034973 0)             (0.981004 0.0032905 0)
       0.8812             (0.980938 -0.0037389 0)             (0.980950 0.0035316 0)
       0.8816             (0.980884 -0.0039806 0)             (0.980895 0.0037729 0)
        0.882             (0.980830 -0.0042225 0)             (0.980841 0.0040143 0)
       0.8824             (0.980775 -0.0044646 0)             (0.980787 0.0042559 0)
       0.8828             (0.980721 -0.0047069 0)             (0.980734 0.0044978 0)
       0.8832             (0.980667 -0.0049494 0)             (0.980680 0.0047398 0)
       0.8836             (0.980613 -0.0051920 0)             (0.980626 0.0049820 0)
        0.884             (0.980560 -0.0054349 0)             (0.980573 0.0052243 0)
       0.8844             (0.980506 -0.0056779 0)             (0.980519 0.0054669 0)
       0.8848             (0.980452 -0.0059211 0)             (0.980466 0.0057096 0)
       0.8852             (0.980399 -0.0061645 0)             (0.980413 0.0059525 0)
       0.8856             (0.980346 -0.0064080 0)             (0.980360 0.0061956 0)
        0.886             (0.980292 -0.0066517 0)             (0.980307 0.0064388 0)
       0.8864             (0.980239 -0.0068956 0)             (0.980254 0.0066823 0)
       0.8868             (0.980186 -0.0071397 0)             (0.980201 0.0069258 0)
       0.8872             (0.980133 -0.0073839 0)             (0.980149 0.0071696 0)
       0.8876             (0.980081 -0.0076282 0)             (0.980096 0.0074135 0)
        0.888             (0.980028 -0.0078727 0)             (0.980044 0.0076575 0)
       0.8884             (0.979975 -0.0081174 0)             (0.979991 0.0079017 0)
       0.8888             (0.979923 -0.0083622 0)             (0.979939 0.0081461 0)
       0.8892             (0.979870 -0.0086072 0)             (0.979887 0.0083906 0)
       0.8896             (0.979818 -0.0088523 0)             (0.979835 0.0086352 0)
         0.89             (0.979766 -0.0090976 0)             (0.979783 0.0088800 0)
       0.8904             (0.979714 -0.0093429 0)             (0.979731 0.0091249 0)
       0.8908             (0.979662 -0.0095885 0)             (0.979680 0.0093700 0)
       0.8912             (0.979610 -0.0098341 0)             (0.979628 0.0096152 0)
       0.8916             (0.979558 -0.0100799 0)             (0.979577 0.0098605 0)
        0.892             (0.979507 -0.0103258 0)             (0.979525 0.0101060 0)
       0.8924             (0.979455 -0.0105719 0)             (0.979474 0.0103516 0)
       0.8928             (0.979404 -0.0108180 0)             (0.979423 0.0105973 0)
       0.8932             (0.979353 -0.0110643 0)             (0.979372 0.0108431 0)
       0.8936             (0.979301 -0.0113107 0)             (0.979321 0.0110891 0)
        0.894             (0.979250 -0.0115572 0)             (0.979270 0.0113351 0)
       0.8944             (0.979199 -0.0118038 0)             (0.979219 0.0115813 0)
       0.8948             (0.979148 -0.0120506 0)             (0.979168 0.0118275 0)
       0.8952             (0.979097 -0.0122974 0)             (0.979118 0.0120739 0)
       0.8956             (0.979047 -0.0125443 0)             (0.979067 0.0123204 0)
        0.896             (0.978996 -0.0127913 0)             (0.979017 0.0125670 0)
       0.8964             (0.978945 -0.0130385 0)             (0.978967 0.0128136 0)
       0.8968             (0.978895 -0.0132857 0)             (0.978916 0.0130604 0)
       0.8972             (0.978844 -0.0135330 0)             (0.978866 0.0133072 0)
       0.8976             (0.978794 -0.0137804 0)             (0.978816 0.0135542 0)
        0.898             (0.978744 -0.0140278 0)             (0.978766 0.0138012 0)
       0.8984             (0.978694 -0.0142754 0)             (0.978716 0.0140483 0)
       0.8988             (0.978644 -0.0145230 0)             (0.978667 0.0142955 0)
       0.8992             (0.978594 -0.0147706 0)             (0.978617 0.0145427 0)
       0.8996             (0.978544 -0.0150184 0)             (0.978567 0.0147900 0)
          0.9             (0.978494 -0.0152662 0)             (0.978518 0.0150374 0)
       0.9004             (0.978444 -0.0155141 0)             (0.978468 0.0152848 0)
       0.9008             (0.978395 -0.0157620 0)             (0.978419 0.0155323 0)
       0.9012             (0.978345 -0.0160100 0)             (0.978370 0.0157798 0)
       0.9016             (0.978296 -0.0162580 0)             (0.978320 0.0160274 0)
        0.902             (0.978247 -0.0165061 0)             (0.978271 0.0162751 0)
       0.9024             (0.978197 -0.0167542 0)             (0.978222 0.0165228 0)
       0.9028             (0.978148 -0.0170024 0)             (0.978173 0.0167705 0)
       0.9032             (0.978099 -0.0172506 0)             (0.978125 0.0170183 0)
       0.9036             (0.978050 -0.0174988 0)             (0.978076 0.0172661 0)
        0.904             (0.978001 -0.0177471 0)             (0.978027 0.0175139 0)
       0.9044             (0.977952 -0.0179954 0)             (0.977979 0.0177617 0)
       0.9048             (0.977903 -0.0182437 0)             (0.977930 0.0180096 0)
       0.9052             (0.977855 -0.0184920 0)             (0.977882 0.0182575 0)
       0.9056             (0.977806 -0.0187404 0)             (0.977833 0.0185054 0)
        0.906             (0.977758 -0.0189887 0)             (0.977785 0.0187533 0)
       0.9064             (0.977709 -0.0192370 0)             (0.977737 0.0190012 0)
       0.9068             (0.977661 -0.0194854 0)             (0.977688 0.0192492 0)
       0.9072             (0.977612 -0.0197338 0)             (0.977640 0.0194971 0)
       0.9076             (0.977564 -0.0199821 0)             (0.977592 0.0197450 0)
        0.908             (0.977516 -0.0202304 0)             (0.977544 0.0199929 0)
       0.9084             (0.977468 -0.0204788 0)             (0.977497 0.0202408 0)
       0.9088             (0.977420 -0.0207271 0)             (0.977449 0.0204887 0)
       0.9092             (0.977372 -0.0209753 0)             (0.977401 0.0207365 0)
       0.9096             (0.977324 -0.0212236 0)             (0.977353 0.0209844 0)
         0.91             (0.977276 -0.0214718 0)             (0.977306 0.0212322 0)
       0.9104             (0.977228 -0.0217200 0)             (0.977258 0.0214799 0)
       0.9108             (0.977181 -0.0219682 0)             (0.977211 0.0217277 0)
       0.9112             (0.977133 -0.0222163 0)             (0.977164 0.0219754 0)
       0.9116             (0.977086 -0.0224643 0)             (0.977116 0.0222230 0)
        0.912             (0.977038 -0.0227123 0)             (0.977069 0.0224706 0)
       0.9124             (0.976991 -0.0229603 0)             (0.977022 0.0227181 0)
       0.9128             (0.976943 -0.0232082 0)             (0.976975 0.0229656 0)
       0.9132             (0.976896 -0.0234560 0)             (0.976928 0.0232130 0)
       0.9136             (0.976849 -0.0237038 0)             (0.976881 0.0234604 0)
        0.914             (0.976802 -0.0239515 0)             (0.976834 0.0237077 0)
       0.9144             (0.976755 -0.0241991 0)             (0.976787 0.0239549 0)
       0.9148             (0.976708 -0.0244466 0)             (0.976740 0.0242020 0)
       0.9152             (0.976661 -0.0246941 0)             (0.976693 0.0244491 0)
       0.9156             (0.976614 -0.0249414 0)             (0.976647 0.0246960 0)
        0.916             (0.976567 -0.0251887 0)             (0.976600 0.0249429 0)
       0.9164             (0.976520 -0.0254359 0)             (0.976553 0.0251896 0)
       0.9168             (0.976473 -0.0256829 0)             (0.976507 0.0254363 0)
       0.9172             (0.976427 -0.0259299 0)             (0.976460 0.0256828 0)
       0.9176             (0.976380 -0.0261767 0)             (0.976414 0.0259293 0)
        0.918             (0.976333 -0.0264234 0)             (0.976368 0.0261756 0)
       0.9184             (0.976287 -0.0266700 0)             (0.976321 0.0264218 0)
       0.9188             (0.976240 -0.0269165 0)             (0.976275 0.0266679 0)
       0.9192             (0.976194 -0.0271629 0)             (0.976229 0.0269138 0)
       0.9196             (0.976148 -0.0274091 0)             (0.976183 0.0271596 0)
         0.92             (0.976101 -0.0276551 0)             (0.976137 0.0274053 0)
       0.9204             (0.976055 -0.0279011 0)             (0.976091 0.0276509 0)
       0.9208             (0.976009 -0.0281468 0)             (0.976045 0.0278962 0)
       0.9212             (0.975963 -0.0283925 0)             (0.975999 0.0281415 0)
       0.9216             (0.975917 -0.0286379 0)             (0.975953 0.0283865 0)
        0.922             (0.975870 -0.0288832 0)             (0.975907 0.0286314 0)
       0.9224             (0.975824 -0.0291283 0)             (0.975861 0.0288762 0)
       0.9228             (0.975779 -0.0293733 0)             (0.975816 0.0291207 0)
       0.9232             (0.975733 -0.0296181 0)             (0.975770 0.0293651 0)
       0.9236             (0.975687 -0.0298627 0)             (0.975724 0.0296093 0)
        0.924             (0.975641 -0.0301071 0)             (0.975679 0.0298534 0)
       0.9244             (0.975595 -0.0303513 0)             (0.975633 0.0300972 0)
       0.9248             (0.975549 -0.0305953 0)             (0.975588 0.0303408 0)
       0.9252             (0.975504 -0.0308391 0)             (0.975542 0.0305842 0)
       0.9256             (0.975458 -0.0310827 0)             (0.975497 0.0308275 0)
        0.926             (0.975413 -0.0313260 0)             (0.975451 0.0310705 0)
       0.9264             (0.975367 -0.0315692 0)             (0.975406 0.0313132 0)
       0.9268             (0.975321 -0.0318121 0)             (0.975361 0.0315558 0)
       0.9272             (0.975276 -0.0320548 0)             (0.975316 0.0317981 0)
       0.9276             (0.975231 -0.0322973 0)             (0.975270 0.0320403 0)
        0.928             (0.975185 -0.0325396 0)             (0.975225 0.0322821 0)
       0.9284             (0.975140 -0.0327815 0)             (0.975180 0.0325237 0)
       0.9288             (0.975095 -0.0330233 0)             (0.975135 0.0327651 0)
       0.9292             (0.975049 -0.0332648 0)             (0.975090 0.0330062 0)
       0.9296             (0.975004 -0.0335060 0)             (0.975045 0.0332471 0)
         0.93             (0.974959 -0.0337469 0)             (0.975000 0.0334877 0)
       0.9304             (0.974914 -0.0339876 0)             (0.974955 0.0337280 0)
       0.9308             (0.974869 -0.0342280 0)             (0.974910 0.0339681 0)
       0.9312             (0.974824 -0.0344682 0)             (0.974865 0.0342078 0)
       0.9316             (0.974778 -0.0347080 0)             (0.974821 0.0344473 0)
        0.932             (0.974733 -0.0349476 0)             (0.974776 0.0346865 0)
       0.9324             (0.974689 -0.0351868 0)             (0.974731 0.0349254 0)
       0.9328             (0.974644 -0.0354257 0)             (0.974686 0.0351640 0)
       0.9332             (0.974599 -0.0356644 0)             (0.974642 0.0354023 0)
       0.9336             (0.974554 -0.0359027 0)             (0.974597 0.0356403 0)
        0.934             (0.974509 -0.0361407 0)             (0.974552 0.0358779 0)
       0.9344             (0.974464 -0.0363784 0)             (0.974508 0.0361152 0)
       0.9348             (0.974419 -0.0366157 0)             (0.974463 0.0363522 0)
       0.9352             (0.974375 -0.0368527 0)             (0.974419 0.0365889 0)
       0.9356             (0.974330 -0.0370894 0)             (0.974374 0.0368252 0)
        0.936             (0.974285 -0.0373257 0)             (0.974330 0.0370612 0)
       0.9364             (0.974241 -0.0375617 0)             (0.974286 0.0372969 0)
       0.9368             (0.974196 -0.0377973 0)             (0.974241 0.0375321 0)
       0.9372             (0.974152 -0.0380325 0)             (0.974197 0.0377670 0)
       0.9376             (0.974107 -0.0382674 0)             (0.974153 0.0380016 0)
        0.938             (0.974063 -0.0385019 0)             (0.974108 0.0382357 0)
       0.9384             (0.974018 -0.0387360 0)             (0.974064 0.0384695 0)
       0.9388             (0.973974 -0.0389698 0)             (0.974020 0.0387029 0)
       0.9392             (0.973929 -0.0392031 0)             (0.973976 0.0389359 0)
       0.9396             (0.973885 -0.0394360 0)             (0.973931 0.0391685 0)
         0.94             (0.973840 -0.0396686 0)             (0.973887 0.0394008 0)
       0.9404             (0.973796 -0.0399007 0)             (0.973843 0.0396326 0)
       0.9408             (0.973752 -0.0401324 0)             (0.973799 0.0398639 0)
       0.9412             (0.973708 -0.0403637 0)             (0.973755 0.0400949 0)
       0.9416             (0.973663 -0.0405945 0)             (0.973711 0.0403255 0)
        0.942             (0.973619 -0.0408250 0)             (0.973667 0.0405556 0)
       0.9424             (0.973575 -0.0410549 0)             (0.973623 0.0407852 0)
       0.9428             (0.973531 -0.0412845 0)             (0.973579 0.0410145 0)
       0.9432             (0.973487 -0.0415136 0)             (0.973535 0.0412432 0)
       0.9436             (0.973443 -0.0417422 0)             (0.973491 0.0414716 0)
        0.944             (0.973398 -0.0419704 0)             (0.973447 0.0416994 0)
       0.9444             (0.973354 -0.0421981 0)             (0.973404 0.0419268 0)
       0.9448             (0.973310 -0.0424253 0)             (0.973360 0.0421537 0)
       0.9452             (0.973266 -0.0426520 0)             (0.973316 0.0423802 0)
       0.9456             (0.973222 -0.0428783 0)             (0.973272 0.0426061 0)
        0.946             (0.973179 -0.0431040 0)             (0.973229 0.0428316 0)
       0.9464             (0.973135 -0.0433293 0)             (0.973185 0.0430566 0)
       0.9468             (0.973091 -0.0435541 0)             (0.973141 0.0432810 0)
       0.9472             (0.973047 -0.0437783 0)             (0.973098 0.0435050 0)
       0.9476             (0.973003 -0.0440020 0)             (0.973054 0.0437285 0)
        0.948             (0.972959 -0.0442253 0)             (0.973010 0.0439514 0)
       0.9484             (0.972915 -0.0444479 0)             (0.972967 0.0441738 0)
       0.9488             (0.972872 -0.0446701 0)             (0.972923 0.0443956 0)
       0.9492             (0.972828 -0.0448917 0)             (0.972880 0.0446170 0)
       0.9496             (0.972784 -0.0451127 0)             (0.972836 0.0448377 0)
         0.95             (0.972741 -0.0453332 0)             (0.972793 0.0450580 0)
       0.9504             (0.972697 -0.0455532 0)             (0.972749 0.0452776 0)
       0.9508             (0.972653 -0.0457726 0)             (0.972706 0.0454967 0)
       0.9512             (0.972610 -0.0459914 0)             (0.972663 0.0457153 0)
       0.9516             (0.972566 -0.0462096 0)             (0.972619 0.0459332 0)
        0.952             (0.972523 -0.0464272 0)             (0.972576 0.0461506 0)
       0.9524             (0.972479 -0.0466443 0)             (0.972533 0.0463674 0)
       0.9528             (0.972436 -0.0468608 0)             (0.972489 0.0465836 0)
       0.9532             (0.972392 -0.0470766 0)             (0.972446 0.0467992 0)
       0.9536             (0.972349 -0.0472919 0)             (0.972403 0.0470142 0)
        0.954             (0.972305 -0.0475065 0)             (0.972360 0.0472286 0)
       0.9544             (0.972262 -0.0477205 0)             (0.972317 0.0474423 0)
       0.9548             (0.972219 -0.0479339 0)             (0.972274 0.0476554 0)
       0.9552             (0.972175 -0.0481466 0)             (0.972230 0.0478679 0)
       0.9556             (0.972132 -0.0483588 0)             (0.972187 0.0480798 0)
        0.956             (0.972089 -0.0485702 0)             (0.972144 0.0482910 0)
       0.9564             (0.972045 -0.0487810 0)             (0.972101 0.0485016 0)
       0.9568             (0.972002 -0.0489912 0)             (0.972058 0.0487115 0)
       0.9572             (0.971959 -0.0492007 0)             (0.972015 0.0489208 0)
       0.9576             (0.971916 -0.0494095 0)             (0.971972 0.0491293 0)
        0.958             (0.971873 -0.0496176 0)             (0.971929 0.0493373 0)
       0.9584             (0.971830 -0.0498251 0)             (0.971887 0.0495445 0)
       0.9588             (0.971787 -0.0500319 0)             (0.971844 0.0497510 0)
       0.9592             (0.971744 -0.0502379 0)             (0.971801 0.0499569 0)
       0.9596             (0.971701 -0.0504433 0)             (0.971758 0.0501620 0)
         0.96             (0.971658 -0.0506480 0)             (0.971715 0.0503664 0)
       0.9604             (0.971615 -0.0508519 0)             (0.971673 0.0505702 0)
       0.9608             (0.971572 -0.0510551 0)             (0.971630 0.0507732 0)
       0.9612             (0.971529 -0.0512576 0)             (0.971587 0.0509755 0)
       0.9616             (0.971486 -0.0514594 0)             (0.971545 0.0511770 0)
        0.962             (0.971443 -0.0516604 0)             (0.971502 0.0513778 0)
       0.9624             (0.971400 -0.0518607 0)             (0.971459 0.0515779 0)
       0.9628             (0.971358 -0.0520602 0)             (0.971417 0.0517772 0)
       0.9632             (0.971315 -0.0522590 0)             (0.971374 0.0519758 0)
       0.9636             (0.971272 -0.0524570 0)             (0.971332 0.0521736 0)
        0.964             (0.971230 -0.0526542 0)             (0.971290 0.0523706 0)
       0.9644             (0.971187 -0.0528507 0)             (0.971247 0.0525669 0)
       0.9648             (0.971144 -0.0530464 0)             (0.971205 0.0527623 0)
       0.9652             (0.971102 -0.0532412 0)             (0.971162 0.0529570 0)
       0.9656             (0.971059 -0.0534353 0)             (0.971120 0.0531509 0)
        0.966             (0.971017 -0.0536286 0)             (0.971078 0.0533440 0)
       0.9664             (0.970975 -0.0538211 0)             (0.971036 0.0535363 0)
       0.9668             (0.970932 -0.0540127 0)             (0.970994 0.0537277 0)
       0.9672             (0.970890 -0.0542035 0)             (0.970951 0.0539184 0)
       0.9676             (0.970848 -0.0543935 0)             (0.970909 0.0541082 0)
        0.968             (0.970805 -0.0545827 0)             (0.970867 0.0542972 0)
       0.9684             (0.970763 -0.0547710 0)             (0.970825 0.0544854 0)
       0.9688             (0.970721 -0.0549585 0)             (0.970783 0.0546727 0)
       0.9692             (0.970679 -0.0551451 0)             (0.970741 0.0548591 0)
       0.9696             (0.970637 -0.0553309 0)             (0.970699 0.0550447 0)
         0.97             (0.970595 -0.0555158 0)             (0.970658 0.0552295 0)
       0.9704             (0.970552 -0.0556998 0)             (0.970616 0.0554133 0)
       0.9708             (0.970511 -0.0558830 0)             (0.970574 0.0555963 0)
       0.9712             (0.970469 -0.0560653 0)             (0.970532 0.0557784 0)
       0.9716             (0.970427 -0.0562466 0)             (0.970491 0.0559596 0)
        0.972             (0.970385 -0.0564271 0)             (0.970449 0.0561400 0)
       0.9724             (0.970343 -0.0566067 0)             (0.970407 0.0563194 0)
       0.9728             (0.970301 -0.0567853 0)             (0.970366 0.0564979 0)
       0.9732             (0.970260 -0.0569631 0)             (0.970324 0.0566755 0)
       0.9736             (0.970218 -0.0571399 0)             (0.970283 0.0568522 0)
        0.974             (0.970176 -0.0573158 0)             (0.970242 0.0570280 0)
       0.9744             (0.970135 -0.0574908 0)             (0.970200 0.0572028 0)
       0.9748             (0.970093 -0.0576648 0)             (0.970159 0.0573767 0)
       0.9752             (0.970052 -0.0578379 0)             (0.970118 0.0575496 0)
       0.9756             (0.970011 -0.0580100 0)             (0.970077 0.0577216 0)
        0.976             (0.969969 -0.0581812 0)             (0.970035 0.0578927 0)
       0.9764             (0.969928 -0.0583514 0)             (0.969994 0.0580627 0)
       0.9768             (0.969887 -0.0585206 0)             (0.969953 0.0582318 0)
       0.9772             (0.969846 -0.0586888 0)             (0.969912 0.0584000 0)
       0.9776             (0.969805 -0.0588561 0)             (0.969871 0.0585671 0)
        0.978             (0.969763 -0.0590224 0)             (0.969831 0.0587333 0)
       0.9784             (0.969722 -0.0591876 0)             (0.969790 0.0588984 0)
       0.9788             (0.969682 -0.0593519 0)             (0.969749 0.0590626 0)
       0.9792             (0.969641 -0.0595152 0)             (0.969709 0.0592258 0)
       0.9796             (0.969600 -0.0596774 0)             (0.969668 0.0593879 0)
         0.98             (0.969559 -0.0598387 0)             (0.969627 0.0595491 0)
       0.9804             (0.969519 -0.0599989 0)             (0.969587 0.0597092 0)
       0.9808             (0.969478 -0.0601580 0)             (0.969547 0.0598683 0)
       0.9812             (0.969437 -0.0603162 0)             (0.969506 0.0600263 0)
       0.9816             (0.969397 -0.0604732 0)             (0.969466 0.0601833 0)
        0.982             (0.969357 -0.0606293 0)             (0.969426 0.0603393 0)
       0.9824             (0.969316 -0.0607843 0)             (0.969386 0.0604942 0)
       0.9828             (0.969276 -0.0609382 0)             (0.969346 0.0606480 0)
       0.9832             (0.969236 -0.0610910 0)             (0.969306 0.0608008 0)
       0.9836             (0.969196 -0.0612428 0)             (0.969266 0.0609525 0)
        0.984             (0.969156 -0.0613935 0)             (0.969226 0.0611031 0)
       0.9844             (0.969116 -0.0615431 0)             (0.969186 0.0612526 0)
       0.9848             (0.969076 -0.0616916 0)             (0.969146 0.0614011 0)
       0.9852             (0.969036 -0.0618390 0)             (0.969107 0.0615485 0)
       0.9856             (0.968996 -0.0619853 0)             (0.969067 0.0616947 0)
        0.986             (0.968957 -0.0621306 0)             (0.969028 0.0618399 0)
       0.9864             (0.968917 -0.0622746 0)             (0.968988 0.0619839 0)
       0.9868             (0.968877 -0.0624176 0)             (0.968949 0.0621268 0)
       0.9872             (0.968838 -0.0625594 0)             (0.968910 0.0622686 0)
       0.9876             (0.968799 -0.0627001 0)             (0.968871 0.0624093 0)
        0.988             (0.968760 -0.0628397 0)             (0.968832 0.0625488 0)
       0.9884             (0.968720 -0.0629781 0)             (0.968793 0.0626872 0)
       0.9888             (0.968681 -0.0631154 0)             (0.968754 0.0628244 0)
       0.9892             (0.968642 -0.0632515 0)             (0.968715 0.0629605 0)
       0.9896             (0.968603 -0.0633865 0)             (0.968676 0.0630955 0)
         0.99             (0.968565 -0.0635203 0)             (0.968638 0.0632292 0)
       0.9904             (0.968526 -0.0636529 0)             (0.968599 0.0633618 0)
       0.9908             (0.968487 -0.0637843 0)             (0.968561 0.0634932 0)
       0.9912             (0.968449 -0.0639146 0)             (0.968523 0.0636235 0)
       0.9916             (0.968411 -0.0640436 0)             (0.968484 0.0637525 0)
        0.992             (0.968372 -0.0641715 0)             (0.968446 0.0638804 0)
       0.9924             (0.968334 -0.0642982 0)             (0.968408 0.0640070 0)
       0.9928             (0.968296 -0.0644236 0)             (0.968370 0.0641325 0)
       0.9932             (0.968258 -0.0645479 0)             (0.968333 0.0642568 0)
       0.9936             (0.968220 -0.0646709 0)             (0.968295 0.0643798 0)
        0.994             (0.968182 -0.0647927 0)             (0.968257 0.0645016 0)
       0.9944             (0.968145 -0.0649133 0)             (0.968220 0.0646222 0)
       0.9948             (0.968107 -0.0650326 0)             (0.968182 0.0647416 0)
       0.9952             (0.968070 -0.0651507 0)             (0.968145 0.0648597 0)
       0.9956             (0.968032 -0.0652676 0)             (0.968108 0.0649766 0)
        0.996             (0.967995 -0.0653832 0)             (0.968071 0.0650922 0)
       0.9964             (0.967958 -0.0654976 0)             (0.968034 0.0652066 0)
       0.9968             (0.967921 -0.0656107 0)             (0.967997 0.0653198 0)
       0.9972             (0.967884 -0.0657225 0)             (0.967960 0.0654316 0)
       0.9976             (0.967847 -0.0658331 0)             (0.967924 0.0655422 0)
        0.998             (0.967810 -0.0659424 0)             (0.967887 0.0656516 0)
       0.9984             (0.967774 -0.0660504 0)             (0.967851 0.0657596 0)
       0.9988             (0.967738 -0.0661571 0)             (0.967815 0.0658664 0)
       0.9992             (0.967701 -0.0662626 0)             (0.967779 0.0659719 0)
       0.9996             (0.967665 -0.0663667 0)             (0.967743 0.0660761 0)
            1             (0.967629 -0.0664695 0)             (0.967707 0.0661790 0)
       1.0004             (0.967593 -0.0665711 0)             (0.967671 0.0662806 0)
       1.0008             (0.967557 -0.0666713 0)             (0.967636 0.0663809 0)
       1.0012             (0.967522 -0.0667702 0)             (0.967600 0.0664798 0)
       1.0016             (0.967486 -0.0668678 0)             (0.967565 0.0665775 0)
        1.002             (0.967451 -0.0669641 0)             (0.967530 0.0666738 0)
       1.0024             (0.967416 -0.0670590 0)             (0.967495 0.0667688 0)
       1.0028             (0.967381 -0.0671526 0)             (0.967460 0.0668625 0)
       1.0032             (0.967346 -0.0672448 0)             (0.967425 0.0669549 0)
       1.0036             (0.967311 -0.0673358 0)             (0.967390 0.0670459 0)
        1.004             (0.967276 -0.0674253 0)             (0.967356 0.0671355 0)
       1.0044             (0.967242 -0.0675135 0)             (0.967321 0.0672238 0)
       1.0048             (0.967207 -0.0676004 0)             (0.967287 0.0673108 0)
       1.0052             (0.967173 -0.0676859 0)             (0.967253 0.0673964 0)
       1.0056             (0.967139 -0.0677700 0)             (0.967219 0.0674806 0)
        1.006             (0.967105 -0.0678527 0)             (0.967185 0.0675635 0)
       1.0064             (0.967071 -0.0679341 0)             (0.967152 0.0676449 0)
       1.0068             (0.967038 -0.0680141 0)             (0.967118 0.0677250 0)
       1.0072             (0.967004 -0.0680927 0)             (0.967085 0.0678038 0)
       1.0076             (0.966971 -0.0681699 0)             (0.967052 0.0678811 0)
        1.008             (0.966938 -0.0682457 0)             (0.967019 0.0679571 0)
       1.0084             (0.966905 -0.0683202 0)             (0.966986 0.0680316 0)
       1.0088             (0.966872 -0.0683932 0)             (0.966954 0.0681048 0)
       1.0092             (0.966839 -0.0684648 0)             (0.966921 0.0681765 0)
       1.0096             (0.966807 -0.0685350 0)             (0.966889 0.0682469 0)
         1.01             (0.966775 -0.0686038 0)             (0.966857 0.0683158 0)
       1.0104             (0.966742 -0.0686712 0)             (0.966825 0.0683833 0)
       1.0108             (0.966710 -0.0687371 0)             (0.966793 0.0684494 0)
       1.0112             (0.966679 -0.0688016 0)             (0.966761 0.0685141 0)
       1.0116             (0.966647 -0.0688647 0)             (0.966730 0.0685773 0)
        1.012             (0.966616 -0.0689263 0)             (0.966699 0.0686391 0)
       1.0124             (0.966584 -0.0689865 0)             (0.966667 0.0686995 0)
       1.0128             (0.966553 -0.0690453 0)             (0.966636 0.0687584 0)
       1.0132             (0.966522 -0.0691026 0)             (0.966606 0.0688159 0)
       1.0136             (0.966492 -0.0691585 0)             (0.966575 0.0688720 0)
        1.014             (0.966461 -0.0692129 0)             (0.966545 0.0689265 0)
       1.0144             (0.966431 -0.0692658 0)             (0.966515 0.0689797 0)
       1.0148             (0.966401 -0.0693173 0)             (0.966485 0.0690313 0)
       1.0152             (0.966371 -0.0693673 0)             (0.966455 0.0690816 0)
       1.0156             (0.966341 -0.0694159 0)             (0.966425 0.0691303 0)
        1.016             (0.966311 -0.0694630 0)             (0.966396 0.0691776 0)
       1.0164             (0.966282 -0.0695086 0)             (0.966367 0.0692234 0)
       1.0168             (0.966253 -0.0695527 0)             (0.966338 0.0692677 0)
       1.0172             (0.966224 -0.0695953 0)             (0.966309 0.0693105 0)
       1.0176             (0.966195 -0.0696365 0)             (0.966280 0.0693519 0)
        1.018             (0.966167 -0.0696761 0)             (0.966252 0.0693918 0)
       1.0184             (0.966138 -0.0697143 0)             (0.966224 0.0694302 0)
       1.0188             (0.966110 -0.0697509 0)             (0.966196 0.0694670 0)
       1.0192             (0.966082 -0.0697861 0)             (0.966168 0.0695024 0)
       1.0196             (0.966055 -0.0698198 0)             (0.966140 0.0695363 0)
         1.02             (0.966027 -0.0698519 0)             (0.966113 0.0695687 0)
       1.0204             (0.966000 -0.0698826 0)             (0.966086 0.0695996 0)
       1.0208             (0.965973 -0.0699117 0)             (0.966059 0.0696289 0)
       1.0212             (0.965946 -0.0699393 0)             (0.966032 0.0696568 0)
       1.0216             (0.965919 -0.0699654 0)             (0.966006 0.0696831 0)
        1.022             (0.965893 -0.0699899 0)             (0.965979 0.0697080 0)
       1.0224             (0.965867 -0.0700130 0)             (0.965953 0.0697313 0)
       1.0228             (0.965841 -0.0700345 0)             (0.965928 0.0697530 0)
       1.0232             (0.965815 -0.0700545 0)             (0.965902 0.0697733 0)
       1.0236             (0.965790 -0.0700729 0)             (0.965877 0.0697920 0)
        1.024             (0.965764 -0.0700898 0)             (0.965852 0.0698092 0)
       1.0244             (0.965739 -0.0701052 0)             (0.965827 0.0698248 0)
       1.0248             (0.965715 -0.0701190 0)             (0.965802 0.0698389 0)
       1.0252             (0.965690 -0.0701313 0)             (0.965778 0.0698515 0)
       1.0256             (0.965666 -0.0701421 0)             (0.965754 0.0698625 0)
        1.026             (0.965642 -0.0701513 0)             (0.965730 0.0698720 0)
       1.0264             (0.965618 -0.0701589 0)             (0.965706 0.0698799 0)
       1.0268             (0.965595 -0.0701650 0)             (0.965683 0.0698863 0)
       1.0272             (0.965571 -0.0701695 0)             (0.965659 0.0698911 0)
       1.0276             (0.965548 -0.0701725 0)             (0.965636 0.0698944 0)
        1.028             (0.965525 -0.0701739 0)             (0.965614 0.0698961 0)
       1.0284             (0.965503 -0.0701737 0)             (0.965591 0.0698963 0)
       1.0288             (0.965481 -0.0701720 0)             (0.965569 0.0698949 0)
       1.0292             (0.965459 -0.0701687 0)             (0.965547 0.0698919 0)
       1.0296             (0.965437 -0.0701638 0)             (0.965526 0.0698874 0)
         1.03             (0.965415 -0.0701574 0)             (0.965504 0.0698813 0)
       1.0304             (0.965394 -0.0701494 0)             (0.965483 0.0698736 0)
       1.0308             (0.965373 -0.0701398 0)             (0.965462 0.0698643 0)
       1.0312             (0.965352 -0.0701287 0)             (0.965442 0.0698535 0)
       1.0316             (0.965332 -0.0701159 0)             (0.965421 0.0698411 0)
        1.032             (0.965312 -0.0701016 0)             (0.965401 0.0698271 0)
       1.0324             (0.965292 -0.0700857 0)             (0.965381 0.0698116 0)
       1.0328             (0.965272 -0.0700682 0)             (0.965362 0.0697945 0)
       1.0332             (0.965253 -0.0700491 0)             (0.965343 0.0697757 0)
       1.0336             (0.965234 -0.0700285 0)             (0.965324 0.0697554 0)
        1.034             (0.965215 -0.0700062 0)             (0.965305 0.0697336 0)
       1.0344             (0.965197 -0.0699824 0)             (0.965287 0.0697101 0)
       1.0348             (0.965179 -0.0699569 0)             (0.965269 0.0696850 0)
       1.0352             (0.965161 -0.0699299 0)             (0.965251 0.0696584 0)
       1.0356             (0.965143 -0.0699013 0)             (0.965233 0.0696301 0)
        1.036             (0.965126 -0.0698711 0)             (0.965216 0.0696003 0)
       1.0364             (0.965109 -0.0698393 0)             (0.965199 0.0695689 0)
       1.0368             (0.965092 -0.0698058 0)             (0.965182 0.0695359 0)
       1.0372             (0.965076 -0.0697708 0)             (0.965166 0.0695012 0)
       1.0376             (0.965059 -0.0697342 0)             (0.965150 0.0694650 0)
        1.038             (0.965044 -0.0696960 0)             (0.965134 0.0694272 0)
       1.0384             (0.965028 -0.0696562 0)             (0.965119 0.0693878 0)
       1.0388             (0.965013 -0.0696148 0)             (0.965104 0.0693468 0)
       1.0392             (0.964998 -0.0695717 0)             (0.965089 0.0693042 0)
       1.0396             (0.964983 -0.0695271 0)             (0.965074 0.0692600 0)
         1.04             (0.964969 -0.0694809 0)             (0.965060 0.0692142 0)
       1.0404             (0.964955 -0.0694330 0)             (0.965046 0.0691668 0)
       1.0408             (0.964941 -0.0693836 0)             (0.965033 0.0691177 0)
       1.0412             (0.964928 -0.0693325 0)             (0.965019 0.0690671 0)
       1.0416             (0.964915 -0.0692799 0)             (0.965006 0.0690149 0)
        1.042             (0.964902 -0.0692256 0)             (0.964994 0.0689611 0)
       1.0424             (0.964890 -0.0691697 0)             (0.964981 0.0689056 0)
       1.0428             (0.964878 -0.0691122 0)             (0.964969 0.0688486 0)
       1.0432             (0.964866 -0.0690531 0)             (0.964958 0.0687899 0)
       1.0436             (0.964855 -0.0689924 0)             (0.964946 0.0687297 0)
        1.044             (0.964843 -0.0689301 0)             (0.964935 0.0686678 0)
       1.0444             (0.964833 -0.0688662 0)             (0.964925 0.0686044 0)
       1.0448             (0.964822 -0.0688006 0)             (0.964914 0.0685393 0)
       1.0452             (0.964812 -0.0687335 0)             (0.964904 0.0684726 0)
       1.0456             (0.964802 -0.0686647 0)             (0.964894 0.0684043 0)
        1.046             (0.964793 -0.0685944 0)             (0.964885 0.0683345 0)
       1.0464             (0.964784 -0.0685224 0)             (0.964876 0.0682630 0)
       1.0468             (0.964775 -0.0684488 0)             (0.964867 0.0681899 0)
       1.0472             (0.964767 -0.0683736 0)             (0.964859 0.0681152 0)
       1.0476             (0.964759 -0.0682968 0)             (0.964851 0.0680389 0)
        1.048             (0.964751 -0.0682184 0)             (0.964843 0.0679609 0)
       1.0484             (0.964744 -0.0681384 0)             (0.964836 0.0678814 0)
       1.0488             (0.964737 -0.0680567 0)             (0.964829 0.0678003 0)
       1.0492             (0.964730 -0.0679735 0)             (0.964822 0.0677176 0)
       1.0496             (0.964724 -0.0678887 0)             (0.964816 0.0676332 0)
         1.05             (0.964718 -0.0678022 0)             (0.964810 0.0675473 0)
       1.0504             (0.964712 -0.0677142 0)             (0.964805 0.0674598 0)
       1.0508             (0.964707 -0.0676245 0)             (0.964799 0.0673706 0)
       1.0512             (0.964702 -0.0675332 0)             (0.964795 0.0672799 0)
       1.0516             (0.964698 -0.0674404 0)             (0.964790 0.0671876 0)
        1.052             (0.964694 -0.0673459 0)             (0.964786 0.0670936 0)
       1.0524             (0.964690 -0.0672498 0)             (0.964782 0.0669981 0)
       1.0528             (0.964686 -0.0671522 0)             (0.964779 0.0669010 0)
       1.0532             (0.964683 -0.0670529 0)             (0.964776 0.0668023 0)
       1.0536             (0.964681 -0.0669520 0)             (0.964773 0.0667020 0)
        1.054             (0.964678 -0.0668496 0)             (0.964771 0.0666000 0)
       1.0544             (0.964677 -0.0667455 0)             (0.964769 0.0664965 0)
       1.0548             (0.964675 -0.0666399 0)             (0.964768 0.0663915 0)
       1.0552             (0.964674 -0.0665326 0)             (0.964766 0.0662848 0)
       1.0556             (0.964673 -0.0664238 0)             (0.964766 0.0661765 0)
        1.056             (0.964673 -0.0663134 0)             (0.964765 0.0660667 0)
       1.0564             (0.964673 -0.0662013 0)             (0.964765 0.0659552 0)
       1.0568             (0.964673 -0.0660877 0)             (0.964766 0.0658422 0)
       1.0572             (0.964674 -0.0659726 0)             (0.964766 0.0657276 0)
       1.0576             (0.964675 -0.0658558 0)             (0.964768 0.0656114 0)
        1.058             (0.964677 -0.0657374 0)             (0.964769 0.0654937 0)
       1.0584             (0.964678 -0.0656175 0)             (0.964771 0.0653744 0)
       1.0588             (0.964681 -0.0654960 0)             (0.964773 0.0652534 0)
       1.0592             (0.964684 -0.0653729 0)             (0.964776 0.0651310 0)
       1.0596             (0.964687 -0.0652483 0)             (0.964779 0.0650069 0)
         1.06             (0.964690 -0.0651221 0)             (0.964783 0.0648813 0)
       1.0604             (0.964694 -0.0649943 0)             (0.964787 0.0647541 0)
       1.0608             (0.964698 -0.0648649 0)             (0.964791 0.0646254 0)
       1.0612             (0.964703 -0.0647340 0)             (0.964796 0.0644951 0)
       1.0616             (0.964708 -0.0646015 0)             (0.964801 0.0643632 0)
        1.062             (0.964714 -0.0644674 0)             (0.964806 0.0642298 0)
       1.0624             (0.964720 -0.0643318 0)             (0.964812 0.0640948 0)
       1.0628             (0.964726 -0.0641946 0)             (0.964818 0.0639583 0)
       1.0632             (0.964733 -0.0640559 0)             (0.964825 0.0638202 0)
       1.0636             (0.964740 -0.0639156 0)             (0.964832 0.0636806 0)
        1.064             (0.964747 -0.0637738 0)             (0.964840 0.0635394 0)
       1.0644             (0.964755 -0.0636305 0)             (0.964848 0.0633967 0)
       1.0648             (0.964764 -0.0634856 0)             (0.964856 0.0632524 0)
       1.0652             (0.964773 -0.0633391 0)             (0.964865 0.0631066 0)
       1.0656             (0.964782 -0.0631911 0)             (0.964874 0.0629593 0)
        1.066             (0.964791 -0.0630416 0)             (0.964883 0.0628105 0)
       1.0664             (0.964801 -0.0628906 0)             (0.964893 0.0626601 0)
       1.0668             (0.964812 -0.0627380 0)             (0.964904 0.0625082 0)
       1.0672             (0.964823 -0.0625839 0)             (0.964915 0.0623547 0)
       1.0676             (0.964834 -0.0624282 0)             (0.964926 0.0621998 0)
        1.068             (0.964846 -0.0622711 0)             (0.964938 0.0620433 0)
       1.0684             (0.964858 -0.0621124 0)             (0.964950 0.0618853 0)
       1.0688             (0.964871 -0.0619523 0)             (0.964962 0.0617259 0)
       1.0692             (0.964884 -0.0617906 0)             (0.964975 0.0615649 0)
       1.0696             (0.964897 -0.0616274 0)             (0.964989 0.0614024 0)
         1.07             (0.964911 -0.0614627 0)             (0.965003 0.0612384 0)
       1.0704             (0.964925 -0.0612965 0)             (0.965017 0.0610729 0)
       1.0708             (0.964940 -0.0611288 0)             (0.965031 0.0609059 0)
       1.0712             (0.964955 -0.0609596 0)             (0.965047 0.0607374 0)
       1.0716             (0.964971 -0.0607890 0)             (0.965062 0.0605675 0)
        1.072             (0.964987 -0.0606168 0)             (0.965078 0.0603961 0)
       1.0724             (0.965003 -0.0604432 0)             (0.965094 0.0602231 0)
       1.0728             (0.965020 -0.0602681 0)             (0.965111 0.0600488 0)
       1.0732             (0.965038 -0.0600915 0)             (0.965129 0.0598729 0)
       1.0736             (0.965056 -0.0599134 0)             (0.965146 0.0596956 0)
        1.074             (0.965074 -0.0597339 0)             (0.965164 0.0595168 0)
       1.0744             (0.965093 -0.0595529 0)             (0.965183 0.0593366 0)
       1.0748             (0.965112 -0.0593705 0)             (0.965202 0.0591549 0)
       1.0752             (0.965131 -0.0591866 0)             (0.965222 0.0589717 0)
       1.0756             (0.965151 -0.0590013 0)             (0.965242 0.0587871 0)
        1.076             (0.965172 -0.0588145 0)             (0.965262 0.0586011 0)
       1.0764             (0.965193 -0.0586263 0)             (0.965283 0.0584136 0)
       1.0768             (0.965214 -0.0584366 0)             (0.965304 0.0582247 0)
       1.0772             (0.965236 -0.0582455 0)             (0.965326 0.0580344 0)
       1.0776             (0.965258 -0.0580530 0)             (0.965348 0.0578426 0)
        1.078             (0.965281 -0.0578591 0)             (0.965370 0.0576495 0)
       1.0784             (0.965304 -0.0576637 0)             (0.965394 0.0574549 0)
       1.0788             (0.965328 -0.0574669 0)             (0.965417 0.0572589 0)
       1.0792             (0.965352 -0.0572688 0)             (0.965441 0.0570615 0)
       1.0796             (0.965376 -0.0570692 0)             (0.965465 0.0568627 0)
         1.08             (0.965401 -0.0568682 0)             (0.965490 0.0566625 0)
       1.0804             (0.965427 -0.0566658 0)             (0.965516 0.0564609 0)
       1.0808             (0.965453 -0.0564620 0)             (0.965541 0.0562579 0)
       1.0812             (0.965479 -0.0562569 0)             (0.965568 0.0560535 0)
       1.0816             (0.965506 -0.0560504 0)             (0.965594 0.0558478 0)
        1.082             (0.965533 -0.0558424 0)             (0.965621 0.0556407 0)
       1.0824             (0.965561 -0.0556332 0)             (0.965649 0.0554322 0)
       1.0828             (0.965589 -0.0554225 0)             (0.965677 0.0552224 0)
       1.0832             (0.965618 -0.0552105 0)             (0.965706 0.0550112 0)
       1.0836             (0.965647 -0.0549972 0)             (0.965735 0.0547986 0)
        1.084             (0.965676 -0.0547825 0)             (0.965764 0.0545848 0)
       1.0844             (0.965706 -0.0545664 0)             (0.965794 0.0543695 0)
       1.0848             (0.965737 -0.0543490 0)             (0.965824 0.0541530 0)
       1.0852             (0.965768 -0.0541303 0)             (0.965855 0.0539351 0)
       1.0856             (0.965799 -0.0539103 0)             (0.965886 0.0537159 0)
        1.086             (0.965831 -0.0536889 0)             (0.965918 0.0534953 0)
       1.0864             (0.965864 -0.0534662 0)             (0.965950 0.0532735 0)
       1.0868             (0.965896 -0.0532422 0)             (0.965983 0.0530503 0)
       1.0872             (0.965930 -0.0530169 0)             (0.966016 0.0528258 0)
       1.0876             (0.965963 -0.0527903 0)             (0.966050 0.0526001 0)
        1.088             (0.965998 -0.0525624 0)             (0.966084 0.0523730 0)
       1.0884             (0.966032 -0.0523332 0)             (0.966118 0.0521447 0)
       1.0888             (0.966067 -0.0521028 0)             (0.966153 0.0519151 0)
       1.0892             (0.966103 -0.0518710 0)             (0.966189 0.0516842 0)
       1.0896             (0.966139 -0.0516380 0)             (0.966224 0.0514521 0)
         1.09             (0.966176 -0.0514038 0)             (0.966261 0.0512186 0)
       1.0904             (0.966213 -0.0511682 0)             (0.966298 0.0509840 0)
       1.0908             (0.966250 -0.0509314 0)             (0.966335 0.0507481 0)
       1.0912             (0.966288 -0.0506934 0)             (0.966373 0.0505109 0)
       1.0916             (0.966327 -0.0504541 0)             (0.966411 0.0502725 0)
        1.092             (0.966366 -0.0502136 0)             (0.966450 0.0500329 0)
       1.0924             (0.966405 -0.0499719 0)             (0.966489 0.0497920 0)
       1.0928             (0.966445 -0.0497290 0)             (0.966529 0.0495499 0)
       1.0932             (0.966485 -0.0494848 0)             (0.966569 0.0493067 0)
       1.0936             (0.966526 -0.0492394 0)             (0.966609 0.0490622 0)
        1.094             (0.966567 -0.0489928 0)             (0.966650 0.0488165 0)
       1.0944             (0.966609 -0.0487451 0)             (0.966692 0.0485696 0)
       1.0948             (0.966651 -0.0484961 0)             (0.966734 0.0483215 0)
       1.0952             (0.966694 -0.0482460 0)             (0.966776 0.0480723 0)
       1.0956             (0.966737 -0.0479947 0)             (0.966819 0.0478219 0)
        1.096             (0.966781 -0.0477422 0)             (0.966863 0.0475703 0)
       1.0964             (0.966825 -0.0474885 0)             (0.966906 0.0473175 0)
       1.0968             (0.966869 -0.0472337 0)             (0.966951 0.0470637 0)
       1.0972             (0.966914 -0.0469778 0)             (0.966996 0.0468086 0)
       1.0976             (0.966960 -0.0467207 0)             (0.967041 0.0465524 0)
        1.098             (0.967006 -0.0464624 0)             (0.967087 0.0462951 0)
       1.0984             (0.967052 -0.0462031 0)             (0.967133 0.0460367 0)
       1.0988             (0.967099 -0.0459426 0)             (0.967179 0.0457771 0)
       1.0992             (0.967146 -0.0456810 0)             (0.967227 0.0455164 0)
       1.0996             (0.967194 -0.0454183 0)             (0.967274 0.0452547 0)
          1.1             (0.967242 -0.0451545 0)             (0.967322 0.0449918 0)
       1.1004             (0.967291 -0.0448896 0)             (0.967371 0.0447278 0)
       1.1008             (0.967340 -0.0446236 0)             (0.967420 0.0444628 0)
       1.1012             (0.967390 -0.0443566 0)             (0.967469 0.0441967 0)
       1.1016             (0.967440 -0.0440884 0)             (0.967519 0.0439295 0)
        1.102             (0.967491 -0.0438192 0)             (0.967570 0.0436612 0)
       1.1024             (0.967542 -0.0435490 0)             (0.967620 0.0433919 0)
       1.1028             (0.967594 -0.0432777 0)             (0.967672 0.0431216 0)
       1.1032             (0.967646 -0.0430053 0)             (0.967724 0.0428502 0)
       1.1036             (0.967698 -0.0427320 0)             (0.967776 0.0425777 0)
        1.104             (0.967751 -0.0424576 0)             (0.967829 0.0423043 0)
       1.1044             (0.967805 -0.0421821 0)             (0.967882 0.0420298 0)
       1.1048             (0.967859 -0.0419057 0)             (0.967935 0.0417543 0)
       1.1052             (0.967913 -0.0416283 0)             (0.967989 0.0414778 0)
       1.1056             (0.967968 -0.0413498 0)             (0.968044 0.0412004 0)
        1.106             (0.968023 -0.0410704 0)             (0.968099 0.0409219 0)
       1.1064             (0.968079 -0.0407900 0)             (0.968155 0.0406425 0)
       1.1068             (0.968135 -0.0405086 0)             (0.968211 0.0403620 0)
       1.1072             (0.968192 -0.0402262 0)             (0.968267 0.0400807 0)
       1.1076             (0.968249 -0.0399429 0)             (0.968324 0.0397983 0)
        1.108             (0.968307 -0.0396587 0)             (0.968381 0.0395150 0)
       1.1084             (0.968365 -0.0393735 0)             (0.968439 0.0392308 0)
       1.1088             (0.968423 -0.0390873 0)             (0.968497 0.0389457 0)
       1.1092             (0.968482 -0.0388003 0)             (0.968556 0.0386596 0)
       1.1096             (0.968542 -0.0385123 0)             (0.968615 0.0383726 0)
         1.11             (0.968602 -0.0382234 0)             (0.968675 0.0380847 0)
       1.1104             (0.968662 -0.0379336 0)             (0.968735 0.0377958 0)
       1.1108             (0.968723 -0.0376429 0)             (0.968795 0.0375061 0)
       1.1112             (0.968784 -0.0373513 0)             (0.968856 0.0372155 0)
       1.1116             (0.968846 -0.0370588 0)             (0.968918 0.0369241 0)
        1.112             (0.968908 -0.0367655 0)             (0.968979 0.0366317 0)
       1.1124             (0.968971 -0.0364713 0)             (0.969042 0.0363385 0)
       1.1128             (0.969034 -0.0361762 0)             (0.969105 0.0360445 0)
       1.1132             (0.969097 -0.0358803 0)             (0.969168 0.0357496 0)
       1.1136             (0.969161 -0.0355836 0)             (0.969231 0.0354539 0)
        1.114             (0.969226 -0.0352860 0)             (0.969295 0.0351573 0)
       1.1144             (0.969290 -0.0349877 0)             (0.969360 0.0348599 0)
       1.1148             (0.969356 -0.0346884 0)             (0.969425 0.0345617 0)
       1.1152             (0.969422 -0.0343884 0)             (0.969490 0.0342627 0)
       1.1156             (0.969488 -0.0340876 0)             (0.969556 0.0339629 0)
        1.116             (0.969554 -0.0337860 0)             (0.969623 0.0336624 0)
       1.1164             (0.969622 -0.0334837 0)             (0.969689 0.0333610 0)
       1.1168             (0.969689 -0.0331805 0)             (0.969757 0.0330589 0)
       1.1172             (0.969757 -0.0328766 0)             (0.969824 0.0327560 0)
       1.1176             (0.969825 -0.0325720 0)             (0.969892 0.0324523 0)
        1.118             (0.969894 -0.0322665 0)             (0.969961 0.0321480 0)
       1.1184             (0.969964 -0.0319604 0)             (0.970030 0.0318428 0)
       1.1188             (0.970033 -0.0316535 0)             (0.970099 0.0315370 0)
       1.1192             (0.970103 -0.0313459 0)             (0.970169 0.0312304 0)
       1.1196             (0.970174 -0.0310376 0)             (0.970239 0.0309232 0)
         1.12             (0.970245 -0.0307286 0)             (0.970310 0.0306152 0)
       1.1204             (0.970317 -0.0304189 0)             (0.970381 0.0303065 0)
       1.1208             (0.970388 -0.0301085 0)             (0.970452 0.0299972 0)
       1.1212             (0.970461 -0.0297974 0)             (0.970524 0.0296871 0)
       1.1216             (0.970533 -0.0294857 0)             (0.970597 0.0293764 0)
        1.122             (0.970607 -0.0291733 0)             (0.970670 0.0290651 0)
       1.1224             (0.970680 -0.0288603 0)             (0.970743 0.0287531 0)
       1.1228             (0.970754 -0.0285466 0)             (0.970816 0.0284404 0)
       1.1232             (0.970829 -0.0282323 0)             (0.970890 0.0281271 0)
       1.1236             (0.970903 -0.0279173 0)             (0.970965 0.0278132 0)
        1.124             (0.970979 -0.0276017 0)             (0.971040 0.0274987 0)
       1.1244             (0.971054 -0.0272856 0)             (0.971115 0.0271836 0)
       1.1248             (0.971130 -0.0269688 0)             (0.971191 0.0268679 0)
       1.1252             (0.971207 -0.0266515 0)             (0.971267 0.0265516 0)
       1.1256             (0.971284 -0.0263335 0)             (0.971343 0.0262347 0)
        1.126             (0.971361 -0.0260150 0)             (0.971420 0.0259173 0)
       1.1264             (0.971439 -0.0256960 0)             (0.971498 0.0255993 0)
       1.1268             (0.971517 -0.0253763 0)             (0.971575 0.0252807 0)
       1.1272             (0.971595 -0.0250562 0)             (0.971653 0.0249616 0)
       1.1276             (0.971674 -0.0247355 0)             (0.971732 0.0246420 0)
        1.128             (0.971754 -0.0244142 0)             (0.971811 0.0243218 0)
       1.1284             (0.971833 -0.0240925 0)             (0.971890 0.0240011 0)
       1.1288             (0.971913 -0.0237703 0)             (0.971970 0.0236799 0)
       1.1292             (0.971994 -0.0234475 0)             (0.972050 0.0233582 0)
       1.1296             (0.972075 -0.0231243 0)             (0.972130 0.0230361 0)
         1.13             (0.972156 -0.0228006 0)             (0.972211 0.0227134 0)
       1.1304             (0.972238 -0.0224764 0)             (0.972293 0.0223903 0)
       1.1308             (0.972320 -0.0221517 0)             (0.972374 0.0220667 0)
       1.1312             (0.972402 -0.0218266 0)             (0.972456 0.0217427 0)
       1.1316             (0.972485 -0.0215011 0)             (0.972539 0.0214182 0)
        1.132             (0.972568 -0.0211751 0)             (0.972622 0.0210933 0)
       1.1324             (0.972652 -0.0208487 0)             (0.972705 0.0207680 0)
       1.1328             (0.972736 -0.0205218 0)             (0.972788 0.0204422 0)
       1.1332             (0.972820 -0.0201946 0)             (0.972872 0.0201161 0)
       1.1336             (0.972905 -0.0198670 0)             (0.972957 0.0197895 0)
        1.134             (0.972990 -0.0195389 0)             (0.973041 0.0194625 0)
       1.1344             (0.973076 -0.0192105 0)             (0.973126 0.0191352 0)
       1.1348             (0.973161 -0.0188818 0)             (0.973212 0.0188075 0)
       1.1352             (0.973248 -0.0185526 0)             (0.973297 0.0184795 0)
       1.1356             (0.973334 -0.0182231 0)             (0.973383 0.0181511 0)
        1.136             (0.973421 -0.0178933 0)             (0.973470 0.0178223 0)
       1.1364             (0.973508 -0.0175631 0)             (0.973557 0.0174932 0)
       1.1368             (0.973596 -0.0172327 0)             (0.973644 0.0171638 0)
       1.1372             (0.973684 -0.0169019 0)             (0.973732 0.0168341 0)
       1.1376             (0.973772 -0.0165707 0)             (0.973819 0.0165041 0)
        1.138             (0.973861 -0.0162393 0)             (0.973908 0.0161738 0)
       1.1384             (0.973950 -0.0159076 0)             (0.973996 0.0158432 0)
       1.1388             (0.974039 -0.0155757 0)             (0.974085 0.0155123 0)
       1.1392             (0.974129 -0.0152434 0)             (0.974174 0.0151811 0)
       1.1396             (0.974219 -0.0149109 0)             (0.974264 0.0148497 0)
         1.14             (0.974310 -0.0145782 0)             (0.974354 0.0145181 0)
       1.1404             (0.974400 -0.0142452 0)             (0.974444 0.0141862 0)
       1.1408             (0.974491 -0.0139120 0)             (0.974535 0.0138540 0)
       1.1412             (0.974583 -0.0135785 0)             (0.974626 0.0135217 0)
       1.1416             (0.974674 -0.0132449 0)             (0.974717 0.0131891 0)
        1.142             (0.974766 -0.0129110 0)             (0.974809 0.0128564 0)
       1.1424             (0.974859 -0.0125769 0)             (0.974901 0.0125234 0)
       1.1428             (0.974952 -0.0122427 0)             (0.974993 0.0121902 0)
       1.1432             (0.975045 -0.0119083 0)             (0.975085 0.0118569 0)
       1.1436             (0.975138 -0.0115737 0)             (0.975178 0.0115234 0)
        1.144             (0.975232 -0.0112390 0)             (0.975271 0.0111898 0)
       1.1444             (0.975325 -0.0109041 0)             (0.975365 0.0108560 0)
       1.1448             (0.975420 -0.0105690 0)             (0.975459 0.0105221 0)
       1.1452             (0.975514 -0.0102339 0)             (0.975553 0.0101880 0)
       1.1456             (0.975609 -0.0098986 0)             (0.975647 0.0098538 0)
        1.146             (0.975704 -0.0095632 0)             (0.975742 0.0095195 0)
       1.1464             (0.975800 -0.0092277 0)             (0.975837 0.0091851 0)
       1.1468             (0.975896 -0.0088922 0)             (0.975932 0.0088507 0)
       1.1472             (0.975992 -0.0085565 0)             (0.976028 0.0085161 0)
       1.1476             (0.976088 -0.0082207 0)             (0.976123 0.0081815 0)
        1.148             (0.976185 -0.0078849 0)             (0.976220 0.0078467 0)
       1.1484             (0.976281 -0.0075491 0)             (0.976316 0.0075120 0)
       1.1488             (0.976379 -0.0072132 0)             (0.976413 0.0071772 0)
       1.1492             (0.976476 -0.0068772 0)             (0.976510 0.0068423 0)
       1.1496             (0.976574 -0.0065413 0)             (0.976607 0.0065075 0)
         1.15             (0.976672 -0.0062053 0)             (0.976705 0.0061726 0)
       1.1504             (0.976770 -0.0058693 0)             (0.976802 0.0058377 0)
       1.1508             (0.976869 -0.0055333 0)             (0.976900 0.0055028 0)
       1.1512             (0.976968 -0.0051973 0)             (0.976999 0.0051679 0)
       1.1516             (0.977067 -0.0048614 0)             (0.977097 0.0048331 0)
        1.152             (0.977166 -0.0045254 0)             (0.977196 0.0044982 0)
       1.1524             (0.977266 -0.0041895 0)             (0.977295 0.0041634 0)
       1.1528             (0.977365 -0.0038537 0)             (0.977395 0.0038287 0)
       1.1532             (0.977466 -0.0035179 0)             (0.977494 0.0034940 0)
       1.1536             (0.977566 -0.0031821 0)             (0.977594 0.0031593 0)
        1.154             (0.977666 -0.0028465 0)             (0.977694 0.0028248 0)
       1.1544             (0.977767 -0.0025109 0)             (0.977794 0.0024903 0)
       1.1548             (0.977868 -0.0021754 0)             (0.977895 0.0021559 0)
       1.1552             (0.977970 -0.0018400 0)             (0.977996 0.0018216 0)
       1.1556             (0.978071 -0.0015047 0)             (0.978097 0.0014874 0)
        1.156             (0.978173 -0.0011696 0)             (0.978198 0.0011534 0)
       1.1564             (0.978275 -0.0008346 0)             (0.978300 0.0008195 0)
       1.1568             (0.978377 -0.0004997 0)             (0.978401 0.0004857 0)
       1.1572             (0.978480 -0.0001649 0)             (0.978503 0.0001520 0)
       1.1576             (0.978582 0.0001697 0)             (0.978605 -0.0001815 0)
        1.158             (0.978685 0.0005041 0)             (0.978708 -0.0005148 0)
       1.1584             (0.978788 0.0008383 0)             (0.978810 -0.0008479 0)
       1.1588             (0.978891 0.0011724 0)             (0.978913 -0.0011809 0)
       1.1592             (0.978995 0.0015063 0)             (0.979016 -0.0015137 0)
       1.1596             (0.979099 0.0018399 0)             (0.979119 -0.0018463 0)
         1.16             (0.979203 0.0021734 0)             (0.979223 -0.0021786 0)
       1.1604             (0.979307 0.0025066 0)             (0.979326 -0.0025108 0)
       1.1608             (0.979411 0.0028397 0)             (0.979430 -0.0028427 0)
       1.1612             (0.979515 0.0031724 0)             (0.979534 -0.0031744 0)
       1.1616             (0.979620 0.0035050 0)             (0.979638 -0.0035058 0)
        1.162             (0.979725 0.0038373 0)             (0.979742 -0.0038370 0)
       1.1624             (0.979830 0.0041693 0)             (0.979847 -0.0041679 0)
       1.1628             (0.979935 0.0045010 0)             (0.979951 -0.0044986 0)
       1.1632             (0.980040 0.0048325 0)             (0.980056 -0.0048290 0)
       1.1636             (0.980146 0.0051637 0)             (0.980161 -0.0051591 0)
        1.164             (0.980252 0.0054946 0)             (0.980266 -0.0054888 0)
       1.1644             (0.980357 0.0058251 0)             (0.980372 -0.0058183 0)
       1.1648             (0.980463 0.0061554 0)             (0.980477 -0.0061475 0)
       1.1652             (0.980570 0.0064853 0)             (0.980583 -0.0064763 0)
       1.1656             (0.980676 0.0068149 0)             (0.980689 -0.0068049 0)
        1.166             (0.980782 0.0071442 0)             (0.980795 -0.0071330 0)
       1.1664             (0.980889 0.0074731 0)             (0.980901 -0.0074609 0)
       1.1668             (0.980996 0.0078017 0)             (0.981007 -0.0077883 0)
       1.1672             (0.981103 0.0081298 0)             (0.981113 -0.0081154 0)
       1.1676             (0.981210 0.0084577 0)             (0.981220 -0.0084421 0)
        1.168             (0.981317 0.0087851 0)             (0.981326 -0.0087685 0)
       1.1684             (0.981424 0.0091121 0)             (0.981433 -0.0090944 0)
       1.1688             (0.981532 0.0094387 0)             (0.981540 -0.0094200 0)
       1.1692             (0.981639 0.0097650 0)             (0.981647 -0.0097451 0)
       1.1696             (0.981747 0.0100908 0)             (0.981754 -0.0100698 0)
         1.17             (0.981855 0.0104162 0)             (0.981861 -0.0103941 0)
       1.1704             (0.981962 0.0107411 0)             (0.981969 -0.0107180 0)
       1.1708             (0.982070 0.0110656 0)             (0.982076 -0.0110414 0)
       1.1712             (0.982179 0.0113896 0)             (0.982184 -0.0113644 0)
       1.1716             (0.982287 0.0117132 0)             (0.982291 -0.0116869 0)
        1.172             (0.982395 0.0120363 0)             (0.982399 -0.0120089 0)
       1.1724             (0.982503 0.0123590 0)             (0.982507 -0.0123305 0)
       1.1728             (0.982612 0.0126811 0)             (0.982615 -0.0126516 0)
       1.1732             (0.982721 0.0130028 0)             (0.982723 -0.0129722 0)
       1.1736             (0.982829 0.0133240 0)             (0.982831 -0.0132923 0)
        1.174             (0.982938 0.0136446 0)             (0.982939 -0.0136119 0)
       1.1744             (0.983047 0.0139648 0)             (0.983048 -0.0139309 0)
       1.1748             (0.983156 0.0142844 0)             (0.983156 -0.0142495 0)
       1.1752             (0.983265 0.0146035 0)             (0.983264 -0.0145675 0)
       1.1756             (0.983374 0.0149220 0)             (0.983373 -0.0148850 0)
        1.176             (0.983483 0.0152400 0)             (0.983481 -0.0152019 0)
       1.1764             (0.983592 0.0155574 0)             (0.983590 -0.0155182 0)
       1.1768             (0.983701 0.0158743 0)             (0.983699 -0.0158340 0)
       1.1772             (0.983810 0.0161906 0)             (0.983807 -0.0161493 0)
       1.1776             (0.983920 0.0165063 0)             (0.983916 -0.0164639 0)
        1.178             (0.984029 0.0168214 0)             (0.984025 -0.0167780 0)
       1.1784             (0.984138 0.0171359 0)             (0.984134 -0.0170914 0)
       1.1788             (0.984248 0.0174498 0)             (0.984243 -0.0174043 0)
       1.1792             (0.984357 0.0177631 0)             (0.984352 -0.0177166 0)
       1.1796             (0.984467 0.0180758 0)             (0.984460 -0.0180282 0)
         1.18             (0.984576 0.0183879 0)             (0.984569 -0.0183392 0)
       1.1804             (0.984686 0.0186993 0)             (0.984678 -0.0186496 0)
       1.1808             (0.984795 0.0190101 0)             (0.984787 -0.0189593 0)
       1.1812             (0.984905 0.0193202 0)             (0.984896 -0.0192684 0)
       1.1816             (0.985015 0.0196297 0)             (0.985006 -0.0195768 0)
        1.182             (0.985124 0.0199385 0)             (0.985115 -0.0198846 0)
       1.1824             (0.985234 0.0202466 0)             (0.985224 -0.0201917 0)
       1.1828             (0.985343 0.0205541 0)             (0.985333 -0.0204981 0)
       1.1832             (0.985453 0.0208609 0)             (0.985442 -0.0208038 0)
       1.1836             (0.985563 0.0211669 0)             (0.985551 -0.0211088 0)
        1.184             (0.985672 0.0214723 0)             (0.985660 -0.0214132 0)
       1.1844             (0.985782 0.0217770 0)             (0.985769 -0.0217168 0)
       1.1848             (0.985891 0.0220809 0)             (0.985878 -0.0220197 0)
       1.1852             (0.986001 0.0223841 0)             (0.985987 -0.0223219 0)
       1.1856             (0.986110 0.0226866 0)             (0.986096 -0.0226233 0)
        1.186             (0.986220 0.0229883 0)             (0.986205 -0.0229240 0)
       1.1864             (0.986329 0.0232893 0)             (0.986314 -0.0232240 0)
       1.1868             (0.986439 0.0235896 0)             (0.986423 -0.0235232 0)
       1.1872             (0.986548 0.0238891 0)             (0.986532 -0.0238217 0)
       1.1876             (0.986658 0.0241878 0)             (0.986640 -0.0241194 0)
        1.188             (0.986767 0.0244858 0)             (0.986749 -0.0244163 0)
       1.1884             (0.986876 0.0247829 0)             (0.986858 -0.0247124 0)
       1.1888             (0.986985 0.0250793 0)             (0.986966 -0.0250078 0)
       1.1892             (0.987095 0.0253749 0)             (0.987075 -0.0253024 0)
       1.1896             (0.987204 0.0256697 0)             (0.987184 -0.0255961 0)
         1.19             (0.987313 0.0259636 0)             (0.987292 -0.0258891 0)
       1.1904             (0.987422 0.0262568 0)             (0.987401 -0.0261812 0)
       1.1908             (0.987531 0.0265491 0)             (0.987509 -0.0264726 0)
       1.1912             (0.987639 0.0268406 0)             (0.987617 -0.0267631 0)
       1.1916             (0.987748 0.0271313 0)             (0.987725 -0.0270527 0)
        1.192             (0.987857 0.0274212 0)             (0.987833 -0.0273415 0)
       1.1924             (0.987965 0.0277101 0)             (0.987941 -0.0276295 0)
       1.1928             (0.988074 0.0279983 0)             (0.988049 -0.0279167 0)
       1.1932             (0.988182 0.0282855 0)             (0.988157 -0.0282029 0)
       1.1936             (0.988290 0.0285719 0)             (0.988265 -0.0284883 0)
        1.194             (0.988399 0.0288575 0)             (0.988373 -0.0287729 0)
       1.1944             (0.988507 0.0291421 0)             (0.988480 -0.0290565 0)
       1.1948             (0.988615 0.0294259 0)             (0.988588 -0.0293393 0)
       1.1952             (0.988723 0.0297088 0)             (0.988695 -0.0296212 0)
       1.1956             (0.988830 0.0299907 0)             (0.988802 -0.0299022 0)
        1.196             (0.988938 0.0302718 0)             (0.988909 -0.0301822 0)
       1.1964             (0.989045 0.0305520 0)             (0.989016 -0.0304614 0)
       1.1968             (0.989153 0.0308312 0)             (0.989123 -0.0307397 0)
       1.1972             (0.989260 0.0311095 0)             (0.989230 -0.0310170 0)
       1.1976             (0.989367 0.0313869 0)             (0.989336 -0.0312934 0)
        1.198             (0.989474 0.0316634 0)             (0.989443 -0.0315689 0)
       1.1984             (0.989581 0.0319389 0)             (0.989549 -0.0318434 0)
       1.1988             (0.989688 0.0322134 0)             (0.989655 -0.0321170 0)
       1.1992             (0.989794 0.0324871 0)             (0.989761 -0.0323897 0)
       1.1996             (0.989901 0.0327597 0)             (0.989867 -0.0326614 0)
          1.2             (0.990007 0.0330314 0)             (0.989973 -0.0329321 0)
       1.2004             (0.990113 0.0333021 0)             (0.990079 -0.0332018 0)
       1.2008             (0.990219 0.0335719 0)             (0.990184 -0.0334706 0)
       1.2012             (0.990325 0.0338407 0)             (0.990289 -0.0337384 0)
       1.2016             (0.990430 0.0341084 0)             (0.990394 -0.0340053 0)
        1.202             (0.990536 0.0343752 0)             (0.990499 -0.0342711 0)
       1.2024             (0.990641 0.0346410 0)             (0.990604 -0.0345359 0)
       1.2028             (0.990746 0.0349058 0)             (0.990708 -0.0347998 0)
       1.2032             (0.990851 0.0351696 0)             (0.990813 -0.0350626 0)
       1.2036             (0.990956 0.0354324 0)             (0.990917 -0.0353244 0)
        1.204             (0.991060 0.0356941 0)             (0.991021 -0.0355852 0)
       1.2044             (0.991165 0.0359548 0)             (0.991125 -0.0358450 0)
       1.2048             (0.991269 0.0362145 0)             (0.991228 -0.0361038 0)
       1.2052             (0.991373 0.0364732 0)             (0.991332 -0.0363615 0)
       1.2056             (0.991476 0.0367308 0)             (0.991435 -0.0366182 0)
        1.206             (0.991580 0.0369874 0)             (0.991538 -0.0368738 0)
       1.2064             (0.991683 0.0372429 0)             (0.991641 -0.0371284 0)
       1.2068             (0.991786 0.0374974 0)             (0.991743 -0.0373820 0)
       1.2072             (0.991889 0.0377508 0)             (0.991846 -0.0376345 0)
       1.2076             (0.991992 0.0380032 0)             (0.991948 -0.0378859 0)
        1.208             (0.992094 0.0382545 0)             (0.992050 -0.0381362 0)
       1.2084             (0.992197 0.0385047 0)             (0.992152 -0.0383855 0)
       1.2088             (0.992299 0.0387538 0)             (0.992253 -0.0386338 0)
       1.2092             (0.992400 0.0390019 0)             (0.992354 -0.0388809 0)
       1.2096             (0.992502 0.0392488 0)             (0.992455 -0.0391269 0)
         1.21             (0.992603 0.0394947 0)             (0.992556 -0.0393719 0)
       1.2104             (0.992704 0.0397395 0)             (0.992657 -0.0396158 0)
       1.2108             (0.992805 0.0399832 0)             (0.992757 -0.0398585 0)
       1.2112             (0.992905 0.0402257 0)             (0.992857 -0.0401002 0)
       1.2116             (0.993006 0.0404672 0)             (0.992957 -0.0403408 0)
        1.212             (0.993106 0.0407075 0)             (0.993056 -0.0405802 0)
       1.2124             (0.993205 0.0409468 0)             (0.993155 -0.0408185 0)
       1.2128             (0.993305 0.0411849 0)             (0.993254 -0.0410558 0)
       1.2132             (0.993404 0.0414219 0)             (0.993353 -0.0412918 0)
       1.2136             (0.993503 0.0416577 0)             (0.993451 -0.0415268 0)
        1.214             (0.993602 0.0418924 0)             (0.993550 -0.0417606 0)
       1.2144             (0.993700 0.0421260 0)             (0.993647 -0.0419933 0)
       1.2148             (0.993798 0.0423584 0)             (0.993745 -0.0422249 0)
       1.2152             (0.993896 0.0425897 0)             (0.993842 -0.0424553 0)
       1.2156             (0.993993 0.0428198 0)             (0.993939 -0.0426845 0)
        1.216             (0.994091 0.0430488 0)             (0.994036 -0.0429126 0)
       1.2164             (0.994188 0.0432766 0)             (0.994133 -0.0431396 0)
       1.2168             (0.994284 0.0435033 0)             (0.994229 -0.0433654 0)
       1.2172             (0.994381 0.0437288 0)             (0.994325 -0.0435900 0)
       1.2176             (0.994477 0.0439531 0)             (0.994420 -0.0438135 0)
        1.218             (0.994572 0.0441763 0)             (0.994515 -0.0440357 0)
       1.2184             (0.994668 0.0443982 0)             (0.994610 -0.0442569 0)
       1.2188             (0.994763 0.0446190 0)             (0.994705 -0.0444768 0)
       1.2192             (0.994858 0.0448386 0)             (0.994799 -0.0446956 0)
       1.2196             (0.994952 0.0450571 0)             (0.994893 -0.0449131 0)
         1.22             (0.995046 0.0452743 0)             (0.994987 -0.0451295 0)
       1.2204             (0.995140 0.0454903 0)             (0.995080 -0.0453447 0)
       1.2208             (0.995234 0.0457052 0)             (0.995173 -0.0455587 0)
       1.2212             (0.995327 0.0459188 0)             (0.995266 -0.0457715 0)
       1.2216             (0.995420 0.0461312 0)             (0.995358 -0.0459831 0)
        1.222             (0.995512 0.0463425 0)             (0.995450 -0.0461935 0)
       1.2224             (0.995604 0.0465525 0)             (0.995542 -0.0464027 0)
       1.2228             (0.995696 0.0467613 0)             (0.995634 -0.0466106 0)
       1.2232             (0.995787 0.0469689 0)             (0.995725 -0.0468174 0)
       1.2236             (0.995879 0.0471753 0)             (0.995815 -0.0470230 0)
        1.224             (0.995969 0.0473804 0)             (0.995905 -0.0472273 0)
       1.2244             (0.996060 0.0475843 0)             (0.995995 -0.0474304 0)
       1.2248             (0.996150 0.0477870 0)             (0.996085 -0.0476323 0)
       1.2252             (0.996239 0.0479885 0)             (0.996174 -0.0478329 0)
       1.2256             (0.996329 0.0481887 0)             (0.996263 -0.0480324 0)
        1.226             (0.996418 0.0483877 0)             (0.996352 -0.0482305 0)
       1.2264             (0.996506 0.0485855 0)             (0.996440 -0.0484275 0)
       1.2268             (0.996594 0.0487820 0)             (0.996527 -0.0486232 0)
       1.2272             (0.996682 0.0489773 0)             (0.996615 -0.0488177 0)
       1.2276             (0.996770 0.0491713 0)             (0.996702 -0.0490109 0)
        1.228             (0.996857 0.0493641 0)             (0.996788 -0.0492029 0)
       1.2284             (0.996943 0.0495557 0)             (0.996875 -0.0493937 0)
       1.2288             (0.997030 0.0497459 0)             (0.996961 -0.0495832 0)
       1.2292             (0.997116 0.0499350 0)             (0.997046 -0.0497714 0)
       1.2296             (0.997201 0.0501228 0)             (0.997131 -0.0499584 0)
         1.23             (0.997286 0.0503093 0)             (0.997216 -0.0501441 0)
       1.2304             (0.997371 0.0504945 0)             (0.997300 -0.0503286 0)
       1.2308             (0.997455 0.0506785 0)             (0.997384 -0.0505118 0)
       1.2312             (0.997539 0.0508612 0)             (0.997467 -0.0506938 0)
       1.2316             (0.997623 0.0510427 0)             (0.997551 -0.0508745 0)
        1.232             (0.997706 0.0512229 0)             (0.997633 -0.0510539 0)
       1.2324             (0.997788 0.0514018 0)             (0.997715 -0.0512320 0)
       1.2328             (0.997871 0.0515794 0)             (0.997797 -0.0514089 0)
       1.2332             (0.997953 0.0517558 0)             (0.997879 -0.0515845 0)
       1.2336             (0.998034 0.0519309 0)             (0.997960 -0.0517589 0)
        1.234             (0.998115 0.0521047 0)             (0.998040 -0.0519319 0)
       1.2344             (0.998196 0.0522773 0)             (0.998121 -0.0521037 0)
       1.2348             (0.998276 0.0524485 0)             (0.998200 -0.0522742 0)
       1.2352             (0.998355 0.0526185 0)             (0.998280 -0.0524435 0)
       1.2356             (0.998435 0.0527872 0)             (0.998359 -0.0526114 0)
        1.236             (0.998514 0.0529546 0)             (0.998437 -0.0527781 0)
       1.2364             (0.998592 0.0531207 0)             (0.998515 -0.0529435 0)
       1.2368             (0.998670 0.0532855 0)             (0.998593 -0.0531076 0)
       1.2372             (0.998748 0.0534490 0)             (0.998670 -0.0532704 0)
       1.2376             (0.998825 0.0536113 0)             (0.998747 -0.0534319 0)
        1.238             (0.998901 0.0537722 0)             (0.998823 -0.0535921 0)
       1.2384             (0.998978 0.0539319 0)             (0.998899 -0.0537511 0)
       1.2388             (0.999053 0.0540903 0)             (0.998974 -0.0539087 0)
       1.2392             (0.999129 0.0542473 0)             (0.999049 -0.0540651 0)
       1.2396             (0.999203 0.0544031 0)             (0.999123 -0.0542201 0)
         1.24             (0.999278 0.0545576 0)             (0.999197 -0.0543739 0)
       1.2404             (0.999352 0.0547108 0)             (0.999271 -0.0545264 0)
       1.2408             (0.999425 0.0548626 0)             (0.999344 -0.0546775 0)
       1.2412             (0.999498 0.0550132 0)             (0.999417 -0.0548274 0)
       1.2416             (0.999571 0.0551625 0)             (0.999489 -0.0549760 0)
        1.242             (0.999643 0.0553105 0)             (0.999561 -0.0551233 0)
       1.2424             (0.999714 0.0554571 0)             (0.999632 -0.0552692 0)
       1.2428             (0.999786 0.0556025 0)             (0.999703 -0.0554139 0)
       1.2432             (0.999856 0.0557466 0)             (0.999773 -0.0555573 0)
       1.2436             (0.999926 0.0558893 0)             (0.999843 -0.0556994 0)
        1.244             (0.999996 0.0560308 0)             (0.999912 -0.0558402 0)
       1.2444             (1.000065 0.0561709 0)             (0.999981 -0.0559796 0)
       1.2448             (1.000134 0.0563098 0)             (1.000049 -0.0561178 0)
       1.2452             (1.000202 0.0564473 0)             (1.000117 -0.0562547 0)
       1.2456             (1.000270 0.0565835 0)             (1.000185 -0.0563902 0)
        1.246             (1.000337 0.0567185 0)             (1.000252 -0.0565245 0)
       1.2464             (1.000404 0.0568521 0)             (1.000318 -0.0566574 0)
       1.2468             (1.000470 0.0569844 0)             (1.000384 -0.0567891 0)
       1.2472             (1.000536 0.0571154 0)             (1.000449 -0.0569194 0)
       1.2476             (1.000601 0.0572451 0)             (1.000514 -0.0570485 0)
        1.248             (1.000666 0.0573734 0)             (1.000579 -0.0571762 0)
       1.2484             (1.000731 0.0575005 0)             (1.000643 -0.0573026 0)
       1.2488             (1.000794 0.0576263 0)             (1.000706 -0.0574278 0)
       1.2492             (1.000858 0.0577507 0)             (1.000769 -0.0575516 0)
       1.2496             (1.000920 0.0578739 0)             (1.000832 -0.0576741 0)
         1.25             (1.000983 0.0579957 0)             (1.000894 -0.0577953 0)
       1.2504             (1.001044 0.0581163 0)             (1.000955 -0.0579152 0)
       1.2508             (1.001106 0.0582355 0)             (1.001016 -0.0580338 0)
       1.2512             (1.001166 0.0583534 0)             (1.001077 -0.0581511 0)
       1.2516             (1.001227 0.0584700 0)             (1.001137 -0.0582671 0)
        1.252             (1.001286 0.0585853 0)             (1.001196 -0.0583818 0)
       1.2524             (1.001346 0.0586993 0)             (1.001255 -0.0584952 0)
       1.2528             (1.001404 0.0588120 0)             (1.001313 -0.0586073 0)
       1.2532             (1.001462 0.0589234 0)             (1.001371 -0.0587180 0)
       1.2536             (1.001520 0.0590335 0)             (1.001429 -0.0588275 0)
        1.254             (1.001577 0.0591423 0)             (1.001485 -0.0589357 0)
       1.2544             (1.001634 0.0592498 0)             (1.001542 -0.0590426 0)
       1.2548             (1.001690 0.0593559 0)             (1.001597 -0.0591481 0)
       1.2552             (1.001745 0.0594608 0)             (1.001653 -0.0592524 0)
       1.2556             (1.001800 0.0595644 0)             (1.001707 -0.0593554 0)
        1.256             (1.001855 0.0596666 0)             (1.001762 -0.0594571 0)
       1.2564             (1.001909 0.0597676 0)             (1.001815 -0.0595574 0)
       1.2568             (1.001962 0.0598673 0)             (1.001869 -0.0596565 0)
       1.2572             (1.002015 0.0599656 0)             (1.001921 -0.0597543 0)
       1.2576             (1.002068 0.0600627 0)             (1.001973 -0.0598508 0)
        1.258             (1.002119 0.0601585 0)             (1.002025 -0.0599460 0)
       1.2584             (1.002171 0.0602530 0)             (1.002076 -0.0600399 0)
       1.2588             (1.002221 0.0603461 0)             (1.002126 -0.0601325 0)
       1.2592             (1.002272 0.0604380 0)             (1.002176 -0.0602238 0)
       1.2596             (1.002321 0.0605286 0)             (1.002226 -0.0603139 0)
         1.26             (1.002370 0.0606179 0)             (1.002275 -0.0604026 0)
       1.2604             (1.002419 0.0607059 0)             (1.002323 -0.0604901 0)
       1.2608             (1.002467 0.0607926 0)             (1.002371 -0.0605762 0)
       1.2612             (1.002515 0.0608781 0)             (1.002418 -0.0606611 0)
       1.2616             (1.002562 0.0609622 0)             (1.002465 -0.0607447 0)
        1.262             (1.002608 0.0610451 0)             (1.002511 -0.0608270 0)
       1.2624             (1.002654 0.0611266 0)             (1.002556 -0.0609080 0)
       1.2628             (1.002699 0.0612069 0)             (1.002602 -0.0609878 0)
       1.2632             (1.002744 0.0612859 0)             (1.002646 -0.0610663 0)
       1.2636             (1.002788 0.0613637 0)             (1.002690 -0.0611435 0)
        1.264             (1.002832 0.0614401 0)             (1.002733 -0.0612194 0)
       1.2644             (1.002875 0.0615153 0)             (1.002776 -0.0612940 0)
       1.2648             (1.002917 0.0615892 0)             (1.002819 -0.0613674 0)
       1.2652             (1.002959 0.0616618 0)             (1.002860 -0.0614395 0)
       1.2656             (1.003001 0.0617331 0)             (1.002902 -0.0615103 0)
        1.266             (1.003042 0.0618032 0)             (1.002942 -0.0615799 0)
       1.2664             (1.003082 0.0618720 0)             (1.002982 -0.0616482 0)
       1.2668             (1.003122 0.0619395 0)             (1.003022 -0.0617152 0)
       1.2672             (1.003161 0.0620058 0)             (1.003061 -0.0617810 0)
       1.2676             (1.003200 0.0620708 0)             (1.003100 -0.0618455 0)
        1.268             (1.003238 0.0621346 0)             (1.003137 -0.0619087 0)
       1.2684             (1.003275 0.0621970 0)             (1.003175 -0.0619707 0)
       1.2688             (1.003312 0.0622583 0)             (1.003212 -0.0620314 0)
       1.2692             (1.003349 0.0623182 0)             (1.003248 -0.0620909 0)
       1.2696             (1.003384 0.0623769 0)             (1.003283 -0.0621491 0)
         1.27             (1.003420 0.0624344 0)             (1.003319 -0.0622061 0)
       1.2704             (1.003454 0.0624906 0)             (1.003353 -0.0622618 0)
       1.2708             (1.003489 0.0625455 0)             (1.003387 -0.0623163 0)
       1.2712             (1.003522 0.0625993 0)             (1.003420 -0.0623695 0)
       1.2716             (1.003555 0.0626517 0)             (1.003453 -0.0624215 0)
        1.272             (1.003588 0.0627029 0)             (1.003486 -0.0624723 0)
       1.2724             (1.003619 0.0627529 0)             (1.003517 -0.0625218 0)
       1.2728             (1.003651 0.0628016 0)             (1.003549 -0.0625701 0)
       1.2732             (1.003682 0.0628492 0)             (1.003579 -0.0626171 0)
       1.2736             (1.003712 0.0628954 0)             (1.003609 -0.0626629 0)
        1.274             (1.003741 0.0629405 0)             (1.003639 -0.0627075 0)
       1.2744             (1.003770 0.0629843 0)             (1.003668 -0.0627509 0)
       1.2748             (1.003799 0.0630268 0)             (1.003696 -0.0627930 0)
       1.2752             (1.003827 0.0630682 0)             (1.003724 -0.0628339 0)
       1.2756             (1.003854 0.0631083 0)             (1.003751 -0.0628736 0)
        1.276             (1.003881 0.0631472 0)             (1.003778 -0.0629120 0)
       1.2764             (1.003907 0.0631849 0)             (1.003804 -0.0629493 0)
       1.2768             (1.003933 0.0632214 0)             (1.003829 -0.0629853 0)
       1.2772             (1.003958 0.0632566 0)             (1.003854 -0.0630202 0)
       1.2776             (1.003983 0.0632907 0)             (1.003879 -0.0630538 0)
        1.278             (1.004007 0.0633235 0)             (1.003903 -0.0630862 0)
       1.2784             (1.004030 0.0633552 0)             (1.003926 -0.0631174 0)
       1.2788             (1.004053 0.0633856 0)             (1.003949 -0.0631474 0)
       1.2792             (1.004075 0.0634148 0)             (1.003971 -0.0631762 0)
       1.2796             (1.004097 0.0634428 0)             (1.003992 -0.0632039 0)
         1.28             (1.004118 0.0634697 0)             (1.004013 -0.0632303 0)
       1.2804             (1.004139 0.0634953 0)             (1.004034 -0.0632555 0)
       1.2808             (1.004159 0.0635198 0)             (1.004054 -0.0632796 0)
       1.2812             (1.004178 0.0635430 0)             (1.004073 -0.0633024 0)
       1.2816             (1.004197 0.0635651 0)             (1.004092 -0.0633241 0)
        1.282             (1.004215 0.0635860 0)             (1.004110 -0.0633446 0)
       1.2824             (1.004233 0.0636057 0)             (1.004128 -0.0633639 0)
       1.2828             (1.004250 0.0636243 0)             (1.004145 -0.0633821 0)
       1.2832             (1.004267 0.0636416 0)             (1.004161 -0.0633991 0)
       1.2836             (1.004283 0.0636578 0)             (1.004177 -0.0634149 0)
        1.284             (1.004298 0.0636729 0)             (1.004193 -0.0634295 0)
       1.2844             (1.004313 0.0636867 0)             (1.004207 -0.0634430 0)
       1.2848             (1.004327 0.0636994 0)             (1.004222 -0.0634553 0)
       1.2852             (1.004341 0.0637110 0)             (1.004235 -0.0634665 0)
       1.2856             (1.004354 0.0637213 0)             (1.004249 -0.0634765 0)
        1.286             (1.004367 0.0637306 0)             (1.004261 -0.0634854 0)
       1.2864             (1.004379 0.0637386 0)             (1.004273 -0.0634931 0)
       1.2868             (1.004391 0.0637456 0)             (1.004285 -0.0634997 0)
       1.2872             (1.004402 0.0637514 0)             (1.004296 -0.0635051 0)
       1.2876             (1.004412 0.0637560 0)             (1.004306 -0.0635094 0)
        1.288             (1.004422 0.0637595 0)             (1.004316 -0.0635125 0)
       1.2884             (1.004431 0.0637619 0)             (1.004325 -0.0635146 0)
       1.2888             (1.004440 0.0637631 0)             (1.004334 -0.0635154 0)
       1.2892             (1.004448 0.0637632 0)             (1.004342 -0.0635152 0)
       1.2896             (1.004456 0.0637622 0)             (1.004349 -0.0635139 0)
         1.29             (1.004463 0.0637601 0)             (1.004356 -0.0635114 0)
       1.2904             (1.004469 0.0637568 0)             (1.004363 -0.0635078 0)
       1.2908             (1.004475 0.0637524 0)             (1.004369 -0.0635031 0)
       1.2912             (1.004480 0.0637469 0)             (1.004374 -0.0634972 0)
       1.2916             (1.004485 0.0637403 0)             (1.004379 -0.0634903 0)
        1.292             (1.004490 0.0637326 0)             (1.004383 -0.0634823 0)
       1.2924             (1.004493 0.0637238 0)             (1.004387 -0.0634731 0)
       1.2928             (1.004496 0.0637139 0)             (1.004390 -0.0634629 0)
       1.2932             (1.004499 0.0637029 0)             (1.004393 -0.0634516 0)
       1.2936             (1.004501 0.0636908 0)             (1.004395 -0.0634392 0)
        1.294             (1.004503 0.0636776 0)             (1.004396 -0.0634257 0)
       1.2944             (1.004504 0.0636633 0)             (1.004397 -0.0634111 0)
       1.2948             (1.004504 0.0636479 0)             (1.004398 -0.0633954 0)
       1.2952             (1.004504 0.0636315 0)             (1.004397 -0.0633786 0)
       1.2956             (1.004503 0.0636140 0)             (1.004397 -0.0633608 0)
        1.296             (1.004502 0.0635954 0)             (1.004396 -0.0633419 0)
       1.2964             (1.004500 0.0635757 0)             (1.004394 -0.0633220 0)
       1.2968             (1.004498 0.0635550 0)             (1.004392 -0.0633009 0)
       1.2972             (1.004495 0.0635332 0)             (1.004389 -0.0632788 0)
       1.2976             (1.004492 0.0635103 0)             (1.004385 -0.0632557 0)
        1.298             (1.004488 0.0634864 0)             (1.004381 -0.0632315 0)
       1.2984             (1.004483 0.0634614 0)             (1.004377 -0.0632062 0)
       1.2988             (1.004478 0.0634354 0)             (1.004372 -0.0631799 0)
       1.2992             (1.004473 0.0634083 0)             (1.004367 -0.0631526 0)
       1.2996             (1.004467 0.0633802 0)             (1.004360 -0.0631242 0)
          1.3             (1.004460 0.0633510 0)             (1.004354 -0.0630948 0)
       1.3004             (1.004453 0.0633208 0)             (1.004347 -0.0630643 0)
       1.3008             (1.004445 0.0632896 0)             (1.004339 -0.0630328 0)
       1.3012             (1.004437 0.0632573 0)             (1.004331 -0.0630003 0)
       1.3016             (1.004428 0.0632241 0)             (1.004322 -0.0629667 0)
        1.302             (1.004419 0.0631897 0)             (1.004313 -0.0629322 0)
       1.3024             (1.004409 0.0631544 0)             (1.004303 -0.0628966 0)
       1.3028             (1.004399 0.0631181 0)             (1.004293 -0.0628600 0)
       1.3032             (1.004388 0.0630807 0)             (1.004282 -0.0628224 0)
       1.3036             (1.004377 0.0630424 0)             (1.004271 -0.0627838 0)
        1.304             (1.004365 0.0630030 0)             (1.004259 -0.0627442 0)
       1.3044             (1.004353 0.0629626 0)             (1.004247 -0.0627036 0)
       1.3048             (1.004340 0.0629213 0)             (1.004234 -0.0626620 0)
       1.3052             (1.004326 0.0628789 0)             (1.004221 -0.0626194 0)
       1.3056             (1.004313 0.0628356 0)             (1.004207 -0.0625758 0)
        1.306             (1.004298 0.0627912 0)             (1.004193 -0.0625312 0)
       1.3064             (1.004283 0.0627459 0)             (1.004178 -0.0624857 0)
       1.3068             (1.004268 0.0626996 0)             (1.004162 -0.0624392 0)
       1.3072             (1.004252 0.0626523 0)             (1.004146 -0.0623917 0)
       1.3076             (1.004235 0.0626041 0)             (1.004130 -0.0623432 0)
        1.308             (1.004218 0.0625548 0)             (1.004113 -0.0622938 0)
       1.3084             (1.004201 0.0625047 0)             (1.004096 -0.0622434 0)
       1.3088             (1.004183 0.0624535 0)             (1.004078 -0.0621920 0)
       1.3092             (1.004164 0.0624014 0)             (1.004059 -0.0621397 0)
       1.3096             (1.004145 0.0623483 0)             (1.004041 -0.0620864 0)
         1.31             (1.004126 0.0622943 0)             (1.004021 -0.0620322 0)
       1.3104             (1.004106 0.0622394 0)             (1.004001 -0.0619770 0)
       1.3108             (1.004085 0.0621835 0)             (1.003981 -0.0619209 0)
       1.3112             (1.004064 0.0621266 0)             (1.003960 -0.0618639 0)
       1.3116             (1.004043 0.0620688 0)             (1.003939 -0.0618059 0)
        1.312             (1.004021 0.0620101 0)             (1.003917 -0.0617470 0)
       1.3124             (1.003998 0.0619505 0)             (1.003894 -0.0616872 0)
       1.3128             (1.003976 0.0618899 0)             (1.003872 -0.0616264 0)
       1.3132             (1.003952 0.0618284 0)             (1.003848 -0.0615647 0)
       1.3136             (1.003928 0.0617660 0)             (1.003825 -0.0615021 0)
        1.314             (1.003904 0.0617027 0)             (1.003800 -0.0614386 0)
       1.3144             (1.003879 0.0616384 0)             (1.003776 -0.0613742 0)
       1.3148             (1.003854 0.0615733 0)             (1.003750 -0.0613089 0)
       1.3152             (1.003828 0.0615073 0)             (1.003725 -0.0612427 0)
       1.3156             (1.003802 0.0614403 0)             (1.003699 -0.0611756 0)
        1.316             (1.003775 0.0613725 0)             (1.003672 -0.0611075 0)
       1.3164             (1.003748 0.0613037 0)             (1.003645 -0.0610386 0)
       1.3168             (1.003720 0.0612341 0)             (1.003618 -0.0609689 0)
       1.3172             (1.003692 0.0611636 0)             (1.003590 -0.0608982 0)
       1.3176             (1.003663 0.0610922 0)             (1.003561 -0.0608266 0)
        1.318             (1.003634 0.0610199 0)             (1.003532 -0.0607542 0)
       1.3184             (1.003605 0.0609468 0)             (1.003503 -0.0606809 0)
       1.3188             (1.003575 0.0608727 0)             (1.003473 -0.0606067 0)
       1.3192             (1.003544 0.0607978 0)             (1.003443 -0.0605317 0)
       1.3196             (1.003514 0.0607221 0)             (1.003412 -0.0604558 0)
         1.32             (1.003482 0.0606455 0)             (1.003381 -0.0603790 0)
       1.3204             (1.003451 0.0605680 0)             (1.003349 -0.0603014 0)
       1.3208             (1.003418 0.0604897 0)             (1.003317 -0.0602229 0)
       1.3212             (1.003386 0.0604105 0)             (1.003285 -0.0601436 0)
       1.3216             (1.003353 0.0603305 0)             (1.003252 -0.0600635 0)
        1.322             (1.003319 0.0602496 0)             (1.003218 -0.0599825 0)
       1.3224             (1.003285 0.0601679 0)             (1.003185 -0.0599007 0)
       1.3228             (1.003251 0.0600854 0)             (1.003150 -0.0598180 0)
       1.3232             (1.003216 0.0600020 0)             (1.003116 -0.0597345 0)
       1.3236             (1.003181 0.0599178 0)             (1.003081 -0.0596502 0)
        1.324             (1.003145 0.0598328 0)             (1.003045 -0.0595650 0)
       1.3244             (1.003109 0.0597469 0)             (1.003009 -0.0594791 0)
       1.3248             (1.003072 0.0596603 0)             (1.002973 -0.0593923 0)
       1.3252             (1.003035 0.0595728 0)             (1.002936 -0.0593047 0)
       1.3256             (1.002998 0.0594845 0)             (1.002899 -0.0592163 0)
        1.326             (1.002960 0.0593954 0)             (1.002861 -0.0591271 0)
       1.3264             (1.002922 0.0593055 0)             (1.002823 -0.0590371 0)
       1.3268             (1.002883 0.0592148 0)             (1.002785 -0.0589463 0)
       1.3272             (1.002844 0.0591233 0)             (1.002746 -0.0588547 0)
       1.3276             (1.002805 0.0590310 0)             (1.002707 -0.0587623 0)
        1.328             (1.002765 0.0589380 0)             (1.002667 -0.0586692 0)
       1.3284             (1.002724 0.0588441 0)             (1.002627 -0.0585752 0)
       1.3288             (1.002684 0.0587495 0)             (1.002586 -0.0584805 0)
       1.3292             (1.002643 0.0586540 0)             (1.002546 -0.0583849 0)
       1.3296             (1.002601 0.0585578 0)             (1.002504 -0.0582887 0)
         1.33             (1.002559 0.0584609 0)             (1.002463 -0.0581916 0)
       1.3304             (1.002517 0.0583631 0)             (1.002421 -0.0580938 0)
       1.3308             (1.002475 0.0582646 0)             (1.002378 -0.0579952 0)
       1.3312             (1.002432 0.0581654 0)             (1.002335 -0.0578959 0)
       1.3316             (1.002388 0.0580653 0)             (1.002292 -0.0577958 0)
        1.332             (1.002344 0.0579645 0)             (1.002249 -0.0576949 0)
       1.3324             (1.002300 0.0578630 0)             (1.002205 -0.0575933 0)
       1.3328             (1.002256 0.0577607 0)             (1.002160 -0.0574909 0)
       1.3332             (1.002211 0.0576577 0)             (1.002116 -0.0573879 0)
       1.3336             (1.002165 0.0575539 0)             (1.002071 -0.0572840 0)
        1.334             (1.002120 0.0574494 0)             (1.002025 -0.0571795 0)
       1.3344             (1.002074 0.0573442 0)             (1.001979 -0.0570742 0)
       1.3348             (1.002027 0.0572382 0)             (1.001933 -0.0569681 0)
       1.3352             (1.001981 0.0571315 0)             (1.001887 -0.0568614 0)
       1.3356             (1.001933 0.0570241 0)             (1.001840 -0.0567539 0)
        1.336             (1.001886 0.0569160 0)             (1.001793 -0.0566457 0)
       1.3364             (1.001838 0.0568071 0)             (1.001745 -0.0565368 0)
       1.3368             (1.001790 0.0566975 0)             (1.001697 -0.0564272 0)
       1.3372             (1.001741 0.0565872 0)             (1.001649 -0.0563168 0)
       1.3376             (1.001693 0.0564762 0)             (1.001600 -0.0562058 0)
        1.338             (1.001643 0.0563645 0)             (1.001551 -0.0560940 0)
       1.3384             (1.001594 0.0562521 0)             (1.001502 -0.0559816 0)
       1.3388             (1.001544 0.0561390 0)             (1.001452 -0.0558685 0)
       1.3392             (1.001494 0.0560252 0)             (1.001402 -0.0557546 0)
       1.3396             (1.001443 0.0559107 0)             (1.001352 -0.0556401 0)
         1.34             (1.001392 0.0557956 0)             (1.001301 -0.0555249 0)
       1.3404             (1.001341 0.0556797 0)             (1.001250 -0.0554090 0)
       1.3408             (1.001289 0.0555631 0)             (1.001199 -0.0552924 0)
       1.3412             (1.001238 0.0554459 0)             (1.001147 -0.0551752 0)
       1.3416             (1.001185 0.0553280 0)             (1.001095 -0.0550572 0)
        1.342             (1.001133 0.0552094 0)             (1.001043 -0.0549386 0)
       1.3424             (1.001080 0.0550902 0)             (1.000991 -0.0548194 0)
       1.3428             (1.001027 0.0549703 0)             (1.000938 -0.0546994 0)
       1.3432             (1.000973 0.0548497 0)             (1.000884 -0.0545789 0)
       1.3436             (1.000920 0.0547285 0)             (1.000831 -0.0544576 0)
        1.344             (1.000865 0.0546066 0)             (1.000777 -0.0543357 0)
       1.3444             (1.000811 0.0544840 0)             (1.000723 -0.0542131 0)
       1.3448             (1.000756 0.0543608 0)             (1.000669 -0.0540899 0)
       1.3452             (1.000701 0.0542369 0)             (1.000614 -0.0539661 0)
       1.3456             (1.000646 0.0541125 0)             (1.000559 -0.0538416 0)
        1.346             (1.000591 0.0539873 0)             (1.000504 -0.0537164 0)
       1.3464             (1.000535 0.0538615 0)             (1.000448 -0.0535906 0)
       1.3468             (1.000479 0.0537351 0)             (1.000392 -0.0534642 0)
       1.3472             (1.000422 0.0536081 0)             (1.000336 -0.0533372 0)
       1.3476             (1.000365 0.0534804 0)             (1.000280 -0.0532095 0)
        1.348             (1.000308 0.0533521 0)             (1.000223 -0.0530812 0)
       1.3484             (1.000251 0.0532231 0)             (1.000166 -0.0529523 0)
       1.3488             (1.000194 0.0530936 0)             (1.000109 -0.0528227 0)
       1.3492             (1.000136 0.0529634 0)             (1.000051 -0.0526926 0)
       1.3496             (1.000078 0.0528326 0)             (0.999993 -0.0525618 0)
         1.35             (1.000019 0.0527012 0)             (0.999935 -0.0524304 0)
       1.3504             (0.999961 0.0525692 0)             (0.999877 -0.0522984 0)
       1.3508             (0.999902 0.0524365 0)             (0.999818 -0.0521658 0)
       1.3512             (0.999843 0.0523033 0)             (0.999759 -0.0520326 0)
       1.3516             (0.999783 0.0521695 0)             (0.999700 -0.0518988 0)
        1.352             (0.999724 0.0520350 0)             (0.999641 -0.0517644 0)
       1.3524             (0.999664 0.0519000 0)             (0.999581 -0.0516294 0)
       1.3528             (0.999604 0.0517644 0)             (0.999522 -0.0514938 0)
       1.3532             (0.999543 0.0516282 0)             (0.999461 -0.0513576 0)
       1.3536             (0.999482 0.0514914 0)             (0.999401 -0.0512209 0)
        1.354             (0.999422 0.0513540 0)             (0.999341 -0.0510835 0)
       1.3544             (0.999361 0.0512160 0)             (0.999280 -0.0509456 0)
       1.3548             (0.999299 0.0510774 0)             (0.999219 -0.0508071 0)
       1.3552             (0.999238 0.0509383 0)             (0.999157 -0.0506680 0)
       1.3556             (0.999176 0.0507986 0)             (0.999096 -0.0505283 0)
        1.356             (0.999114 0.0506583 0)             (0.999034 -0.0503881 0)
       1.3564             (0.999051 0.0505174 0)             (0.998972 -0.0502473 0)
       1.3568             (0.998989 0.0503760 0)             (0.998910 -0.0501059 0)
       1.3572             (0.998926 0.0502340 0)             (0.998848 -0.0499640 0)
       1.3576             (0.998863 0.0500915 0)             (0.998785 -0.0498215 0)
        1.358             (0.998800 0.0499483 0)             (0.998722 -0.0496784 0)
       1.3584             (0.998737 0.0498047 0)             (0.998659 -0.0495348 0)
       1.3588             (0.998673 0.0496604 0)             (0.998596 -0.0493906 0)
       1.3592             (0.998610 0.0495157 0)             (0.998533 -0.0492459 0)
       1.3596             (0.998546 0.0493703 0)             (0.998469 -0.0491006 0)
         1.36             (0.998482 0.0492245 0)             (0.998405 -0.0489548 0)
       1.3604             (0.998417 0.0490780 0)             (0.998341 -0.0488085 0)
       1.3608             (0.998353 0.0489311 0)             (0.998277 -0.0486616 0)
       1.3612             (0.998288 0.0487835 0)             (0.998212 -0.0485141 0)
       1.3616             (0.998223 0.0486355 0)             (0.998148 -0.0483662 0)
        1.362             (0.998158 0.0484869 0)             (0.998083 -0.0482177 0)
       1.3624             (0.998093 0.0483378 0)             (0.998018 -0.0480686 0)
       1.3628             (0.998027 0.0481881 0)             (0.997953 -0.0479191 0)
       1.3632             (0.997961 0.0480380 0)             (0.997888 -0.0477690 0)
       1.3636             (0.997896 0.0478873 0)             (0.997822 -0.0476183 0)
        1.364             (0.997830 0.0477360 0)             (0.997757 -0.0474672 0)
       1.3644             (0.997763 0.0475843 0)             (0.997691 -0.0473155 0)
       1.3648             (0.997697 0.0474320 0)             (0.997625 -0.0471633 0)
       1.3652             (0.997631 0.0472792 0)             (0.997558 -0.0470106 0)
       1.3656             (0.997564 0.0471259 0)             (0.997492 -0.0468574 0)
        1.366             (0.997497 0.0469721 0)             (0.997426 -0.0467037 0)
       1.3664             (0.997430 0.0468177 0)             (0.997359 -0.0465495 0)
       1.3668             (0.997363 0.0466629 0)             (0.997292 -0.0463947 0)
       1.3672             (0.997296 0.0465075 0)             (0.997225 -0.0462395 0)
       1.3676             (0.997228 0.0463517 0)             (0.997158 -0.0460837 0)
        1.368             (0.997161 0.0461953 0)             (0.997091 -0.0459275 0)
       1.3684             (0.997093 0.0460385 0)             (0.997023 -0.0457707 0)
       1.3688             (0.997025 0.0458811 0)             (0.996956 -0.0456135 0)
       1.3692             (0.996957 0.0457232 0)             (0.996888 -0.0454557 0)
       1.3696             (0.996889 0.0455649 0)             (0.996820 -0.0452975 0)
         1.37             (0.996821 0.0454060 0)             (0.996752 -0.0451387 0)
       1.3704             (0.996752 0.0452467 0)             (0.996684 -0.0449795 0)
       1.3708             (0.996684 0.0450869 0)             (0.996616 -0.0448198 0)
       1.3712             (0.996615 0.0449266 0)             (0.996548 -0.0446596 0)
       1.3716             (0.996546 0.0447658 0)             (0.996479 -0.0444989 0)
        1.372             (0.996477 0.0446045 0)             (0.996411 -0.0443378 0)
       1.3724             (0.996408 0.0444427 0)             (0.996342 -0.0441761 0)
       1.3728             (0.996339 0.0442805 0)             (0.996273 -0.0440140 0)
       1.3732             (0.996270 0.0441177 0)             (0.996204 -0.0438514 0)
       1.3736             (0.996200 0.0439545 0)             (0.996135 -0.0436884 0)
        1.374             (0.996131 0.0437909 0)             (0.996066 -0.0435248 0)
       1.3744             (0.996061 0.0436267 0)             (0.995997 -0.0433608 0)
       1.3748             (0.995991 0.0434621 0)             (0.995927 -0.0431963 0)
       1.3752             (0.995922 0.0432970 0)             (0.995858 -0.0430314 0)
       1.3756             (0.995852 0.0431315 0)             (0.995788 -0.0428660 0)
        1.376             (0.995782 0.0429655 0)             (0.995719 -0.0427001 0)
       1.3764             (0.995712 0.0427990 0)             (0.995649 -0.0425338 0)
       1.3768             (0.995641 0.0426321 0)             (0.995579 -0.0423670 0)
       1.3772             (0.995571 0.0424647 0)             (0.995509 -0.0421997 0)
       1.3776             (0.995501 0.0422968 0)             (0.995439 -0.0420320 0)
        1.378             (0.995430 0.0421285 0)             (0.995369 -0.0418639 0)
       1.3784             (0.995360 0.0419597 0)             (0.995299 -0.0416953 0)
       1.3788             (0.995289 0.0417905 0)             (0.995229 -0.0415262 0)
       1.3792             (0.995218 0.0416208 0)             (0.995158 -0.0413567 0)
       1.3796             (0.995148 0.0414507 0)             (0.995088 -0.0411867 0)
         1.38             (0.995077 0.0412801 0)             (0.995017 -0.0410163 0)
       1.3804             (0.995006 0.0411091 0)             (0.994947 -0.0408454 0)
       1.3808             (0.994935 0.0409377 0)             (0.994876 -0.0406741 0)
       1.3812             (0.994864 0.0407657 0)             (0.994805 -0.0405024 0)
       1.3816             (0.994793 0.0405934 0)             (0.994735 -0.0403302 0)
        1.382             (0.994721 0.0404206 0)             (0.994664 -0.0401576 0)
       1.3824             (0.994650 0.0402474 0)             (0.994593 -0.0399845 0)
       1.3828             (0.994579 0.0400737 0)             (0.994522 -0.0398110 0)
       1.3832             (0.994507 0.0398996 0)             (0.994451 -0.0396371 0)
       1.3836             (0.994436 0.0397251 0)             (0.994380 -0.0394627 0)
        1.384             (0.994365 0.0395501 0)             (0.994309 -0.0392879 0)
       1.3844             (0.994293 0.0393747 0)             (0.994238 -0.0391127 0)
       1.3848             (0.994221 0.0391989 0)             (0.994166 -0.0389371 0)
       1.3852             (0.994150 0.0390226 0)             (0.994095 -0.0387610 0)
       1.3856             (0.994078 0.0388459 0)             (0.994024 -0.0385845 0)
        1.386             (0.994007 0.0386688 0)             (0.993952 -0.0384076 0)
       1.3864             (0.993935 0.0384913 0)             (0.993881 -0.0382302 0)
       1.3868             (0.993863 0.0383133 0)             (0.993810 -0.0380524 0)
       1.3872             (0.993791 0.0381349 0)             (0.993738 -0.0378742 0)
       1.3876             (0.993719 0.0379561 0)             (0.993667 -0.0376956 0)
        1.388             (0.993648 0.0377769 0)             (0.993595 -0.0375166 0)
       1.3884             (0.993576 0.0375972 0)             (0.993524 -0.0373371 0)
       1.3888             (0.993504 0.0374172 0)             (0.993452 -0.0371573 0)
       1.3892             (0.993432 0.0372367 0)             (0.993381 -0.0369770 0)
       1.3896             (0.993360 0.0370558 0)             (0.993309 -0.0367963 0)
         1.39             (0.993288 0.0368745 0)             (0.993237 -0.0366152 0)
       1.3904             (0.993216 0.0366928 0)             (0.993166 -0.0364337 0)
       1.3908             (0.993144 0.0365107 0)             (0.993094 -0.0362518 0)
       1.3912             (0.993072 0.0363281 0)             (0.993023 -0.0360694 0)
       1.3916             (0.993000 0.0361452 0)             (0.992951 -0.0358867 0)
        1.392             (0.992928 0.0359618 0)             (0.992879 -0.0357036 0)
       1.3924             (0.992856 0.0357781 0)             (0.992808 -0.0355200 0)
       1.3928             (0.992784 0.0355939 0)             (0.992736 -0.0353361 0)
       1.3932             (0.992712 0.0354094 0)             (0.992664 -0.0351517 0)
       1.3936             (0.992640 0.0352244 0)             (0.992592 -0.0349670 0)
        1.394             (0.992568 0.0350390 0)             (0.992521 -0.0347818 0)
       1.3944             (0.992496 0.0348533 0)             (0.992449 -0.0345963 0)
       1.3948             (0.992424 0.0346671 0)             (0.992377 -0.0344103 0)
       1.3952             (0.992352 0.0344805 0)             (0.992306 -0.0342240 0)
       1.3956             (0.992280 0.0342936 0)             (0.992234 -0.0340373 0)
        1.396             (0.992208 0.0341062 0)             (0.992162 -0.0338501 0)
       1.3964             (0.992136 0.0339185 0)             (0.992091 -0.0336626 0)
       1.3968             (0.992064 0.0337303 0)             (0.992019 -0.0334747 0)
       1.3972             (0.991992 0.0335418 0)             (0.991948 -0.0332864 0)
       1.3976             (0.991920 0.0333528 0)             (0.991876 -0.0330977 0)
        1.398             (0.991848 0.0331635 0)             (0.991804 -0.0329086 0)
       1.3984             (0.991776 0.0329738 0)             (0.991733 -0.0327191 0)
       1.3988             (0.991704 0.0327837 0)             (0.991661 -0.0325293 0)
       1.3992             (0.991632 0.0325932 0)             (0.991590 -0.0323390 0)
       1.3996             (0.991560 0.0324024 0)             (0.991518 -0.0321484 0)
          1.4             (0.991488 0.0322111 0)             (0.991447 -0.0319574 0)
       1.4004             (0.991417 0.0320195 0)             (0.991376 -0.0317660 0)
       1.4008             (0.991345 0.0318274 0)             (0.991304 -0.0315742 0)
       1.4012             (0.991273 0.0316350 0)             (0.991233 -0.0313820 0)
       1.4016             (0.991202 0.0314422 0)             (0.991162 -0.0311895 0)
        1.402             (0.991130 0.0312491 0)             (0.991090 -0.0309966 0)
       1.4024             (0.991058 0.0310555 0)             (0.991019 -0.0308033 0)
       1.4028             (0.990987 0.0308616 0)             (0.990948 -0.0306096 0)
       1.4032             (0.990915 0.0306673 0)             (0.990877 -0.0304156 0)
       1.4036             (0.990844 0.0304726 0)             (0.990806 -0.0302211 0)
        1.404             (0.990772 0.0302775 0)             (0.990735 -0.0300263 0)
       1.4044             (0.990701 0.0300821 0)             (0.990664 -0.0298312 0)
       1.4048             (0.990630 0.0298863 0)             (0.990593 -0.0296356 0)
       1.4052             (0.990559 0.0296901 0)             (0.990522 -0.0294397 0)
       1.4056             (0.990487 0.0294935 0)             (0.990451 -0.0292434 0)
        1.406             (0.990416 0.0292966 0)             (0.990380 -0.0290467 0)
       1.4064             (0.990345 0.0290993 0)             (0.990309 -0.0288497 0)
       1.4068             (0.990274 0.0289016 0)             (0.990239 -0.0286523 0)
       1.4072             (0.990203 0.0287036 0)             (0.990168 -0.0284545 0)
       1.4076             (0.990132 0.0285052 0)             (0.990097 -0.0282564 0)
        1.408             (0.990061 0.0283064 0)             (0.990027 -0.0280579 0)
       1.4084             (0.989990 0.0281073 0)             (0.989956 -0.0278590 0)
       1.4088             (0.989920 0.0279078 0)             (0.989886 -0.0276598 0)
       1.4092             (0.989849 0.0277079 0)             (0.989816 -0.0274602 0)
       1.4096             (0.989778 0.0275077 0)             (0.989746 -0.0272603 0)
         1.41             (0.989708 0.0273071 0)             (0.989675 -0.0270600 0)
       1.4104             (0.989637 0.0271061 0)             (0.989605 -0.0268593 0)
       1.4108             (0.989567 0.0269048 0)             (0.989535 -0.0266582 0)
       1.4112             (0.989497 0.0267031 0)             (0.989465 -0.0264568 0)
       1.4116             (0.989426 0.0265010 0)             (0.989395 -0.0262551 0)
        1.412             (0.989356 0.0262986 0)             (0.989325 -0.0260530 0)
       1.4124             (0.989286 0.0260959 0)             (0.989256 -0.0258505 0)
       1.4128             (0.989216 0.0258928 0)             (0.989186 -0.0256477 0)
       1.4132             (0.989146 0.0256893 0)             (0.989116 -0.0254445 0)
       1.4136             (0.989076 0.0254854 0)             (0.989047 -0.0252410 0)
        1.414             (0.989006 0.0252813 0)             (0.988977 -0.0250371 0)
       1.4144             (0.988937 0.0250767 0)             (0.988908 -0.0248328 0)
       1.4148             (0.988867 0.0248718 0)             (0.988839 -0.0246282 0)
       1.4152             (0.988798 0.0246666 0)             (0.988770 -0.0244233 0)
       1.4156             (0.988728 0.0244610 0)             (0.988700 -0.0242180 0)
        1.416             (0.988659 0.0242550 0)             (0.988631 -0.0240123 0)
       1.4164             (0.988589 0.0240487 0)             (0.988563 -0.0238064 0)
       1.4168             (0.988520 0.0238420 0)             (0.988494 -0.0236000 0)
       1.4172             (0.988451 0.0236350 0)             (0.988425 -0.0233933 0)
       1.4176             (0.988382 0.0234277 0)             (0.988356 -0.0231863 0)
        1.418             (0.988313 0.0232200 0)             (0.988288 -0.0229789 0)
       1.4184             (0.988244 0.0230119 0)             (0.988219 -0.0227712 0)
       1.4188             (0.988176 0.0228035 0)             (0.988151 -0.0225631 0)
       1.4192             (0.988107 0.0225948 0)             (0.988083 -0.0223547 0)
       1.4196             (0.988038 0.0223857 0)             (0.988014 -0.0221459 0)
         1.42             (0.987970 0.0221763 0)             (0.987946 -0.0219368 0)
       1.4204             (0.987902 0.0219665 0)             (0.987878 -0.0217274 0)
       1.4208             (0.987833 0.0217564 0)             (0.987810 -0.0215176 0)
       1.4212             (0.987765 0.0215460 0)             (0.987742 -0.0213075 0)
       1.4216             (0.987697 0.0213352 0)             (0.987675 -0.0210970 0)
        1.422             (0.987629 0.0211240 0)             (0.987607 -0.0208862 0)
       1.4224             (0.987561 0.0209126 0)             (0.987540 -0.0206750 0)
       1.4228             (0.987494 0.0207007 0)             (0.987472 -0.0204636 0)
       1.4232             (0.987426 0.0204886 0)             (0.987405 -0.0202518 0)
       1.4236             (0.987359 0.0202761 0)             (0.987338 -0.0200396 0)
        1.424             (0.987291 0.0200633 0)             (0.987271 -0.0198271 0)
       1.4244             (0.987224 0.0198501 0)             (0.987204 -0.0196143 0)
       1.4248             (0.987157 0.0196366 0)             (0.987137 -0.0194012 0)
       1.4252             (0.987090 0.0194228 0)             (0.987070 -0.0191877 0)
       1.4256             (0.987023 0.0192087 0)             (0.987003 -0.0189739 0)
        1.426             (0.986956 0.0189942 0)             (0.986937 -0.0187597 0)
       1.4264             (0.986889 0.0187794 0)             (0.986870 -0.0185453 0)
       1.4268             (0.986822 0.0185642 0)             (0.986804 -0.0183305 0)
       1.4272             (0.986756 0.0183487 0)             (0.986738 -0.0181153 0)
       1.4276             (0.986689 0.0181329 0)             (0.986672 -0.0178999 0)
        1.428             (0.986623 0.0179168 0)             (0.986606 -0.0176841 0)
       1.4284             (0.986557 0.0177003 0)             (0.986540 -0.0174680 0)
       1.4288             (0.986491 0.0174835 0)             (0.986474 -0.0172516 0)
       1.4292             (0.986425 0.0172664 0)             (0.986409 -0.0170348 0)
       1.4296             (0.986359 0.0170490 0)             (0.986343 -0.0168178 0)
         1.43             (0.986293 0.0168312 0)             (0.986278 -0.0166004 0)
       1.4304             (0.986228 0.0166131 0)             (0.986212 -0.0163826 0)
       1.4308             (0.986162 0.0163947 0)             (0.986147 -0.0161646 0)
       1.4312             (0.986097 0.0161760 0)             (0.986082 -0.0159463 0)
       1.4316             (0.986031 0.0159570 0)             (0.986017 -0.0157276 0)
        1.432             (0.985966 0.0157376 0)             (0.985952 -0.0155086 0)
       1.4324             (0.985901 0.0155179 0)             (0.985888 -0.0152893 0)
       1.4328             (0.985836 0.0152979 0)             (0.985823 -0.0150697 0)
       1.4332             (0.985772 0.0150776 0)             (0.985759 -0.0148497 0)
       1.4336             (0.985707 0.0148570 0)             (0.985694 -0.0146295 0)
        1.434             (0.985642 0.0146360 0)             (0.985630 -0.0144089 0)
       1.4344             (0.985578 0.0144148 0)             (0.985566 -0.0141880 0)
       1.4348             (0.985514 0.0141932 0)             (0.985502 -0.0139668 0)
       1.4352             (0.985449 0.0139713 0)             (0.985438 -0.0137453 0)
       1.4356             (0.985385 0.0137491 0)             (0.985374 -0.0135235 0)
        1.436             (0.985321 0.0135266 0)             (0.985311 -0.0133014 0)
       1.4364             (0.985258 0.0133038 0)             (0.985247 -0.0130790 0)
       1.4368             (0.985194 0.0130807 0)             (0.985184 -0.0128563 0)
       1.4372             (0.985130 0.0128573 0)             (0.985121 -0.0126332 0)
       1.4376             (0.985067 0.0126336 0)             (0.985058 -0.0124099 0)
        1.438             (0.985004 0.0124095 0)             (0.984995 -0.0121863 0)
       1.4384             (0.984941 0.0121852 0)             (0.984932 -0.0119623 0)
       1.4388             (0.984878 0.0119606 0)             (0.984869 -0.0117381 0)
       1.4392             (0.984815 0.0117356 0)             (0.984807 -0.0115136 0)
       1.4396             (0.984752 0.0115104 0)             (0.984744 -0.0112887 0)
         1.44             (0.984689 0.0112849 0)             (0.984682 -0.0110636 0)
       1.4404             (0.984627 0.0110590 0)             (0.984619 -0.0108382 0)
       1.4408             (0.984564 0.0108329 0)             (0.984557 -0.0106124 0)
       1.4412             (0.984502 0.0106065 0)             (0.984495 -0.0103864 0)
       1.4416             (0.984440 0.0103798 0)             (0.984434 -0.0101601 0)
        1.442             (0.984378 0.0101527 0)             (0.984372 -0.0099335 0)
       1.4424             (0.984316 0.0099254 0)             (0.984310 -0.0097066 0)
       1.4428             (0.984254 0.0096978 0)             (0.984249 -0.0094794 0)
       1.4432             (0.984192 0.0094700 0)             (0.984187 -0.0092519 0)
       1.4436             (0.984131 0.0092418 0)             (0.984126 -0.0090242 0)
        1.444             (0.984070 0.0090133 0)             (0.984065 -0.0087961 0)
       1.4444             (0.984008 0.0087846 0)             (0.984004 -0.0085678 0)
       1.4448             (0.983947 0.0085555 0)             (0.983943 -0.0083392 0)
       1.4452             (0.983886 0.0083262 0)             (0.983883 -0.0081103 0)
       1.4456             (0.983825 0.0080966 0)             (0.983822 -0.0078811 0)
        1.446             (0.983765 0.0078668 0)             (0.983762 -0.0076517 0)
       1.4464             (0.983704 0.0076366 0)             (0.983701 -0.0074219 0)
       1.4468             (0.983643 0.0074062 0)             (0.983641 -0.0071919 0)
       1.4472             (0.983583 0.0071754 0)             (0.983581 -0.0069617 0)
       1.4476             (0.983523 0.0069445 0)             (0.983521 -0.0067311 0)
        1.448             (0.983463 0.0067132 0)             (0.983461 -0.0065003 0)
       1.4484             (0.983403 0.0064817 0)             (0.983402 -0.0062692 0)
       1.4488             (0.983343 0.0062499 0)             (0.983342 -0.0060378 0)
       1.4492             (0.983283 0.0060178 0)             (0.983283 -0.0058062 0)
       1.4496             (0.983224 0.0057854 0)             (0.983224 -0.0055743 0)
         1.45             (0.983164 0.0055528 0)             (0.983164 -0.0053421 0)
       1.4504             (0.983105 0.0053200 0)             (0.983105 -0.0051096 0)
       1.4508             (0.983046 0.0050868 0)             (0.983047 -0.0048769 0)
       1.4512             (0.982987 0.0048534 0)             (0.982988 -0.0046440 0)
       1.4516             (0.982928 0.0046197 0)             (0.982929 -0.0044108 0)
        1.452             (0.982869 0.0043858 0)             (0.982871 -0.0041773 0)
       1.4524             (0.982810 0.0041516 0)             (0.982812 -0.0039436 0)
       1.4528             (0.982752 0.0039172 0)             (0.982754 -0.0037096 0)
       1.4532             (0.982693 0.0036825 0)             (0.982696 -0.0034753 0)
       1.4536             (0.982635 0.0034476 0)             (0.982638 -0.0032408 0)
        1.454             (0.982577 0.0032124 0)             (0.982580 -0.0030061 0)
       1.4544             (0.982519 0.0029769 0)             (0.982522 -0.0027711 0)
       1.4548             (0.982461 0.0027412 0)             (0.982465 -0.0025359 0)
       1.4552             (0.982403 0.0025053 0)             (0.982407 -0.0023004 0)
       1.4556             (0.982345 0.0022691 0)             (0.982350 -0.0020647 0)
        1.456             (0.982288 0.0020327 0)             (0.982292 -0.0018287 0)
       1.4564             (0.982230 0.0017960 0)             (0.982235 -0.0015925 0)
       1.4568             (0.982173 0.0015591 0)             (0.982178 -0.0013560 0)
       1.4572             (0.982116 0.0013220 0)             (0.982121 -0.0011194 0)
       1.4576             (0.982059 0.0010846 0)             (0.982065 -0.0008825 0)
        1.458             (0.982002 0.0008470 0)             (0.982008 -0.0006453 0)
       1.4584             (0.981945 0.0006091 0)             (0.981951 -0.0004079 0)
       1.4588             (0.981889 0.0003710 0)             (0.981895 -0.0001703 0)
       1.4592             (0.981832 0.0001327 0)             (0.981839 0.0000675 0)
       1.4596             (0.981776 -0.0001058 0)             (0.981783 0.0003056 0)
         1.46             (0.981719 -0.0003445 0)             (0.981727 0.0005439 0)
       1.4604             (0.981663 -0.0005835 0)             (0.981671 0.0007824 0)
       1.4608             (0.981607 -0.0008227 0)             (0.981615 0.0010211 0)
       1.4612             (0.981551 -0.0010621 0)             (0.981559 0.0012600 0)
       1.4616             (0.981495 -0.0013018 0)             (0.981504 0.0014992 0)
        1.462             (0.981440 -0.0015416 0)             (0.981448 0.0017385 0)
       1.4624             (0.981384 -0.0017817 0)             (0.981393 0.0019781 0)
       1.4628             (0.981329 -0.0020220 0)             (0.981338 0.0022179 0)
       1.4632             (0.981273 -0.0022625 0)             (0.981283 0.0024579 0)
       1.4636             (0.981218 -0.0025031 0)             (0.981228 0.0026981 0)
        1.464             (0.981163 -0.0027440 0)             (0.981173 0.0029385 0)
       1.4644             (0.981108 -0.0029851 0)             (0.981118 0.0031791 0)
       1.4648             (0.981053 -0.0032264 0)             (0.981064 0.0034199 0)
       1.4652             (0.980998 -0.0034679 0)             (0.981009 0.0036609 0)
       1.4656             (0.980944 -0.0037096 0)             (0.980955 0.0039021 0)
        1.466             (0.980889 -0.0039515 0)             (0.980901 0.0041435 0)
       1.4664             (0.980835 -0.0041935 0)             (0.980847 0.0043851 0)
       1.4668             (0.980781 -0.0044358 0)             (0.980793 0.0046268 0)
       1.4672             (0.980726 -0.0046782 0)             (0.980739 0.0048688 0)
       1.4676             (0.980672 -0.0049209 0)             (0.980685 0.0051109 0)
        1.468             (0.980618 -0.0051637 0)             (0.980631 0.0053532 0)
       1.4684             (0.980565 -0.0054067 0)             (0.980578 0.0055957 0)
       1.4688             (0.980511 -0.0056498 0)             (0.980524 0.0058384 0)
       1.4692             (0.980457 -0.0058932 0)             (0.980471 0.0060812 0)
       1.4696             (0.980404 -0.0061367 0)             (0.980418 0.0063242 0)
         1.47             (0.980350 -0.0063804 0)             (0.980365 0.0065674 0)
       1.4704             (0.980297 -0.0066242 0)             (0.980312 0.0068107 0)
       1.4708             (0.980244 -0.0068682 0)             (0.980259 0.0070542 0)
       1.4712             (0.980191 -0.0071124 0)             (0.980206 0.0072979 0)
       1.4716             (0.980138 -0.0073567 0)             (0.980153 0.0075417 0)
        1.472             (0.980085 -0.0076012 0)             (0.980101 0.0077857 0)
       1.4724             (0.980033 -0.0078459 0)             (0.980048 0.0080298 0)
       1.4728             (0.979980 -0.0080907 0)             (0.979996 0.0082741 0)
       1.4732             (0.979927 -0.0083356 0)             (0.979944 0.0085185 0)
       1.4736             (0.979875 -0.0085807 0)             (0.979892 0.0087631 0)
        1.474             (0.979823 -0.0088259 0)             (0.979840 0.0090078 0)
       1.4744             (0.979771 -0.0090713 0)             (0.979788 0.0092526 0)
       1.4748             (0.979718 -0.0093168 0)             (0.979736 0.0094976 0)
       1.4752             (0.979667 -0.0095624 0)             (0.979684 0.0097427 0)
       1.4756             (0.979615 -0.0098082 0)             (0.979633 0.0099880 0)
        1.476             (0.979563 -0.0100541 0)             (0.979581 0.0102334 0)
       1.4764             (0.979511 -0.0103001 0)             (0.979530 0.0104789 0)
       1.4768             (0.979460 -0.0105463 0)             (0.979478 0.0107245 0)
       1.4772             (0.979408 -0.0107926 0)             (0.979427 0.0109702 0)
       1.4776             (0.979357 -0.0110390 0)             (0.979376 0.0112161 0)
        1.478             (0.979305 -0.0112855 0)             (0.979325 0.0114621 0)
       1.4784             (0.979254 -0.0115321 0)             (0.979274 0.0117081 0)
       1.4788             (0.979203 -0.0117788 0)             (0.979223 0.0119543 0)
       1.4792             (0.979152 -0.0120256 0)             (0.979172 0.0122006 0)
       1.4796             (0.979101 -0.0122726 0)             (0.979122 0.0124470 0)
         1.48             (0.979051 -0.0125196 0)             (0.979071 0.0126935 0)
       1.4804             (0.979000 -0.0127667 0)             (0.979021 0.0129401 0)
       1.4808             (0.978949 -0.0130139 0)             (0.978970 0.0131868 0)
       1.4812             (0.978899 -0.0132612 0)             (0.978920 0.0134335 0)
       1.4816             (0.978848 -0.0135086 0)             (0.978870 0.0136804 0)
        1.482             (0.978798 -0.0137561 0)             (0.978820 0.0139273 0)
       1.4824             (0.978748 -0.0140037 0)             (0.978770 0.0141743 0)
       1.4828             (0.978698 -0.0142513 0)             (0.978720 0.0144214 0)
       1.4832             (0.978648 -0.0144990 0)             (0.978670 0.0146686 0)
       1.4836             (0.978598 -0.0147468 0)             (0.978621 0.0149158 0)
        1.484             (0.978548 -0.0149946 0)             (0.978571 0.0151631 0)
       1.4844             (0.978498 -0.0152425 0)             (0.978521 0.0154105 0)
       1.4848             (0.978448 -0.0154905 0)             (0.978472 0.0156579 0)
       1.4852             (0.978399 -0.0157385 0)             (0.978423 0.0159053 0)
       1.4856             (0.978349 -0.0159866 0)             (0.978373 0.0161529 0)
        1.486             (0.978300 -0.0162347 0)             (0.978324 0.0164004 0)
       1.4864             (0.978250 -0.0164828 0)             (0.978275 0.0166480 0)
       1.4868             (0.978201 -0.0167310 0)             (0.978226 0.0168957 0)
       1.4872             (0.978152 -0.0169793 0)             (0.978177 0.0171434 0)
       1.4876             (0.978103 -0.0172276 0)             (0.978128 0.0173911 0)
        1.488             (0.978054 -0.0174759 0)             (0.978079 0.0176389 0)
       1.4884             (0.978005 -0.0177242 0)             (0.978031 0.0178866 0)
       1.4888             (0.977956 -0.0179726 0)             (0.977982 0.0181344 0)
       1.4892             (0.977907 -0.0182210 0)             (0.977933 0.0183823 0)
       1.4896             (0.977858 -0.0184694 0)             (0.977885 0.0186301 0)
         1.49             (0.977810 -0.0187178 0)             (0.977837 0.0188779 0)
       1.4904             (0.977761 -0.0189662 0)             (0.977788 0.0191258 0)
       1.4908             (0.977713 -0.0192146 0)             (0.977740 0.0193737 0)
       1.4912             (0.977664 -0.0194630 0)             (0.977692 0.0196215 0)
       1.4916             (0.977616 -0.0197115 0)             (0.977644 0.0198694 0)
        1.492             (0.977568 -0.0199599 0)             (0.977596 0.0201172 0)
       1.4924             (0.977519 -0.0202083 0)             (0.977548 0.0203651 0)
       1.4928             (0.977471 -0.0204567 0)             (0.977500 0.0206129 0)
       1.4932             (0.977423 -0.0207050 0)             (0.977452 0.0208607 0)
       1.4936             (0.977375 -0.0209534 0)             (0.977404 0.0211085 0)
        1.494             (0.977327 -0.0212017 0)             (0.977357 0.0213562 0)
       1.4944             (0.977279 -0.0214500 0)             (0.977309 0.0216039 0)
       1.4948             (0.977232 -0.0216983 0)             (0.977262 0.0218516 0)
       1.4952             (0.977184 -0.0219465 0)             (0.977214 0.0220992 0)
       1.4956             (0.977136 -0.0221947 0)             (0.977167 0.0223468 0)
        1.496             (0.977089 -0.0224428 0)             (0.977119 0.0225944 0)
       1.4964             (0.977041 -0.0226909 0)             (0.977072 0.0228419 0)
       1.4968             (0.976994 -0.0229389 0)             (0.977025 0.0230893 0)
       1.4972             (0.976947 -0.0231868 0)             (0.976978 0.0233367 0)
       1.4976             (0.976899 -0.0234347 0)             (0.976931 0.0235840 0)
        1.498             (0.976852 -0.0236826 0)             (0.976884 0.0238313 0)
       1.4984             (0.976805 -0.0239303 0)             (0.976837 0.0240784 0)
       1.4988             (0.976758 -0.0241780 0)             (0.976790 0.0243255 0)
       1.4992             (0.976711 -0.0244256 0)             (0.976743 0.0245726 0)
       1.4996             (0.976664 -0.0246731 0)             (0.976696 0.0248195 0)
          1.5             (0.976617 -0.0249205 0)             (0.976650 0.0250663 0)
       1.5004             (0.976570 -0.0251678 0)             (0.976603 0.0253130 0)
       1.5008             (0.976523 -0.0254150 0)             (0.976556 0.0255597 0)
       1.5012             (0.976476 -0.0256622 0)             (0.976510 0.0258062 0)
       1.5016             (0.976430 -0.0259092 0)             (0.976463 0.0260526 0)
        1.502             (0.976383 -0.0261561 0)             (0.976417 0.0262990 0)
       1.5024             (0.976336 -0.0264029 0)             (0.976371 0.0265451 0)
       1.5028             (0.976290 -0.0266495 0)             (0.976324 0.0267912 0)
       1.5032             (0.976243 -0.0268960 0)             (0.976278 0.0270372 0)
       1.5036             (0.976197 -0.0271424 0)             (0.976232 0.0272830 0)
        1.504             (0.976151 -0.0273887 0)             (0.976186 0.0275286 0)
       1.5044             (0.976104 -0.0276348 0)             (0.976140 0.0277742 0)
       1.5048             (0.976058 -0.0278808 0)             (0.976094 0.0280196 0)
       1.5052             (0.976012 -0.0281266 0)             (0.976048 0.0282648 0)
       1.5056             (0.975966 -0.0283723 0)             (0.976002 0.0285099 0)
        1.506             (0.975919 -0.0286178 0)             (0.975956 0.0287548 0)
       1.5064             (0.975873 -0.0288632 0)             (0.975910 0.0289996 0)
       1.5068             (0.975827 -0.0291083 0)             (0.975864 0.0292441 0)
       1.5072             (0.975781 -0.0293534 0)             (0.975819 0.0294885 0)
       1.5076             (0.975736 -0.0295982 0)             (0.975773 0.0297328 0)
        1.508             (0.975690 -0.0298428 0)             (0.975727 0.0299768 0)
       1.5084             (0.975644 -0.0300873 0)             (0.975682 0.0302207 0)
       1.5088             (0.975598 -0.0303315 0)             (0.975636 0.0304643 0)
       1.5092             (0.975552 -0.0305756 0)             (0.975591 0.0307078 0)
       1.5096             (0.975507 -0.0308194 0)             (0.975545 0.0309510 0)
         1.51             (0.975461 -0.0310631 0)             (0.975500 0.0311941 0)
       1.5104             (0.975415 -0.0313065 0)             (0.975454 0.0314369 0)
       1.5108             (0.975370 -0.0315497 0)             (0.975409 0.0316795 0)
       1.5112             (0.975324 -0.0317927 0)             (0.975364 0.0319219 0)
       1.5116             (0.975279 -0.0320355 0)             (0.975318 0.0321641 0)
        1.512             (0.975233 -0.0322780 0)             (0.975273 0.0324060 0)
       1.5124             (0.975188 -0.0325203 0)             (0.975228 0.0326477 0)
       1.5128             (0.975143 -0.0327623 0)             (0.975183 0.0328891 0)
       1.5132             (0.975097 -0.0330041 0)             (0.975138 0.0331303 0)
       1.5136             (0.975052 -0.0332456 0)             (0.975093 0.0333712 0)
        1.514             (0.975007 -0.0334869 0)             (0.975048 0.0336119 0)
       1.5144             (0.974962 -0.0337279 0)             (0.975003 0.0338523 0)
       1.5148             (0.974917 -0.0339686 0)             (0.974958 0.0340924 0)
       1.5152             (0.974871 -0.0342091 0)             (0.974913 0.0343323 0)
       1.5156             (0.974826 -0.0344493 0)             (0.974868 0.0345719 0)
        1.516             (0.974781 -0.0346892 0)             (0.974823 0.0348112 0)
       1.5164             (0.974736 -0.0349288 0)             (0.974779 0.0350501 0)
       1.5168             (0.974691 -0.0351681 0)             (0.974734 0.0352888 0)
       1.5172             (0.974646 -0.0354071 0)             (0.974689 0.0355272 0)
       1.5176             (0.974601 -0.0356457 0)             (0.974644 0.0357653 0)
        1.518             (0.974557 -0.0358841 0)             (0.974600 0.0360031 0)
       1.5184             (0.974512 -0.0361222 0)             (0.974555 0.0362405 0)
       1.5188             (0.974467 -0.0363599 0)             (0.974511 0.0364776 0)
       1.5192             (0.974422 -0.0365973 0)             (0.974466 0.0367144 0)
       1.5196             (0.974378 -0.0368343 0)             (0.974422 0.0369509 0)
         1.52             (0.974333 -0.0370711 0)             (0.974377 0.0371870 0)
       1.5204             (0.974288 -0.0373074 0)             (0.974333 0.0374228 0)
       1.5208             (0.974244 -0.0375434 0)             (0.974288 0.0376582 0)
       1.5212             (0.974199 -0.0377791 0)             (0.974244 0.0378932 0)
       1.5216             (0.974154 -0.0380144 0)             (0.974200 0.0381279 0)
        1.522             (0.974110 -0.0382493 0)             (0.974155 0.0383622 0)
       1.5224             (0.974065 -0.0384839 0)             (0.974111 0.0385962 0)
       1.5228             (0.974021 -0.0387180 0)             (0.974067 0.0388297 0)
       1.5232             (0.973976 -0.0389518 0)             (0.974023 0.0390629 0)
       1.5236             (0.973932 -0.0391852 0)             (0.973978 0.0392957 0)
        1.524             (0.973888 -0.0394182 0)             (0.973934 0.0395280 0)
       1.5244             (0.973843 -0.0396508 0)             (0.973890 0.0397600 0)
       1.5248             (0.973799 -0.0398829 0)             (0.973846 0.0399916 0)
       1.5252             (0.973755 -0.0401147 0)             (0.973802 0.0402227 0)
       1.5256             (0.973710 -0.0403460 0)             (0.973758 0.0404535 0)
        1.526             (0.973666 -0.0405769 0)             (0.973714 0.0406838 0)
       1.5264             (0.973622 -0.0408074 0)             (0.973670 0.0409136 0)
       1.5268             (0.973578 -0.0410375 0)             (0.973626 0.0411430 0)
       1.5272             (0.973534 -0.0412670 0)             (0.973582 0.0413720 0)
       1.5276             (0.973489 -0.0414962 0)             (0.973538 0.0416006 0)
        1.528             (0.973445 -0.0417249 0)             (0.973494 0.0418286 0)
       1.5284             (0.973401 -0.0419531 0)             (0.973450 0.0420562 0)
       1.5288             (0.973357 -0.0421808 0)             (0.973406 0.0422834 0)
       1.5292             (0.973313 -0.0424081 0)             (0.973363 0.0425101 0)
       1.5296             (0.973269 -0.0426349 0)             (0.973319 0.0427362 0)
         1.53             (0.973225 -0.0428612 0)             (0.973275 0.0429619 0)
       1.5304             (0.973181 -0.0430870 0)             (0.973231 0.0431872 0)
       1.5308             (0.973137 -0.0433124 0)             (0.973188 0.0434119 0)
       1.5312             (0.973094 -0.0435372 0)             (0.973144 0.0436361 0)
       1.5316             (0.973050 -0.0437615 0)             (0.973100 0.0438598 0)
        1.532             (0.973006 -0.0439853 0)             (0.973057 0.0440830 0)
       1.5324             (0.972962 -0.0442085 0)             (0.973013 0.0443056 0)
       1.5328             (0.972918 -0.0444313 0)             (0.972970 0.0445277 0)
       1.5332             (0.972875 -0.0446535 0)             (0.972926 0.0447493 0)
       1.5336             (0.972831 -0.0448751 0)             (0.972883 0.0449704 0)
        1.534             (0.972787 -0.0450962 0)             (0.972839 0.0451909 0)
       1.5344             (0.972743 -0.0453168 0)             (0.972796 0.0454109 0)
       1.5348             (0.972700 -0.0455368 0)             (0.972752 0.0456303 0)
       1.5352             (0.972656 -0.0457562 0)             (0.972709 0.0458491 0)
       1.5356             (0.972613 -0.0459751 0)             (0.972666 0.0460673 0)
        1.536             (0.972569 -0.0461934 0)             (0.972622 0.0462850 0)
       1.5364             (0.972525 -0.0464111 0)             (0.972579 0.0465021 0)
       1.5368             (0.972482 -0.0466282 0)             (0.972536 0.0467186 0)
       1.5372             (0.972438 -0.0468447 0)             (0.972492 0.0469346 0)
       1.5376             (0.972395 -0.0470607 0)             (0.972449 0.0471499 0)
        1.538             (0.972352 -0.0472760 0)             (0.972406 0.0473646 0)
       1.5384             (0.972308 -0.0474907 0)             (0.972363 0.0475787 0)
       1.5388             (0.972265 -0.0477047 0)             (0.972319 0.0477921 0)
       1.5392             (0.972221 -0.0479182 0)             (0.972276 0.0480050 0)
       1.5396             (0.972178 -0.0481310 0)             (0.972233 0.0482172 0)
         1.54             (0.972135 -0.0483432 0)             (0.972190 0.0484288 0)
       1.5404             (0.972092 -0.0485547 0)             (0.972147 0.0486397 0)
       1.5408             (0.972048 -0.0487656 0)             (0.972104 0.0488500 0)
       1.5412             (0.972005 -0.0489758 0)             (0.972061 0.0490596 0)
       1.5416             (0.971962 -0.0491853 0)             (0.972018 0.0492686 0)
        1.542             (0.971919 -0.0493942 0)             (0.971975 0.0494768 0)
       1.5424             (0.971876 -0.0496024 0)             (0.971932 0.0496845 0)
       1.5428             (0.971833 -0.0498100 0)             (0.971889 0.0498914 0)
       1.5432             (0.971790 -0.0500168 0)             (0.971847 0.0500976 0)
       1.5436             (0.971747 -0.0502229 0)             (0.971804 0.0503032 0)
        1.544             (0.971704 -0.0504284 0)             (0.971761 0.0505080 0)
       1.5444             (0.971661 -0.0506331 0)             (0.971718 0.0507121 0)
       1.5448             (0.971618 -0.0508371 0)             (0.971676 0.0509156 0)
       1.5452             (0.971575 -0.0510404 0)             (0.971633 0.0511183 0)
       1.5456             (0.971532 -0.0512430 0)             (0.971590 0.0513202 0)
        1.546             (0.971489 -0.0514448 0)             (0.971548 0.0515215 0)
       1.5464             (0.971446 -0.0516459 0)             (0.971505 0.0517220 0)
       1.5468             (0.971403 -0.0518463 0)             (0.971462 0.0519218 0)
       1.5472             (0.971361 -0.0520459 0)             (0.971420 0.0521208 0)
       1.5476             (0.971318 -0.0522447 0)             (0.971377 0.0523190 0)
        1.548             (0.971275 -0.0524428 0)             (0.971335 0.0525165 0)
       1.5484             (0.971233 -0.0526401 0)             (0.971292 0.0527132 0)
       1.5488             (0.971190 -0.0528366 0)             (0.971250 0.0529092 0)
       1.5492             (0.971147 -0.0530324 0)             (0.971208 0.0531043 0)
       1.5496             (0.971105 -0.0532273 0)             (0.971165 0.0532987 0)
         1.55             (0.971062 -0.0534215 0)             (0.971123 0.0534922 0)
       1.5504             (0.971020 -0.0536148 0)             (0.971081 0.0536850 0)
       1.5508             (0.970977 -0.0538074 0)             (0.971039 0.0538770 0)
       1.5512             (0.970935 -0.0539991 0)             (0.970996 0.0540681 0)
       1.5516             (0.970893 -0.0541900 0)             (0.970954 0.0542585 0)
        1.552             (0.970850 -0.0543801 0)             (0.970912 0.0544480 0)
       1.5524             (0.970808 -0.0545693 0)             (0.970870 0.0546366 0)
       1.5528             (0.970766 -0.0547578 0)             (0.970828 0.0548244 0)
       1.5532             (0.970724 -0.0549453 0)             (0.970786 0.0550114 0)
       1.5536             (0.970682 -0.0551320 0)             (0.970744 0.0551976 0)
        1.554             (0.970640 -0.0553179 0)             (0.970702 0.0553828 0)
       1.5544             (0.970597 -0.0555029 0)             (0.970660 0.0555672 0)
       1.5548             (0.970555 -0.0556870 0)             (0.970619 0.0557508 0)
       1.5552             (0.970513 -0.0558702 0)             (0.970577 0.0559334 0)
       1.5556             (0.970472 -0.0560526 0)             (0.970535 0.0561152 0)
        1.556             (0.970430 -0.0562340 0)             (0.970494 0.0562961 0)
       1.5564             (0.970388 -0.0564146 0)             (0.970452 0.0564761 0)
       1.5568             (0.970346 -0.0565942 0)             (0.970410 0.0566552 0)
       1.5572             (0.970304 -0.0567730 0)             (0.970369 0.0568334 0)
       1.5576             (0.970263 -0.0569508 0)             (0.970327 0.0570106 0)
        1.558             (0.970221 -0.0571277 0)             (0.970286 0.0571870 0)
       1.5584             (0.970179 -0.0573037 0)             (0.970244 0.0573624 0)
       1.5588             (0.970138 -0.0574788 0)             (0.970203 0.0575369 0)
       1.5592             (0.970096 -0.0576529 0)             (0.970162 0.0577104 0)
       1.5596             (0.970055 -0.0578261 0)             (0.970121 0.0578830 0)
         1.56             (0.970014 -0.0579983 0)             (0.970079 0.0580547 0)
       1.5604             (0.969972 -0.0581695 0)             (0.970038 0.0582254 0)
       1.5608             (0.969931 -0.0583398 0)             (0.969997 0.0583951 0)
       1.5612             (0.969890 -0.0585091 0)             (0.969956 0.0585639 0)
       1.5616             (0.969849 -0.0586775 0)             (0.969915 0.0587317 0)
        1.562             (0.969807 -0.0588448 0)             (0.969874 0.0588985 0)
       1.5624             (0.969766 -0.0590112 0)             (0.969834 0.0590643 0)
       1.5628             (0.969725 -0.0591766 0)             (0.969793 0.0592291 0)
       1.5632             (0.969685 -0.0593409 0)             (0.969752 0.0593929 0)
       1.5636             (0.969644 -0.0595043 0)             (0.969711 0.0595557 0)
        1.564             (0.969603 -0.0596667 0)             (0.969671 0.0597175 0)
       1.5644             (0.969562 -0.0598280 0)             (0.969630 0.0598783 0)
       1.5648             (0.969521 -0.0599883 0)             (0.969590 0.0600381 0)
       1.5652             (0.969481 -0.0601476 0)             (0.969549 0.0601968 0)
       1.5656             (0.969440 -0.0603058 0)             (0.969509 0.0603545 0)
        1.566             (0.969400 -0.0604630 0)             (0.969469 0.0605111 0)
       1.5664             (0.969359 -0.0606191 0)             (0.969429 0.0606667 0)
       1.5668             (0.969319 -0.0607742 0)             (0.969389 0.0608213 0)
       1.5672             (0.969279 -0.0609282 0)             (0.969349 0.0609747 0)
       1.5676             (0.969239 -0.0610812 0)             (0.969309 0.0611272 0)
        1.568             (0.969199 -0.0612331 0)             (0.969269 0.0612785 0)
       1.5684             (0.969159 -0.0613839 0)             (0.969229 0.0614288 0)
       1.5688             (0.969119 -0.0615336 0)             (0.969189 0.0615779 0)
       1.5692             (0.969079 -0.0616822 0)             (0.969149 0.0617260 0)
       1.5696             (0.969039 -0.0618297 0)             (0.969110 0.0618730 0)
         1.57             (0.968999 -0.0619761 0)             (0.969070 0.0620189 0)
       1.5704             (0.968960 -0.0621215 0)             (0.969031 0.0621637 0)
       1.5708             (0.968920 -0.0622657 0)             (0.968991 0.0623074 0)
       1.5712             (0.968880 -0.0624087 0)             (0.968952 0.0624499 0)
       1.5716             (0.968841 -0.0625507 0)             (0.968913 0.0625913 0)
        1.572             (0.968802 -0.0626915 0)             (0.968874 0.0627316 0)
       1.5724             (0.968762 -0.0628312 0)             (0.968835 0.0628708 0)
       1.5728             (0.968723 -0.0629697 0)             (0.968796 0.0630088 0)
       1.5732             (0.968684 -0.0631071 0)             (0.968757 0.0631457 0)
       1.5736             (0.968645 -0.0632433 0)             (0.968718 0.0632814 0)
        1.574             (0.968606 -0.0633784 0)             (0.968679 0.0634160 0)
       1.5744             (0.968568 -0.0635123 0)             (0.968641 0.0635493 0)
       1.5748             (0.968529 -0.0636450 0)             (0.968602 0.0636816 0)
       1.5752             (0.968490 -0.0637766 0)             (0.968564 0.0638126 0)
       1.5756             (0.968452 -0.0639070 0)             (0.968526 0.0639425 0)
        1.576             (0.968413 -0.0640361 0)             (0.968487 0.0640711 0)
       1.5764             (0.968375 -0.0641641 0)             (0.968449 0.0641986 0)
       1.5768             (0.968337 -0.0642909 0)             (0.968411 0.0643249 0)
       1.5772             (0.968299 -0.0644165 0)             (0.968373 0.0644500 0)
       1.5776             (0.968261 -0.0645409 0)             (0.968335 0.0645739 0)
        1.578             (0.968223 -0.0646640 0)             (0.968298 0.0646965 0)
       1.5784             (0.968185 -0.0647859 0)             (0.968260 0.0648179 0)
       1.5788             (0.968147 -0.0649067 0)             (0.968223 0.0649382 0)
       1.5792             (0.968110 -0.0650261 0)             (0.968185 0.0650571 0)
       1.5796             (0.968072 -0.0651444 0)             (0.968148 0.0651749 0)
         1.58             (0.968035 -0.0652614 0)             (0.968111 0.0652914 0)
       1.5804             (0.967998 -0.0653771 0)             (0.968074 0.0654066 0)
       1.5808             (0.967961 -0.0654916 0)             (0.968037 0.0655206 0)
       1.5812             (0.967924 -0.0656048 0)             (0.968000 0.0656334 0)
       1.5816             (0.967887 -0.0657168 0)             (0.967963 0.0657449 0)
        1.582             (0.967850 -0.0658275 0)             (0.967927 0.0658551 0)
       1.5824             (0.967813 -0.0659369 0)             (0.967890 0.0659640 0)
       1.5828             (0.967777 -0.0660450 0)             (0.967854 0.0660717 0)
       1.5832             (0.967740 -0.0661519 0)             (0.967818 0.0661781 0)
       1.5836             (0.967704 -0.0662575 0)             (0.967781 0.0662832 0)
        1.584             (0.967668 -0.0663617 0)             (0.967745 0.0663870 0)
       1.5844             (0.967632 -0.0664647 0)             (0.967710 0.0664895 0)
       1.5848             (0.967596 -0.0665664 0)             (0.967674 0.0665907 0)
       1.5852             (0.967560 -0.0666667 0)             (0.967638 0.0666906 0)
       1.5856             (0.967524 -0.0667658 0)             (0.967603 0.0667891 0)
        1.586             (0.967489 -0.0668635 0)             (0.967567 0.0668864 0)
       1.5864             (0.967454 -0.0669599 0)             (0.967532 0.0669823 0)
       1.5868             (0.967418 -0.0670550 0)             (0.967497 0.0670769 0)
       1.5872             (0.967383 -0.0671487 0)             (0.967462 0.0671702 0)
       1.5876             (0.967348 -0.0672411 0)             (0.967428 0.0672622 0)
        1.588             (0.967313 -0.0673322 0)             (0.967393 0.0673528 0)
       1.5884             (0.967279 -0.0674219 0)             (0.967358 0.0674420 0)
       1.5888             (0.967244 -0.0675102 0)             (0.967324 0.0675299 0)
       1.5892             (0.967210 -0.0675972 0)             (0.967290 0.0676165 0)
       1.5896             (0.967176 -0.0676828 0)             (0.967256 0.0677016 0)
         1.59             (0.967142 -0.0677671 0)             (0.967222 0.0677855 0)
       1.5904             (0.967108 -0.0678500 0)             (0.967188 0.0678679 0)
       1.5908             (0.967074 -0.0679315 0)             (0.967154 0.0679490 0)
       1.5912             (0.967040 -0.0680116 0)             (0.967121 0.0680287 0)
       1.5916             (0.967007 -0.0680904 0)             (0.967088 0.0681070 0)
        1.592             (0.966973 -0.0681678 0)             (0.967055 0.0681839 0)
       1.5924             (0.966940 -0.0682437 0)             (0.967022 0.0682595 0)
       1.5928             (0.966907 -0.0683183 0)             (0.966989 0.0683336 0)
       1.5932             (0.966874 -0.0683915 0)             (0.966956 0.0684064 0)
       1.5936             (0.966842 -0.0684632 0)             (0.966924 0.0684777 0)
        1.594             (0.966809 -0.0685336 0)             (0.966891 0.0685476 0)
       1.5944             (0.966777 -0.0686025 0)             (0.966859 0.0686161 0)
       1.5948             (0.966745 -0.0686700 0)             (0.966827 0.0686832 0)
       1.5952             (0.966713 -0.0687361 0)             (0.966795 0.0687489 0)
       1.5956             (0.966681 -0.0688008 0)             (0.966764 0.0688132 0)
        1.596             (0.966649 -0.0688640 0)             (0.966732 0.0688760 0)
       1.5964             (0.966618 -0.0689258 0)             (0.966701 0.0689374 0)
       1.5968             (0.966587 -0.0689862 0)             (0.966670 0.0689973 0)
       1.5972             (0.966556 -0.0690451 0)             (0.966639 0.0690558 0)
       1.5976             (0.966525 -0.0691026 0)             (0.966608 0.0691129 0)
        1.598             (0.966494 -0.0691586 0)             (0.966577 0.0691685 0)
       1.5984             (0.966463 -0.0692131 0)             (0.966547 0.0692227 0)
       1.5988             (0.966433 -0.0692662 0)             (0.966517 0.0692754 0)
       1.5992             (0.966403 -0.0693179 0)             (0.966487 0.0693267 0)
       1.5996             (0.966373 -0.0693681 0)             (0.966457 0.0693764 0)
          1.6             (0.966343 -0.0694168 0)             (0.966427 0.0694248 0)
       1.6004             (0.966314 -0.0694640 0)             (0.966398 0.0694716 0)
       1.6008             (0.966284 -0.0695098 0)             (0.966369 0.0695170 0)
       1.6012             (0.966255 -0.0695540 0)             (0.966340 0.0695609 0)
       1.6016             (0.966226 -0.0695968 0)             (0.966311 0.0696033 0)
        1.602             (0.966197 -0.0696381 0)             (0.966282 0.0696442 0)
       1.6024             (0.966169 -0.0696779 0)             (0.966254 0.0696837 0)
       1.6028             (0.966140 -0.0697163 0)             (0.966226 0.0697216 0)
       1.6032             (0.966112 -0.0697531 0)             (0.966198 0.0697581 0)
       1.6036             (0.966084 -0.0697884 0)             (0.966170 0.0697930 0)
        1.604             (0.966057 -0.0698222 0)             (0.966142 0.0698265 0)
       1.6044             (0.966029 -0.0698546 0)             (0.966115 0.0698584 0)
       1.6048             (0.966002 -0.0698854 0)             (0.966088 0.0698889 0)
       1.6052             (0.965975 -0.0699146 0)             (0.966061 0.0699178 0)
       1.6056             (0.965948 -0.0699424 0)             (0.966034 0.0699452 0)
        1.606             (0.965921 -0.0699687 0)             (0.966008 0.0699711 0)
       1.6064             (0.965895 -0.0699934 0)             (0.965981 0.0699955 0)
       1.6068             (0.965869 -0.0700166 0)             (0.965955 0.0700183 0)
       1.6072             (0.965843 -0.0700383 0)             (0.965929 0.0700397 0)
       1.6076             (0.965817 -0.0700584 0)             (0.965904 0.0700595 0)
        1.608             (0.965791 -0.0700771 0)             (0.965879 0.0700777 0)
       1.6084             (0.965766 -0.0700941 0)             (0.965853 0.0700945 0)
       1.6088             (0.965741 -0.0701097 0)             (0.965828 0.0701097 0)
       1.6092             (0.965716 -0.0701237 0)             (0.965804 0.0701234 0)
       1.6096             (0.965692 -0.0701361 0)             (0.965779 0.0701355 0)
         1.61             (0.965668 -0.0701470 0)             (0.965755 0.0701461 0)
       1.6104             (0.965643 -0.0701564 0)             (0.965731 0.0701551 0)
       1.6108             (0.965620 -0.0701642 0)             (0.965708 0.0701626 0)
       1.6112             (0.965596 -0.0701705 0)             (0.965684 0.0701685 0)
       1.6116             (0.965573 -0.0701751 0)             (0.965661 0.0701729 0)
        1.612             (0.965550 -0.0701783 0)             (0.965638 0.0701757 0)
       1.6124             (0.965527 -0.0701799 0)             (0.965615 0.0701770 0)
       1.6128             (0.965504 -0.0701799 0)             (0.965593 0.0701767 0)
       1.6132             (0.965482 -0.0701783 0)             (0.965571 0.0701748 0)
       1.6136             (0.965460 -0.0701752 0)             (0.965549 0.0701714 0)
        1.614             (0.965438 -0.0701705 0)             (0.965527 0.0701664 0)
       1.6144             (0.965417 -0.0701643 0)             (0.965506 0.0701598 0)
       1.6148             (0.965395 -0.0701564 0)             (0.965484 0.0701517 0)
       1.6152             (0.965374 -0.0701470 0)             (0.965464 0.0701420 0)
       1.6156             (0.965354 -0.0701360 0)             (0.965443 0.0701307 0)
        1.616             (0.965333 -0.0701235 0)             (0.965423 0.0701178 0)
       1.6164             (0.965313 -0.0701093 0)             (0.965402 0.0701034 0)
       1.6168             (0.965293 -0.0700936 0)             (0.965383 0.0700874 0)
       1.6172             (0.965274 -0.0700763 0)             (0.965363 0.0700698 0)
       1.6176             (0.965254 -0.0700574 0)             (0.965344 0.0700506 0)
        1.618             (0.965235 -0.0700369 0)             (0.965325 0.0700298 0)
       1.6184             (0.965216 -0.0700148 0)             (0.965306 0.0700075 0)
       1.6188             (0.965198 -0.0699912 0)             (0.965288 0.0699835 0)
       1.6192             (0.965180 -0.0699659 0)             (0.965270 0.0699580 0)
       1.6196             (0.965162 -0.0699390 0)             (0.965252 0.0699309 0)
         1.62             (0.965144 -0.0699106 0)             (0.965234 0.0699022 0)
       1.6204             (0.965127 -0.0698806 0)             (0.965217 0.0698719 0)
       1.6208             (0.965110 -0.0698489 0)             (0.965200 0.0698400 0)
       1.6212             (0.965093 -0.0698157 0)             (0.965183 0.0698065 0)
       1.6216             (0.965076 -0.0697809 0)             (0.965167 0.0697714 0)
        1.622             (0.965060 -0.0697444 0)             (0.965151 0.0697347 0)
       1.6224             (0.965044 -0.0697064 0)             (0.965135 0.0696964 0)
       1.6228             (0.965029 -0.0696668 0)             (0.965120 0.0696565 0)
       1.6232             (0.965013 -0.0696255 0)             (0.965104 0.0696151 0)
       1.6236             (0.964999 -0.0695827 0)             (0.965090 0.0695720 0)
        1.624             (0.964984 -0.0695382 0)             (0.965075 0.0695273 0)
       1.6244             (0.964970 -0.0694922 0)             (0.965061 0.0694810 0)
       1.6248             (0.964956 -0.0694445 0)             (0.965047 0.0694331 0)
       1.6252             (0.964942 -0.0693952 0)             (0.965033 0.0693836 0)
       1.6256             (0.964928 -0.0693444 0)             (0.965020 0.0693325 0)
        1.626             (0.964915 -0.0692919 0)             (0.965007 0.0692798 0)
       1.6264             (0.964903 -0.0692378 0)             (0.964994 0.0692255 0)
       1.6268             (0.964890 -0.0691821 0)             (0.964982 0.0691695 0)
       1.6272             (0.964878 -0.0691248 0)             (0.964970 0.0691120 0)
       1.6276             (0.964866 -0.0690659 0)             (0.964958 0.0690529 0)
        1.628             (0.964855 -0.0690053 0)             (0.964947 0.0689921 0)
       1.6284             (0.964844 -0.0689432 0)             (0.964935 0.0689298 0)
       1.6288             (0.964833 -0.0688795 0)             (0.964925 0.0688658 0)
       1.6292             (0.964822 -0.0688141 0)             (0.964914 0.0688003 0)
       1.6296             (0.964812 -0.0687471 0)             (0.964904 0.0687331 0)
         1.63             (0.964802 -0.0686786 0)             (0.964894 0.0686643 0)
       1.6304             (0.964793 -0.0686084 0)             (0.964885 0.0685939 0)
       1.6308             (0.964784 -0.0685366 0)             (0.964876 0.0685220 0)
       1.6312             (0.964775 -0.0684632 0)             (0.964867 0.0684484 0)
       1.6316             (0.964767 -0.0683882 0)             (0.964859 0.0683732 0)
        1.632             (0.964759 -0.0683116 0)             (0.964851 0.0682963 0)
       1.6324             (0.964751 -0.0682333 0)             (0.964843 0.0682179 0)
       1.6328             (0.964743 -0.0681535 0)             (0.964836 0.0681379 0)
       1.6332             (0.964736 -0.0680720 0)             (0.964829 0.0680563 0)
       1.6336             (0.964730 -0.0679890 0)             (0.964822 0.0679730 0)
        1.634             (0.964723 -0.0679043 0)             (0.964816 0.0678882 0)
       1.6344             (0.964717 -0.0678181 0)             (0.964810 0.0678018 0)
       1.6348             (0.964712 -0.0677302 0)             (0.964804 0.0677137 0)
       1.6352             (0.964707 -0.0676407 0)             (0.964799 0.0676241 0)
       1.6356             (0.964702 -0.0675496 0)             (0.964794 0.0675328 0)
        1.636             (0.964697 -0.0674570 0)             (0.964790 0.0674400 0)
       1.6364             (0.964693 -0.0673627 0)             (0.964786 0.0673456 0)
       1.6368             (0.964689 -0.0672668 0)             (0.964782 0.0672495 0)
       1.6372             (0.964686 -0.0671693 0)             (0.964778 0.0671519 0)
       1.6376             (0.964683 -0.0670702 0)             (0.964775 0.0670526 0)
        1.638             (0.964680 -0.0669695 0)             (0.964773 0.0669518 0)
       1.6384             (0.964678 -0.0668673 0)             (0.964770 0.0668494 0)
       1.6388             (0.964676 -0.0667634 0)             (0.964768 0.0667454 0)
       1.6392             (0.964674 -0.0666579 0)             (0.964767 0.0666398 0)
       1.6396             (0.964673 -0.0665509 0)             (0.964766 0.0665326 0)
         1.64             (0.964672 -0.0664422 0)             (0.964765 0.0664238 0)
       1.6404             (0.964672 -0.0663320 0)             (0.964764 0.0663134 0)
       1.6408             (0.964672 -0.0662201 0)             (0.964764 0.0662015 0)
       1.6412             (0.964672 -0.0661067 0)             (0.964765 0.0660879 0)
       1.6416             (0.964673 -0.0659917 0)             (0.964765 0.0659728 0)
        1.642             (0.964674 -0.0658751 0)             (0.964766 0.0658561 0)
       1.6424             (0.964675 -0.0657570 0)             (0.964768 0.0657378 0)
       1.6428             (0.964677 -0.0656372 0)             (0.964770 0.0656179 0)
       1.6432             (0.964679 -0.0655159 0)             (0.964772 0.0654965 0)
       1.6436             (0.964682 -0.0653930 0)             (0.964775 0.0653735 0)
        1.644             (0.964685 -0.0652685 0)             (0.964778 0.0652489 0)
       1.6444             (0.964689 -0.0651425 0)             (0.964781 0.0651228 0)
       1.6448             (0.964693 -0.0650149 0)             (0.964785 0.0649950 0)
       1.6452             (0.964697 -0.0648857 0)             (0.964789 0.0648658 0)
       1.6456             (0.964701 -0.0647549 0)             (0.964794 0.0647349 0)
        1.646             (0.964707 -0.0646226 0)             (0.964799 0.0646025 0)
       1.6464             (0.964712 -0.0644888 0)             (0.964804 0.0644685 0)
       1.6468             (0.964718 -0.0643533 0)             (0.964810 0.0643330 0)
       1.6472             (0.964724 -0.0642163 0)             (0.964817 0.0641959 0)
       1.6476             (0.964731 -0.0640778 0)             (0.964823 0.0640573 0)
        1.648             (0.964738 -0.0639377 0)             (0.964830 0.0639172 0)
       1.6484             (0.964745 -0.0637961 0)             (0.964838 0.0637754 0)
       1.6488             (0.964753 -0.0636529 0)             (0.964846 0.0636322 0)
       1.6492             (0.964762 -0.0635082 0)             (0.964854 0.0634874 0)
       1.6496             (0.964770 -0.0633619 0)             (0.964863 0.0633410 0)
         1.65             (0.964780 -0.0632141 0)             (0.964872 0.0631932 0)
       1.6504             (0.964789 -0.0630648 0)             (0.964881 0.0630437 0)
       1.6508             (0.964799 -0.0629139 0)             (0.964891 0.0628928 0)
       1.6512             (0.964810 -0.0627615 0)             (0.964902 0.0627403 0)
       1.6516             (0.964820 -0.0626076 0)             (0.964912 0.0625864 0)
        1.652             (0.964832 -0.0624521 0)             (0.964924 0.0624309 0)
       1.6524             (0.964843 -0.0622951 0)             (0.964935 0.0622738 0)
       1.6528             (0.964856 -0.0621367 0)             (0.964947 0.0621153 0)
       1.6532             (0.964868 -0.0619767 0)             (0.964960 0.0619553 0)
       1.6536             (0.964881 -0.0618151 0)             (0.964973 0.0617937 0)
        1.654             (0.964895 -0.0616521 0)             (0.964986 0.0616306 0)
       1.6544             (0.964908 -0.0614876 0)             (0.965000 0.0614661 0)
       1.6548             (0.964923 -0.0613216 0)             (0.965014 0.0613000 0)
       1.6552             (0.964937 -0.0611541 0)             (0.965029 0.0611325 0)
       1.6556             (0.964952 -0.0609851 0)             (0.965044 0.0609634 0)
        1.656             (0.964968 -0.0608146 0)             (0.965059 0.0607929 0)
       1.6564             (0.964984 -0.0606426 0)             (0.965075 0.0606209 0)
       1.6568             (0.965000 -0.0604692 0)             (0.965091 0.0604474 0)
       1.6572             (0.965017 -0.0602942 0)             (0.965108 0.0602725 0)
       1.6576             (0.965035 -0.0601178 0)             (0.965125 0.0600960 0)
        1.658             (0.965052 -0.0599399 0)             (0.965143 0.0599181 0)
       1.6584             (0.965071 -0.0597606 0)             (0.965161 0.0597388 0)
       1.6588             (0.965089 -0.0595798 0)             (0.965180 0.0595580 0)
       1.6592             (0.965108 -0.0593975 0)             (0.965199 0.0593757 0)
       1.6596             (0.965128 -0.0592138 0)             (0.965218 0.0591919 0)
         1.66             (0.965148 -0.0590286 0)             (0.965238 0.0590068 0)
       1.6604             (0.965168 -0.0588420 0)             (0.965258 0.0588202 0)
       1.6608             (0.965189 -0.0586540 0)             (0.965279 0.0586321 0)
       1.6612             (0.965210 -0.0584645 0)             (0.965300 0.0584426 0)
       1.6616             (0.965232 -0.0582735 0)             (0.965322 0.0582517 0)
        1.662             (0.965254 -0.0580812 0)             (0.965344 0.0580594 0)
       1.6624             (0.965277 -0.0578874 0)             (0.965367 0.0578656 0)
       1.6628             (0.965300 -0.0576922 0)             (0.965390 0.0576704 0)
       1.6632             (0.965324 -0.0574956 0)             (0.965413 0.0574738 0)
       1.6636             (0.965348 -0.0572976 0)             (0.965437 0.0572758 0)
        1.664             (0.965372 -0.0570982 0)             (0.965461 0.0570764 0)
       1.6644             (0.965397 -0.0568974 0)             (0.965486 0.0568756 0)
       1.6648             (0.965423 -0.0566952 0)             (0.965512 0.0566734 0)
       1.6652             (0.965448 -0.0564916 0)             (0.965537 0.0564699 0)
       1.6656             (0.965475 -0.0562866 0)             (0.965563 0.0562649 0)
        1.666             (0.965502 -0.0560802 0)             (0.965590 0.0560585 0)
       1.6664             (0.965529 -0.0558725 0)             (0.965617 0.0558508 0)
       1.6668             (0.965556 -0.0556633 0)             (0.965645 0.0556418 0)
       1.6672             (0.965585 -0.0554529 0)             (0.965673 0.0554313 0)
       1.6676             (0.965613 -0.0552410 0)             (0.965701 0.0552195 0)
        1.668             (0.965642 -0.0550278 0)             (0.965730 0.0550064 0)
       1.6684             (0.965672 -0.0548133 0)             (0.965759 0.0547919 0)
       1.6688             (0.965702 -0.0545974 0)             (0.965789 0.0545760 0)
       1.6692             (0.965732 -0.0543802 0)             (0.965819 0.0543588 0)
       1.6696             (0.965763 -0.0541616 0)             (0.965850 0.0541403 0)
         1.67             (0.965794 -0.0539417 0)             (0.965881 0.0539205 0)
       1.6704             (0.965826 -0.0537205 0)             (0.965913 0.0536993 0)
       1.6708             (0.965859 -0.0534980 0)             (0.965945 0.0534769 0)
       1.6712             (0.965891 -0.0532741 0)             (0.965978 0.0532531 0)
       1.6716             (0.965925 -0.0530490 0)             (0.966011 0.0530280 0)
        1.672             (0.965958 -0.0528225 0)             (0.966044 0.0528016 0)
       1.6724             (0.965992 -0.0525948 0)             (0.966078 0.0525739 0)
       1.6728             (0.966027 -0.0523658 0)             (0.966113 0.0523450 0)
       1.6732             (0.966062 -0.0521355 0)             (0.966148 0.0521147 0)
       1.6736             (0.966098 -0.0519039 0)             (0.966183 0.0518832 0)
        1.674             (0.966134 -0.0516710 0)             (0.966219 0.0516504 0)
       1.6744             (0.966170 -0.0514369 0)             (0.966255 0.0514164 0)
       1.6748             (0.966207 -0.0512015 0)             (0.966292 0.0511811 0)
       1.6752             (0.966245 -0.0509649 0)             (0.966329 0.0509445 0)
       1.6756             (0.966283 -0.0507270 0)             (0.966367 0.0507067 0)
        1.676             (0.966321 -0.0504879 0)             (0.966405 0.0504677 0)
       1.6764             (0.966360 -0.0502475 0)             (0.966444 0.0502274 0)
       1.6768             (0.966399 -0.0500059 0)             (0.966483 0.0499859 0)
       1.6772             (0.966439 -0.0497631 0)             (0.966523 0.0497432 0)
       1.6776             (0.966479 -0.0495191 0)             (0.966563 0.0494993 0)
        1.678             (0.966520 -0.0492739 0)             (0.966603 0.0492542 0)
       1.6784             (0.966561 -0.0490275 0)             (0.966644 0.0490078 0)
       1.6788             (0.966603 -0.0487798 0)             (0.966686 0.0487603 0)
       1.6792             (0.966645 -0.0485310 0)             (0.966728 0.0485116 0)
       1.6796             (0.966688 -0.0482810 0)             (0.966770 0.0482617 0)
         1.68             (0.966731 -0.0480298 0)             (0.966813 0.0480106 0)
       1.6804             (0.966774 -0.0477775 0)             (0.966856 0.0477584 0)
       1.6808             (0.966818 -0.0475240 0)             (0.966900 0.0475050 0)
       1.6812             (0.966863 -0.0472693 0)             (0.966944 0.0472504 0)
       1.6816             (0.966908 -0.0470135 0)             (0.966989 0.0469947 0)
        1.682             (0.966953 -0.0467565 0)             (0.967034 0.0467379 0)
       1.6824             (0.966999 -0.0464984 0)             (0.967080 0.0464799 0)
       1.6828             (0.967045 -0.0462392 0)             (0.967126 0.0462208 0)
       1.6832             (0.967092 -0.0459789 0)             (0.967173 0.0459606 0)
       1.6836             (0.967139 -0.0457174 0)             (0.967220 0.0456992 0)
        1.684             (0.967187 -0.0454548 0)             (0.967267 0.0454368 0)
       1.6844             (0.967235 -0.0451912 0)             (0.967315 0.0451732 0)
       1.6848             (0.967284 -0.0449264 0)             (0.967364 0.0449086 0)
       1.6852             (0.967333 -0.0446605 0)             (0.967413 0.0446429 0)
       1.6856             (0.967383 -0.0443936 0)             (0.967462 0.0443761 0)
        1.686             (0.967433 -0.0441256 0)             (0.967512 0.0441082 0)
       1.6864             (0.967484 -0.0438565 0)             (0.967562 0.0438393 0)
       1.6868             (0.967535 -0.0435864 0)             (0.967613 0.0435693 0)
       1.6872             (0.967586 -0.0433152 0)             (0.967664 0.0432983 0)
       1.6876             (0.967638 -0.0430430 0)             (0.967716 0.0430262 0)
        1.688             (0.967691 -0.0427698 0)             (0.967768 0.0427531 0)
       1.6884             (0.967744 -0.0424955 0)             (0.967821 0.0424789 0)
       1.6888             (0.967797 -0.0422202 0)             (0.967874 0.0422038 0)
       1.6892             (0.967851 -0.0419439 0)             (0.967928 0.0419276 0)
       1.6896             (0.967905 -0.0416666 0)             (0.967982 0.0416504 0)
         1.69             (0.967960 -0.0413882 0)             (0.968036 0.0413723 0)
       1.6904             (0.968015 -0.0411089 0)             (0.968091 0.0410931 0)
       1.6908             (0.968071 -0.0408286 0)             (0.968147 0.0408130 0)
       1.6912             (0.968127 -0.0405474 0)             (0.968203 0.0405319 0)
       1.6916             (0.968184 -0.0402651 0)             (0.968259 0.0402498 0)
        1.692             (0.968241 -0.0399819 0)             (0.968316 0.0399667 0)
       1.6924             (0.968299 -0.0396978 0)             (0.968373 0.0396827 0)
       1.6928             (0.968357 -0.0394127 0)             (0.968431 0.0393978 0)
       1.6932             (0.968415 -0.0391267 0)             (0.968489 0.0391120 0)
       1.6936             (0.968474 -0.0388397 0)             (0.968548 0.0388252 0)
        1.694             (0.968533 -0.0385518 0)             (0.968607 0.0385375 0)
       1.6944             (0.968593 -0.0382630 0)             (0.968666 0.0382488 0)
       1.6948             (0.968654 -0.0379733 0)             (0.968726 0.0379593 0)
       1.6952             (0.968714 -0.0376827 0)             (0.968787 0.0376689 0)
       1.6956             (0.968775 -0.0373913 0)             (0.968848 0.0373776 0)
        1.696             (0.968837 -0.0370989 0)             (0.968909 0.0370854 0)
       1.6964             (0.968899 -0.0368057 0)             (0.968971 0.0367924 0)
       1.6968             (0.968962 -0.0365116 0)             (0.969033 0.0364984 0)
       1.6972             (0.969025 -0.0362166 0)             (0.969096 0.0362037 0)
       1.6976             (0.969088 -0.0359208 0)             (0.969159 0.0359080 0)
        1.698             (0.969152 -0.0356242 0)             (0.969223 0.0356116 0)
       1.6984             (0.969217 -0.0353267 0)             (0.969287 0.0353143 0)
       1.6988             (0.969281 -0.0350284 0)             (0.969351 0.0350162 0)
       1.6992             (0.969347 -0.0347293 0)             (0.969416 0.0347173 0)
       1.6996             (0.969412 -0.0344294 0)             (0.969481 0.0344176 0)
          1.7             (0.969479 -0.0341287 0)             (0.969547 0.0341170 0)
       1.7004             (0.969545 -0.0338272 0)             (0.969613 0.0338157 0)
       1.7008             (0.969612 -0.0335249 0)             (0.969680 0.0335136 0)
       1.7012             (0.969680 -0.0332219 0)             (0.969747 0.0332108 0)
       1.7016             (0.969748 -0.0329181 0)             (0.969815 0.0329072 0)
        1.702             (0.969816 -0.0326135 0)             (0.969883 0.0326028 0)
       1.7024             (0.969885 -0.0323082 0)             (0.969951 0.0322976 0)
       1.7028             (0.969954 -0.0320021 0)             (0.970020 0.0319918 0)
       1.7032             (0.970024 -0.0316953 0)             (0.970090 0.0316852 0)
       1.7036             (0.970094 -0.0313878 0)             (0.970159 0.0313779 0)
        1.704             (0.970164 -0.0310796 0)             (0.970230 0.0310699 0)
       1.7044             (0.970235 -0.0307707 0)             (0.970300 0.0307611 0)
       1.7048             (0.970307 -0.0304610 0)             (0.970371 0.0304517 0)
       1.7052             (0.970378 -0.0301507 0)             (0.970443 0.0301416 0)
       1.7056             (0.970451 -0.0298397 0)             (0.970514 0.0298308 0)
        1.706             (0.970523 -0.0295281 0)             (0.970587 0.0295194 0)
       1.7064             (0.970597 -0.0292158 0)             (0.970660 0.0292073 0)
       1.7068             (0.970670 -0.0289028 0)             (0.970733 0.0288945 0)
       1.7072             (0.970744 -0.0285892 0)             (0.970806 0.0285811 0)
       1.7076             (0.970818 -0.0282749 0)             (0.970880 0.0282671 0)
        1.708             (0.970893 -0.0279601 0)             (0.970955 0.0279524 0)
       1.7084             (0.970968 -0.0276446 0)             (0.971029 0.0276371 0)
       1.7088             (0.971044 -0.0273285 0)             (0.971105 0.0273213 0)
       1.7092             (0.971120 -0.0270118 0)             (0.971180 0.0270048 0)
       1.7096             (0.971196 -0.0266945 0)             (0.971256 0.0266877 0)
         1.71             (0.971273 -0.0263766 0)             (0.971333 0.0263701 0)
       1.7104             (0.971350 -0.0260582 0)             (0.971410 0.0260518 0)
       1.7108             (0.971428 -0.0257392 0)             (0.971487 0.0257331 0)
       1.7112             (0.971506 -0.0254196 0)             (0.971565 0.0254137 0)
       1.7116             (0.971585 -0.0250995 0)             (0.971643 0.0250938 0)
        1.712             (0.971664 -0.0247789 0)             (0.971721 0.0247734 0)
       1.7124             (0.971743 -0.0244577 0)             (0.971800 0.0244525 0)
       1.7128             (0.971822 -0.0241360 0)             (0.971879 0.0241310 0)
       1.7132             (0.971903 -0.0238139 0)             (0.971959 0.0238091 0)
       1.7136             (0.971983 -0.0234912 0)             (0.972039 0.0234866 0)
        1.714             (0.972064 -0.0231680 0)             (0.972119 0.0231636 0)
       1.7144             (0.972145 -0.0228443 0)             (0.972200 0.0228402 0)
       1.7148             (0.972227 -0.0225202 0)             (0.972282 0.0225163 0)
       1.7152             (0.972309 -0.0221956 0)             (0.972363 0.0221919 0)
       1.7156             (0.972391 -0.0218705 0)             (0.972445 0.0218671 0)
        1.716             (0.972474 -0.0215450 0)             (0.972528 0.0215418 0)
       1.7164             (0.972557 -0.0212191 0)             (0.972610 0.0212161 0)
       1.7168             (0.972641 -0.0208927 0)             (0.972693 0.0208900 0)
       1.7172             (0.972725 -0.0205659 0)             (0.972777 0.0205634 0)
       1.7176             (0.972809 -0.0202388 0)             (0.972861 0.0202365 0)
        1.718             (0.972893 -0.0199112 0)             (0.972945 0.0199091 0)
       1.7184             (0.972979 -0.0195832 0)             (0.973030 0.0195814 0)
       1.7188             (0.973064 -0.0192548 0)             (0.973115 0.0192533 0)
       1.7192             (0.973150 -0.0189261 0)             (0.973200 0.0189248 0)
       1.7196             (0.973236 -0.0185970 0)             (0.973286 0.0185959 0)
         1.72             (0.973322 -0.0182676 0)             (0.973372 0.0182667 0)
       1.7204             (0.973409 -0.0179378 0)             (0.973458 0.0179371 0)
       1.7208             (0.973496 -0.0176076 0)             (0.973545 0.0176072 0)
       1.7212             (0.973584 -0.0172772 0)             (0.973632 0.0172770 0)
       1.7216             (0.973672 -0.0169464 0)             (0.973720 0.0169465 0)
        1.722             (0.973760 -0.0166153 0)             (0.973807 0.0166157 0)
       1.7224             (0.973849 -0.0162840 0)             (0.973896 0.0162845 0)
       1.7228             (0.973938 -0.0159523 0)             (0.973984 0.0159531 0)
       1.7232             (0.974027 -0.0156204 0)             (0.974073 0.0156214 0)
       1.7236             (0.974117 -0.0152882 0)             (0.974162 0.0152894 0)
        1.724             (0.974207 -0.0149557 0)             (0.974252 0.0149572 0)
       1.7244             (0.974297 -0.0146230 0)             (0.974342 0.0146247 0)
       1.7248             (0.974388 -0.0142900 0)             (0.974432 0.0142920 0)
       1.7252             (0.974479 -0.0139568 0)             (0.974523 0.0139590 0)
       1.7256             (0.974570 -0.0136234 0)             (0.974613 0.0136259 0)
        1.726             (0.974662 -0.0132897 0)             (0.974705 0.0132925 0)
       1.7264             (0.974754 -0.0129559 0)             (0.974796 0.0129589 0)
       1.7268             (0.974846 -0.0126219 0)             (0.974888 0.0126251 0)
       1.7272             (0.974939 -0.0122876 0)             (0.974980 0.0122911 0)
       1.7276             (0.975032 -0.0119532 0)             (0.975073 0.0119569 0)
        1.728             (0.975125 -0.0116187 0)             (0.975166 0.0116226 0)
       1.7284             (0.975219 -0.0112839 0)             (0.975259 0.0112881 0)
       1.7288             (0.975313 -0.0109491 0)             (0.975352 0.0109535 0)
       1.7292             (0.975407 -0.0106140 0)             (0.975446 0.0106187 0)
       1.7296             (0.975502 -0.0102789 0)             (0.975540 0.0102838 0)
         1.73             (0.975596 -0.0099436 0)             (0.975634 0.0099488 0)
       1.7304             (0.975691 -0.0096083 0)             (0.975729 0.0096137 0)
       1.7308             (0.975787 -0.0092728 0)             (0.975824 0.0092784 0)
       1.7312             (0.975883 -0.0089372 0)             (0.975919 0.0089431 0)
       1.7316             (0.975979 -0.0086015 0)             (0.976015 0.0086077 0)
        1.732             (0.976075 -0.0082658 0)             (0.976111 0.0082722 0)
       1.7324             (0.976172 -0.0079300 0)             (0.976207 0.0079366 0)
       1.7328             (0.976268 -0.0075941 0)             (0.976303 0.0076010 0)
       1.7332             (0.976366 -0.0072582 0)             (0.976400 0.0072654 0)
       1.7336             (0.976463 -0.0069223 0)             (0.976497 0.0069297 0)
        1.734             (0.976561 -0.0065863 0)             (0.976594 0.0065939 0)
       1.7344             (0.976659 -0.0062503 0)             (0.976691 0.0062582 0)
       1.7348             (0.976757 -0.0059143 0)             (0.976789 0.0059224 0)
       1.7352             (0.976855 -0.0055783 0)             (0.976887 0.0055867 0)
       1.7356             (0.976954 -0.0052424 0)             (0.976985 0.0052509 0)
        1.736             (0.977053 -0.0049064 0)             (0.977084 0.0049152 0)
       1.7364             (0.977153 -0.0045704 0)             (0.977183 0.0045795 0)
       1.7368             (0.977252 -0.0042345 0)             (0.977282 0.0042438 0)
       1.7372             (0.977352 -0.0038987 0)             (0.977381 0.0039082 0)
       1.7376             (0.977452 -0.0035628 0)             (0.977481 0.0035726 0)
        1.738             (0.977552 -0.0032271 0)             (0.977581 0.0032371 0)
       1.7384             (0.977653 -0.0028914 0)             (0.977681 0.0029017 0)
       1.7388             (0.977754 -0.0025558 0)             (0.977781 0.0025664 0)
       1.7392             (0.977855 -0.0022203 0)             (0.977881 0.0022311 0)
       1.7396             (0.977956 -0.0018849 0)             (0.977982 0.0018959 0)
         1.74             (0.978058 -0.0015496 0)             (0.978083 0.0015609 0)
       1.7404             (0.978159 -0.0012145 0)             (0.978184 0.0012259 0)
       1.7408             (0.978261 -0.0008794 0)             (0.978286 0.0008911 0)
       1.7412             (0.978363 -0.0005445 0)             (0.978388 0.0005565 0)
       1.7416             (0.978466 -0.0002097 0)             (0.978489 0.0002219 0)
        1.742             (0.978568 0.0001249 0)             (0.978592 -0.0001124 0)
       1.7424             (0.978671 0.0004593 0)             (0.978694 -0.0004466 0)
       1.7428             (0.978774 0.0007936 0)             (0.978796 -0.0007807 0)
       1.7432             (0.978878 0.0011277 0)             (0.978899 -0.0011145 0)
       1.7436             (0.978981 0.0014616 0)             (0.979002 -0.0014482 0)
        1.744             (0.979085 0.0017953 0)             (0.979105 -0.0017817 0)
       1.7444             (0.979189 0.0021288 0)             (0.979209 -0.0021149 0)
       1.7448             (0.979293 0.0024621 0)             (0.979312 -0.0024480 0)
       1.7452             (0.979397 0.0027951 0)             (0.979416 -0.0027808 0)
       1.7456             (0.979501 0.0031280 0)             (0.979520 -0.0031134 0)
        1.746             (0.979606 0.0034605 0)             (0.979624 -0.0034457 0)
       1.7464             (0.979711 0.0037928 0)             (0.979728 -0.0037778 0)
       1.7468             (0.979816 0.0041249 0)             (0.979833 -0.0041096 0)
       1.7472             (0.979921 0.0044567 0)             (0.979937 -0.0044412 0)
       1.7476             (0.980026 0.0047882 0)             (0.980042 -0.0047724 0)
        1.748             (0.980132 0.0051194 0)             (0.980147 -0.0051034 0)
       1.7484             (0.980237 0.0054504 0)             (0.980252 -0.0054341 0)
       1.7488             (0.980343 0.0057810 0)             (0.980358 -0.0057645 0)
       1.7492             (0.980449 0.0061113 0)             (0.980463 -0.0060946 0)
       1.7496             (0.980555 0.0064413 0)             (0.980569 -0.0064243 0)
         1.75             (0.980662 0.0067709 0)             (0.980674 -0.0067538 0)
       1.7504             (0.980768 0.0071002 0)             (0.980780 -0.0070828 0)
       1.7508             (0.980875 0.0074292 0)             (0.980886 -0.0074116 0)
       1.7512             (0.980981 0.0077578 0)             (0.980993 -0.0077400 0)
       1.7516             (0.981088 0.0080860 0)             (0.981099 -0.0080680 0)
        1.752             (0.981195 0.0084139 0)             (0.981205 -0.0083956 0)
       1.7524             (0.981303 0.0087414 0)             (0.981312 -0.0087229 0)
       1.7528             (0.981410 0.0090685 0)             (0.981419 -0.0090497 0)
       1.7532             (0.981517 0.0093951 0)             (0.981526 -0.0093762 0)
       1.7536             (0.981625 0.0097214 0)             (0.981633 -0.0097022 0)
        1.754             (0.981732 0.0100473 0)             (0.981740 -0.0100279 0)
       1.7544             (0.981840 0.0103727 0)             (0.981847 -0.0103531 0)
       1.7548             (0.981948 0.0106977 0)             (0.981954 -0.0106779 0)
       1.7552             (0.982056 0.0110223 0)             (0.982062 -0.0110022 0)
       1.7556             (0.982164 0.0113464 0)             (0.982169 -0.0113261 0)
        1.756             (0.982272 0.0116701 0)             (0.982277 -0.0116496 0)
       1.7564             (0.982381 0.0119932 0)             (0.982385 -0.0119725 0)
       1.7568             (0.982489 0.0123159 0)             (0.982493 -0.0122950 0)
       1.7572             (0.982597 0.0126382 0)             (0.982600 -0.0126170 0)
       1.7576             (0.982706 0.0129599 0)             (0.982708 -0.0129385 0)
        1.758             (0.982815 0.0132811 0)             (0.982817 -0.0132596 0)
       1.7584             (0.982923 0.0136019 0)             (0.982925 -0.0135801 0)
       1.7588             (0.983032 0.0139221 0)             (0.983033 -0.0139001 0)
       1.7592             (0.983141 0.0142418 0)             (0.983141 -0.0142196 0)
       1.7596             (0.983250 0.0145609 0)             (0.983250 -0.0145385 0)
         1.76             (0.983359 0.0148795 0)             (0.983358 -0.0148569 0)
       1.7604             (0.983468 0.0151976 0)             (0.983467 -0.0151748 0)
       1.7608             (0.983577 0.0155151 0)             (0.983575 -0.0154921 0)
       1.7612             (0.983686 0.0158320 0)             (0.983684 -0.0158088 0)
       1.7616             (0.983796 0.0161484 0)             (0.983793 -0.0161250 0)
        1.762             (0.983905 0.0164642 0)             (0.983902 -0.0164406 0)
       1.7624             (0.984014 0.0167794 0)             (0.984010 -0.0167556 0)
       1.7628             (0.984124 0.0170940 0)             (0.984119 -0.0170700 0)
       1.7632             (0.984233 0.0174080 0)             (0.984228 -0.0173838 0)
       1.7636             (0.984343 0.0177214 0)             (0.984337 -0.0176970 0)
        1.764             (0.984452 0.0180342 0)             (0.984446 -0.0180095 0)
       1.7644             (0.984562 0.0183463 0)             (0.984555 -0.0183215 0)
       1.7648             (0.984671 0.0186578 0)             (0.984664 -0.0186328 0)
       1.7652             (0.984781 0.0189687 0)             (0.984773 -0.0189435 0)
       1.7656             (0.984890 0.0192789 0)             (0.984882 -0.0192535 0)
        1.766             (0.985000 0.0195885 0)             (0.984991 -0.0195629 0)
       1.7664             (0.985110 0.0198974 0)             (0.985100 -0.0198716 0)
       1.7668             (0.985219 0.0202056 0)             (0.985209 -0.0201796 0)
       1.7672             (0.985329 0.0205132 0)             (0.985318 -0.0204870 0)
       1.7676             (0.985438 0.0208200 0)             (0.985427 -0.0207937 0)
        1.768             (0.985548 0.0211262 0)             (0.985536 -0.0210996 0)
       1.7684             (0.985658 0.0214316 0)             (0.985645 -0.0214049 0)
       1.7688             (0.985767 0.0217364 0)             (0.985754 -0.0217095 0)
       1.7692             (0.985877 0.0220404 0)             (0.985863 -0.0220134 0)
       1.7696             (0.985986 0.0223438 0)             (0.985972 -0.0223165 0)
         1.77             (0.986096 0.0226463 0)             (0.986081 -0.0226189 0)
       1.7704             (0.986205 0.0229482 0)             (0.986190 -0.0229206 0)
       1.7708             (0.986315 0.0232493 0)             (0.986299 -0.0232215 0)
       1.7712             (0.986424 0.0235496 0)             (0.986408 -0.0235217 0)
       1.7716             (0.986534 0.0238492 0)             (0.986517 -0.0238211 0)
        1.772             (0.986643 0.0241480 0)             (0.986626 -0.0241198 0)
       1.7724             (0.986752 0.0244461 0)             (0.986735 -0.0244176 0)
       1.7728             (0.986862 0.0247434 0)             (0.986843 -0.0247147 0)
       1.7732             (0.986971 0.0250399 0)             (0.986952 -0.0250111 0)
       1.7736             (0.987080 0.0253355 0)             (0.987061 -0.0253066 0)
        1.774             (0.987189 0.0256304 0)             (0.987169 -0.0256013 0)
       1.7744             (0.987298 0.0259245 0)             (0.987278 -0.0258952 0)
       1.7748             (0.987407 0.0262178 0)             (0.987386 -0.0261884 0)
       1.7752             (0.987516 0.0265102 0)             (0.987494 -0.0264806 0)
       1.7756             (0.987625 0.0268019 0)             (0.987603 -0.0267721 0)
        1.776             (0.987734 0.0270927 0)             (0.987711 -0.0270627 0)
       1.7764             (0.987842 0.0273826 0)             (0.987819 -0.0273525 0)
       1.7768             (0.987951 0.0276717 0)             (0.987927 -0.0276415 0)
       1.7772             (0.988059 0.0279599 0)             (0.988035 -0.0279296 0)
       1.7776             (0.988168 0.0282473 0)             (0.988143 -0.0282168 0)
        1.778             (0.988276 0.0285339 0)             (0.988251 -0.0285032 0)
       1.7784             (0.988384 0.0288195 0)             (0.988358 -0.0287887 0)
       1.7788             (0.988492 0.0291043 0)             (0.988466 -0.0290733 0)
       1.7792             (0.988600 0.0293882 0)             (0.988573 -0.0293571 0)
       1.7796             (0.988708 0.0296712 0)             (0.988681 -0.0296399 0)
         1.78             (0.988816 0.0299532 0)             (0.988788 -0.0299219 0)
       1.7804             (0.988924 0.0302344 0)             (0.988895 -0.0302029 0)
       1.7808             (0.989031 0.0305147 0)             (0.989002 -0.0304831 0)
       1.7812             (0.989139 0.0307941 0)             (0.989109 -0.0307623 0)
       1.7816             (0.989246 0.0310725 0)             (0.989216 -0.0310406 0)
        1.782             (0.989353 0.0313500 0)             (0.989322 -0.0313180 0)
       1.7824             (0.989460 0.0316266 0)             (0.989429 -0.0315945 0)
       1.7828             (0.989567 0.0319023 0)             (0.989535 -0.0318700 0)
       1.7832             (0.989674 0.0321770 0)             (0.989641 -0.0321445 0)
       1.7836             (0.989780 0.0324507 0)             (0.989747 -0.0324182 0)
        1.784             (0.989887 0.0327235 0)             (0.989853 -0.0326908 0)
       1.7844             (0.989993 0.0329953 0)             (0.989959 -0.0329625 0)
       1.7848             (0.990099 0.0332662 0)             (0.990064 -0.0332333 0)
       1.7852             (0.990205 0.0335360 0)             (0.990170 -0.0335030 0)
       1.7856             (0.990311 0.0338049 0)             (0.990275 -0.0337718 0)
        1.786             (0.990416 0.0340729 0)             (0.990380 -0.0340396 0)
       1.7864             (0.990522 0.0343398 0)             (0.990485 -0.0343064 0)
       1.7868             (0.990627 0.0346057 0)             (0.990590 -0.0345723 0)
       1.7872             (0.990732 0.0348706 0)             (0.990695 -0.0348371 0)
       1.7876             (0.990837 0.0351346 0)             (0.990799 -0.0351009 0)
        1.788             (0.990942 0.0353975 0)             (0.990903 -0.0353637 0)
       1.7884             (0.991046 0.0356593 0)             (0.991007 -0.0356255 0)
       1.7888             (0.991151 0.0359202 0)             (0.991111 -0.0358862 0)
       1.7892             (0.991255 0.0361800 0)             (0.991215 -0.0361460 0)
       1.7896             (0.991359 0.0364388 0)             (0.991318 -0.0364047 0)
         1.79             (0.991463 0.0366966 0)             (0.991421 -0.0366624 0)
       1.7904             (0.991566 0.0369533 0)             (0.991524 -0.0369190 0)
       1.7908             (0.991670 0.0372090 0)             (0.991627 -0.0371746 0)
       1.7912             (0.991773 0.0374636 0)             (0.991730 -0.0374291 0)
       1.7916             (0.991876 0.0377172 0)             (0.991832 -0.0376826 0)
        1.792             (0.991978 0.0379697 0)             (0.991934 -0.0379350 0)
       1.7924             (0.992081 0.0382211 0)             (0.992036 -0.0381863 0)
       1.7928             (0.992183 0.0384715 0)             (0.992138 -0.0384366 0)
       1.7932             (0.992285 0.0387208 0)             (0.992240 -0.0386858 0)
       1.7936             (0.992387 0.0389689 0)             (0.992341 -0.0389339 0)
        1.794             (0.992488 0.0392161 0)             (0.992442 -0.0391810 0)
       1.7944             (0.992590 0.0394621 0)             (0.992543 -0.0394269 0)
       1.7948             (0.992691 0.0397070 0)             (0.992643 -0.0396718 0)
       1.7952             (0.992791 0.0399508 0)             (0.992743 -0.0399155 0)
       1.7956             (0.992892 0.0401935 0)             (0.992843 -0.0401582 0)
        1.796             (0.992992 0.0404352 0)             (0.992943 -0.0403997 0)
       1.7964             (0.993092 0.0406757 0)             (0.993043 -0.0406402 0)
       1.7968             (0.993192 0.0409150 0)             (0.993142 -0.0408795 0)
       1.7972             (0.993292 0.0411533 0)             (0.993241 -0.0411177 0)
       1.7976             (0.993391 0.0413904 0)             (0.993340 -0.0413547 0)
        1.798             (0.993490 0.0416264 0)             (0.993438 -0.0415907 0)
       1.7984             (0.993588 0.0418613 0)             (0.993536 -0.0418255 0)
       1.7988             (0.993687 0.0420950 0)             (0.993634 -0.0420592 0)
       1.7992             (0.993785 0.0423276 0)             (0.993732 -0.0422917 0)
       1.7996             (0.993883 0.0425590 0)             (0.993829 -0.0425231 0)
          1.8             (0.993980 0.0427893 0)             (0.993927 -0.0427534 0)
       1.8004             (0.994078 0.0430185 0)             (0.994023 -0.0429824 0)
       1.8008             (0.994175 0.0432464 0)             (0.994120 -0.0432104 0)
       1.8012             (0.994271 0.0434732 0)             (0.994216 -0.0434372 0)
       1.8016             (0.994368 0.0436989 0)             (0.994312 -0.0436628 0)
        1.802             (0.994464 0.0439234 0)             (0.994407 -0.0438872 0)
       1.8024             (0.994560 0.0441467 0)             (0.994503 -0.0441105 0)
       1.8028             (0.994655 0.0443688 0)             (0.994598 -0.0443326 0)
       1.8032             (0.994750 0.0445898 0)             (0.994692 -0.0445535 0)
       1.8036             (0.994845 0.0448095 0)             (0.994787 -0.0447733 0)
        1.804             (0.994940 0.0450281 0)             (0.994881 -0.0449918 0)
       1.8044             (0.995034 0.0452455 0)             (0.994975 -0.0452092 0)
       1.8048             (0.995128 0.0454617 0)             (0.995068 -0.0454254 0)
       1.8052             (0.995221 0.0456767 0)             (0.995161 -0.0456403 0)
       1.8056             (0.995314 0.0458905 0)             (0.995254 -0.0458541 0)
        1.806             (0.995407 0.0461031 0)             (0.995346 -0.0460667 0)
       1.8064             (0.995500 0.0463145 0)             (0.995438 -0.0462781 0)
       1.8068             (0.995592 0.0465247 0)             (0.995530 -0.0464883 0)
       1.8072             (0.995684 0.0467336 0)             (0.995621 -0.0466972 0)
       1.8076             (0.995775 0.0469414 0)             (0.995712 -0.0469050 0)
        1.808             (0.995866 0.0471479 0)             (0.995803 -0.0471115 0)
       1.8084             (0.995957 0.0473532 0)             (0.995893 -0.0473168 0)
       1.8088             (0.996048 0.0475573 0)             (0.995983 -0.0475209 0)
       1.8092             (0.996138 0.0477602 0)             (0.996073 -0.0477238 0)
       1.8096             (0.996227 0.0479618 0)             (0.996162 -0.0479254 0)
         1.81             (0.996317 0.0481622 0)             (0.996251 -0.0481258 0)
       1.8104             (0.996406 0.0483614 0)             (0.996340 -0.0483250 0)
       1.8108             (0.996494 0.0485593 0)             (0.996428 -0.0485230 0)
       1.8112             (0.996583 0.0487560 0)             (0.996516 -0.0487197 0)
       1.8116             (0.996671 0.0489514 0)             (0.996603 -0.0489151 0)
        1.812             (0.996758 0.0491456 0)             (0.996690 -0.0491094 0)
       1.8124             (0.996845 0.0493386 0)             (0.996777 -0.0493023 0)
       1.8128             (0.996932 0.0495303 0)             (0.996863 -0.0494941 0)
       1.8132             (0.997018 0.0497208 0)             (0.996949 -0.0496845 0)
       1.8136             (0.997104 0.0499099 0)             (0.997035 -0.0498738 0)
        1.814             (0.997190 0.0500979 0)             (0.997120 -0.0500617 0)
       1.8144             (0.997275 0.0502846 0)             (0.997205 -0.0502485 0)
       1.8148             (0.997360 0.0504700 0)             (0.997289 -0.0504339 0)
       1.8152             (0.997444 0.0506541 0)             (0.997373 -0.0506181 0)
       1.8156             (0.997528 0.0508370 0)             (0.997456 -0.0508010 0)
        1.816             (0.997612 0.0510187 0)             (0.997540 -0.0509827 0)
       1.8164             (0.997695 0.0511990 0)             (0.997622 -0.0511631 0)
       1.8168             (0.997777 0.0513781 0)             (0.997705 -0.0513422 0)
       1.8172             (0.997860 0.0515559 0)             (0.997786 -0.0515201 0)
       1.8176             (0.997942 0.0517325 0)             (0.997868 -0.0516967 0)
        1.818             (0.998023 0.0519077 0)             (0.997949 -0.0518720 0)
       1.8184             (0.998104 0.0520817 0)             (0.998030 -0.0520461 0)
       1.8188             (0.998185 0.0522544 0)             (0.998110 -0.0522188 0)
       1.8192             (0.998265 0.0524258 0)             (0.998190 -0.0523903 0)
       1.8196             (0.998345 0.0525960 0)             (0.998269 -0.0525605 0)
         1.82             (0.998424 0.0527648 0)             (0.998348 -0.0527294 0)
       1.8204             (0.998503 0.0529324 0)             (0.998427 -0.0528971 0)
       1.8208             (0.998582 0.0530987 0)             (0.998505 -0.0530634 0)
       1.8212             (0.998660 0.0532637 0)             (0.998582 -0.0532285 0)
       1.8216             (0.998737 0.0534274 0)             (0.998660 -0.0533923 0)
        1.822             (0.998814 0.0535898 0)             (0.998736 -0.0535548 0)
       1.8224             (0.998891 0.0537510 0)             (0.998813 -0.0537160 0)
       1.8228             (0.998967 0.0539108 0)             (0.998889 -0.0538759 0)
       1.8232             (0.999043 0.0540693 0)             (0.998964 -0.0540345 0)
       1.8236             (0.999119 0.0542266 0)             (0.999039 -0.0541918 0)
        1.824             (0.999193 0.0543825 0)             (0.999114 -0.0543479 0)
       1.8244             (0.999268 0.0545372 0)             (0.999188 -0.0545026 0)
       1.8248             (0.999342 0.0546905 0)             (0.999261 -0.0546561 0)
       1.8252             (0.999415 0.0548426 0)             (0.999334 -0.0548082 0)
       1.8256             (0.999489 0.0549933 0)             (0.999407 -0.0549591 0)
        1.826             (0.999561 0.0551428 0)             (0.999479 -0.0551086 0)
       1.8264             (0.999633 0.0552909 0)             (0.999551 -0.0552568 0)
       1.8268             (0.999705 0.0554378 0)             (0.999622 -0.0554038 0)
       1.8272             (0.999776 0.0555833 0)             (0.999693 -0.0555494 0)
       1.8276             (0.999847 0.0557275 0)             (0.999764 -0.0556938 0)
        1.828             (0.999917 0.0558705 0)             (0.999833 -0.0558368 0)
       1.8284             (0.999987 0.0560121 0)             (0.999903 -0.0559786 0)
       1.8288             (1.000056 0.0561524 0)             (0.999972 -0.0561190 0)
       1.8292             (1.000125 0.0562914 0)             (1.000040 -0.0562581 0)
       1.8296             (1.000193 0.0564291 0)             (1.000108 -0.0563960 0)
         1.83             (1.000261 0.0565655 0)             (1.000176 -0.0565325 0)
       1.8304             (1.000328 0.0567006 0)             (1.000243 -0.0566677 0)
       1.8308             (1.000395 0.0568344 0)             (1.000309 -0.0568016 0)
       1.8312             (1.000462 0.0569669 0)             (1.000375 -0.0569342 0)
       1.8316             (1.000527 0.0570981 0)             (1.000441 -0.0570655 0)
        1.832             (1.000593 0.0572280 0)             (1.000506 -0.0571955 0)
       1.8324             (1.000658 0.0573565 0)             (1.000570 -0.0573242 0)
       1.8328             (1.000722 0.0574838 0)             (1.000634 -0.0574516 0)
       1.8332             (1.000786 0.0576097 0)             (1.000698 -0.0575777 0)
       1.8336             (1.000849 0.0577343 0)             (1.000761 -0.0577025 0)
        1.834             (1.000912 0.0578577 0)             (1.000824 -0.0578259 0)
       1.8344             (1.000974 0.0579797 0)             (1.000886 -0.0579481 0)
       1.8348             (1.001036 0.0581004 0)             (1.000947 -0.0580690 0)
       1.8352             (1.001098 0.0582198 0)             (1.001008 -0.0581885 0)
       1.8356             (1.001158 0.0583379 0)             (1.001069 -0.0583068 0)
        1.836             (1.001219 0.0584547 0)             (1.001129 -0.0584237 0)
       1.8364             (1.001279 0.0585702 0)             (1.001188 -0.0585393 0)
       1.8368             (1.001338 0.0586843 0)             (1.001247 -0.0586537 0)
       1.8372             (1.001397 0.0587972 0)             (1.001306 -0.0587667 0)
       1.8376             (1.001455 0.0589088 0)             (1.001363 -0.0588784 0)
        1.838             (1.001512 0.0590190 0)             (1.001421 -0.0589889 0)
       1.8384             (1.001570 0.0591280 0)             (1.001478 -0.0590980 0)
       1.8388             (1.001626 0.0592356 0)             (1.001534 -0.0592058 0)
       1.8392             (1.001682 0.0593420 0)             (1.001590 -0.0593123 0)
       1.8396             (1.001738 0.0594470 0)             (1.001645 -0.0594175 0)
         1.84             (1.001793 0.0595507 0)             (1.001700 -0.0595215 0)
       1.8404             (1.001848 0.0596532 0)             (1.001755 -0.0596241 0)
       1.8408             (1.001902 0.0597543 0)             (1.001808 -0.0597254 0)
       1.8412             (1.001955 0.0598542 0)             (1.001862 -0.0598254 0)
       1.8416             (1.002008 0.0599527 0)             (1.001914 -0.0599241 0)
        1.842             (1.002061 0.0600499 0)             (1.001966 -0.0600216 0)
       1.8424             (1.002113 0.0601459 0)             (1.002018 -0.0601177 0)
       1.8428             (1.002164 0.0602405 0)             (1.002069 -0.0602125 0)
       1.8432             (1.002215 0.0603339 0)             (1.002120 -0.0603061 0)
       1.8436             (1.002265 0.0604259 0)             (1.002170 -0.0603983 0)
        1.844             (1.002315 0.0605167 0)             (1.002219 -0.0604893 0)
       1.8444             (1.002364 0.0606062 0)             (1.002268 -0.0605790 0)
       1.8448             (1.002413 0.0606944 0)             (1.002317 -0.0606674 0)
       1.8452             (1.002461 0.0607812 0)             (1.002364 -0.0607545 0)
       1.8456             (1.002508 0.0608668 0)             (1.002412 -0.0608403 0)
        1.846             (1.002555 0.0609512 0)             (1.002459 -0.0609248 0)
       1.8464             (1.002602 0.0610342 0)             (1.002505 -0.0610080 0)
       1.8468             (1.002648 0.0611159 0)             (1.002550 -0.0610900 0)
       1.8472             (1.002693 0.0611964 0)             (1.002596 -0.0611707 0)
       1.8476             (1.002738 0.0612756 0)             (1.002640 -0.0612501 0)
        1.848             (1.002782 0.0613535 0)             (1.002684 -0.0613282 0)
       1.8484             (1.002826 0.0614301 0)             (1.002728 -0.0614050 0)
       1.8488             (1.002869 0.0615054 0)             (1.002771 -0.0614806 0)
       1.8492             (1.002912 0.0615795 0)             (1.002813 -0.0615549 0)
       1.8496             (1.002954 0.0616523 0)             (1.002855 -0.0616279 0)
         1.85             (1.002995 0.0617238 0)             (1.002896 -0.0616996 0)
       1.8504             (1.003036 0.0617940 0)             (1.002937 -0.0617701 0)
       1.8508             (1.003077 0.0618630 0)             (1.002977 -0.0618393 0)
       1.8512             (1.003116 0.0619307 0)             (1.003017 -0.0619072 0)
       1.8516             (1.003156 0.0619971 0)             (1.003056 -0.0619739 0)
        1.852             (1.003194 0.0620623 0)             (1.003094 -0.0620393 0)
       1.8524             (1.003233 0.0621262 0)             (1.003132 -0.0621035 0)
       1.8528             (1.003270 0.0621889 0)             (1.003170 -0.0621664 0)
       1.8532             (1.003307 0.0622503 0)             (1.003207 -0.0622280 0)
       1.8536             (1.003344 0.0623104 0)             (1.003243 -0.0622884 0)
        1.854             (1.003380 0.0623693 0)             (1.003279 -0.0623475 0)
       1.8544             (1.003415 0.0624269 0)             (1.003314 -0.0624054 0)
       1.8548             (1.003450 0.0624833 0)             (1.003349 -0.0624620 0)
       1.8552             (1.003484 0.0625384 0)             (1.003383 -0.0625174 0)
       1.8556             (1.003518 0.0625923 0)             (1.003416 -0.0625715 0)
        1.856             (1.003551 0.0626449 0)             (1.003449 -0.0626244 0)
       1.8564             (1.003583 0.0626963 0)             (1.003481 -0.0626761 0)
       1.8568             (1.003615 0.0627464 0)             (1.003513 -0.0627265 0)
       1.8572             (1.003647 0.0627953 0)             (1.003544 -0.0627757 0)
       1.8576             (1.003678 0.0628430 0)             (1.003575 -0.0628236 0)
        1.858             (1.003708 0.0628894 0)             (1.003605 -0.0628703 0)
       1.8584             (1.003738 0.0629346 0)             (1.003635 -0.0629158 0)
       1.8588             (1.003767 0.0629786 0)             (1.003664 -0.0629600 0)
       1.8592             (1.003795 0.0630213 0)             (1.003692 -0.0630030 0)
       1.8596             (1.003823 0.0630628 0)             (1.003720 -0.0630448 0)
         1.86             (1.003851 0.0631031 0)             (1.003747 -0.0630854 0)
       1.8604             (1.003878 0.0631422 0)             (1.003774 -0.0631247 0)
       1.8608             (1.003904 0.0631801 0)             (1.003800 -0.0631629 0)
       1.8612             (1.003930 0.0632167 0)             (1.003826 -0.0631998 0)
       1.8616             (1.003955 0.0632521 0)             (1.003851 -0.0632355 0)
        1.862             (1.003979 0.0632863 0)             (1.003876 -0.0632700 0)
       1.8624             (1.004003 0.0633193 0)             (1.003899 -0.0633033 0)
       1.8628             (1.004027 0.0633511 0)             (1.003923 -0.0633354 0)
       1.8632             (1.004050 0.0633817 0)             (1.003946 -0.0633663 0)
       1.8636             (1.004072 0.0634111 0)             (1.003968 -0.0633960 0)
        1.864             (1.004094 0.0634393 0)             (1.003990 -0.0634245 0)
       1.8644             (1.004115 0.0634663 0)             (1.004011 -0.0634517 0)
       1.8648             (1.004136 0.0634921 0)             (1.004031 -0.0634779 0)
       1.8652             (1.004156 0.0635167 0)             (1.004051 -0.0635028 0)
       1.8656             (1.004175 0.0635401 0)             (1.004071 -0.0635265 0)
        1.866             (1.004194 0.0635623 0)             (1.004089 -0.0635490 0)
       1.8664             (1.004213 0.0635834 0)             (1.004108 -0.0635704 0)
       1.8668             (1.004231 0.0636033 0)             (1.004125 -0.0635906 0)
       1.8672             (1.004248 0.0636220 0)             (1.004143 -0.0636096 0)
       1.8676             (1.004264 0.0636395 0)             (1.004159 -0.0636274 0)
        1.868             (1.004281 0.0636558 0)             (1.004175 -0.0636441 0)
       1.8684             (1.004296 0.0636710 0)             (1.004191 -0.0636596 0)
       1.8688             (1.004311 0.0636850 0)             (1.004206 -0.0636740 0)
       1.8692             (1.004326 0.0636979 0)             (1.004220 -0.0636871 0)
       1.8696             (1.004339 0.0637096 0)             (1.004234 -0.0636992 0)
         1.87             (1.004353 0.0637201 0)             (1.004247 -0.0637100 0)
       1.8704             (1.004365 0.0637295 0)             (1.004260 -0.0637197 0)
       1.8708             (1.004378 0.0637377 0)             (1.004272 -0.0637283 0)
       1.8712             (1.004389 0.0637448 0)             (1.004283 -0.0637357 0)
       1.8716             (1.004400 0.0637508 0)             (1.004294 -0.0637420 0)
        1.872             (1.004411 0.0637556 0)             (1.004305 -0.0637471 0)
       1.8724             (1.004421 0.0637592 0)             (1.004314 -0.0637511 0)
       1.8728             (1.004430 0.0637617 0)             (1.004324 -0.0637540 0)
       1.8732             (1.004439 0.0637631 0)             (1.004333 -0.0637557 0)
       1.8736             (1.004447 0.0637634 0)             (1.004341 -0.0637563 0)
        1.874             (1.004455 0.0637625 0)             (1.004348 -0.0637558 0)
       1.8744             (1.004462 0.0637605 0)             (1.004355 -0.0637541 0)
       1.8748             (1.004468 0.0637574 0)             (1.004362 -0.0637514 0)
       1.8752             (1.004474 0.0637532 0)             (1.004368 -0.0637475 0)
       1.8756             (1.004480 0.0637478 0)             (1.004373 -0.0637425 0)
        1.876             (1.004485 0.0637414 0)             (1.004378 -0.0637364 0)
       1.8764             (1.004489 0.0637338 0)             (1.004383 -0.0637292 0)
       1.8768             (1.004493 0.0637252 0)             (1.004386 -0.0637209 0)
       1.8772             (1.004496 0.0637154 0)             (1.004390 -0.0637115 0)
       1.8776             (1.004499 0.0637045 0)             (1.004392 -0.0637010 0)
        1.878             (1.004501 0.0636926 0)             (1.004394 -0.0636894 0)
       1.8784             (1.004503 0.0636795 0)             (1.004396 -0.0636767 0)
       1.8788             (1.004504 0.0636654 0)             (1.004397 -0.0636629 0)
       1.8792             (1.004504 0.0636502 0)             (1.004398 -0.0636481 0)
       1.8796             (1.004504 0.0636338 0)             (1.004397 -0.0636321 0)
         1.88             (1.004503 0.0636165 0)             (1.004397 -0.0636151 0)
       1.8804             (1.004502 0.0635980 0)             (1.004396 -0.0635970 0)
       1.8808             (1.004501 0.0635785 0)             (1.004394 -0.0635779 0)
       1.8812             (1.004498 0.0635579 0)             (1.004392 -0.0635576 0)
       1.8816             (1.004496 0.0635362 0)             (1.004389 -0.0635363 0)
        1.882             (1.004492 0.0635135 0)             (1.004386 -0.0635140 0)
       1.8824             (1.004488 0.0634897 0)             (1.004382 -0.0634906 0)
       1.8828             (1.004484 0.0634649 0)             (1.004378 -0.0634661 0)
       1.8832             (1.004479 0.0634390 0)             (1.004373 -0.0634406 0)
       1.8836             (1.004474 0.0634121 0)             (1.004367 -0.0634141 0)
        1.884             (1.004468 0.0633841 0)             (1.004361 -0.0633865 0)
       1.8844             (1.004461 0.0633551 0)             (1.004355 -0.0633579 0)
       1.8848             (1.004454 0.0633250 0)             (1.004348 -0.0633282 0)
       1.8852             (1.004446 0.0632939 0)             (1.004340 -0.0632975 0)
       1.8856             (1.004438 0.0632618 0)             (1.004332 -0.0632658 0)
        1.886             (1.004430 0.0632286 0)             (1.004324 -0.0632330 0)
       1.8864             (1.004421 0.0631945 0)             (1.004314 -0.0631992 0)
       1.8868             (1.004411 0.0631593 0)             (1.004305 -0.0631644 0)
       1.8872             (1.004401 0.0631231 0)             (1.004295 -0.0631286 0)
       1.8876             (1.004390 0.0630859 0)             (1.004284 -0.0630918 0)
        1.888             (1.004379 0.0630476 0)             (1.004273 -0.0630540 0)
       1.8884             (1.004367 0.0630084 0)             (1.004261 -0.0630151 0)
       1.8888             (1.004354 0.0629682 0)             (1.004249 -0.0629753 0)
       1.8892             (1.004342 0.0629269 0)             (1.004236 -0.0629345 0)
       1.8896             (1.004328 0.0628847 0)             (1.004223 -0.0628927 0)
         1.89             (1.004314 0.0628415 0)             (1.004209 -0.0628498 0)
       1.8904             (1.004300 0.0627973 0)             (1.004195 -0.0628061 0)
       1.8908             (1.004285 0.0627521 0)             (1.004180 -0.0627613 0)
       1.8912             (1.004270 0.0627059 0)             (1.004164 -0.0627155 0)
       1.8916             (1.004254 0.0626588 0)             (1.004149 -0.0626688 0)
        1.892             (1.004237 0.0626107 0)             (1.004132 -0.0626211 0)
       1.8924             (1.004221 0.0625616 0)             (1.004115 -0.0625724 0)
       1.8928             (1.004203 0.0625115 0)             (1.004098 -0.0625227 0)
       1.8932             (1.004185 0.0624605 0)             (1.004080 -0.0624721 0)
       1.8936             (1.004167 0.0624085 0)             (1.004062 -0.0624206 0)
        1.894             (1.004148 0.0623556 0)             (1.004043 -0.0623681 0)
       1.8944             (1.004128 0.0623017 0)             (1.004024 -0.0623146 0)
       1.8948             (1.004108 0.0622469 0)             (1.004004 -0.0622602 0)
       1.8952             (1.004088 0.0621911 0)             (1.003984 -0.0622048 0)
       1.8956             (1.004067 0.0621344 0)             (1.003963 -0.0621485 0)
        1.896             (1.004046 0.0620767 0)             (1.003942 -0.0620913 0)
       1.8964             (1.004024 0.0620181 0)             (1.003920 -0.0620331 0)
       1.8968             (1.004002 0.0619586 0)             (1.003898 -0.0619740 0)
       1.8972             (1.003979 0.0618981 0)             (1.003875 -0.0619140 0)
       1.8976             (1.003955 0.0618368 0)             (1.003852 -0.0618531 0)
        1.898             (1.003932 0.0617745 0)             (1.003828 -0.0617912 0)
       1.8984             (1.003907 0.0617113 0)             (1.003804 -0.0617285 0)
       1.8988             (1.003882 0.0616472 0)             (1.003779 -0.0616648 0)
       1.8992             (1.003857 0.0615821 0)             (1.003754 -0.0616002 0)
       1.8996             (1.003831 0.0615162 0)             (1.003728 -0.0615347 0)
          1.9             (1.003805 0.0614494 0)             (1.003702 -0.0614683 0)
       1.9004             (1.003779 0.0613817 0)             (1.003676 -0.0614010 0)
       1.9008             (1.003751 0.0613130 0)             (1.003649 -0.0613328 0)
       1.9012             (1.003724 0.0612435 0)             (1.003621 -0.0612638 0)
       1.9016             (1.003696 0.0611731 0)             (1.003593 -0.0611938 0)
        1.902             (1.003667 0.0611018 0)             (1.003565 -0.0611230 0)
       1.9024             (1.003638 0.0610297 0)             (1.003536 -0.0610513 0)
       1.9028             (1.003609 0.0609567 0)             (1.003507 -0.0609787 0)
       1.9032             (1.003579 0.0608827 0)             (1.003477 -0.0609052 0)
       1.9036             (1.003549 0.0608080 0)             (1.003447 -0.0608309 0)
        1.904             (1.003518 0.0607323 0)             (1.003416 -0.0607557 0)
       1.9044             (1.003487 0.0606558 0)             (1.003385 -0.0606796 0)
       1.9048             (1.003455 0.0605785 0)             (1.003354 -0.0606027 0)
       1.9052             (1.003423 0.0605003 0)             (1.003322 -0.0605250 0)
       1.9056             (1.003390 0.0604212 0)             (1.003289 -0.0604464 0)
        1.906             (1.003357 0.0603413 0)             (1.003256 -0.0603669 0)
       1.9064             (1.003324 0.0602605 0)             (1.003223 -0.0602866 0)
       1.9068             (1.003290 0.0601790 0)             (1.003189 -0.0602055 0)
       1.9072             (1.003255 0.0600965 0)             (1.003155 -0.0601235 0)
       1.9076             (1.003220 0.0600133 0)             (1.003120 -0.0600407 0)
        1.908             (1.003185 0.0599292 0)             (1.003085 -0.0599571 0)
       1.9084             (1.003150 0.0598443 0)             (1.003050 -0.0598726 0)
       1.9088             (1.003114 0.0597585 0)             (1.003014 -0.0597873 0)
       1.9092             (1.003077 0.0596720 0)             (1.002978 -0.0597012 0)
       1.9096             (1.003040 0.0595846 0)             (1.002941 -0.0596143 0)
         1.91             (1.003003 0.0594964 0)             (1.002904 -0.0595266 0)
       1.9104             (1.002965 0.0594074 0)             (1.002866 -0.0594381 0)
       1.9108             (1.002927 0.0593177 0)             (1.002828 -0.0593488 0)
       1.9112             (1.002888 0.0592271 0)             (1.002790 -0.0592587 0)
       1.9116             (1.002849 0.0591357 0)             (1.002751 -0.0591677 0)
        1.912             (1.002810 0.0590435 0)             (1.002712 -0.0590760 0)
       1.9124             (1.002770 0.0589505 0)             (1.002672 -0.0589835 0)
       1.9128             (1.002730 0.0588568 0)             (1.002632 -0.0588902 0)
       1.9132             (1.002689 0.0587622 0)             (1.002592 -0.0587962 0)
       1.9136             (1.002648 0.0586669 0)             (1.002551 -0.0587013 0)
        1.914             (1.002607 0.0585708 0)             (1.002510 -0.0586057 0)
       1.9144             (1.002565 0.0584739 0)             (1.002468 -0.0585093 0)
       1.9148             (1.002523 0.0583763 0)             (1.002426 -0.0584121 0)
       1.9152             (1.002480 0.0582779 0)             (1.002384 -0.0583142 0)
       1.9156             (1.002437 0.0581787 0)             (1.002341 -0.0582155 0)
        1.916             (1.002394 0.0580788 0)             (1.002298 -0.0581161 0)
       1.9164             (1.002350 0.0579781 0)             (1.002254 -0.0580159 0)
       1.9168             (1.002306 0.0578767 0)             (1.002211 -0.0579149 0)
       1.9172             (1.002262 0.0577745 0)             (1.002166 -0.0578132 0)
       1.9176             (1.002217 0.0576716 0)             (1.002122 -0.0577108 0)
        1.918             (1.002172 0.0575679 0)             (1.002077 -0.0576076 0)
       1.9184             (1.002126 0.0574635 0)             (1.002031 -0.0575036 0)
       1.9188             (1.002080 0.0573584 0)             (1.001986 -0.0573990 0)
       1.9192             (1.002034 0.0572525 0)             (1.001939 -0.0572936 0)
       1.9196             (1.001987 0.0571459 0)             (1.001893 -0.0571875 0)
         1.92             (1.001940 0.0570386 0)             (1.001846 -0.0570806 0)
       1.9204             (1.001892 0.0569305 0)             (1.001799 -0.0569731 0)
       1.9208             (1.001845 0.0568218 0)             (1.001751 -0.0568648 0)
       1.9212             (1.001796 0.0567123 0)             (1.001704 -0.0567558 0)
       1.9216             (1.001748 0.0566021 0)             (1.001655 -0.0566461 0)
        1.922             (1.001699 0.0564912 0)             (1.001607 -0.0565357 0)
       1.9224             (1.001650 0.0563796 0)             (1.001558 -0.0564245 0)
       1.9228             (1.001600 0.0562673 0)             (1.001508 -0.0563127 0)
       1.9232             (1.001551 0.0561542 0)             (1.001459 -0.0562002 0)
       1.9236             (1.001500 0.0560405 0)             (1.001409 -0.0560870 0)
        1.924             (1.001450 0.0559261 0)             (1.001359 -0.0559731 0)
       1.9244             (1.001399 0.0558111 0)             (1.001308 -0.0558585 0)
       1.9248             (1.001348 0.0556953 0)             (1.001257 -0.0557432 0)
       1.9252             (1.001296 0.0555788 0)             (1.001206 -0.0556272 0)
       1.9256             (1.001244 0.0554617 0)             (1.001154 -0.0555106 0)
        1.926             (1.001192 0.0553439 0)             (1.001102 -0.0553933 0)
       1.9264             (1.001140 0.0552254 0)             (1.001050 -0.0552753 0)
       1.9268             (1.001087 0.0551062 0)             (1.000998 -0.0551566 0)
       1.9272             (1.001034 0.0549864 0)             (1.000945 -0.0550373 0)
       1.9276             (1.000980 0.0548659 0)             (1.000892 -0.0549173 0)
        1.928             (1.000927 0.0547448 0)             (1.000838 -0.0547966 0)
       1.9284             (1.000873 0.0546229 0)             (1.000784 -0.0546753 0)
       1.9288             (1.000818 0.0545005 0)             (1.000730 -0.0545533 0)
       1.9292             (1.000764 0.0543774 0)             (1.000676 -0.0544307 0)
       1.9296             (1.000709 0.0542536 0)             (1.000621 -0.0543075 0)
         1.93             (1.000654 0.0541292 0)             (1.000566 -0.0541836 0)
       1.9304             (1.000598 0.0540041 0)             (1.000511 -0.0540590 0)
       1.9308             (1.000542 0.0538784 0)             (1.000455 -0.0539338 0)
       1.9312             (1.000486 0.0537521 0)             (1.000400 -0.0538080 0)
       1.9316             (1.000430 0.0536251 0)             (1.000344 -0.0536815 0)
        1.932             (1.000373 0.0534975 0)             (1.000287 -0.0535544 0)
       1.9324             (1.000316 0.0533693 0)             (1.000230 -0.0534267 0)
       1.9328             (1.000259 0.0532405 0)             (1.000173 -0.0532983 0)
       1.9332             (1.000201 0.0531110 0)             (1.000116 -0.0531694 0)
       1.9336             (1.000143 0.0529809 0)             (1.000059 -0.0530398 0)
        1.934             (1.000085 0.0528502 0)             (1.000001 -0.0529096 0)
       1.9344             (1.000027 0.0527188 0)             (0.999943 -0.0527787 0)
       1.9348             (0.999969 0.0525869 0)             (0.999885 -0.0526473 0)
       1.9352             (0.999910 0.0524544 0)             (0.999826 -0.0525153 0)
       1.9356             (0.999851 0.0523212 0)             (0.999767 -0.0523826 0)
        1.936             (0.999791 0.0521875 0)             (0.999708 -0.0522494 0)
       1.9364             (0.999732 0.0520531 0)             (0.999649 -0.0521155 0)
       1.9368             (0.999672 0.0519181 0)             (0.999589 -0.0519811 0)
       1.9372             (0.999612 0.0517826 0)             (0.999530 -0.0518460 0)
       1.9376             (0.999551 0.0516465 0)             (0.999469 -0.0517104 0)
        1.938             (0.999491 0.0515097 0)             (0.999409 -0.0515742 0)
       1.9384             (0.999430 0.0513724 0)             (0.999349 -0.0514374 0)
       1.9388             (0.999369 0.0512345 0)             (0.999288 -0.0513000 0)
       1.9392             (0.999307 0.0510960 0)             (0.999227 -0.0511620 0)
       1.9396             (0.999246 0.0509570 0)             (0.999166 -0.0510235 0)
         1.94             (0.999184 0.0508173 0)             (0.999104 -0.0508843 0)
       1.9404             (0.999122 0.0506771 0)             (0.999042 -0.0507446 0)
       1.9408             (0.999060 0.0505363 0)             (0.998981 -0.0506044 0)
       1.9412             (0.998997 0.0503950 0)             (0.998918 -0.0504635 0)
       1.9416             (0.998935 0.0502531 0)             (0.998856 -0.0503221 0)
        1.942             (0.998872 0.0501106 0)             (0.998793 -0.0501802 0)
       1.9424             (0.998809 0.0499676 0)             (0.998731 -0.0500376 0)
       1.9428             (0.998745 0.0498240 0)             (0.998668 -0.0498946 0)
       1.9432             (0.998682 0.0496798 0)             (0.998605 -0.0497509 0)
       1.9436             (0.998618 0.0495351 0)             (0.998541 -0.0496067 0)
        1.944             (0.998554 0.0493898 0)             (0.998478 -0.0494620 0)
       1.9444             (0.998490 0.0492440 0)             (0.998414 -0.0493167 0)
       1.9448             (0.998426 0.0490977 0)             (0.998350 -0.0491708 0)
       1.9452             (0.998361 0.0489508 0)             (0.998286 -0.0490245 0)
       1.9456             (0.998297 0.0488033 0)             (0.998221 -0.0488775 0)
        1.946             (0.998232 0.0486554 0)             (0.998157 -0.0487301 0)
       1.9464             (0.998167 0.0485069 0)             (0.998092 -0.0485821 0)
       1.9468             (0.998101 0.0483578 0)             (0.998027 -0.0484336 0)
       1.9472             (0.998036 0.0482082 0)             (0.997962 -0.0482845 0)
       1.9476             (0.997970 0.0480581 0)             (0.997896 -0.0481349 0)
        1.948             (0.997904 0.0479075 0)             (0.997831 -0.0479848 0)
       1.9484             (0.997839 0.0477563 0)             (0.997765 -0.0478341 0)
       1.9488             (0.997772 0.0476046 0)             (0.997699 -0.0476830 0)
       1.9492             (0.997706 0.0474524 0)             (0.997634 -0.0475313 0)
       1.9496             (0.997640 0.0472997 0)             (0.997567 -0.0473791 0)
         1.95             (0.997573 0.0471465 0)             (0.997501 -0.0472263 0)
       1.9504             (0.997506 0.0469927 0)             (0.997435 -0.0470731 0)
       1.9508             (0.997439 0.0468384 0)             (0.997368 -0.0469194 0)
       1.9512             (0.997372 0.0466837 0)             (0.997301 -0.0467651 0)
       1.9516             (0.997305 0.0465284 0)             (0.997234 -0.0466103 0)
        1.952             (0.997237 0.0463726 0)             (0.997167 -0.0464551 0)
       1.9524             (0.997170 0.0462163 0)             (0.997100 -0.0462993 0)
       1.9528             (0.997102 0.0460595 0)             (0.997032 -0.0461430 0)
       1.9532             (0.997034 0.0459022 0)             (0.996965 -0.0459862 0)
       1.9536             (0.996966 0.0457444 0)             (0.996897 -0.0458290 0)
        1.954             (0.996898 0.0455861 0)             (0.996830 -0.0456712 0)
       1.9544             (0.996830 0.0454273 0)             (0.996762 -0.0455129 0)
       1.9548             (0.996761 0.0452681 0)             (0.996693 -0.0453542 0)
       1.9552             (0.996693 0.0451083 0)             (0.996625 -0.0451949 0)
       1.9556             (0.996624 0.0449481 0)             (0.996557 -0.0450352 0)
        1.956             (0.996555 0.0447873 0)             (0.996489 -0.0448750 0)
       1.9564             (0.996486 0.0446261 0)             (0.996420 -0.0447143 0)
       1.9568             (0.996417 0.0444644 0)             (0.996351 -0.0445531 0)
       1.9572             (0.996348 0.0443022 0)             (0.996282 -0.0443915 0)
       1.9576             (0.996279 0.0441396 0)             (0.996214 -0.0442293 0)
        1.958             (0.996210 0.0439764 0)             (0.996145 -0.0440667 0)
       1.9584             (0.996140 0.0438128 0)             (0.996075 -0.0439036 0)
       1.9588             (0.996070 0.0436487 0)             (0.996006 -0.0437401 0)
       1.9592             (0.996001 0.0434842 0)             (0.995937 -0.0435761 0)
       1.9596             (0.995931 0.0433192 0)             (0.995867 -0.0434116 0)
         1.96             (0.995861 0.0431537 0)             (0.995798 -0.0432466 0)
       1.9604             (0.995791 0.0429877 0)             (0.995728 -0.0430812 0)
       1.9608             (0.995721 0.0428213 0)             (0.995658 -0.0429153 0)
       1.9612             (0.995651 0.0426544 0)             (0.995589 -0.0427489 0)
       1.9616             (0.995580 0.0424871 0)             (0.995519 -0.0425821 0)
        1.962             (0.995510 0.0423193 0)             (0.995449 -0.0424148 0)
       1.9624             (0.995440 0.0421511 0)             (0.995378 -0.0422471 0)
       1.9628             (0.995369 0.0419824 0)             (0.995308 -0.0420789 0)
       1.9632             (0.995299 0.0418132 0)             (0.995238 -0.0419103 0)
       1.9636             (0.995228 0.0416436 0)             (0.995168 -0.0417412 0)
        1.964             (0.995157 0.0414735 0)             (0.995097 -0.0415716 0)
       1.9644             (0.995086 0.0413030 0)             (0.995027 -0.0414017 0)
       1.9648             (0.995015 0.0411320 0)             (0.994956 -0.0412312 0)
       1.9652             (0.994944 0.0409606 0)             (0.994886 -0.0410603 0)
       1.9656             (0.994873 0.0407888 0)             (0.994815 -0.0408890 0)
        1.966             (0.994802 0.0406165 0)             (0.994744 -0.0407172 0)
       1.9664             (0.994731 0.0404438 0)             (0.994673 -0.0405450 0)
       1.9668             (0.994660 0.0402706 0)             (0.994602 -0.0403724 0)
       1.9672             (0.994588 0.0400970 0)             (0.994531 -0.0401993 0)
       1.9676             (0.994517 0.0399230 0)             (0.994460 -0.0400258 0)
        1.968             (0.994446 0.0397485 0)             (0.994389 -0.0398518 0)
       1.9684             (0.994374 0.0395736 0)             (0.994318 -0.0396774 0)
       1.9688             (0.994303 0.0393982 0)             (0.994247 -0.0395026 0)
       1.9692             (0.994231 0.0392224 0)             (0.994176 -0.0393274 0)
       1.9696             (0.994159 0.0390462 0)             (0.994105 -0.0391517 0)
         1.97             (0.994088 0.0388696 0)             (0.994033 -0.0389756 0)
       1.9704             (0.994016 0.0386925 0)             (0.993962 -0.0387991 0)
       1.9708             (0.993944 0.0385151 0)             (0.993891 -0.0386221 0)
       1.9712             (0.993873 0.0383372 0)             (0.993819 -0.0384447 0)
       1.9716             (0.993801 0.0381588 0)             (0.993748 -0.0382669 0)
        1.972             (0.993729 0.0379801 0)             (0.993676 -0.0380887 0)
       1.9724             (0.993657 0.0378009 0)             (0.993605 -0.0379100 0)
       1.9728             (0.993585 0.0376213 0)             (0.993533 -0.0377310 0)
       1.9732             (0.993513 0.0374413 0)             (0.993462 -0.0375515 0)
       1.9736             (0.993441 0.0372609 0)             (0.993390 -0.0373716 0)
        1.974             (0.993370 0.0370801 0)             (0.993319 -0.0371913 0)
       1.9744             (0.993298 0.0368988 0)             (0.993247 -0.0370106 0)
       1.9748             (0.993226 0.0367172 0)             (0.993175 -0.0368294 0)
       1.9752             (0.993154 0.0365351 0)             (0.993104 -0.0366479 0)
       1.9756             (0.993082 0.0363526 0)             (0.993032 -0.0364659 0)
        1.976             (0.993010 0.0361697 0)             (0.992960 -0.0362835 0)
       1.9764             (0.992938 0.0359864 0)             (0.992889 -0.0361008 0)
       1.9768             (0.992865 0.0358027 0)             (0.992817 -0.0359176 0)
       1.9772             (0.992793 0.0356186 0)             (0.992745 -0.0357340 0)
       1.9776             (0.992721 0.0354341 0)             (0.992674 -0.0355500 0)
        1.978             (0.992649 0.0352492 0)             (0.992602 -0.0353656 0)
       1.9784             (0.992577 0.0350639 0)             (0.992530 -0.0351808 0)
       1.9788             (0.992505 0.0348782 0)             (0.992459 -0.0349957 0)
       1.9792             (0.992433 0.0346920 0)             (0.992387 -0.0348101 0)
       1.9796             (0.992361 0.0345055 0)             (0.992315 -0.0346241 0)
         1.98             (0.992289 0.0343186 0)             (0.992244 -0.0344377 0)
       1.9804             (0.992217 0.0341313 0)             (0.992172 -0.0342509 0)
       1.9808             (0.992145 0.0339436 0)             (0.992100 -0.0340637 0)
       1.9812             (0.992073 0.0337555 0)             (0.992029 -0.0338762 0)
       1.9816             (0.992001 0.0335670 0)             (0.991957 -0.0336882 0)
        1.982             (0.991929 0.0333782 0)             (0.991886 -0.0334998 0)
       1.9824             (0.991857 0.0331889 0)             (0.991814 -0.0333111 0)
       1.9828             (0.991785 0.0329992 0)             (0.991743 -0.0331220 0)
       1.9832             (0.991714 0.0328092 0)             (0.991671 -0.0329324 0)
       1.9836             (0.991642 0.0326188 0)             (0.991600 -0.0327425 0)
        1.984             (0.991570 0.0324279 0)             (0.991528 -0.0325522 0)
       1.9844             (0.991498 0.0322367 0)             (0.991457 -0.0323615 0)
       1.9848             (0.991426 0.0320451 0)             (0.991385 -0.0321705 0)
       1.9852             (0.991355 0.0318532 0)             (0.991314 -0.0319790 0)
       1.9856             (0.991283 0.0316608 0)             (0.991242 -0.0317872 0)
        1.986             (0.991211 0.0314681 0)             (0.991171 -0.0315950 0)
       1.9864             (0.991140 0.0312749 0)             (0.991100 -0.0314024 0)
       1.9868             (0.991068 0.0310814 0)             (0.991029 -0.0312094 0)
       1.9872             (0.990996 0.0308876 0)             (0.990957 -0.0310160 0)
       1.9876             (0.990925 0.0306933 0)             (0.990886 -0.0308223 0)
        1.988             (0.990853 0.0304987 0)             (0.990815 -0.0306282 0)
       1.9884             (0.990782 0.0303037 0)             (0.990744 -0.0304337 0)
       1.9888             (0.990711 0.0301083 0)             (0.990673 -0.0302388 0)
       1.9892             (0.990639 0.0299125 0)             (0.990602 -0.0300436 0)
       1.9896             (0.990568 0.0297164 0)             (0.990531 -0.0298480 0)
         1.99             (0.990497 0.0295199 0)             (0.990460 -0.0296520 0)
       1.9904             (0.990426 0.0293230 0)             (0.990390 -0.0294556 0)
       1.9908             (0.990355 0.0291257 0)             (0.990319 -0.0292589 0)
       1.9912             (0.990284 0.0289281 0)             (0.990248 -0.0290618 0)
       1.9916             (0.990213 0.0287301 0)             (0.990177 -0.0288643 0)
        1.992             (0.990142 0.0285318 0)             (0.990107 -0.0286665 0)
       1.9924             (0.990071 0.0283331 0)             (0.990036 -0.0284683 0)
       1.9928             (0.990000 0.0281340 0)             (0.989966 -0.0282697 0)
       1.9932             (0.989929 0.0279345 0)             (0.989896 -0.0280708 0)
       1.9936             (0.989858 0.0277347 0)             (0.989825 -0.0278714 0)
        1.994             (0.989788 0.0275345 0)             (0.989755 -0.0276718 0)
       1.9944             (0.989717 0.0273339 0)             (0.989685 -0.0274717 0)
       1.9948             (0.989647 0.0271330 0)             (0.989615 -0.0272714 0)
       1.9952             (0.989576 0.0269317 0)             (0.989545 -0.0270706 0)
       1.9956             (0.989506 0.0267301 0)             (0.989475 -0.0268695 0)
        1.996             (0.989436 0.0265281 0)             (0.989405 -0.0266680 0)
       1.9964             (0.989366 0.0263258 0)             (0.989335 -0.0264662 0)
       1.9968             (0.989295 0.0261230 0)             (0.989265 -0.0262640 0)
       1.9972             (0.989225 0.0259200 0)             (0.989195 -0.0260614 0)
       1.9976             (0.989155 0.0257165 0)             (0.989126 -0.0258585 0)
        1.998             (0.989086 0.0255128 0)             (0.989056 -0.0256552 0)
       1.9984             (0.989016 0.0253086 0)             (0.988987 -0.0254516 0)
       1.9988             (0.988946 0.0251041 0)             (0.988917 -0.0252476 0)
       1.9992             (0.988876 0.0248993 0)             (0.988848 -0.0250433 0)
       1.9996             (0.988807 0.0246941 0)             (0.988779 -0.0248386 0)
            2             (0.988737 0.0244885 0)             (0.988710 -0.0246335 0)
       2.0004             (0.988668 0.0242826 0)             (0.988641 -0.0244282 0)
       2.0008             (0.988599 0.0240763 0)             (0.988572 -0.0242224 0)
       2.0012             (0.988530 0.0238697 0)             (0.988503 -0.0240163 0)
       2.0016             (0.988460 0.0236628 0)             (0.988434 -0.0238099 0)
        2.002             (0.988391 0.0234555 0)             (0.988365 -0.0236031 0)
       2.0024             (0.988322 0.0232478 0)             (0.988297 -0.0233959 0)
       2.0028             (0.988254 0.0230398 0)             (0.988228 -0.0231885 0)
       2.0032             (0.988185 0.0228315 0)             (0.988160 -0.0229806 0)
       2.0036             (0.988116 0.0226228 0)             (0.988092 -0.0227724 0)
        2.004             (0.988048 0.0224137 0)             (0.988023 -0.0225639 0)
       2.0044             (0.987979 0.0222043 0)             (0.987955 -0.0223551 0)
       2.0048             (0.987911 0.0219946 0)             (0.987887 -0.0221458 0)
       2.0052             (0.987843 0.0217846 0)             (0.987819 -0.0219363 0)
       2.0056             (0.987774 0.0215741 0)             (0.987752 -0.0217264 0)
        2.006             (0.987706 0.0213634 0)             (0.987684 -0.0215162 0)
       2.0064             (0.987638 0.0211523 0)             (0.987616 -0.0213056 0)
       2.0068             (0.987571 0.0209409 0)             (0.987549 -0.0210947 0)
       2.0072             (0.987503 0.0207291 0)             (0.987481 -0.0208834 0)
       2.0076             (0.987435 0.0205170 0)             (0.987414 -0.0206718 0)
        2.008             (0.987368 0.0203046 0)             (0.987347 -0.0204599 0)
       2.0084             (0.987300 0.0200918 0)             (0.987280 -0.0202476 0)
       2.0088             (0.987233 0.0198787 0)             (0.987213 -0.0200350 0)
       2.0092             (0.987166 0.0196652 0)             (0.987146 -0.0198221 0)
       2.0096             (0.987099 0.0194515 0)             (0.987079 -0.0196088 0)
         2.01             (0.987032 0.0192373 0)             (0.987012 -0.0193952 0)
       2.0104             (0.986965 0.0190229 0)             (0.986946 -0.0191813 0)
       2.0108             (0.986898 0.0188081 0)             (0.986879 -0.0189670 0)
       2.0112             (0.986831 0.0185930 0)             (0.986813 -0.0187524 0)
       2.0116             (0.986765 0.0183776 0)             (0.986747 -0.0185375 0)
        2.012             (0.986698 0.0181618 0)             (0.986681 -0.0183223 0)
       2.0124             (0.986632 0.0179457 0)             (0.986615 -0.0181067 0)
       2.0128             (0.986566 0.0177293 0)             (0.986549 -0.0178908 0)
       2.0132             (0.986500 0.0175126 0)             (0.986483 -0.0176745 0)
       2.0136             (0.986434 0.0172955 0)             (0.986417 -0.0174580 0)
        2.014             (0.986368 0.0170781 0)             (0.986352 -0.0172411 0)
       2.0144             (0.986302 0.0168604 0)             (0.986286 -0.0170239 0)
       2.0148             (0.986236 0.0166424 0)             (0.986221 -0.0168063 0)
       2.0152             (0.986171 0.0164240 0)             (0.986156 -0.0165885 0)
       2.0156             (0.986105 0.0162053 0)             (0.986091 -0.0163703 0)
        2.016             (0.986040 0.0159863 0)             (0.986026 -0.0161518 0)
       2.0164             (0.985975 0.0157670 0)             (0.985961 -0.0159330 0)
       2.0168             (0.985910 0.0155474 0)             (0.985896 -0.0157139 0)
       2.0172             (0.985845 0.0153274 0)             (0.985832 -0.0154944 0)
       2.0176             (0.985780 0.0151071 0)             (0.985767 -0.0152747 0)
        2.018             (0.985716 0.0148865 0)             (0.985703 -0.0150546 0)
       2.0184             (0.985651 0.0146656 0)             (0.985639 -0.0148342 0)
       2.0188             (0.985587 0.0144444 0)             (0.985575 -0.0146135 0)
       2.0192             (0.985522 0.0142229 0)             (0.985511 -0.0143924 0)
       2.0196             (0.985458 0.0140011 0)             (0.985447 -0.0141711 0)
         2.02             (0.985394 0.0137789 0)             (0.985383 -0.0139495 0)
       2.0204             (0.985330 0.0135564 0)             (0.985319 -0.0137275 0)
       2.0208             (0.985266 0.0133337 0)             (0.985256 -0.0135052 0)
       2.0212             (0.985203 0.0131106 0)             (0.985193 -0.0132827 0)
       2.0216             (0.985139 0.0128872 0)             (0.985129 -0.0130598 0)
        2.022             (0.985076 0.0126635 0)             (0.985066 -0.0128366 0)
       2.0224             (0.985012 0.0124395 0)             (0.985003 -0.0126131 0)
       2.0228             (0.984949 0.0122153 0)             (0.984940 -0.0123893 0)
       2.0232             (0.984886 0.0119907 0)             (0.984878 -0.0121652 0)
       2.0236             (0.984823 0.0117658 0)             (0.984815 -0.0119408 0)
        2.024             (0.984760 0.0115406 0)             (0.984752 -0.0117161 0)
       2.0244             (0.984698 0.0113151 0)             (0.984690 -0.0114911 0)
       2.0248             (0.984635 0.0110893 0)             (0.984628 -0.0112658 0)
       2.0252             (0.984573 0.0108632 0)             (0.984566 -0.0110403 0)
       2.0256             (0.984510 0.0106368 0)             (0.984504 -0.0108144 0)
        2.026             (0.984448 0.0104101 0)             (0.984442 -0.0105882 0)
       2.0264             (0.984386 0.0101831 0)             (0.984380 -0.0103617 0)
       2.0268             (0.984324 0.0099559 0)             (0.984319 -0.0101349 0)
       2.0272             (0.984262 0.0097283 0)             (0.984257 -0.0099079 0)
       2.0276             (0.984201 0.0095005 0)             (0.984196 -0.0096805 0)
        2.028             (0.984139 0.0092723 0)             (0.984134 -0.0094529 0)
       2.0284             (0.984078 0.0090439 0)             (0.984073 -0.0092250 0)
       2.0288             (0.984016 0.0088152 0)             (0.984012 -0.0089968 0)
       2.0292             (0.983955 0.0085862 0)             (0.983952 -0.0087683 0)
       2.0296             (0.983894 0.0083569 0)             (0.983891 -0.0085395 0)
         2.03             (0.983833 0.0081274 0)             (0.983830 -0.0083104 0)
       2.0304             (0.983773 0.0078975 0)             (0.983770 -0.0080811 0)
       2.0308             (0.983712 0.0076674 0)             (0.983709 -0.0078514 0)
       2.0312             (0.983652 0.0074370 0)             (0.983649 -0.0076215 0)
       2.0316             (0.983591 0.0072063 0)             (0.983589 -0.0073914 0)
        2.032             (0.983531 0.0069754 0)             (0.983529 -0.0071609 0)
       2.0324             (0.983471 0.0067442 0)             (0.983469 -0.0069302 0)
       2.0328             (0.983411 0.0065127 0)             (0.983410 -0.0066992 0)
       2.0332             (0.983351 0.0062809 0)             (0.983350 -0.0064679 0)
       2.0336             (0.983291 0.0060489 0)             (0.983291 -0.0062363 0)
        2.034             (0.983232 0.0058166 0)             (0.983232 -0.0060045 0)
       2.0344             (0.983172 0.0055840 0)             (0.983172 -0.0057724 0)
       2.0348             (0.983113 0.0053511 0)             (0.983113 -0.0055401 0)
       2.0352             (0.983054 0.0051180 0)             (0.983054 -0.0053075 0)
       2.0356             (0.982995 0.0048847 0)             (0.982996 -0.0050746 0)
        2.036             (0.982936 0.0046510 0)             (0.982937 -0.0048415 0)
       2.0364             (0.982877 0.0044171 0)             (0.982878 -0.0046081 0)
       2.0368             (0.982818 0.0041830 0)             (0.982820 -0.0043744 0)
       2.0372             (0.982760 0.0039486 0)             (0.982762 -0.0041405 0)
       2.0376             (0.982701 0.0037139 0)             (0.982704 -0.0039063 0)
        2.038             (0.982643 0.0034790 0)             (0.982646 -0.0036719 0)
       2.0384             (0.982585 0.0032439 0)             (0.982588 -0.0034372 0)
       2.0388             (0.982527 0.0030085 0)             (0.982530 -0.0032023 0)
       2.0392             (0.982469 0.0027728 0)             (0.982472 -0.0029671 0)
       2.0396             (0.982411 0.0025369 0)             (0.982415 -0.0027317 0)
         2.04             (0.982353 0.0023007 0)             (0.982357 -0.0024960 0)
       2.0404             (0.982296 0.0020643 0)             (0.982300 -0.0022601 0)
       2.0408             (0.982238 0.0018277 0)             (0.982243 -0.0020240 0)
       2.0412             (0.982181 0.0015908 0)             (0.982186 -0.0017876 0)
       2.0416             (0.982124 0.0013537 0)             (0.982129 -0.0015510 0)
        2.042             (0.982067 0.0011164 0)             (0.982072 -0.0013141 0)
       2.0424             (0.982010 0.0008788 0)             (0.982016 -0.0010770 0)
       2.0428             (0.981953 0.0006410 0)             (0.981959 -0.0008397 0)
       2.0432             (0.981896 0.0004029 0)             (0.981903 -0.0006021 0)
       2.0436             (0.981840 0.0001646 0)             (0.981846 -0.0003643 0)
        2.044             (0.981783 -0.0000739 0)             (0.981790 -0.0001263 0)
       2.0444             (0.981727 -0.0003126 0)             (0.981734 0.0001120 0)
       2.0448             (0.981671 -0.0005515 0)             (0.981678 0.0003504 0)
       2.0452             (0.981615 -0.0007907 0)             (0.981622 0.0005891 0)
       2.0456             (0.981559 -0.0010301 0)             (0.981567 0.0008280 0)
        2.046             (0.981503 -0.0012697 0)             (0.981511 0.0010672 0)
       2.0464             (0.981447 -0.0015095 0)             (0.981456 0.0013065 0)
       2.0468             (0.981391 -0.0017496 0)             (0.981401 0.0015461 0)
       2.0472             (0.981336 -0.0019898 0)             (0.981345 0.0017858 0)
       2.0476             (0.981281 -0.0022303 0)             (0.981290 0.0020258 0)
        2.048             (0.981225 -0.0024709 0)             (0.981235 0.0022660 0)
       2.0484             (0.981170 -0.0027118 0)             (0.981180 0.0025064 0)
       2.0488             (0.981115 -0.0029528 0)             (0.981126 0.0027470 0)
       2.0492             (0.981060 -0.0031941 0)             (0.981071 0.0029878 0)
       2.0496             (0.981006 -0.0034356 0)             (0.981017 0.0032288 0)
         2.05             (0.980951 -0.0036772 0)             (0.980962 0.0034699 0)
       2.0504             (0.980897 -0.0039191 0)             (0.980908 0.0037113 0)
       2.0508             (0.980842 -0.0041611 0)             (0.980854 0.0039529 0)
       2.0512             (0.980788 -0.0044034 0)             (0.980800 0.0041947 0)
       2.0516             (0.980734 -0.0046458 0)             (0.980746 0.0044366 0)
        2.052             (0.980680 -0.0048884 0)             (0.980692 0.0046787 0)
       2.0524             (0.980626 -0.0051312 0)             (0.980639 0.0049210 0)
       2.0528             (0.980572 -0.0053741 0)             (0.980585 0.0051635 0)
       2.0532             (0.980518 -0.0056173 0)             (0.980532 0.0054062 0)
       2.0536             (0.980465 -0.0058606 0)             (0.980478 0.0056491 0)
        2.054             (0.980411 -0.0061041 0)             (0.980425 0.0058921 0)
       2.0544             (0.980358 -0.0063477 0)             (0.980372 0.0061353 0)
       2.0548             (0.980304 -0.0065916 0)             (0.980319 0.0063786 0)
       2.0552             (0.980251 -0.0068356 0)             (0.980266 0.0066222 0)
       2.0556             (0.980198 -0.0070797 0)             (0.980213 0.0068658 0)
        2.056             (0.980145 -0.0073240 0)             (0.980160 0.0071097 0)
       2.0564             (0.980092 -0.0075685 0)             (0.980108 0.0073537 0)
       2.0568             (0.980040 -0.0078131 0)             (0.980055 0.0075979 0)
       2.0572             (0.979987 -0.0080579 0)             (0.980003 0.0078422 0)
       2.0576             (0.979934 -0.0083028 0)             (0.979951 0.0080866 0)
        2.058             (0.979882 -0.0085479 0)             (0.979899 0.0083312 0)
       2.0584             (0.979830 -0.0087931 0)             (0.979847 0.0085760 0)
       2.0588             (0.979778 -0.0090384 0)             (0.979795 0.0088209 0)
       2.0592             (0.979725 -0.0092839 0)             (0.979743 0.0090659 0)
       2.0596             (0.979673 -0.0095296 0)             (0.979691 0.0093111 0)
         2.06             (0.979622 -0.0097753 0)             (0.979639 0.0095564 0)
       2.0604             (0.979570 -0.0100212 0)             (0.979588 0.0098018 0)
       2.0608             (0.979518 -0.0102672 0)             (0.979536 0.0100473 0)
       2.0612             (0.979466 -0.0105133 0)             (0.979485 0.0102930 0)
       2.0616             (0.979415 -0.0107596 0)             (0.979434 0.0105388 0)
        2.062             (0.979364 -0.0110060 0)             (0.979383 0.0107847 0)
       2.0624             (0.979312 -0.0112525 0)             (0.979332 0.0110308 0)
       2.0628             (0.979261 -0.0114991 0)             (0.979281 0.0112769 0)
       2.0632             (0.979210 -0.0117458 0)             (0.979230 0.0115232 0)
       2.0636             (0.979159 -0.0119926 0)             (0.979179 0.0117695 0)
        2.064             (0.979108 -0.0122395 0)             (0.979129 0.0120160 0)
       2.0644             (0.979057 -0.0124865 0)             (0.979078 0.0122626 0)
       2.0648             (0.979007 -0.0127336 0)             (0.979028 0.0125092 0)
       2.0652             (0.978956 -0.0129808 0)             (0.978977 0.0127560 0)
       2.0656             (0.978905 -0.0132281 0)             (0.978927 0.0130028 0)
        2.066             (0.978855 -0.0134755 0)             (0.978877 0.0132498 0)
       2.0664             (0.978805 -0.0137230 0)             (0.978827 0.0134968 0)
       2.0668             (0.978754 -0.0139705 0)             (0.978777 0.0137439 0)
       2.0672             (0.978704 -0.0142181 0)             (0.978727 0.0139910 0)
       2.0676             (0.978654 -0.0144658 0)             (0.978677 0.0142383 0)
        2.068             (0.978604 -0.0147136 0)             (0.978627 0.0144856 0)
       2.0684             (0.978554 -0.0149614 0)             (0.978578 0.0147330 0)
       2.0688             (0.978505 -0.0152093 0)             (0.978528 0.0149805 0)
       2.0692             (0.978455 -0.0154573 0)             (0.978479 0.0152280 0)
       2.0696             (0.978405 -0.0157053 0)             (0.978429 0.0154755 0)
         2.07             (0.978356 -0.0159534 0)             (0.978380 0.0157232 0)
       2.0704             (0.978306 -0.0162015 0)             (0.978331 0.0159708 0)
       2.0708             (0.978257 -0.0164496 0)             (0.978282 0.0162186 0)
       2.0712             (0.978208 -0.0166978 0)             (0.978232 0.0164663 0)
       2.0716             (0.978158 -0.0169461 0)             (0.978184 0.0167141 0)
        2.072             (0.978109 -0.0171943 0)             (0.978135 0.0169620 0)
       2.0724             (0.978060 -0.0174427 0)             (0.978086 0.0172098 0)
       2.0728             (0.978011 -0.0176910 0)             (0.978037 0.0174577 0)
       2.0732             (0.977962 -0.0179393 0)             (0.977988 0.0177057 0)
       2.0736             (0.977913 -0.0181877 0)             (0.977940 0.0179536 0)
        2.074             (0.977865 -0.0184361 0)             (0.977891 0.0182016 0)
       2.0744             (0.977816 -0.0186845 0)             (0.977843 0.0184496 0)
       2.0748             (0.977768 -0.0189329 0)             (0.977795 0.0186975 0)
       2.0752             (0.977719 -0.0191814 0)             (0.977746 0.0189455 0)
       2.0756             (0.977671 -0.0194298 0)             (0.977698 0.0191935 0)
        2.076             (0.977622 -0.0196782 0)             (0.977650 0.0194415 0)
       2.0764             (0.977574 -0.0199266 0)             (0.977602 0.0196895 0)
       2.0768             (0.977526 -0.0201750 0)             (0.977554 0.0199375 0)
       2.0772             (0.977478 -0.0204234 0)             (0.977506 0.0201855 0)
       2.0776             (0.977430 -0.0206718 0)             (0.977458 0.0204334 0)
        2.078             (0.977382 -0.0209202 0)             (0.977411 0.0206813 0)
       2.0784             (0.977334 -0.0211685 0)             (0.977363 0.0209293 0)
       2.0788             (0.977286 -0.0214168 0)             (0.977315 0.0211771 0)
       2.0792             (0.977238 -0.0216650 0)             (0.977268 0.0214250 0)
       2.0796             (0.977190 -0.0219133 0)             (0.977220 0.0216728 0)
         2.08             (0.977143 -0.0221614 0)             (0.977173 0.0219205 0)
       2.0804             (0.977095 -0.0224096 0)             (0.977126 0.0221682 0)
       2.0808             (0.977048 -0.0226577 0)             (0.977078 0.0224159 0)
       2.0812             (0.977000 -0.0229057 0)             (0.977031 0.0226635 0)
       2.0816             (0.976953 -0.0231537 0)             (0.976984 0.0229111 0)
        2.082             (0.976906 -0.0234016 0)             (0.976937 0.0231586 0)
       2.0824             (0.976858 -0.0236494 0)             (0.976890 0.0234060 0)
       2.0828             (0.976811 -0.0238972 0)             (0.976843 0.0236533 0)
       2.0832             (0.976764 -0.0241448 0)             (0.976796 0.0239006 0)
       2.0836             (0.976717 -0.0243924 0)             (0.976749 0.0241478 0)
        2.084             (0.976670 -0.0246400 0)             (0.976703 0.0243949 0)
       2.0844             (0.976623 -0.0248874 0)             (0.976656 0.0246420 0)
       2.0848             (0.976576 -0.0251347 0)             (0.976609 0.0248889 0)
       2.0852             (0.976529 -0.0253820 0)             (0.976563 0.0251357 0)
       2.0856             (0.976483 -0.0256291 0)             (0.976516 0.0253824 0)
        2.086             (0.976436 -0.0258761 0)             (0.976470 0.0256291 0)
       2.0864             (0.976389 -0.0261230 0)             (0.976423 0.0258756 0)
       2.0868             (0.976343 -0.0263698 0)             (0.976377 0.0261220 0)
       2.0872             (0.976296 -0.0266165 0)             (0.976331 0.0263683 0)
       2.0876             (0.976250 -0.0268631 0)             (0.976284 0.0266144 0)
        2.088             (0.976203 -0.0271095 0)             (0.976238 0.0268604 0)
       2.0884             (0.976157 -0.0273558 0)             (0.976192 0.0271063 0)
       2.0888             (0.976110 -0.0276019 0)             (0.976146 0.0273521 0)
       2.0892             (0.976064 -0.0278479 0)             (0.976100 0.0275977 0)
       2.0896             (0.976018 -0.0280937 0)             (0.976054 0.0278431 0)
         2.09             (0.975972 -0.0283394 0)             (0.976008 0.0280884 0)
       2.0904             (0.975926 -0.0285850 0)             (0.975962 0.0283336 0)
       2.0908             (0.975880 -0.0288303 0)             (0.975916 0.0285786 0)
       2.0912             (0.975834 -0.0290755 0)             (0.975870 0.0288234 0)
       2.0916             (0.975788 -0.0293206 0)             (0.975825 0.0290680 0)
        2.092             (0.975742 -0.0295654 0)             (0.975779 0.0293125 0)
       2.0924             (0.975696 -0.0298101 0)             (0.975733 0.0295568 0)
       2.0928             (0.975650 -0.0300546 0)             (0.975688 0.0298009 0)
       2.0932             (0.975604 -0.0302988 0)             (0.975642 0.0300448 0)
       2.0936             (0.975558 -0.0305429 0)             (0.975597 0.0302885 0)
        2.094             (0.975513 -0.0307868 0)             (0.975551 0.0305320 0)
       2.0944             (0.975467 -0.0310305 0)             (0.975506 0.0307753 0)
       2.0948             (0.975421 -0.0312739 0)             (0.975460 0.0310184 0)
       2.0952             (0.975376 -0.0315172 0)             (0.975415 0.0312612 0)
       2.0956             (0.975330 -0.0317602 0)             (0.975370 0.0315039 0)
        2.096             (0.975285 -0.0320030 0)             (0.975324 0.0317463 0)
       2.0964             (0.975239 -0.0322455 0)             (0.975279 0.0319885 0)
       2.0968             (0.975194 -0.0324879 0)             (0.975234 0.0322304 0)
       2.0972             (0.975149 -0.0327299 0)             (0.975189 0.0324721 0)
       2.0976             (0.975103 -0.0329718 0)             (0.975144 0.0327136 0)
        2.098             (0.975058 -0.0332133 0)             (0.975099 0.0329548 0)
       2.0984             (0.975013 -0.0334546 0)             (0.975054 0.0331957 0)
       2.0988             (0.974968 -0.0336957 0)             (0.975009 0.0334364 0)
       2.0992             (0.974923 -0.0339364 0)             (0.974964 0.0336768 0)
       2.0996             (0.974877 -0.0341769 0)             (0.974919 0.0339170 0)
          2.1             (0.974832 -0.0344172 0)             (0.974874 0.0341568 0)
       2.1004             (0.974787 -0.0346571 0)             (0.974829 0.0343964 0)
       2.1008             (0.974742 -0.0348967 0)             (0.974785 0.0346357 0)
       2.1012             (0.974697 -0.0351361 0)             (0.974740 0.0348747 0)
       2.1016             (0.974652 -0.0353751 0)             (0.974695 0.0351133 0)
        2.102             (0.974607 -0.0356138 0)             (0.974650 0.0353517 0)
       2.1024             (0.974563 -0.0358522 0)             (0.974606 0.0355898 0)
       2.1028             (0.974518 -0.0360903 0)             (0.974561 0.0358275 0)
       2.1032             (0.974473 -0.0363281 0)             (0.974517 0.0360650 0)
       2.1036             (0.974428 -0.0365655 0)             (0.974472 0.0363020 0)
        2.104             (0.974384 -0.0368026 0)             (0.974428 0.0365388 0)
       2.1044             (0.974339 -0.0370394 0)             (0.974383 0.0367752 0)
       2.1048             (0.974294 -0.0372758 0)             (0.974339 0.0370113 0)
       2.1052             (0.974250 -0.0375119 0)             (0.974294 0.0372470 0)
       2.1056             (0.974205 -0.0377476 0)             (0.974250 0.0374824 0)
        2.106             (0.974160 -0.0379829 0)             (0.974206 0.0377174 0)
       2.1064             (0.974116 -0.0382179 0)             (0.974161 0.0379521 0)
       2.1068             (0.974071 -0.0384525 0)             (0.974117 0.0381863 0)
       2.1072             (0.974027 -0.0386867 0)             (0.974073 0.0384202 0)
       2.1076             (0.973982 -0.0389205 0)             (0.974028 0.0386537 0)
        2.108             (0.973938 -0.0391540 0)             (0.973984 0.0388868 0)
       2.1084             (0.973894 -0.0393870 0)             (0.973940 0.0391195 0)
       2.1088             (0.973849 -0.0396197 0)             (0.973896 0.0393519 0)
       2.1092             (0.973805 -0.0398519 0)             (0.973852 0.0395838 0)
       2.1096             (0.973761 -0.0400837 0)             (0.973808 0.0398153 0)
         2.11             (0.973716 -0.0403151 0)             (0.973764 0.0400463 0)
       2.1104             (0.973672 -0.0405461 0)             (0.973720 0.0402770 0)
       2.1108             (0.973628 -0.0407766 0)             (0.973676 0.0405072 0)
       2.1112             (0.973584 -0.0410067 0)             (0.973632 0.0407370 0)
       2.1116             (0.973539 -0.0412363 0)             (0.973588 0.0409663 0)
        2.112             (0.973495 -0.0414655 0)             (0.973544 0.0411952 0)
       2.1124             (0.973451 -0.0416943 0)             (0.973500 0.0414237 0)
       2.1128             (0.973407 -0.0419226 0)             (0.973456 0.0416516 0)
       2.1132             (0.973363 -0.0421504 0)             (0.973412 0.0418791 0)
       2.1136             (0.973319 -0.0423777 0)             (0.973369 0.0421062 0)
        2.114             (0.973275 -0.0426046 0)             (0.973325 0.0423327 0)
       2.1144             (0.973231 -0.0428310 0)             (0.973281 0.0425588 0)
       2.1148             (0.973187 -0.0430568 0)             (0.973237 0.0427844 0)
       2.1152             (0.973143 -0.0432822 0)             (0.973194 0.0430095 0)
       2.1156             (0.973099 -0.0435071 0)             (0.973150 0.0432341 0)
        2.116             (0.973056 -0.0437315 0)             (0.973106 0.0434582 0)
       2.1164             (0.973012 -0.0439553 0)             (0.973063 0.0436817 0)
       2.1168             (0.972968 -0.0441787 0)             (0.973019 0.0439048 0)
       2.1172             (0.972924 -0.0444015 0)             (0.972976 0.0441273 0)
       2.1176             (0.972880 -0.0446238 0)             (0.972932 0.0443493 0)
        2.118             (0.972837 -0.0448455 0)             (0.972888 0.0445708 0)
       2.1184             (0.972793 -0.0450667 0)             (0.972845 0.0447917 0)
       2.1188             (0.972749 -0.0452873 0)             (0.972802 0.0450120 0)
       2.1192             (0.972706 -0.0455074 0)             (0.972758 0.0452318 0)
       2.1196             (0.972662 -0.0457269 0)             (0.972715 0.0454511 0)
         2.12             (0.972618 -0.0459458 0)             (0.972671 0.0456697 0)
       2.1204             (0.972575 -0.0461642 0)             (0.972628 0.0458878 0)
       2.1208             (0.972531 -0.0463820 0)             (0.972585 0.0461054 0)
       2.1212             (0.972488 -0.0465992 0)             (0.972541 0.0463223 0)
       2.1216             (0.972444 -0.0468158 0)             (0.972498 0.0465386 0)
        2.122             (0.972401 -0.0470318 0)             (0.972455 0.0467544 0)
       2.1224             (0.972357 -0.0472472 0)             (0.972412 0.0469695 0)
       2.1228             (0.972314 -0.0474620 0)             (0.972368 0.0471840 0)
       2.1232             (0.972271 -0.0476761 0)             (0.972325 0.0473979 0)
       2.1236             (0.972227 -0.0478896 0)             (0.972282 0.0476112 0)
        2.124             (0.972184 -0.0481025 0)             (0.972239 0.0478238 0)
       2.1244             (0.972141 -0.0483148 0)             (0.972196 0.0480359 0)
       2.1248             (0.972097 -0.0485264 0)             (0.972153 0.0482472 0)
       2.1252             (0.972054 -0.0487374 0)             (0.972110 0.0484579 0)
       2.1256             (0.972011 -0.0489477 0)             (0.972067 0.0486680 0)
        2.126             (0.971968 -0.0491573 0)             (0.972024 0.0488774 0)
       2.1264             (0.971925 -0.0493663 0)             (0.971981 0.0490862 0)
       2.1268             (0.971881 -0.0495746 0)             (0.971938 0.0492942 0)
       2.1272             (0.971838 -0.0497822 0)             (0.971895 0.0495016 0)
       2.1276             (0.971795 -0.0499892 0)             (0.971852 0.0497083 0)
        2.128             (0.971752 -0.0501954 0)             (0.971809 0.0499143 0)
       2.1284             (0.971709 -0.0504009 0)             (0.971767 0.0501196 0)
       2.1288             (0.971666 -0.0506058 0)             (0.971724 0.0503242 0)
       2.1292             (0.971623 -0.0508099 0)             (0.971681 0.0505281 0)
       2.1296             (0.971580 -0.0510133 0)             (0.971639 0.0507313 0)
         2.13             (0.971538 -0.0512159 0)             (0.971596 0.0509337 0)
       2.1304             (0.971495 -0.0514179 0)             (0.971553 0.0511355 0)
       2.1308             (0.971452 -0.0516191 0)             (0.971511 0.0513364 0)
       2.1312             (0.971409 -0.0518195 0)             (0.971468 0.0515367 0)
       2.1316             (0.971366 -0.0520192 0)             (0.971426 0.0517362 0)
        2.132             (0.971324 -0.0522181 0)             (0.971383 0.0519349 0)
       2.1324             (0.971281 -0.0524163 0)             (0.971341 0.0521329 0)
       2.1328             (0.971238 -0.0526137 0)             (0.971298 0.0523301 0)
       2.1332             (0.971196 -0.0528104 0)             (0.971256 0.0525265 0)
       2.1336             (0.971153 -0.0530062 0)             (0.971213 0.0527222 0)
        2.134             (0.971111 -0.0532013 0)             (0.971171 0.0529170 0)
       2.1344             (0.971068 -0.0533955 0)             (0.971129 0.0531111 0)
       2.1348             (0.971026 -0.0535890 0)             (0.971086 0.0533044 0)
       2.1352             (0.970983 -0.0537817 0)             (0.971044 0.0534969 0)
       2.1356             (0.970941 -0.0539735 0)             (0.971002 0.0536885 0)
        2.136             (0.970898 -0.0541645 0)             (0.970960 0.0538793 0)
       2.1364             (0.970856 -0.0543547 0)             (0.970918 0.0540694 0)
       2.1368             (0.970814 -0.0545441 0)             (0.970876 0.0542585 0)
       2.1372             (0.970772 -0.0547326 0)             (0.970834 0.0544469 0)
       2.1376             (0.970729 -0.0549203 0)             (0.970792 0.0546344 0)
        2.138             (0.970687 -0.0551071 0)             (0.970750 0.0548210 0)
       2.1384             (0.970645 -0.0552931 0)             (0.970708 0.0550068 0)
       2.1388             (0.970603 -0.0554782 0)             (0.970666 0.0551918 0)
       2.1392             (0.970561 -0.0556624 0)             (0.970624 0.0553758 0)
       2.1396             (0.970519 -0.0558457 0)             (0.970582 0.0555590 0)
         2.14             (0.970477 -0.0560282 0)             (0.970541 0.0557414 0)
       2.1404             (0.970435 -0.0562098 0)             (0.970499 0.0559228 0)
       2.1408             (0.970393 -0.0563905 0)             (0.970457 0.0561033 0)
       2.1412             (0.970352 -0.0565702 0)             (0.970416 0.0562829 0)
       2.1416             (0.970310 -0.0567491 0)             (0.970374 0.0564617 0)
        2.142             (0.970268 -0.0569271 0)             (0.970333 0.0566395 0)
       2.1424             (0.970227 -0.0571041 0)             (0.970291 0.0568164 0)
       2.1428             (0.970185 -0.0572802 0)             (0.970250 0.0569924 0)
       2.1432             (0.970143 -0.0574554 0)             (0.970209 0.0571674 0)
       2.1436             (0.970102 -0.0576296 0)             (0.970167 0.0573415 0)
        2.144             (0.970060 -0.0578029 0)             (0.970126 0.0575147 0)
       2.1444             (0.970019 -0.0579753 0)             (0.970085 0.0576869 0)
       2.1448             (0.969978 -0.0581467 0)             (0.970044 0.0578581 0)
       2.1452             (0.969936 -0.0583171 0)             (0.970003 0.0580284 0)
       2.1456             (0.969895 -0.0584865 0)             (0.969962 0.0581978 0)
        2.146             (0.969854 -0.0586550 0)             (0.969921 0.0583661 0)
       2.1464             (0.969813 -0.0588225 0)             (0.969880 0.0585335 0)
       2.1468             (0.969772 -0.0589890 0)             (0.969839 0.0586999 0)
       2.1472             (0.969731 -0.0591545 0)             (0.969798 0.0588653 0)
       2.1476             (0.969690 -0.0593190 0)             (0.969758 0.0590297 0)
        2.148             (0.969649 -0.0594825 0)             (0.969717 0.0591931 0)
       2.1484             (0.969608 -0.0596450 0)             (0.969676 0.0593555 0)
       2.1488             (0.969568 -0.0598065 0)             (0.969636 0.0595168 0)
       2.1492             (0.969527 -0.0599669 0)             (0.969595 0.0596772 0)
       2.1496             (0.969486 -0.0601263 0)             (0.969555 0.0598365 0)
         2.15             (0.969446 -0.0602847 0)             (0.969515 0.0599948 0)
       2.1504             (0.969405 -0.0604420 0)             (0.969474 0.0601520 0)
       2.1508             (0.969365 -0.0605983 0)             (0.969434 0.0603082 0)
       2.1512             (0.969325 -0.0607535 0)             (0.969394 0.0604634 0)
       2.1516             (0.969284 -0.0609077 0)             (0.969354 0.0606175 0)
        2.152             (0.969244 -0.0610608 0)             (0.969314 0.0607705 0)
       2.1524             (0.969204 -0.0612128 0)             (0.969274 0.0609224 0)
       2.1528             (0.969164 -0.0613637 0)             (0.969234 0.0610733 0)
       2.1532             (0.969124 -0.0615136 0)             (0.969194 0.0612231 0)
       2.1536             (0.969084 -0.0616624 0)             (0.969155 0.0613718 0)
        2.154             (0.969044 -0.0618100 0)             (0.969115 0.0615194 0)
       2.1544             (0.969004 -0.0619566 0)             (0.969075 0.0616659 0)
       2.1548             (0.968965 -0.0621021 0)             (0.969036 0.0618114 0)
       2.1552             (0.968925 -0.0622464 0)             (0.968997 0.0619556 0)
       2.1556             (0.968886 -0.0623896 0)             (0.968957 0.0620988 0)
        2.156             (0.968846 -0.0625317 0)             (0.968918 0.0622409 0)
       2.1564             (0.968807 -0.0626727 0)             (0.968879 0.0623818 0)
       2.1568             (0.968768 -0.0628125 0)             (0.968840 0.0625216 0)
       2.1572             (0.968729 -0.0629512 0)             (0.968801 0.0626603 0)
       2.1576             (0.968689 -0.0630888 0)             (0.968762 0.0627978 0)
        2.158             (0.968651 -0.0632252 0)             (0.968723 0.0629341 0)
       2.1584             (0.968612 -0.0633604 0)             (0.968685 0.0630693 0)
       2.1588             (0.968573 -0.0634944 0)             (0.968646 0.0632034 0)
       2.1592             (0.968534 -0.0636273 0)             (0.968607 0.0633362 0)
       2.1596             (0.968495 -0.0637590 0)             (0.968569 0.0634679 0)
         2.16             (0.968457 -0.0638896 0)             (0.968531 0.0635984 0)
       2.1604             (0.968419 -0.0640189 0)             (0.968492 0.0637278 0)
       2.1608             (0.968380 -0.0641471 0)             (0.968454 0.0638559 0)
       2.1612             (0.968342 -0.0642740 0)             (0.968416 0.0639829 0)
       2.1616             (0.968304 -0.0643998 0)             (0.968378 0.0641086 0)
        2.162             (0.968266 -0.0645243 0)             (0.968341 0.0642331 0)
       2.1624             (0.968228 -0.0646476 0)             (0.968303 0.0643565 0)
       2.1628             (0.968190 -0.0647697 0)             (0.968265 0.0644786 0)
       2.1632             (0.968152 -0.0648906 0)             (0.968228 0.0645994 0)
       2.1636             (0.968115 -0.0650102 0)             (0.968190 0.0647191 0)
        2.164             (0.968077 -0.0651286 0)             (0.968153 0.0648375 0)
       2.1644             (0.968040 -0.0652458 0)             (0.968116 0.0649547 0)
       2.1648             (0.968003 -0.0653617 0)             (0.968079 0.0650706 0)
       2.1652             (0.967966 -0.0654763 0)             (0.968042 0.0651853 0)
       2.1656             (0.967929 -0.0655897 0)             (0.968005 0.0652987 0)
        2.166             (0.967892 -0.0657019 0)             (0.967968 0.0654109 0)
       2.1664             (0.967855 -0.0658127 0)             (0.967932 0.0655218 0)
       2.1668             (0.967818 -0.0659223 0)             (0.967895 0.0656315 0)
       2.1672             (0.967782 -0.0660306 0)             (0.967859 0.0657398 0)
       2.1676             (0.967745 -0.0661377 0)             (0.967822 0.0658469 0)
        2.168             (0.967709 -0.0662434 0)             (0.967786 0.0659527 0)
       2.1684             (0.967673 -0.0663479 0)             (0.967750 0.0660572 0)
       2.1688             (0.967637 -0.0664510 0)             (0.967714 0.0661604 0)
       2.1692             (0.967601 -0.0665528 0)             (0.967679 0.0662623 0)
       2.1696             (0.967565 -0.0666534 0)             (0.967643 0.0663629 0)
         2.17             (0.967529 -0.0667526 0)             (0.967608 0.0664622 0)
       2.1704             (0.967494 -0.0668505 0)             (0.967572 0.0665601 0)
       2.1708             (0.967458 -0.0669471 0)             (0.967537 0.0666568 0)
       2.1712             (0.967423 -0.0670423 0)             (0.967502 0.0667521 0)
       2.1716             (0.967388 -0.0671362 0)             (0.967467 0.0668461 0)
        2.172             (0.967353 -0.0672288 0)             (0.967432 0.0669388 0)
       2.1724             (0.967318 -0.0673200 0)             (0.967397 0.0670301 0)
       2.1728             (0.967283 -0.0674099 0)             (0.967363 0.0671201 0)
       2.1732             (0.967249 -0.0674985 0)             (0.967329 0.0672087 0)
       2.1736             (0.967214 -0.0675856 0)             (0.967294 0.0672960 0)
        2.174             (0.967180 -0.0676715 0)             (0.967260 0.0673819 0)
       2.1744             (0.967146 -0.0677559 0)             (0.967226 0.0674664 0)
       2.1748             (0.967112 -0.0678390 0)             (0.967193 0.0675496 0)
       2.1752             (0.967078 -0.0679207 0)             (0.967159 0.0676314 0)
       2.1756             (0.967045 -0.0680010 0)             (0.967125 0.0677119 0)
        2.176             (0.967011 -0.0680799 0)             (0.967092 0.0677909 0)
       2.1764             (0.966978 -0.0681575 0)             (0.967059 0.0678686 0)
       2.1768             (0.966945 -0.0682336 0)             (0.967026 0.0679449 0)
       2.1772             (0.966912 -0.0683084 0)             (0.966993 0.0680198 0)
       2.1776             (0.966879 -0.0683817 0)             (0.966960 0.0680933 0)
        2.178             (0.966846 -0.0684537 0)             (0.966928 0.0681653 0)
       2.1784             (0.966814 -0.0685242 0)             (0.966896 0.0682360 0)
       2.1788             (0.966781 -0.0685934 0)             (0.966863 0.0683053 0)
       2.1792             (0.966749 -0.0686611 0)             (0.966831 0.0683731 0)
       2.1796             (0.966717 -0.0687274 0)             (0.966800 0.0684396 0)
         2.18             (0.966685 -0.0687922 0)             (0.966768 0.0685046 0)
       2.1804             (0.966654 -0.0688556 0)             (0.966736 0.0685682 0)
       2.1808             (0.966622 -0.0689176 0)             (0.966705 0.0686303 0)
       2.1812             (0.966591 -0.0689782 0)             (0.966674 0.0686910 0)
       2.1816             (0.966560 -0.0690373 0)             (0.966643 0.0687503 0)
        2.182             (0.966529 -0.0690950 0)             (0.966612 0.0688082 0)
       2.1824             (0.966498 -0.0691512 0)             (0.966582 0.0688645 0)
       2.1828             (0.966468 -0.0692059 0)             (0.966551 0.0689195 0)
       2.1832             (0.966437 -0.0692592 0)             (0.966521 0.0689730 0)
       2.1836             (0.966407 -0.0693111 0)             (0.966491 0.0690250 0)
        2.184             (0.966377 -0.0693614 0)             (0.966461 0.0690756 0)
       2.1844             (0.966347 -0.0694103 0)             (0.966431 0.0691247 0)
       2.1848             (0.966318 -0.0694578 0)             (0.966402 0.0691723 0)
       2.1852             (0.966288 -0.0695037 0)             (0.966373 0.0692184 0)
       2.1856             (0.966259 -0.0695482 0)             (0.966344 0.0692631 0)
        2.186             (0.966230 -0.0695912 0)             (0.966315 0.0693063 0)
       2.1864             (0.966201 -0.0696327 0)             (0.966286 0.0693480 0)
       2.1868             (0.966173 -0.0696727 0)             (0.966258 0.0693883 0)
       2.1872             (0.966144 -0.0697112 0)             (0.966229 0.0694270 0)
       2.1876             (0.966116 -0.0697483 0)             (0.966201 0.0694643 0)
        2.188             (0.966088 -0.0697838 0)             (0.966174 0.0695000 0)
       2.1884             (0.966060 -0.0698178 0)             (0.966146 0.0695343 0)
       2.1888             (0.966033 -0.0698503 0)             (0.966119 0.0695670 0)
       2.1892             (0.966005 -0.0698813 0)             (0.966091 0.0695982 0)
       2.1896             (0.965978 -0.0699108 0)             (0.966064 0.0696280 0)
         2.19             (0.965951 -0.0699388 0)             (0.966038 0.0696562 0)
       2.1904             (0.965925 -0.0699652 0)             (0.966011 0.0696829 0)
       2.1908             (0.965898 -0.0699902 0)             (0.965985 0.0697081 0)
       2.1912             (0.965872 -0.0700136 0)             (0.965959 0.0697318 0)
       2.1916             (0.965846 -0.0700355 0)             (0.965933 0.0697539 0)
        2.192             (0.965820 -0.0700558 0)             (0.965907 0.0697745 0)
       2.1924             (0.965795 -0.0700747 0)             (0.965882 0.0697936 0)
       2.1928             (0.965770 -0.0700919 0)             (0.965857 0.0698112 0)
       2.1932             (0.965745 -0.0701077 0)             (0.965832 0.0698272 0)
       2.1936             (0.965720 -0.0701219 0)             (0.965807 0.0698417 0)
        2.194             (0.965695 -0.0701345 0)             (0.965783 0.0698546 0)
       2.1944             (0.965671 -0.0701457 0)             (0.965758 0.0698660 0)
       2.1948             (0.965647 -0.0701552 0)             (0.965734 0.0698759 0)
       2.1952             (0.965623 -0.0701632 0)             (0.965711 0.0698842 0)
       2.1956             (0.965599 -0.0701697 0)             (0.965687 0.0698909 0)
        2.196             (0.965576 -0.0701746 0)             (0.965664 0.0698961 0)
       2.1964             (0.965553 -0.0701780 0)             (0.965641 0.0698998 0)
       2.1968             (0.965530 -0.0701797 0)             (0.965618 0.0699019 0)
       2.1972             (0.965507 -0.0701800 0)             (0.965596 0.0699024 0)
       2.1976             (0.965485 -0.0701786 0)             (0.965574 0.0699014 0)
        2.198             (0.965463 -0.0701757 0)             (0.965552 0.0698988 0)
       2.1984             (0.965441 -0.0701712 0)             (0.965530 0.0698947 0)
       2.1988             (0.965420 -0.0701652 0)             (0.965508 0.0698889 0)
       2.1992             (0.965398 -0.0701576 0)             (0.965487 0.0698816 0)
       2.1996             (0.965377 -0.0701484 0)             (0.965466 0.0698728 0)
          2.2             (0.965356 -0.0701376 0)             (0.965446 0.0698623 0)
       2.2004             (0.965336 -0.0701252 0)             (0.965425 0.0698503 0)
       2.2008             (0.965316 -0.0701113 0)             (0.965405 0.0698367 0)
       2.2012             (0.965296 -0.0700958 0)             (0.965385 0.0698216 0)
       2.2016             (0.965276 -0.0700787 0)             (0.965366 0.0698048 0)
        2.202             (0.965257 -0.0700600 0)             (0.965346 0.0697865 0)
       2.2024             (0.965238 -0.0700397 0)             (0.965327 0.0697666 0)
       2.2028             (0.965219 -0.0700179 0)             (0.965309 0.0697451 0)
       2.2032             (0.965200 -0.0699944 0)             (0.965290 0.0697220 0)
       2.2036             (0.965182 -0.0699694 0)             (0.965272 0.0696973 0)
        2.204             (0.965164 -0.0699427 0)             (0.965254 0.0696711 0)
       2.2044             (0.965146 -0.0699145 0)             (0.965237 0.0696432 0)
       2.2048             (0.965129 -0.0698847 0)             (0.965219 0.0696138 0)
       2.2052             (0.965112 -0.0698533 0)             (0.965202 0.0695828 0)
       2.2056             (0.965095 -0.0698202 0)             (0.965186 0.0695501 0)
        2.206             (0.965079 -0.0697856 0)             (0.965169 0.0695159 0)
       2.2064             (0.965062 -0.0697494 0)             (0.965153 0.0694801 0)
       2.2068             (0.965046 -0.0697116 0)             (0.965137 0.0694427 0)
       2.2072             (0.965031 -0.0696722 0)             (0.965122 0.0694036 0)
       2.2076             (0.965015 -0.0696311 0)             (0.965106 0.0693630 0)
        2.208             (0.965000 -0.0695885 0)             (0.965091 0.0693208 0)
       2.2084             (0.964986 -0.0695443 0)             (0.965077 0.0692770 0)
       2.2088             (0.964971 -0.0694984 0)             (0.965063 0.0692316 0)
       2.2092             (0.964957 -0.0694510 0)             (0.965049 0.0691846 0)
       2.2096             (0.964944 -0.0694019 0)             (0.965035 0.0691359 0)
         2.21             (0.964930 -0.0693513 0)             (0.965022 0.0690857 0)
       2.2104             (0.964917 -0.0692990 0)             (0.965008 0.0690339 0)
       2.2108             (0.964904 -0.0692451 0)             (0.964996 0.0689805 0)
       2.2112             (0.964892 -0.0691896 0)             (0.964983 0.0689254 0)
       2.2116             (0.964880 -0.0691326 0)             (0.964971 0.0688688 0)
        2.212             (0.964868 -0.0690739 0)             (0.964959 0.0688105 0)
       2.2124             (0.964856 -0.0690135 0)             (0.964948 0.0687507 0)
       2.2128             (0.964845 -0.0689516 0)             (0.964937 0.0686892 0)
       2.2132             (0.964834 -0.0688881 0)             (0.964926 0.0686261 0)
       2.2136             (0.964824 -0.0688230 0)             (0.964916 0.0685615 0)
        2.214             (0.964814 -0.0687562 0)             (0.964906 0.0684952 0)
       2.2144             (0.964804 -0.0686878 0)             (0.964896 0.0684273 0)
       2.2148             (0.964794 -0.0686179 0)             (0.964886 0.0683578 0)
       2.2152             (0.964785 -0.0685463 0)             (0.964877 0.0682867 0)
       2.2156             (0.964776 -0.0684731 0)             (0.964868 0.0682140 0)
        2.216             (0.964768 -0.0683983 0)             (0.964860 0.0681397 0)
       2.2164             (0.964760 -0.0683219 0)             (0.964852 0.0680638 0)
       2.2168             (0.964752 -0.0682439 0)             (0.964844 0.0679863 0)
       2.2172             (0.964744 -0.0681643 0)             (0.964837 0.0679072 0)
       2.2176             (0.964737 -0.0680830 0)             (0.964830 0.0678264 0)
        2.218             (0.964731 -0.0680002 0)             (0.964823 0.0677441 0)
       2.2184             (0.964724 -0.0679158 0)             (0.964817 0.0676602 0)
       2.2188             (0.964718 -0.0678297 0)             (0.964811 0.0675746 0)
       2.2192             (0.964713 -0.0677420 0)             (0.964805 0.0674875 0)
       2.2196             (0.964707 -0.0676528 0)             (0.964800 0.0673988 0)
         2.22             (0.964702 -0.0675619 0)             (0.964795 0.0673084 0)
       2.2204             (0.964698 -0.0674694 0)             (0.964790 0.0672165 0)
       2.2208             (0.964694 -0.0673754 0)             (0.964786 0.0671230 0)
       2.2212             (0.964690 -0.0672797 0)             (0.964782 0.0670278 0)
       2.2216             (0.964686 -0.0671824 0)             (0.964779 0.0669311 0)
        2.222             (0.964683 -0.0670836 0)             (0.964776 0.0668328 0)
       2.2224             (0.964680 -0.0669831 0)             (0.964773 0.0667329 0)
       2.2228             (0.964678 -0.0668810 0)             (0.964771 0.0666314 0)
       2.2232             (0.964676 -0.0667774 0)             (0.964769 0.0665283 0)
       2.2236             (0.964674 -0.0666721 0)             (0.964767 0.0664236 0)
        2.224             (0.964673 -0.0665653 0)             (0.964766 0.0663173 0)
       2.2244             (0.964672 -0.0664568 0)             (0.964765 0.0662094 0)
       2.2248             (0.964672 -0.0663468 0)             (0.964764 0.0661000 0)
       2.2252             (0.964672 -0.0662352 0)             (0.964764 0.0659889 0)
       2.2256             (0.964672 -0.0661220 0)             (0.964765 0.0658763 0)
        2.226             (0.964673 -0.0660072 0)             (0.964765 0.0657621 0)
       2.2264             (0.964674 -0.0658908 0)             (0.964766 0.0656463 0)
       2.2268             (0.964675 -0.0657729 0)             (0.964768 0.0655289 0)
       2.2272             (0.964677 -0.0656533 0)             (0.964770 0.0654100 0)
       2.2276             (0.964679 -0.0655322 0)             (0.964772 0.0652895 0)
        2.228             (0.964682 -0.0654095 0)             (0.964774 0.0651674 0)
       2.2284             (0.964685 -0.0652853 0)             (0.964777 0.0650438 0)
       2.2288             (0.964688 -0.0651594 0)             (0.964781 0.0649185 0)
       2.2292             (0.964692 -0.0650320 0)             (0.964785 0.0647917 0)
       2.2296             (0.964696 -0.0649031 0)             (0.964789 0.0646634 0)
         2.23             (0.964701 -0.0647725 0)             (0.964793 0.0645335 0)
       2.2304             (0.964706 -0.0646404 0)             (0.964798 0.0644020 0)
       2.2308             (0.964711 -0.0645068 0)             (0.964804 0.0642690 0)
       2.2312             (0.964717 -0.0643715 0)             (0.964809 0.0641344 0)
       2.2316             (0.964723 -0.0642348 0)             (0.964816 0.0639982 0)
        2.232             (0.964730 -0.0640964 0)             (0.964822 0.0638605 0)
       2.2324             (0.964737 -0.0639566 0)             (0.964829 0.0637213 0)
       2.2328             (0.964744 -0.0638151 0)             (0.964837 0.0635805 0)
       2.2332             (0.964752 -0.0636721 0)             (0.964845 0.0634382 0)
       2.2336             (0.964761 -0.0635276 0)             (0.964853 0.0632943 0)
        2.234             (0.964769 -0.0633816 0)             (0.964861 0.0631489 0)
       2.2344             (0.964778 -0.0632340 0)             (0.964870 0.0630020 0)
       2.2348             (0.964788 -0.0630848 0)             (0.964880 0.0628535 0)
       2.2352             (0.964798 -0.0629342 0)             (0.964890 0.0627035 0)
       2.2356             (0.964808 -0.0627820 0)             (0.964900 0.0625520 0)
        2.236             (0.964819 -0.0626282 0)             (0.964911 0.0623989 0)
       2.2364             (0.964830 -0.0624730 0)             (0.964922 0.0622443 0)
       2.2368             (0.964842 -0.0623162 0)             (0.964934 0.0620883 0)
       2.2372             (0.964854 -0.0621580 0)             (0.964946 0.0619307 0)
       2.2376             (0.964866 -0.0619982 0)             (0.964958 0.0617716 0)
        2.238             (0.964879 -0.0618368 0)             (0.964971 0.0616109 0)
       2.2384             (0.964893 -0.0616740 0)             (0.964984 0.0614488 0)
       2.2388             (0.964906 -0.0615097 0)             (0.964998 0.0612852 0)
       2.2392             (0.964921 -0.0613439 0)             (0.965012 0.0611201 0)
       2.2396             (0.964935 -0.0611766 0)             (0.965027 0.0609535 0)
         2.24             (0.964950 -0.0610078 0)             (0.965042 0.0607854 0)
       2.2404             (0.964966 -0.0608375 0)             (0.965057 0.0606158 0)
       2.2408             (0.964982 -0.0606657 0)             (0.965073 0.0604448 0)
       2.2412             (0.964998 -0.0604925 0)             (0.965089 0.0602722 0)
       2.2416             (0.965015 -0.0603177 0)             (0.965106 0.0600982 0)
        2.242             (0.965032 -0.0601415 0)             (0.965123 0.0599227 0)
       2.2424             (0.965050 -0.0599638 0)             (0.965141 0.0597458 0)
       2.2428             (0.965068 -0.0597847 0)             (0.965159 0.0595673 0)
       2.2432             (0.965087 -0.0596041 0)             (0.965177 0.0593875 0)
       2.2436             (0.965106 -0.0594220 0)             (0.965196 0.0592061 0)
        2.244             (0.965125 -0.0592385 0)             (0.965216 0.0590234 0)
       2.2444             (0.965145 -0.0590535 0)             (0.965235 0.0588391 0)
       2.2448             (0.965166 -0.0588671 0)             (0.965256 0.0586535 0)
       2.2452             (0.965186 -0.0586792 0)             (0.965276 0.0584664 0)
       2.2456             (0.965208 -0.0584899 0)             (0.965298 0.0582778 0)
        2.246             (0.965229 -0.0582992 0)             (0.965319 0.0580878 0)
       2.2464             (0.965251 -0.0581070 0)             (0.965341 0.0578964 0)
       2.2468             (0.965274 -0.0579134 0)             (0.965364 0.0577036 0)
       2.2472             (0.965297 -0.0577184 0)             (0.965387 0.0575094 0)
       2.2476             (0.965321 -0.0575220 0)             (0.965410 0.0573138 0)
        2.248             (0.965345 -0.0573242 0)             (0.965434 0.0571167 0)
       2.2484             (0.965369 -0.0571250 0)             (0.965458 0.0569183 0)
       2.2488             (0.965394 -0.0569243 0)             (0.965483 0.0567184 0)
       2.2492             (0.965419 -0.0567223 0)             (0.965508 0.0565172 0)
       2.2496             (0.965445 -0.0565189 0)             (0.965534 0.0563145 0)
         2.25             (0.965471 -0.0563141 0)             (0.965560 0.0561105 0)
       2.2504             (0.965498 -0.0561079 0)             (0.965586 0.0559051 0)
       2.2508             (0.965525 -0.0559003 0)             (0.965613 0.0556984 0)
       2.2512             (0.965553 -0.0556914 0)             (0.965641 0.0554902 0)
       2.2516             (0.965581 -0.0554811 0)             (0.965669 0.0552808 0)
        2.252             (0.965609 -0.0552695 0)             (0.965697 0.0550699 0)
       2.2524             (0.965638 -0.0550564 0)             (0.965726 0.0548577 0)
       2.2528             (0.965668 -0.0548421 0)             (0.965755 0.0546441 0)
       2.2532             (0.965698 -0.0546264 0)             (0.965785 0.0544293 0)
       2.2536             (0.965728 -0.0544093 0)             (0.965815 0.0542130 0)
        2.254             (0.965759 -0.0541909 0)             (0.965846 0.0539955 0)
       2.2544             (0.965790 -0.0539712 0)             (0.965877 0.0537766 0)
       2.2548             (0.965822 -0.0537502 0)             (0.965909 0.0535564 0)
       2.2552             (0.965854 -0.0535278 0)             (0.965941 0.0533349 0)
       2.2556             (0.965887 -0.0533042 0)             (0.965973 0.0531120 0)
        2.256             (0.965920 -0.0530792 0)             (0.966006 0.0528879 0)
       2.2564             (0.965954 -0.0528529 0)             (0.966040 0.0526625 0)
       2.2568             (0.965988 -0.0526254 0)             (0.966074 0.0524357 0)
       2.2572             (0.966022 -0.0523965 0)             (0.966108 0.0522077 0)
       2.2576             (0.966057 -0.0521664 0)             (0.966143 0.0519784 0)
        2.258             (0.966093 -0.0519350 0)             (0.966178 0.0517479 0)
       2.2584             (0.966129 -0.0517023 0)             (0.966214 0.0515161 0)
       2.2588             (0.966165 -0.0514683 0)             (0.966251 0.0512830 0)
       2.2592             (0.966202 -0.0512331 0)             (0.966287 0.0510486 0)
       2.2596             (0.966240 -0.0509966 0)             (0.966324 0.0508130 0)
         2.26             (0.966277 -0.0507589 0)             (0.966362 0.0505762 0)
       2.2604             (0.966316 -0.0505200 0)             (0.966400 0.0503381 0)
       2.2608             (0.966355 -0.0502798 0)             (0.966439 0.0500988 0)
       2.2612             (0.966394 -0.0500383 0)             (0.966478 0.0498582 0)
       2.2616             (0.966434 -0.0497957 0)             (0.966517 0.0496165 0)
        2.262             (0.966474 -0.0495518 0)             (0.966557 0.0493735 0)
       2.2624             (0.966514 -0.0493068 0)             (0.966598 0.0491293 0)
       2.2628             (0.966556 -0.0490605 0)             (0.966639 0.0488839 0)
       2.2632             (0.966597 -0.0488130 0)             (0.966680 0.0486373 0)
       2.2636             (0.966639 -0.0485644 0)             (0.966722 0.0483896 0)
        2.264             (0.966682 -0.0483145 0)             (0.966764 0.0481406 0)
       2.2644             (0.966725 -0.0480635 0)             (0.966807 0.0478905 0)
       2.2648             (0.966768 -0.0478113 0)             (0.966850 0.0476392 0)
       2.2652             (0.966812 -0.0475580 0)             (0.966894 0.0473868 0)
       2.2656             (0.966857 -0.0473035 0)             (0.966938 0.0471331 0)
        2.266             (0.966902 -0.0470478 0)             (0.966983 0.0468784 0)
       2.2664             (0.966947 -0.0467910 0)             (0.967028 0.0466225 0)
       2.2668             (0.966993 -0.0465330 0)             (0.967074 0.0463655 0)
       2.2672             (0.967039 -0.0462740 0)             (0.967120 0.0461073 0)
       2.2676             (0.967086 -0.0460138 0)             (0.967166 0.0458480 0)
        2.268             (0.967133 -0.0457525 0)             (0.967213 0.0455877 0)
       2.2684             (0.967181 -0.0454900 0)             (0.967261 0.0453262 0)
       2.2688             (0.967229 -0.0452265 0)             (0.967309 0.0450636 0)
       2.2692             (0.967278 -0.0449619 0)             (0.967357 0.0447999 0)
       2.2696             (0.967327 -0.0446962 0)             (0.967406 0.0445351 0)
         2.27             (0.967376 -0.0444294 0)             (0.967456 0.0442692 0)
       2.2704             (0.967426 -0.0441615 0)             (0.967505 0.0440023 0)
       2.2708             (0.967477 -0.0438926 0)             (0.967556 0.0437343 0)
       2.2712             (0.967528 -0.0436226 0)             (0.967606 0.0434653 0)
       2.2716             (0.967579 -0.0433516 0)             (0.967658 0.0431952 0)
        2.272             (0.967631 -0.0430795 0)             (0.967709 0.0429241 0)
       2.2724             (0.967684 -0.0428064 0)             (0.967761 0.0426519 0)
       2.2728             (0.967737 -0.0425323 0)             (0.967814 0.0423787 0)
       2.2732             (0.967790 -0.0422571 0)             (0.967867 0.0421045 0)
       2.2736             (0.967844 -0.0419809 0)             (0.967921 0.0418293 0)
        2.274             (0.967898 -0.0417037 0)             (0.967975 0.0415531 0)
       2.2744             (0.967953 -0.0414255 0)             (0.968029 0.0412758 0)
       2.2748             (0.968008 -0.0411464 0)             (0.968084 0.0409976 0)
       2.2752             (0.968064 -0.0408662 0)             (0.968139 0.0407184 0)
       2.2756             (0.968120 -0.0405851 0)             (0.968195 0.0404382 0)
        2.276             (0.968176 -0.0403030 0)             (0.968251 0.0401571 0)
       2.2764             (0.968233 -0.0400199 0)             (0.968308 0.0398750 0)
       2.2768             (0.968291 -0.0397359 0)             (0.968365 0.0395920 0)
       2.2772             (0.968349 -0.0394509 0)             (0.968423 0.0393080 0)
       2.2776             (0.968407 -0.0391650 0)             (0.968481 0.0390231 0)
        2.278             (0.968466 -0.0388782 0)             (0.968540 0.0387372 0)
       2.2784             (0.968525 -0.0385904 0)             (0.968599 0.0384504 0)
       2.2788             (0.968585 -0.0383017 0)             (0.968658 0.0381627 0)
       2.2792             (0.968645 -0.0380122 0)             (0.968718 0.0378742 0)
       2.2796             (0.968706 -0.0377217 0)             (0.968779 0.0375847 0)
         2.28             (0.968767 -0.0374303 0)             (0.968839 0.0372943 0)
       2.2804             (0.968829 -0.0371381 0)             (0.968901 0.0370031 0)
       2.2808             (0.968891 -0.0368450 0)             (0.968962 0.0367109 0)
       2.2812             (0.968953 -0.0365510 0)             (0.969025 0.0364180 0)
       2.2816             (0.969016 -0.0362562 0)             (0.969087 0.0361241 0)
        2.282             (0.969080 -0.0359605 0)             (0.969150 0.0358294 0)
       2.2824             (0.969144 -0.0356639 0)             (0.969214 0.0355339 0)
       2.2828             (0.969208 -0.0353666 0)             (0.969278 0.0352376 0)
       2.2832             (0.969273 -0.0350684 0)             (0.969342 0.0349404 0)
       2.2836             (0.969338 -0.0347694 0)             (0.969407 0.0346424 0)
        2.284             (0.969404 -0.0344696 0)             (0.969473 0.0343436 0)
       2.2844             (0.969470 -0.0341690 0)             (0.969538 0.0340440 0)
       2.2848             (0.969536 -0.0338676 0)             (0.969605 0.0337436 0)
       2.2852             (0.969603 -0.0335654 0)             (0.969671 0.0334425 0)
       2.2856             (0.969671 -0.0332625 0)             (0.969738 0.0331406 0)
        2.286             (0.969739 -0.0329588 0)             (0.969806 0.0328379 0)
       2.2864             (0.969807 -0.0326543 0)             (0.969874 0.0325344 0)
       2.2868             (0.969876 -0.0323491 0)             (0.969942 0.0322302 0)
       2.2872             (0.969945 -0.0320431 0)             (0.970011 0.0319253 0)
       2.2876             (0.970014 -0.0317364 0)             (0.970080 0.0316196 0)
        2.288             (0.970084 -0.0314290 0)             (0.970150 0.0313132 0)
       2.2884             (0.970155 -0.0311209 0)             (0.970220 0.0310061 0)
       2.2888             (0.970226 -0.0308120 0)             (0.970291 0.0306983 0)
       2.2892             (0.970297 -0.0305025 0)             (0.970362 0.0303898 0)
       2.2896             (0.970369 -0.0301923 0)             (0.970433 0.0300807 0)
         2.29             (0.970441 -0.0298814 0)             (0.970505 0.0297708 0)
       2.2904             (0.970514 -0.0295698 0)             (0.970577 0.0294603 0)
       2.2908             (0.970587 -0.0292576 0)             (0.970650 0.0291491 0)
       2.2912             (0.970660 -0.0289447 0)             (0.970723 0.0288372 0)
       2.2916             (0.970734 -0.0286312 0)             (0.970796 0.0285247 0)
        2.292             (0.970808 -0.0283170 0)             (0.970870 0.0282116 0)
       2.2924             (0.970883 -0.0280022 0)             (0.970945 0.0278979 0)
       2.2928             (0.970958 -0.0276868 0)             (0.971019 0.0275835 0)
       2.2932             (0.971034 -0.0273708 0)             (0.971095 0.0272686 0)
       2.2936             (0.971110 -0.0270542 0)             (0.971170 0.0269530 0)
        2.294             (0.971186 -0.0267370 0)             (0.971246 0.0266368 0)
       2.2944             (0.971263 -0.0264192 0)             (0.971323 0.0263201 0)
       2.2948             (0.971340 -0.0261008 0)             (0.971399 0.0260028 0)
       2.2952             (0.971418 -0.0257819 0)             (0.971477 0.0256849 0)
       2.2956             (0.971496 -0.0254624 0)             (0.971554 0.0253665 0)
        2.296             (0.971574 -0.0251424 0)             (0.971632 0.0250475 0)
       2.2964             (0.971653 -0.0248218 0)             (0.971711 0.0247280 0)
       2.2968             (0.971732 -0.0245007 0)             (0.971789 0.0244080 0)
       2.2972             (0.971812 -0.0241791 0)             (0.971869 0.0240875 0)
       2.2976             (0.971892 -0.0238570 0)             (0.971948 0.0237664 0)
        2.298             (0.971972 -0.0235344 0)             (0.972028 0.0234448 0)
       2.2984             (0.972053 -0.0232113 0)             (0.972109 0.0231228 0)
       2.2988             (0.972134 -0.0228877 0)             (0.972189 0.0228003 0)
       2.2992             (0.972216 -0.0225636 0)             (0.972271 0.0224772 0)
       2.2996             (0.972298 -0.0222391 0)             (0.972352 0.0221538 0)
          2.3             (0.972380 -0.0219141 0)             (0.972434 0.0218299 0)
       2.3004             (0.972463 -0.0215886 0)             (0.972516 0.0215055 0)
       2.3008             (0.972546 -0.0212627 0)             (0.972599 0.0211807 0)
       2.3012             (0.972629 -0.0209364 0)             (0.972682 0.0208555 0)
       2.3016             (0.972713 -0.0206097 0)             (0.972766 0.0205298 0)
        2.302             (0.972798 -0.0202826 0)             (0.972850 0.0202037 0)
       2.3024             (0.972882 -0.0199550 0)             (0.972934 0.0198773 0)
       2.3028             (0.972967 -0.0196271 0)             (0.973018 0.0195504 0)
       2.3032             (0.973052 -0.0192988 0)             (0.973103 0.0192232 0)
       2.3036             (0.973138 -0.0189701 0)             (0.973189 0.0188956 0)
        2.304             (0.973224 -0.0186411 0)             (0.973274 0.0185676 0)
       2.3044             (0.973311 -0.0183117 0)             (0.973360 0.0182393 0)
       2.3048             (0.973398 -0.0179819 0)             (0.973447 0.0179107 0)
       2.3052             (0.973485 -0.0176518 0)             (0.973533 0.0175817 0)
       2.3056             (0.973572 -0.0173214 0)             (0.973620 0.0172523 0)
        2.306             (0.973660 -0.0169907 0)             (0.973708 0.0169227 0)
       2.3064             (0.973748 -0.0166597 0)             (0.973796 0.0165927 0)
       2.3068             (0.973837 -0.0163283 0)             (0.973884 0.0162625 0)
       2.3072             (0.973926 -0.0159967 0)             (0.973972 0.0159320 0)
       2.3076             (0.974015 -0.0156648 0)             (0.974061 0.0156011 0)
        2.308             (0.974105 -0.0153326 0)             (0.974150 0.0152701 0)
       2.3084             (0.974195 -0.0150002 0)             (0.974240 0.0149387 0)
       2.3088             (0.974285 -0.0146675 0)             (0.974330 0.0146071 0)
       2.3092             (0.974376 -0.0143346 0)             (0.974420 0.0142753 0)
       2.3096             (0.974467 -0.0140014 0)             (0.974510 0.0139432 0)
         2.31             (0.974558 -0.0136680 0)             (0.974601 0.0136109 0)
       2.3104             (0.974650 -0.0133344 0)             (0.974692 0.0132784 0)
       2.3108             (0.974742 -0.0130006 0)             (0.974784 0.0129456 0)
       2.3112             (0.974834 -0.0126666 0)             (0.974876 0.0126127 0)
       2.3116             (0.974927 -0.0123324 0)             (0.974968 0.0122796 0)
        2.312             (0.975020 -0.0119980 0)             (0.975060 0.0119463 0)
       2.3124             (0.975113 -0.0116635 0)             (0.975153 0.0116129 0)
       2.3128             (0.975206 -0.0113287 0)             (0.975246 0.0112793 0)
       2.3132             (0.975300 -0.0109939 0)             (0.975340 0.0109455 0)
       2.3136             (0.975394 -0.0106589 0)             (0.975433 0.0106116 0)
        2.314             (0.975489 -0.0103238 0)             (0.975527 0.0102776 0)
       2.3144             (0.975584 -0.0099885 0)             (0.975622 0.0099434 0)
       2.3148             (0.975679 -0.0096531 0)             (0.975716 0.0096092 0)
       2.3152             (0.975774 -0.0093177 0)             (0.975811 0.0092748 0)
       2.3156             (0.975870 -0.0089821 0)             (0.975906 0.0089403 0)
        2.316             (0.975966 -0.0086465 0)             (0.976002 0.0086058 0)
       2.3164             (0.976062 -0.0083107 0)             (0.976098 0.0082711 0)
       2.3168             (0.976159 -0.0079749 0)             (0.976194 0.0079365 0)
       2.3172             (0.976255 -0.0076391 0)             (0.976290 0.0076017 0)
       2.3176             (0.976353 -0.0073032 0)             (0.976387 0.0072669 0)
        2.318             (0.976450 -0.0069673 0)             (0.976484 0.0069321 0)
       2.3184             (0.976548 -0.0066313 0)             (0.976581 0.0065972 0)
       2.3188             (0.976646 -0.0062953 0)             (0.976678 0.0062623 0)
       2.3192             (0.976744 -0.0059593 0)             (0.976776 0.0059274 0)
       2.3196             (0.976842 -0.0056233 0)             (0.976874 0.0055925 0)
         2.32             (0.976941 -0.0052873 0)             (0.976972 0.0052576 0)
       2.3204             (0.977040 -0.0049513 0)             (0.977071 0.0049228 0)
       2.3208             (0.977139 -0.0046154 0)             (0.977170 0.0045879 0)
       2.3212             (0.977239 -0.0042795 0)             (0.977269 0.0042531 0)
       2.3216             (0.977339 -0.0039436 0)             (0.977368 0.0039183 0)
        2.322             (0.977439 -0.0036078 0)             (0.977467 0.0035836 0)
       2.3224             (0.977539 -0.0032720 0)             (0.977567 0.0032489 0)
       2.3228             (0.977639 -0.0029363 0)             (0.977667 0.0029143 0)
       2.3232             (0.977740 -0.0026007 0)             (0.977767 0.0025798 0)
       2.3236             (0.977841 -0.0022652 0)             (0.977868 0.0022454 0)
        2.324             (0.977942 -0.0019298 0)             (0.977969 0.0019111 0)
       2.3244             (0.978044 -0.0015945 0)             (0.978070 0.0015769 0)
       2.3248             (0.978146 -0.0012593 0)             (0.978171 0.0012428 0)
       2.3252             (0.978248 -0.0009242 0)             (0.978272 0.0009088 0)
       2.3256             (0.978350 -0.0005893 0)             (0.978374 0.0005750 0)
        2.326             (0.978452 -0.0002545 0)             (0.978476 0.0002413 0)
       2.3264             (0.978555 0.0000801 0)             (0.978578 -0.0000922 0)
       2.3268             (0.978657 0.0004146 0)             (0.978680 -0.0004256 0)
       2.3272             (0.978761 0.0007489 0)             (0.978783 -0.0007588 0)
       2.3276             (0.978864 0.0010830 0)             (0.978885 -0.0010918 0)
        2.328             (0.978967 0.0014169 0)             (0.978988 -0.0014246 0)
       2.3284             (0.979071 0.0017507 0)             (0.979091 -0.0017573 0)
       2.3288             (0.979175 0.0020842 0)             (0.979195 -0.0020897 0)
       2.3292             (0.979279 0.0024175 0)             (0.979298 -0.0024219 0)
       2.3296             (0.979383 0.0027506 0)             (0.979402 -0.0027539 0)
         2.33             (0.979487 0.0030834 0)             (0.979506 -0.0030857 0)
       2.3304             (0.979592 0.0034160 0)             (0.979610 -0.0034172 0)
       2.3308             (0.979697 0.0037484 0)             (0.979714 -0.0037484 0)
       2.3312             (0.979802 0.0040805 0)             (0.979819 -0.0040794 0)
       2.3316             (0.979907 0.0044123 0)             (0.979923 -0.0044102 0)
        2.332             (0.980012 0.0047439 0)             (0.980028 -0.0047406 0)
       2.3324             (0.980118 0.0050751 0)             (0.980133 -0.0050708 0)
       2.3328             (0.980223 0.0054061 0)             (0.980238 -0.0054007 0)
       2.3332             (0.980329 0.0057367 0)             (0.980343 -0.0057302 0)
       2.3336             (0.980435 0.0060671 0)             (0.980449 -0.0060595 0)
        2.334             (0.980541 0.0063971 0)             (0.980554 -0.0063884 0)
       2.3344             (0.980647 0.0067268 0)             (0.980660 -0.0067170 0)
       2.3348             (0.980754 0.0070562 0)             (0.980766 -0.0070453 0)
       2.3352             (0.980860 0.0073852 0)             (0.980872 -0.0073732 0)
       2.3356             (0.980967 0.0077138 0)             (0.980978 -0.0077008 0)
        2.336             (0.981074 0.0080421 0)             (0.981085 -0.0080280 0)
       2.3364             (0.981181 0.0083700 0)             (0.981191 -0.0083548 0)
       2.3368             (0.981288 0.0086976 0)             (0.981298 -0.0086813 0)
       2.3372             (0.981395 0.0090247 0)             (0.981404 -0.0090073 0)
       2.3376             (0.981503 0.0093514 0)             (0.981511 -0.0093330 0)
        2.338             (0.981610 0.0096778 0)             (0.981618 -0.0096582 0)
       2.3384             (0.981718 0.0100037 0)             (0.981725 -0.0099831 0)
       2.3388             (0.981826 0.0103292 0)             (0.981833 -0.0103075 0)
       2.3392             (0.981934 0.0106543 0)             (0.981940 -0.0106315 0)
       2.3396             (0.982042 0.0109789 0)             (0.982047 -0.0109550 0)
         2.34             (0.982150 0.0113031 0)             (0.982155 -0.0112781 0)
       2.3404             (0.982258 0.0116268 0)             (0.982263 -0.0116007 0)
       2.3408             (0.982366 0.0119500 0)             (0.982370 -0.0119229 0)
       2.3412             (0.982474 0.0122728 0)             (0.982478 -0.0122446 0)
       2.3416             (0.982583 0.0125951 0)             (0.982586 -0.0125658 0)
        2.342             (0.982691 0.0129169 0)             (0.982694 -0.0128865 0)
       2.3424             (0.982800 0.0132382 0)             (0.982802 -0.0132068 0)
       2.3428             (0.982909 0.0135590 0)             (0.982910 -0.0135265 0)
       2.3432             (0.983018 0.0138793 0)             (0.983019 -0.0138457 0)
       2.3436             (0.983127 0.0141990 0)             (0.983127 -0.0141644 0)
        2.344             (0.983235 0.0145182 0)             (0.983235 -0.0144825 0)
       2.3444             (0.983344 0.0148369 0)             (0.983344 -0.0148002 0)
       2.3448             (0.983454 0.0151551 0)             (0.983452 -0.0151172 0)
       2.3452             (0.983563 0.0154726 0)             (0.983561 -0.0154338 0)
       2.3456             (0.983672 0.0157897 0)             (0.983670 -0.0157497 0)
        2.346             (0.983781 0.0161061 0)             (0.983778 -0.0160651 0)
       2.3464             (0.983890 0.0164220 0)             (0.983887 -0.0163799 0)
       2.3468             (0.984000 0.0167372 0)             (0.983996 -0.0166941 0)
       2.3472             (0.984109 0.0170519 0)             (0.984105 -0.0170077 0)
       2.3476             (0.984219 0.0173660 0)             (0.984213 -0.0173208 0)
        2.348             (0.984328 0.0176795 0)             (0.984322 -0.0176332 0)
       2.3484             (0.984437 0.0179923 0)             (0.984431 -0.0179450 0)
       2.3488             (0.984547 0.0183046 0)             (0.984540 -0.0182562 0)
       2.3492             (0.984657 0.0186162 0)             (0.984649 -0.0185667 0)
       2.3496             (0.984766 0.0189271 0)             (0.984758 -0.0188766 0)
         2.35             (0.984876 0.0192374 0)             (0.984867 -0.0191859 0)
       2.3504             (0.984985 0.0195471 0)             (0.984976 -0.0194945 0)
       2.3508             (0.985095 0.0198561 0)             (0.985085 -0.0198024 0)
       2.3512             (0.985205 0.0201644 0)             (0.985194 -0.0201097 0)
       2.3516             (0.985314 0.0204720 0)             (0.985304 -0.0204163 0)
        2.352             (0.985424 0.0207790 0)             (0.985413 -0.0207222 0)
       2.3524             (0.985533 0.0210852 0)             (0.985522 -0.0210274 0)
       2.3528             (0.985643 0.0213908 0)             (0.985631 -0.0213319 0)
       2.3532             (0.985753 0.0216957 0)             (0.985740 -0.0216357 0)
       2.3536             (0.985862 0.0219998 0)             (0.985849 -0.0219388 0)
        2.354             (0.985972 0.0223032 0)             (0.985958 -0.0222412 0)
       2.3544             (0.986081 0.0226059 0)             (0.986067 -0.0225429 0)
       2.3548             (0.986191 0.0229078 0)             (0.986176 -0.0228438 0)
       2.3552             (0.986300 0.0232090 0)             (0.986285 -0.0231439 0)
       2.3556             (0.986410 0.0235095 0)             (0.986394 -0.0234434 0)
        2.356             (0.986519 0.0238092 0)             (0.986502 -0.0237420 0)
       2.3564             (0.986628 0.0241081 0)             (0.986611 -0.0240399 0)
       2.3568             (0.986738 0.0244063 0)             (0.986720 -0.0243371 0)
       2.3572             (0.986847 0.0247036 0)             (0.986829 -0.0246334 0)
       2.3576             (0.986956 0.0250002 0)             (0.986937 -0.0249290 0)
        2.358             (0.987065 0.0252960 0)             (0.987046 -0.0252238 0)
       2.3584             (0.987174 0.0255910 0)             (0.987155 -0.0255178 0)
       2.3588             (0.987284 0.0258852 0)             (0.987263 -0.0258109 0)
       2.3592             (0.987393 0.0261786 0)             (0.987372 -0.0261033 0)
       2.3596             (0.987501 0.0264712 0)             (0.987480 -0.0263948 0)
         2.36             (0.987610 0.0267629 0)             (0.987588 -0.0266856 0)
       2.3604             (0.987719 0.0270538 0)             (0.987696 -0.0269755 0)
       2.3608             (0.987828 0.0273438 0)             (0.987805 -0.0272645 0)
       2.3612             (0.987936 0.0276331 0)             (0.987913 -0.0275527 0)
       2.3616             (0.988045 0.0279214 0)             (0.988021 -0.0278401 0)
        2.362             (0.988153 0.0282089 0)             (0.988128 -0.0281266 0)
       2.3624             (0.988262 0.0284956 0)             (0.988236 -0.0284122 0)
       2.3628             (0.988370 0.0287813 0)             (0.988344 -0.0286970 0)
       2.3632             (0.988478 0.0290662 0)             (0.988451 -0.0289809 0)
       2.3636             (0.988586 0.0293502 0)             (0.988559 -0.0292639 0)
        2.364             (0.988694 0.0296333 0)             (0.988666 -0.0295460 0)
       2.3644             (0.988802 0.0299155 0)             (0.988774 -0.0298272 0)
       2.3648             (0.988909 0.0301969 0)             (0.988881 -0.0301076 0)
       2.3652             (0.989017 0.0304773 0)             (0.988988 -0.0303870 0)
       2.3656             (0.989124 0.0307567 0)             (0.989095 -0.0306655 0)
        2.366             (0.989231 0.0310353 0)             (0.989201 -0.0309431 0)
       2.3664             (0.989339 0.0313130 0)             (0.989308 -0.0312197 0)
       2.3668             (0.989446 0.0315897 0)             (0.989414 -0.0314954 0)
       2.3672             (0.989553 0.0318654 0)             (0.989521 -0.0317702 0)
       2.3676             (0.989659 0.0321402 0)             (0.989627 -0.0320441 0)
        2.368             (0.989766 0.0324141 0)             (0.989733 -0.0323170 0)
       2.3684             (0.989872 0.0326870 0)             (0.989839 -0.0325889 0)
       2.3688             (0.989979 0.0329590 0)             (0.989945 -0.0328599 0)
       2.3692             (0.990085 0.0332300 0)             (0.990050 -0.0331299 0)
       2.3696             (0.990191 0.0335000 0)             (0.990156 -0.0333990 0)
         2.37             (0.990297 0.0337690 0)             (0.990261 -0.0336670 0)
       2.3704             (0.990402 0.0340371 0)             (0.990366 -0.0339341 0)
       2.3708             (0.990508 0.0343041 0)             (0.990471 -0.0342002 0)
       2.3712             (0.990613 0.0345702 0)             (0.990576 -0.0344653 0)
       2.3716             (0.990718 0.0348352 0)             (0.990681 -0.0347294 0)
        2.372             (0.990823 0.0350993 0)             (0.990785 -0.0349925 0)
       2.3724             (0.990928 0.0353623 0)             (0.990889 -0.0352546 0)
       2.3728             (0.991032 0.0356244 0)             (0.990993 -0.0355157 0)
       2.3732             (0.991137 0.0358854 0)             (0.991097 -0.0357758 0)
       2.3736             (0.991241 0.0361453 0)             (0.991201 -0.0360348 0)
        2.374             (0.991345 0.0364043 0)             (0.991304 -0.0362928 0)
       2.3744             (0.991449 0.0366622 0)             (0.991408 -0.0365498 0)
       2.3748             (0.991552 0.0369190 0)             (0.991511 -0.0368057 0)
       2.3752             (0.991656 0.0371748 0)             (0.991613 -0.0370606 0)
       2.3756             (0.991759 0.0374296 0)             (0.991716 -0.0373144 0)
        2.376             (0.991862 0.0376833 0)             (0.991818 -0.0375672 0)
       2.3764             (0.991965 0.0379360 0)             (0.991921 -0.0378189 0)
       2.3768             (0.992067 0.0381875 0)             (0.992023 -0.0380695 0)
       2.3772             (0.992169 0.0384380 0)             (0.992124 -0.0383191 0)
       2.3776             (0.992271 0.0386875 0)             (0.992226 -0.0385676 0)
        2.378             (0.992373 0.0389358 0)             (0.992327 -0.0388151 0)
       2.3784             (0.992475 0.0391830 0)             (0.992428 -0.0390614 0)
       2.3788             (0.992576 0.0394292 0)             (0.992529 -0.0393067 0)
       2.3792             (0.992677 0.0396743 0)             (0.992630 -0.0395508 0)
       2.3796             (0.992778 0.0399183 0)             (0.992730 -0.0397939 0)
         2.38             (0.992878 0.0401611 0)             (0.992830 -0.0400358 0)
       2.3804             (0.992979 0.0404029 0)             (0.992930 -0.0402767 0)
       2.3808             (0.993079 0.0406435 0)             (0.993029 -0.0405164 0)
       2.3812             (0.993179 0.0408831 0)             (0.993129 -0.0407551 0)
       2.3816             (0.993278 0.0411215 0)             (0.993228 -0.0409926 0)
        2.382             (0.993378 0.0413587 0)             (0.993327 -0.0412290 0)
       2.3824             (0.993477 0.0415949 0)             (0.993425 -0.0414642 0)
       2.3828             (0.993575 0.0418299 0)             (0.993523 -0.0416984 0)
       2.3832             (0.993674 0.0420638 0)             (0.993621 -0.0419314 0)
       2.3836             (0.993772 0.0422965 0)             (0.993719 -0.0421632 0)
        2.384             (0.993870 0.0425281 0)             (0.993816 -0.0423939 0)
       2.3844             (0.993967 0.0427586 0)             (0.993914 -0.0426235 0)
       2.3848             (0.994065 0.0429879 0)             (0.994010 -0.0428519 0)
       2.3852             (0.994162 0.0432160 0)             (0.994107 -0.0430792 0)
       2.3856             (0.994258 0.0434430 0)             (0.994203 -0.0433053 0)
        2.386             (0.994355 0.0436688 0)             (0.994299 -0.0435302 0)
       2.3864             (0.994451 0.0438934 0)             (0.994395 -0.0437540 0)
       2.3868             (0.994547 0.0441169 0)             (0.994490 -0.0439766 0)
       2.3872             (0.994642 0.0443391 0)             (0.994585 -0.0441980 0)
       2.3876             (0.994737 0.0445603 0)             (0.994680 -0.0444182 0)
        2.388             (0.994832 0.0447802 0)             (0.994774 -0.0446373 0)
       2.3884             (0.994927 0.0449989 0)             (0.994868 -0.0448552 0)
       2.3888             (0.995021 0.0452165 0)             (0.994962 -0.0450719 0)
       2.3892             (0.995115 0.0454328 0)             (0.995055 -0.0452874 0)
       2.3896             (0.995209 0.0456480 0)             (0.995149 -0.0455017 0)
         2.39             (0.995302 0.0458619 0)             (0.995241 -0.0457148 0)
       2.3904             (0.995395 0.0460747 0)             (0.995334 -0.0459268 0)
       2.3908             (0.995487 0.0462863 0)             (0.995426 -0.0461375 0)
       2.3912             (0.995580 0.0464966 0)             (0.995518 -0.0463470 0)
       2.3916             (0.995672 0.0467057 0)             (0.995609 -0.0465553 0)
        2.392             (0.995763 0.0469136 0)             (0.995700 -0.0467624 0)
       2.3924             (0.995854 0.0471203 0)             (0.995791 -0.0469683 0)
       2.3928             (0.995945 0.0473258 0)             (0.995881 -0.0471729 0)
       2.3932             (0.996036 0.0475301 0)             (0.995971 -0.0473763 0)
       2.3936             (0.996126 0.0477331 0)             (0.996061 -0.0475786 0)
        2.394             (0.996216 0.0479349 0)             (0.996150 -0.0477795 0)
       2.3944             (0.996305 0.0481355 0)             (0.996239 -0.0479793 0)
       2.3948             (0.996394 0.0483348 0)             (0.996328 -0.0481778 0)
       2.3952             (0.996483 0.0485329 0)             (0.996416 -0.0483751 0)
       2.3956             (0.996571 0.0487297 0)             (0.996504 -0.0485712 0)
        2.396             (0.996659 0.0489254 0)             (0.996592 -0.0487660 0)
       2.3964             (0.996746 0.0491197 0)             (0.996679 -0.0489595 0)
       2.3968             (0.996834 0.0493128 0)             (0.996765 -0.0491519 0)
       2.3972             (0.996920 0.0495047 0)             (0.996852 -0.0493429 0)
       2.3976             (0.997007 0.0496953 0)             (0.996938 -0.0495328 0)
        2.398             (0.997093 0.0498847 0)             (0.997023 -0.0497213 0)
       2.3984             (0.997178 0.0500728 0)             (0.997108 -0.0499087 0)
       2.3988             (0.997264 0.0502597 0)             (0.997193 -0.0500947 0)
       2.3992             (0.997348 0.0504452 0)             (0.997278 -0.0502796 0)
       2.3996             (0.997433 0.0506296 0)             (0.997362 -0.0504631 0)
          2.4             (0.997517 0.0508126 0)             (0.997445 -0.0506454 0)
